solid OpenSCAD_Model
  facet normal -0.8577285983907553 -0.5141027635625299 0
    outer loop
      vertex -3.314234897494316 -2.2145009636878967 3.835999999999999
      vertex -3.314234897494316 -2.2145009636878967 4.002666666666666
      vertex -3.515335015952587 -1.8789857029914856 4.002666666666666
    endloop
  endfacet
  facet normal 0 0 1
    outer loop
      vertex -3.314234897494316 -2.2145009636878967 4.002666666666666
      vertex -3.278268538415432 -2.1904690340161324 4.002666666666666
      vertex -3.477186344563961 -1.858594723045826 4.002666666666666
    endloop
  endfacet
  facet normal -0.8032075328490684 -0.5956993026473278 0
    outer loop
      vertex -3.0812168791890144 -2.52868939191103 3.835999999999999
      vertex -3.0812168791890144 -2.52868939191103 4.002666666666666
      vertex -3.314234897494316 -2.2145009636878967 4.002666666666666
    endloop
  endfacet
  facet normal -0.8032075328490684 -0.5956993026473278 0
    outer loop
      vertex -3.0812168791890144 -2.52868939191103 3.835999999999999
      vertex -3.314234897494316 -2.2145009636878967 4.002666666666666
      vertex -3.314234897494316 -2.2145009636878967 3.835999999999999
    endloop
  endfacet
  facet normal 0 0 1
    outer loop
      vertex -3.0812168791890144 -2.52868939191103 4.002666666666666
      vertex -3.0477792769670486 -2.501247823238373 4.002666666666666
      vertex -3.278268538415432 -2.1904690340161324 4.002666666666666
    endloop
  endfacet
  facet normal 0 0 1
    outer loop
      vertex -3.0812168791890144 -2.52868939191103 4.002666666666666
      vertex -3.278268538415432 -2.1904690340161324 4.002666666666666
      vertex -3.314234897494316 -2.2145009636878967 4.002666666666666
    endloop
  endfacet
  facet normal -0.5956993026473278 -0.8032075328490684 0
    outer loop
      vertex -2.52868939191103 -3.0812168791890144 3.835999999999999
      vertex -2.2145009636878967 -3.314234897494316 3.835999999999999
      vertex -2.52868939191103 -3.0812168791890144 4.002666666666666
    endloop
  endfacet
  facet normal -0.5956993026473278 -0.8032075328490684 0
    outer loop
      vertex -2.52868939191103 -3.0812168791890144 4.002666666666666
      vertex -2.2145009636878967 -3.314234897494316 3.835999999999999
      vertex -2.2145009636878967 -3.314234897494316 4.002666666666666
    endloop
  endfacet
  facet normal 0 0 1
    outer loop
      vertex -2.52868939191103 -3.0812168791890144 4.002666666666666
      vertex -2.2145009636878967 -3.314234897494316 4.002666666666666
      vertex -2.501247823238373 -3.0477792769670486 4.002666666666666
    endloop
  endfacet
  facet normal 0 0 1
    outer loop
      vertex -2.501247823238373 -3.0477792769670486 4.002666666666666
      vertex -2.2145009636878967 -3.314234897494316 4.002666666666666
      vertex -2.1904690340161324 -3.278268538415432 4.002666666666666
    endloop
  endfacet
  facet normal -0.5141027635625299 -0.8577285983907553 0
    outer loop
      vertex -2.2145009636878967 -3.314234897494316 3.835999999999999
      vertex -1.8789857029914856 -3.515335015952587 3.835999999999999
      vertex -2.2145009636878967 -3.314234897494316 4.002666666666666
    endloop
  endfacet
  facet normal 0 0 1
    outer loop
      vertex -2.2145009636878967 -3.314234897494316 4.002666666666666
      vertex -1.8789857029914856 -3.515335015952587 4.002666666666666
      vertex -2.1904690340161324 -3.278268538415432 4.002666666666666
    endloop
  endfacet
  facet normal -0.7409511139178688 -0.6715589674659025 0
    outer loop
      vertex -3.0812168791890144 -2.52868939191103 3.835999999999999
      vertex -2.8185250982642174 -2.8185250982642174 3.835999999999999
      vertex -3.0812168791890144 -2.52868939191103 4.002666666666666
    endloop
  endfacet
  facet normal -0.7409511139178688 -0.6715589674659025 0
    outer loop
      vertex -3.0812168791890144 -2.52868939191103 4.002666666666666
      vertex -2.8185250982642174 -2.8185250982642174 3.835999999999999
      vertex -2.8185250982642174 -2.8185250982642174 4.002666666666666
    endloop
  endfacet
  facet normal 0 0 1
    outer loop
      vertex -3.0477792769670486 -2.501247823238373 4.002666666666666
      vertex -2.8185250982642174 -2.8185250982642174 4.002666666666666
      vertex -2.787938229739666 -2.787938229739666 4.002666666666666
    endloop
  endfacet
  facet normal 0 0 1
    outer loop
      vertex -3.0812168791890144 -2.52868939191103 4.002666666666666
      vertex -2.8185250982642174 -2.8185250982642174 4.002666666666666
      vertex -3.0477792769670486 -2.501247823238373 4.002666666666666
    endloop
  endfacet
  facet normal -0.6715589674659025 -0.7409511139178688 0
    outer loop
      vertex -2.52868939191103 -3.0812168791890144 3.835999999999999
      vertex -2.8185250982642174 -2.8185250982642174 4.002666666666666
      vertex -2.8185250982642174 -2.8185250982642174 3.835999999999999
    endloop
  endfacet
  facet normal -0.6715589674659025 -0.7409511139178688 0
    outer loop
      vertex -2.52868939191103 -3.0812168791890144 3.835999999999999
      vertex -2.52868939191103 -3.0812168791890144 4.002666666666666
      vertex -2.8185250982642174 -2.8185250982642174 4.002666666666666
    endloop
  endfacet
  facet normal 0 0 1
    outer loop
      vertex -2.52868939191103 -3.0812168791890144 4.002666666666666
      vertex -2.787938229739666 -2.787938229739666 4.002666666666666
      vertex -2.8185250982642174 -2.8185250982642174 4.002666666666666
    endloop
  endfacet
  facet normal 0 0 1
    outer loop
      vertex -2.52868939191103 -3.0812168791890144 4.002666666666666
      vertex -2.501247823238373 -3.0477792769670486 4.002666666666666
      vertex -2.787938229739666 -2.787938229739666 4.002666666666666
    endloop
  endfacet
  facet normal -0.9039893048626545 -0.4275550686098046 0
    outer loop
      vertex -3.515335015952587 -1.8789857029914856 3.835999999999999
      vertex -3.515335015952587 -1.8789857029914856 4.002666666666666
      vertex -3.6825805231928825 -1.5253747627139091 4.002666666666666
    endloop
  endfacet
  facet normal -0.9039893048626545 -0.4275550686098046 0
    outer loop
      vertex -3.515335015952587 -1.8789857029914856 3.835999999999999
      vertex -3.6825805231928825 -1.5253747627139091 4.002666666666666
      vertex -3.6825805231928825 -1.5253747627139091 3.835999999999999
    endloop
  endfacet
  facet normal 0 0 1
    outer loop
      vertex -3.515335015952587 -1.8789857029914856 4.002666666666666
      vertex -3.642616845667362 -1.508821301162243 4.002666666666666
      vertex -3.6825805231928825 -1.5253747627139091 4.002666666666666
    endloop
  endfacet
  facet normal 0 0 1
    outer loop
      vertex -3.515335015952587 -1.8789857029914856 4.002666666666666
      vertex -3.477186344563961 -1.858594723045826 4.002666666666666
      vertex -3.642616845667362 -1.508821301162243 4.002666666666666
    endloop
  endfacet
  facet normal -0.9415440620671836 -0.3368898621004017 0
    outer loop
      vertex -3.6825805231928825 -1.5253747627139091 3.835999999999999
      vertex -3.81436076015234 -1.1570736840367317 4.002666666666666
      vertex -3.81436076015234 -1.1570736840367317 3.835999999999999
    endloop
  endfacet
  facet normal 0 0 1
    outer loop
      vertex -3.6825805231928825 -1.5253747627139091 4.002666666666666
      vertex -3.7729669958353043 -1.1445170417428017 4.002666666666666
      vertex -3.81436076015234 -1.1570736840367317 4.002666666666666
    endloop
  endfacet
  facet normal -0.9700312542498825 -0.2429801756901161 0
    outer loop
      vertex -3.81436076015234 -1.1570736840367317 3.835999999999999
      vertex -3.81436076015234 -1.1570736840367317 4.002666666666666
      vertex -3.909406617283821 -0.7776293456554413 4.002666666666666
    endloop
  endfacet
  facet normal 0 0 1
    outer loop
      vertex -3.81436076015234 -1.1570736840367317 4.002666666666666
      vertex -3.7729669958353043 -1.1445170417428017 4.002666666666666
      vertex -3.866981416940689 -0.7691904380917549 4.002666666666666
    endloop
  endfacet
  facet normal -0.9415440620671836 -0.3368898621004017 0
    outer loop
      vertex -3.6825805231928825 -1.5253747627139091 3.835999999999999
      vertex -3.6825805231928825 -1.5253747627139091 4.002666666666666
      vertex -3.81436076015234 -1.1570736840367317 4.002666666666666
    endloop
  endfacet
  facet normal 0 0 1
    outer loop
      vertex -3.6825805231928825 -1.5253747627139091 4.002666666666666
      vertex -3.642616845667362 -1.508821301162243 4.002666666666666
      vertex -3.7729669958353043 -1.1445170417428017 4.002666666666666
    endloop
  endfacet
  facet normal -0.8577285983907553 -0.5141027635625299 0
    outer loop
      vertex -3.314234897494316 -2.2145009636878967 3.835999999999999
      vertex -3.515335015952587 -1.8789857029914856 4.002666666666666
      vertex -3.515335015952587 -1.8789857029914856 3.835999999999999
    endloop
  endfacet
  facet normal 0 0 1
    outer loop
      vertex -3.314234897494316 -2.2145009636878967 4.002666666666666
      vertex -3.477186344563961 -1.858594723045826 4.002666666666666
      vertex -3.515335015952587 -1.8789857029914856 4.002666666666666
    endloop
  endfacet
  facet normal -0.9700312542498825 -0.2429801756901161 0
    outer loop
      vertex -3.81436076015234 -1.1570736840367317 3.835999999999999
      vertex -3.909406617283821 -0.7776293456554413 4.002666666666666
      vertex -3.909406617283821 -0.7776293456554413 3.835999999999999
    endloop
  endfacet
  facet normal 0 0 1
    outer loop
      vertex -3.81436076015234 -1.1570736840367317 4.002666666666666
      vertex -3.866981416940689 -0.7691904380917549 4.002666666666666
      vertex -3.909406617283821 -0.7776293456554413 4.002666666666666
    endloop
  endfacet
  facet normal -0.9891765088728373 -0.1467304818166479 0
    outer loop
      vertex -3.909406617283821 -0.7776293456554413 3.835999999999999
      vertex -3.909406617283821 -0.7776293456554413 4.002666666666666
      vertex -3.966802768409252 -0.3906959444284439 4.002666666666666
    endloop
  endfacet
  facet normal -0.9891765088728373 -0.1467304818166479 0
    outer loop
      vertex -3.909406617283821 -0.7776293456554413 3.835999999999999
      vertex -3.966802768409252 -0.3906959444284439 4.002666666666666
      vertex -3.966802768409252 -0.3906959444284439 3.835999999999999
    endloop
  endfacet
  facet normal 0 0 1
    outer loop
      vertex -3.909406617283821 -0.7776293456554413 4.002666666666666
      vertex -3.866981416940689 -0.7691904380917549 4.002666666666666
      vertex -3.9237546995282173 -0.38645607233047485 4.002666666666666
    endloop
  endfacet
  facet normal 0 0 1
    outer loop
      vertex -3.909406617283821 -0.7776293456554413 4.002666666666666
      vertex -3.9237546995282173 -0.38645607233047485 4.002666666666666
      vertex -3.966802768409252 -0.3906959444284439 4.002666666666666
    endloop
  endfacet
  facet normal -0.9987954567345022 -0.049067663552658985 0
    outer loop
      vertex -3.966802768409252 -0.3906959444284439 3.835999999999999
      vertex -3.966802768409252 -0.3906959444284439 4.002666666666666
      vertex -3.985996425151825 0 4.002666666666666
    endloop
  endfacet
  facet normal 0 0 1
    outer loop
      vertex -3.966802768409252 -0.3906959444284439 4.002666666666666
      vertex -3.9237546995282173 -0.38645607233047485 4.002666666666666
      vertex -3.9427400678396225 0 4.002666666666666
    endloop
  endfacet
  facet normal -0.9987954567345022 -0.049067663552658985 0
    outer loop
      vertex -3.966802768409252 -0.3906959444284439 3.835999999999999
      vertex -3.985996425151825 0 4.002666666666666
      vertex -3.985996425151825 0 3.835999999999999
    endloop
  endfacet
  facet normal 0 0 1
    outer loop
      vertex -3.966802768409252 -0.3906959444284439 4.002666666666666
      vertex -3.9427400678396225 0 4.002666666666666
      vertex -3.985996425151825 0 4.002666666666666
    endloop
  endfacet
  facet normal -0.4275550686098046 -0.9039893048626545 0
    outer loop
      vertex -1.8789857029914856 -3.515335015952587 3.835999999999999
      vertex -1.5253747627139091 -3.6825805231928825 3.835999999999999
      vertex -1.8789857029914856 -3.515335015952587 4.002666666666666
    endloop
  endfacet
  facet normal 0 0 1
    outer loop
      vertex -1.8789857029914856 -3.515335015952587 4.002666666666666
      vertex -1.5253747627139091 -3.6825805231928825 4.002666666666666
      vertex -1.858594723045826 -3.477186344563961 4.002666666666666
    endloop
  endfacet
  facet normal -0.4275550686098046 -0.9039893048626545 0
    outer loop
      vertex -1.5253747627139091 -3.6825805231928825 3.835999999999999
      vertex -1.5253747627139091 -3.6825805231928825 4.002666666666666
      vertex -1.8789857029914856 -3.515335015952587 4.002666666666666
    endloop
  endfacet
  facet normal 0 0 1
    outer loop
      vertex -1.5253747627139091 -3.6825805231928825 4.002666666666666
      vertex -1.508821301162243 -3.642616845667362 4.002666666666666
      vertex -1.858594723045826 -3.477186344563961 4.002666666666666
    endloop
  endfacet
  facet normal -0.5141027635625299 -0.8577285983907553 0
    outer loop
      vertex -2.2145009636878967 -3.314234897494316 4.002666666666666
      vertex -1.8789857029914856 -3.515335015952587 3.835999999999999
      vertex -1.8789857029914856 -3.515335015952587 4.002666666666666
    endloop
  endfacet
  facet normal 0 0 1
    outer loop
      vertex -2.1904690340161324 -3.278268538415432 4.002666666666666
      vertex -1.8789857029914856 -3.515335015952587 4.002666666666666
      vertex -1.858594723045826 -3.477186344563961 4.002666666666666
    endloop
  endfacet
  facet normal -0.3368898621004017 -0.9415440620671836 0
    outer loop
      vertex -1.5253747627139091 -3.6825805231928825 4.002666666666666
      vertex -1.1570736840367317 -3.81436076015234 3.835999999999999
      vertex -1.1570736840367317 -3.81436076015234 4.002666666666666
    endloop
  endfacet
  facet normal -0.3368898621004017 -0.9415440620671836 0
    outer loop
      vertex -1.5253747627139091 -3.6825805231928825 3.835999999999999
      vertex -1.1570736840367317 -3.81436076015234 3.835999999999999
      vertex -1.5253747627139091 -3.6825805231928825 4.002666666666666
    endloop
  endfacet
  facet normal 0 0 1
    outer loop
      vertex -1.5253747627139091 -3.6825805231928825 4.002666666666666
      vertex -1.1570736840367317 -3.81436076015234 4.002666666666666
      vertex -1.508821301162243 -3.642616845667362 4.002666666666666
    endloop
  endfacet
  facet normal 0 0 1
    outer loop
      vertex -1.508821301162243 -3.642616845667362 4.002666666666666
      vertex -1.1570736840367317 -3.81436076015234 4.002666666666666
      vertex -1.1445170417428017 -3.7729669958353043 4.002666666666666
    endloop
  endfacet
  facet normal -0.2429801756901161 -0.9700312542498825 0
    outer loop
      vertex -1.1570736840367317 -3.81436076015234 3.835999999999999
      vertex -0.7776293456554413 -3.909406617283821 3.835999999999999
      vertex -1.1570736840367317 -3.81436076015234 4.002666666666666
    endloop
  endfacet
  facet normal 0 0 1
    outer loop
      vertex -1.1570736840367317 -3.81436076015234 4.002666666666666
      vertex -0.7776293456554413 -3.909406617283821 4.002666666666666
      vertex -1.1445170417428017 -3.7729669958353043 4.002666666666666
    endloop
  endfacet
  facet normal -0.2429801756901161 -0.9700312542498825 0
    outer loop
      vertex -1.1570736840367317 -3.81436076015234 4.002666666666666
      vertex -0.7776293456554413 -3.909406617283821 3.835999999999999
      vertex -0.7776293456554413 -3.909406617283821 4.002666666666666
    endloop
  endfacet
  facet normal 0 0 1
    outer loop
      vertex -1.1445170417428017 -3.7729669958353043 4.002666666666666
      vertex -0.7776293456554413 -3.909406617283821 4.002666666666666
      vertex -0.7691904380917549 -3.866981416940689 4.002666666666666
    endloop
  endfacet
  facet normal -0.1467304818166479 -0.9891765088728373 0
    outer loop
      vertex -0.7776293456554413 -3.909406617283821 3.835999999999999
      vertex -0.3906959444284439 -3.966802768409252 3.835999999999999
      vertex -0.7776293456554413 -3.909406617283821 4.002666666666666
    endloop
  endfacet
  facet normal -0.1467304818166479 -0.9891765088728373 0
    outer loop
      vertex -0.7776293456554413 -3.909406617283821 4.002666666666666
      vertex -0.3906959444284439 -3.966802768409252 3.835999999999999
      vertex -0.3906959444284439 -3.966802768409252 4.002666666666666
    endloop
  endfacet
  facet normal 0 0 1
    outer loop
      vertex -0.7776293456554413 -3.909406617283821 4.002666666666666
      vertex -0.3906959444284439 -3.966802768409252 4.002666666666666
      vertex -0.7691904380917549 -3.866981416940689 4.002666666666666
    endloop
  endfacet
  facet normal 0 0 1
    outer loop
      vertex -0.7691904380917549 -3.866981416940689 4.002666666666666
      vertex -0.3906959444284439 -3.966802768409252 4.002666666666666
      vertex -0.38645607233047485 -3.9237546995282173 4.002666666666666
    endloop
  endfacet
  facet normal -0.049067663552658985 -0.9987954567345022 0
    outer loop
      vertex -0.3906959444284439 -3.966802768409252 3.835999999999999
      vertex 0 -3.985996425151825 3.835999999999999
      vertex -0.3906959444284439 -3.966802768409252 4.002666666666666
    endloop
  endfacet
  facet normal 0 0 1
    outer loop
      vertex -0.3906959444284439 -3.966802768409252 4.002666666666666
      vertex 0 -3.9427400678396225 4.002666666666666
      vertex -0.38645607233047485 -3.9237546995282173 4.002666666666666
    endloop
  endfacet
  facet normal -0.049067663552658985 -0.9987954567345022 0
    outer loop
      vertex -0.3906959444284439 -3.966802768409252 4.002666666666666
      vertex 0 -3.985996425151825 3.835999999999999
      vertex 0 -3.985996425151825 4.002666666666666
    endloop
  endfacet
  facet normal -0.9987954567345022 0.049067663552658985 0
    outer loop
      vertex -3.985996425151825 0 3.835999999999999
      vertex -3.985996425151825 0 4.002666666666666
      vertex -3.966802768409252 0.3906959444284439 4.002666666666666
    endloop
  endfacet
  facet normal 0 0 1
    outer loop
      vertex -3.985996425151825 0 4.002666666666666
      vertex -3.9427400678396225 0 4.002666666666666
      vertex -3.9237546995282173 0.38645607233047485 4.002666666666666
    endloop
  endfacet
  facet normal -0.9987954567345022 0.049067663552658985 0
    outer loop
      vertex -3.985996425151825 0 3.835999999999999
      vertex -3.966802768409252 0.3906959444284439 4.002666666666666
      vertex -3.966802768409252 0.3906959444284439 3.835999999999999
    endloop
  endfacet
  facet normal 0 0 1
    outer loop
      vertex -3.985996425151825 0 4.002666666666666
      vertex -3.9237546995282173 0.38645607233047485 4.002666666666666
      vertex -3.966802768409252 0.3906959444284439 4.002666666666666
    endloop
  endfacet
  facet normal -0.9891765088728373 0.1467304818166479 0
    outer loop
      vertex -3.966802768409252 0.3906959444284439 3.835999999999999
      vertex -3.966802768409252 0.3906959444284439 4.002666666666666
      vertex -3.909406617283821 0.7776293456554413 4.002666666666666
    endloop
  endfacet
  facet normal -0.9891765088728373 0.1467304818166479 0
    outer loop
      vertex -3.966802768409252 0.3906959444284439 3.835999999999999
      vertex -3.909406617283821 0.7776293456554413 4.002666666666666
      vertex -3.909406617283821 0.7776293456554413 3.835999999999999
    endloop
  endfacet
  facet normal 0 0 1
    outer loop
      vertex -3.966802768409252 0.3906959444284439 4.002666666666666
      vertex -3.9237546995282173 0.38645607233047485 4.002666666666666
      vertex -3.866981416940689 0.7691904380917549 4.002666666666666
    endloop
  endfacet
  facet normal 0 0 1
    outer loop
      vertex -3.966802768409252 0.3906959444284439 4.002666666666666
      vertex -3.866981416940689 0.7691904380917549 4.002666666666666
      vertex -3.909406617283821 0.7776293456554413 4.002666666666666
    endloop
  endfacet
  facet normal -0.9700312542498825 0.2429801756901161 0
    outer loop
      vertex -3.909406617283821 0.7776293456554413 3.835999999999999
      vertex -3.909406617283821 0.7776293456554413 4.002666666666666
      vertex -3.81436076015234 1.1570736840367317 4.002666666666666
    endloop
  endfacet
  facet normal 0 0 1
    outer loop
      vertex -3.909406617283821 0.7776293456554413 4.002666666666666
      vertex -3.866981416940689 0.7691904380917549 4.002666666666666
      vertex -3.7729669958353043 1.1445170417428017 4.002666666666666
    endloop
  endfacet
  facet normal -0.9700312542498825 0.2429801756901161 0
    outer loop
      vertex -3.909406617283821 0.7776293456554413 3.835999999999999
      vertex -3.81436076015234 1.1570736840367317 4.002666666666666
      vertex -3.81436076015234 1.1570736840367317 3.835999999999999
    endloop
  endfacet
  facet normal 0 0 1
    outer loop
      vertex -3.909406617283821 0.7776293456554413 4.002666666666666
      vertex -3.7729669958353043 1.1445170417428017 4.002666666666666
      vertex -3.81436076015234 1.1570736840367317 4.002666666666666
    endloop
  endfacet
  facet normal -0.9415440620671836 0.3368898621004017 0
    outer loop
      vertex -3.81436076015234 1.1570736840367317 3.835999999999999
      vertex -3.81436076015234 1.1570736840367317 4.002666666666666
      vertex -3.6825805231928825 1.5253747627139091 4.002666666666666
    endloop
  endfacet
  facet normal -0.9415440620671836 0.3368898621004017 0
    outer loop
      vertex -3.81436076015234 1.1570736840367317 3.835999999999999
      vertex -3.6825805231928825 1.5253747627139091 4.002666666666666
      vertex -3.6825805231928825 1.5253747627139091 3.835999999999999
    endloop
  endfacet
  facet normal 0 0 1
    outer loop
      vertex -3.81436076015234 1.1570736840367317 4.002666666666666
      vertex -3.7729669958353043 1.1445170417428017 4.002666666666666
      vertex -3.642616845667362 1.508821301162243 4.002666666666666
    endloop
  endfacet
  facet normal 0 0 1
    outer loop
      vertex -3.81436076015234 1.1570736840367317 4.002666666666666
      vertex -3.642616845667362 1.508821301162243 4.002666666666666
      vertex -3.6825805231928825 1.5253747627139091 4.002666666666666
    endloop
  endfacet
  facet normal -0.9039893048626545 0.4275550686098046 0
    outer loop
      vertex -3.6825805231928825 1.5253747627139091 3.835999999999999
      vertex -3.6825805231928825 1.5253747627139091 4.002666666666666
      vertex -3.515335015952587 1.8789857029914856 4.002666666666666
    endloop
  endfacet
  facet normal 0 0 1
    outer loop
      vertex -3.6825805231928825 1.5253747627139091 4.002666666666666
      vertex -3.642616845667362 1.508821301162243 4.002666666666666
      vertex -3.477186344563961 1.858594723045826 4.002666666666666
    endloop
  endfacet
  facet normal -0.9039893048626545 0.4275550686098046 0
    outer loop
      vertex -3.6825805231928825 1.5253747627139091 3.835999999999999
      vertex -3.515335015952587 1.8789857029914856 4.002666666666666
      vertex -3.515335015952587 1.8789857029914856 3.835999999999999
    endloop
  endfacet
  facet normal 0 0 1
    outer loop
      vertex -3.6825805231928825 1.5253747627139091 4.002666666666666
      vertex -3.477186344563961 1.858594723045826 4.002666666666666
      vertex -3.515335015952587 1.8789857029914856 4.002666666666666
    endloop
  endfacet
  facet normal -0.8577285983907553 0.5141027635625299 0
    outer loop
      vertex -3.515335015952587 1.8789857029914856 3.835999999999999
      vertex -3.515335015952587 1.8789857029914856 4.002666666666666
      vertex -3.314234897494316 2.2145009636878967 4.002666666666666
    endloop
  endfacet
  facet normal 0 0 1
    outer loop
      vertex -3.515335015952587 1.8789857029914856 4.002666666666666
      vertex -3.477186344563961 1.858594723045826 4.002666666666666
      vertex -3.278268538415432 2.1904690340161324 4.002666666666666
    endloop
  endfacet
  facet normal -0.8577285983907553 0.5141027635625299 0
    outer loop
      vertex -3.515335015952587 1.8789857029914856 3.835999999999999
      vertex -3.314234897494316 2.2145009636878967 4.002666666666666
      vertex -3.314234897494316 2.2145009636878967 3.835999999999999
    endloop
  endfacet
  facet normal 0 0 1
    outer loop
      vertex -3.515335015952587 1.8789857029914856 4.002666666666666
      vertex -3.278268538415432 2.1904690340161324 4.002666666666666
      vertex -3.314234897494316 2.2145009636878967 4.002666666666666
    endloop
  endfacet
  facet normal -0.8032075328490684 0.5956993026473278 0
    outer loop
      vertex -3.314234897494316 2.2145009636878967 3.835999999999999
      vertex -3.314234897494316 2.2145009636878967 4.002666666666666
      vertex -3.0812168791890144 2.52868939191103 4.002666666666666
    endloop
  endfacet
  facet normal -0.8032075328490684 0.5956993026473278 0
    outer loop
      vertex -3.314234897494316 2.2145009636878967 3.835999999999999
      vertex -3.0812168791890144 2.52868939191103 4.002666666666666
      vertex -3.0812168791890144 2.52868939191103 3.835999999999999
    endloop
  endfacet
  facet normal 0 0 1
    outer loop
      vertex -3.314234897494316 2.2145009636878967 4.002666666666666
      vertex -3.278268538415432 2.1904690340161324 4.002666666666666
      vertex -3.0477792769670486 2.501247823238373 4.002666666666666
    endloop
  endfacet
  facet normal 0 0 1
    outer loop
      vertex -3.314234897494316 2.2145009636878967 4.002666666666666
      vertex -3.0477792769670486 2.501247823238373 4.002666666666666
      vertex -3.0812168791890144 2.52868939191103 4.002666666666666
    endloop
  endfacet
  facet normal -0.7409511139178688 0.6715589674659025 0
    outer loop
      vertex -3.0812168791890144 2.52868939191103 3.835999999999999
      vertex -3.0812168791890144 2.52868939191103 4.002666666666666
      vertex -2.8185250982642174 2.8185250982642174 4.002666666666666
    endloop
  endfacet
  facet normal -0.7409511139178688 0.6715589674659025 0
    outer loop
      vertex -3.0812168791890144 2.52868939191103 3.835999999999999
      vertex -2.8185250982642174 2.8185250982642174 4.002666666666666
      vertex -2.8185250982642174 2.8185250982642174 3.835999999999999
    endloop
  endfacet
  facet normal 0 0 1
    outer loop
      vertex -3.0812168791890144 2.52868939191103 4.002666666666666
      vertex -3.0477792769670486 2.501247823238373 4.002666666666666
      vertex -2.787938229739666 2.787938229739666 4.002666666666666
    endloop
  endfacet
  facet normal 0 0 1
    outer loop
      vertex -3.0812168791890144 2.52868939191103 4.002666666666666
      vertex -2.787938229739666 2.787938229739666 4.002666666666666
      vertex -2.8185250982642174 2.8185250982642174 4.002666666666666
    endloop
  endfacet
  facet normal -0.6715589674659025 0.7409511139178688 0
    outer loop
      vertex -2.8185250982642174 2.8185250982642174 3.835999999999999
      vertex -2.8185250982642174 2.8185250982642174 4.002666666666666
      vertex -2.52868939191103 3.0812168791890144 4.002666666666666
    endloop
  endfacet
  facet normal -0.6715589674659025 0.7409511139178688 0
    outer loop
      vertex -2.8185250982642174 2.8185250982642174 3.835999999999999
      vertex -2.52868939191103 3.0812168791890144 4.002666666666666
      vertex -2.52868939191103 3.0812168791890144 3.835999999999999
    endloop
  endfacet
  facet normal 0 0 1
    outer loop
      vertex -2.8185250982642174 2.8185250982642174 4.002666666666666
      vertex -2.787938229739666 2.787938229739666 4.002666666666666
      vertex -2.501247823238373 3.0477792769670486 4.002666666666666
    endloop
  endfacet
  facet normal 0 0 1
    outer loop
      vertex -2.8185250982642174 2.8185250982642174 4.002666666666666
      vertex -2.501247823238373 3.0477792769670486 4.002666666666666
      vertex -2.52868939191103 3.0812168791890144 4.002666666666666
    endloop
  endfacet
  facet normal -0.5956993026473278 0.8032075328490684 0
    outer loop
      vertex -2.52868939191103 3.0812168791890144 3.835999999999999
      vertex -2.52868939191103 3.0812168791890144 4.002666666666666
      vertex -2.2145009636878967 3.314234897494316 4.002666666666666
    endloop
  endfacet
  facet normal -0.5956993026473278 0.8032075328490684 0
    outer loop
      vertex -2.52868939191103 3.0812168791890144 3.835999999999999
      vertex -2.2145009636878967 3.314234897494316 4.002666666666666
      vertex -2.2145009636878967 3.314234897494316 3.835999999999999
    endloop
  endfacet
  facet normal 0 0 1
    outer loop
      vertex -2.501247823238373 3.0477792769670486 4.002666666666666
      vertex -2.1904690340161324 3.278268538415432 4.002666666666666
      vertex -2.52868939191103 3.0812168791890144 4.002666666666666
    endloop
  endfacet
  facet normal 0 0 1
    outer loop
      vertex -2.52868939191103 3.0812168791890144 4.002666666666666
      vertex -2.1904690340161324 3.278268538415432 4.002666666666666
      vertex -2.2145009636878967 3.314234897494316 4.002666666666666
    endloop
  endfacet
  facet normal -0.5141027635625299 0.8577285983907553 0
    outer loop
      vertex -2.2145009636878967 3.314234897494316 3.835999999999999
      vertex -2.2145009636878967 3.314234897494316 4.002666666666666
      vertex -1.8789857029914856 3.515335015952587 4.002666666666666
    endloop
  endfacet
  facet normal 0 0 1
    outer loop
      vertex -2.1904690340161324 3.278268538415432 4.002666666666666
      vertex -1.858594723045826 3.477186344563961 4.002666666666666
      vertex -2.2145009636878967 3.314234897494316 4.002666666666666
    endloop
  endfacet
  facet normal -0.5141027635625299 0.8577285983907553 0
    outer loop
      vertex -2.2145009636878967 3.314234897494316 3.835999999999999
      vertex -1.8789857029914856 3.515335015952587 4.002666666666666
      vertex -1.8789857029914856 3.515335015952587 3.835999999999999
    endloop
  endfacet
  facet normal 0 0 1
    outer loop
      vertex -2.2145009636878967 3.314234897494316 4.002666666666666
      vertex -1.858594723045826 3.477186344563961 4.002666666666666
      vertex -1.8789857029914856 3.515335015952587 4.002666666666666
    endloop
  endfacet
  facet normal -0.4275550686098046 0.9039893048626545 0
    outer loop
      vertex -1.8789857029914856 3.515335015952587 3.835999999999999
      vertex -1.8789857029914856 3.515335015952587 4.002666666666666
      vertex -1.5253747627139091 3.6825805231928825 4.002666666666666
    endloop
  endfacet
  facet normal -0.4275550686098046 0.9039893048626545 0
    outer loop
      vertex -1.8789857029914856 3.515335015952587 3.835999999999999
      vertex -1.5253747627139091 3.6825805231928825 4.002666666666666
      vertex -1.5253747627139091 3.6825805231928825 3.835999999999999
    endloop
  endfacet
  facet normal 0 0 1
    outer loop
      vertex -1.858594723045826 3.477186344563961 4.002666666666666
      vertex -1.508821301162243 3.642616845667362 4.002666666666666
      vertex -1.8789857029914856 3.515335015952587 4.002666666666666
    endloop
  endfacet
  facet normal 0 0 1
    outer loop
      vertex -1.8789857029914856 3.515335015952587 4.002666666666666
      vertex -1.508821301162243 3.642616845667362 4.002666666666666
      vertex -1.5253747627139091 3.6825805231928825 4.002666666666666
    endloop
  endfacet
  facet normal -0.3368898621004017 0.9415440620671836 0
    outer loop
      vertex -1.5253747627139091 3.6825805231928825 3.835999999999999
      vertex -1.5253747627139091 3.6825805231928825 4.002666666666666
      vertex -1.1570736840367317 3.81436076015234 4.002666666666666
    endloop
  endfacet
  facet normal 0 0 1
    outer loop
      vertex -1.508821301162243 3.642616845667362 4.002666666666666
      vertex -1.1445170417428017 3.7729669958353043 4.002666666666666
      vertex -1.5253747627139091 3.6825805231928825 4.002666666666666
    endloop
  endfacet
  facet normal -0.3368898621004017 0.9415440620671836 0
    outer loop
      vertex -1.5253747627139091 3.6825805231928825 3.835999999999999
      vertex -1.1570736840367317 3.81436076015234 4.002666666666666
      vertex -1.1570736840367317 3.81436076015234 3.835999999999999
    endloop
  endfacet
  facet normal 0 0 1
    outer loop
      vertex -1.5253747627139091 3.6825805231928825 4.002666666666666
      vertex -1.1445170417428017 3.7729669958353043 4.002666666666666
      vertex -1.1570736840367317 3.81436076015234 4.002666666666666
    endloop
  endfacet
  facet normal -0.2429801756901161 0.9700312542498825 0
    outer loop
      vertex -1.1570736840367317 3.81436076015234 3.835999999999999
      vertex -1.1570736840367317 3.81436076015234 4.002666666666666
      vertex -0.7776293456554413 3.909406617283821 4.002666666666666
    endloop
  endfacet
  facet normal 0 0 1
    outer loop
      vertex -1.1445170417428017 3.7729669958353043 4.002666666666666
      vertex -0.7691904380917549 3.866981416940689 4.002666666666666
      vertex -1.1570736840367317 3.81436076015234 4.002666666666666
    endloop
  endfacet
  facet normal -0.2429801756901161 0.9700312542498825 0
    outer loop
      vertex -1.1570736840367317 3.81436076015234 3.835999999999999
      vertex -0.7776293456554413 3.909406617283821 4.002666666666666
      vertex -0.7776293456554413 3.909406617283821 3.835999999999999
    endloop
  endfacet
  facet normal 0 0 1
    outer loop
      vertex -1.1570736840367317 3.81436076015234 4.002666666666666
      vertex -0.7691904380917549 3.866981416940689 4.002666666666666
      vertex -0.7776293456554413 3.909406617283821 4.002666666666666
    endloop
  endfacet
  facet normal -0.1467304818166479 0.9891765088728373 0
    outer loop
      vertex -0.7776293456554413 3.909406617283821 3.835999999999999
      vertex -0.7776293456554413 3.909406617283821 4.002666666666666
      vertex -0.3906959444284439 3.966802768409252 4.002666666666666
    endloop
  endfacet
  facet normal -0.1467304818166479 0.9891765088728373 0
    outer loop
      vertex -0.7776293456554413 3.909406617283821 3.835999999999999
      vertex -0.3906959444284439 3.966802768409252 4.002666666666666
      vertex -0.3906959444284439 3.966802768409252 3.835999999999999
    endloop
  endfacet
  facet normal 0 0 1
    outer loop
      vertex -0.7691904380917549 3.866981416940689 4.002666666666666
      vertex -0.38645607233047485 3.9237546995282173 4.002666666666666
      vertex -0.7776293456554413 3.909406617283821 4.002666666666666
    endloop
  endfacet
  facet normal -0.049067663552658985 0.9987954567345022 0
    outer loop
      vertex -0.3906959444284439 3.966802768409252 3.835999999999999
      vertex -0.3906959444284439 3.966802768409252 4.002666666666666
      vertex 0 3.985996425151825 4.002666666666666
    endloop
  endfacet
  facet normal 0 0 1
    outer loop
      vertex -0.7776293456554413 3.909406617283821 4.002666666666666
      vertex -0.38645607233047485 3.9237546995282173 4.002666666666666
      vertex 0 3.9427400678396225 4.002666666666666
    endloop
  endfacet
  facet normal 0 0 1
    outer loop
      vertex -0.7776293456554413 3.909406617283821 4.002666666666666
      vertex 0 3.985996425151825 4.002666666666666
      vertex -0.3906959444284439 3.966802768409252 4.002666666666666
    endloop
  endfacet
  facet normal -0.049067663552658985 0.9987954567345022 0
    outer loop
      vertex -0.3906959444284439 3.966802768409252 3.835999999999999
      vertex 0 3.985996425151825 4.002666666666666
      vertex 0 3.985996425151825 3.835999999999999
    endloop
  endfacet
  facet normal 0 0 1
    outer loop
      vertex -0.7776293456554413 3.909406617283821 4.002666666666666
      vertex 0 3.9427400678396225 4.002666666666666
      vertex 0.3906959444284439 3.966802768409252 4.002666666666666
    endloop
  endfacet
  facet normal 0 0 1
    outer loop
      vertex -0.7776293456554413 3.909406617283821 4.002666666666666
      vertex 0.3906959444284439 3.966802768409252 4.002666666666666
      vertex 0 3.985996425151825 4.002666666666666
    endloop
  endfacet
  facet normal 0.049067663552658985 -0.9987954567345022 0
    outer loop
      vertex 0 -3.985996425151825 3.835999999999999
      vertex 0.3906959444284439 -3.966802768409252 3.835999999999999
      vertex 0 -3.985996425151825 4.002666666666666
    endloop
  endfacet
  facet normal 0 0 1
    outer loop
      vertex -0.3906959444284439 -3.966802768409252 4.002666666666666
      vertex 0 -3.985996425151825 4.002666666666666
      vertex 0.7776293456554413 -3.909406617283821 4.002666666666666
    endloop
  endfacet
  facet normal 0 0 1
    outer loop
      vertex -0.3906959444284439 -3.966802768409252 4.002666666666666
      vertex 0.7776293456554413 -3.909406617283821 4.002666666666666
      vertex 0 -3.9427400678396225 4.002666666666666
    endloop
  endfacet
  facet normal 0.049067663552658985 -0.9987954567345022 0
    outer loop
      vertex 0.3906959444284439 -3.966802768409252 3.835999999999999
      vertex 0.3906959444284439 -3.966802768409252 4.002666666666666
      vertex 0 -3.985996425151825 4.002666666666666
    endloop
  endfacet
  facet normal 0 0 1
    outer loop
      vertex 0 -3.985996425151825 4.002666666666666
      vertex 0.3906959444284439 -3.966802768409252 4.002666666666666
      vertex 0.7776293456554413 -3.909406617283821 4.002666666666666
    endloop
  endfacet
  facet normal 0 0 1
    outer loop
      vertex 0 -3.9427400678396225 4.002666666666666
      vertex 0.7776293456554413 -3.909406617283821 4.002666666666666
      vertex 0.38645607233047485 -3.9237546995282173 4.002666666666666
    endloop
  endfacet
  facet normal 0.1467304818166479 -0.9891765088728373 0
    outer loop
      vertex 0.3906959444284439 -3.966802768409252 3.835999999999999
      vertex 0.7776293456554413 -3.909406617283821 3.835999999999999
      vertex 0.3906959444284439 -3.966802768409252 4.002666666666666
    endloop
  endfacet
  facet normal 0.1467304818166479 -0.9891765088728373 0
    outer loop
      vertex 0.3906959444284439 -3.966802768409252 4.002666666666666
      vertex 0.7776293456554413 -3.909406617283821 3.835999999999999
      vertex 0.7776293456554413 -3.909406617283821 4.002666666666666
    endloop
  endfacet
  facet normal 0 0 1
    outer loop
      vertex 0.38645607233047485 -3.9237546995282173 4.002666666666666
      vertex 0.7776293456554413 -3.909406617283821 4.002666666666666
      vertex 0.7691904380917549 -3.866981416940689 4.002666666666666
    endloop
  endfacet
  facet normal 0.2429801756901161 -0.9700312542498825 0
    outer loop
      vertex 0.7776293456554413 -3.909406617283821 3.835999999999999
      vertex 1.1570736840367317 -3.81436076015234 3.835999999999999
      vertex 0.7776293456554413 -3.909406617283821 4.002666666666666
    endloop
  endfacet
  facet normal 0 0 1
    outer loop
      vertex 0.7776293456554413 -3.909406617283821 4.002666666666666
      vertex 1.1570736840367317 -3.81436076015234 4.002666666666666
      vertex 0.7691904380917549 -3.866981416940689 4.002666666666666
    endloop
  endfacet
  facet normal 0.2429801756901161 -0.9700312542498825 0
    outer loop
      vertex 0.7776293456554413 -3.909406617283821 4.002666666666666
      vertex 1.1570736840367317 -3.81436076015234 3.835999999999999
      vertex 1.1570736840367317 -3.81436076015234 4.002666666666666
    endloop
  endfacet
  facet normal 0 0 1
    outer loop
      vertex 0.7691904380917549 -3.866981416940689 4.002666666666666
      vertex 1.1570736840367317 -3.81436076015234 4.002666666666666
      vertex 1.1445170417428017 -3.7729669958353043 4.002666666666666
    endloop
  endfacet
  facet normal 0.3368898621004017 -0.9415440620671836 0
    outer loop
      vertex 1.1570736840367317 -3.81436076015234 3.835999999999999
      vertex 1.5253747627139091 -3.6825805231928825 3.835999999999999
      vertex 1.1570736840367317 -3.81436076015234 4.002666666666666
    endloop
  endfacet
  facet normal 0 0 1
    outer loop
      vertex 1.1570736840367317 -3.81436076015234 4.002666666666666
      vertex 1.5253747627139091 -3.6825805231928825 4.002666666666666
      vertex 1.1445170417428017 -3.7729669958353043 4.002666666666666
    endloop
  endfacet
  facet normal 0.3368898621004017 -0.9415440620671836 0
    outer loop
      vertex 1.1570736840367317 -3.81436076015234 4.002666666666666
      vertex 1.5253747627139091 -3.6825805231928825 3.835999999999999
      vertex 1.5253747627139091 -3.6825805231928825 4.002666666666666
    endloop
  endfacet
  facet normal 0 0 1
    outer loop
      vertex 1.1445170417428017 -3.7729669958353043 4.002666666666666
      vertex 1.5253747627139091 -3.6825805231928825 4.002666666666666
      vertex 1.508821301162243 -3.642616845667362 4.002666666666666
    endloop
  endfacet
  facet normal 0.4275550686098046 -0.9039893048626545 0
    outer loop
      vertex 1.5253747627139091 -3.6825805231928825 3.835999999999999
      vertex 1.8789857029914856 -3.515335015952587 3.835999999999999
      vertex 1.5253747627139091 -3.6825805231928825 4.002666666666666
    endloop
  endfacet
  facet normal 0 0 1
    outer loop
      vertex 1.5253747627139091 -3.6825805231928825 4.002666666666666
      vertex 1.8789857029914856 -3.515335015952587 4.002666666666666
      vertex 1.508821301162243 -3.642616845667362 4.002666666666666
    endloop
  endfacet
  facet normal 0 0 1
    outer loop
      vertex 1.508821301162243 -3.642616845667362 4.002666666666666
      vertex 1.8789857029914856 -3.515335015952587 4.002666666666666
      vertex 1.858594723045826 -3.477186344563961 4.002666666666666
    endloop
  endfacet
  facet normal 0.4275550686098046 -0.9039893048626545 0
    outer loop
      vertex 1.8789857029914856 -3.515335015952587 3.835999999999999
      vertex 1.8789857029914856 -3.515335015952587 4.002666666666666
      vertex 1.5253747627139091 -3.6825805231928825 4.002666666666666
    endloop
  endfacet
  facet normal 0.5141027635625299 -0.8577285983907553 0
    outer loop
      vertex 1.8789857029914856 -3.515335015952587 3.835999999999999
      vertex 2.2145009636878967 -3.314234897494316 3.835999999999999
      vertex 1.8789857029914856 -3.515335015952587 4.002666666666666
    endloop
  endfacet
  facet normal 0 0 1
    outer loop
      vertex 1.8789857029914856 -3.515335015952587 4.002666666666666
      vertex 2.2145009636878967 -3.314234897494316 4.002666666666666
      vertex 1.858594723045826 -3.477186344563961 4.002666666666666
    endloop
  endfacet
  facet normal 0.5141027635625299 -0.8577285983907553 0
    outer loop
      vertex 1.8789857029914856 -3.515335015952587 4.002666666666666
      vertex 2.2145009636878967 -3.314234897494316 3.835999999999999
      vertex 2.2145009636878967 -3.314234897494316 4.002666666666666
    endloop
  endfacet
  facet normal 0 0 1
    outer loop
      vertex 1.858594723045826 -3.477186344563961 4.002666666666666
      vertex 2.2145009636878967 -3.314234897494316 4.002666666666666
      vertex 2.1904690340161324 -3.278268538415432 4.002666666666666
    endloop
  endfacet
  facet normal 0.5956993026473278 -0.8032075328490684 0
    outer loop
      vertex 2.2145009636878967 -3.314234897494316 3.835999999999999
      vertex 2.52868939191103 -3.0812168791890144 3.835999999999999
      vertex 2.2145009636878967 -3.314234897494316 4.002666666666666
    endloop
  endfacet
  facet normal 0.5956993026473278 -0.8032075328490684 0
    outer loop
      vertex 2.2145009636878967 -3.314234897494316 4.002666666666666
      vertex 2.52868939191103 -3.0812168791890144 3.835999999999999
      vertex 2.52868939191103 -3.0812168791890144 4.002666666666666
    endloop
  endfacet
  facet normal 0 0 1
    outer loop
      vertex 2.2145009636878967 -3.314234897494316 4.002666666666666
      vertex 2.52868939191103 -3.0812168791890144 4.002666666666666
      vertex 2.1904690340161324 -3.278268538415432 4.002666666666666
    endloop
  endfacet
  facet normal 0 0 1
    outer loop
      vertex 2.1904690340161324 -3.278268538415432 4.002666666666666
      vertex 2.52868939191103 -3.0812168791890144 4.002666666666666
      vertex 2.501247823238373 -3.0477792769670486 4.002666666666666
    endloop
  endfacet
  facet normal 0.6715589674659025 -0.7409511139178688 0
    outer loop
      vertex 2.52868939191103 -3.0812168791890144 3.835999999999999
      vertex 2.8185250982642174 -2.8185250982642174 3.835999999999999
      vertex 2.52868939191103 -3.0812168791890144 4.002666666666666
    endloop
  endfacet
  facet normal 0.6715589674659025 -0.7409511139178688 0
    outer loop
      vertex 2.52868939191103 -3.0812168791890144 4.002666666666666
      vertex 2.8185250982642174 -2.8185250982642174 3.835999999999999
      vertex 2.8185250982642174 -2.8185250982642174 4.002666666666666
    endloop
  endfacet
  facet normal 0 0 1
    outer loop
      vertex 2.52868939191103 -3.0812168791890144 4.002666666666666
      vertex 2.8185250982642174 -2.8185250982642174 4.002666666666666
      vertex 2.501247823238373 -3.0477792769670486 4.002666666666666
    endloop
  endfacet
  facet normal 0 0 1
    outer loop
      vertex 2.501247823238373 -3.0477792769670486 4.002666666666666
      vertex 2.8185250982642174 -2.8185250982642174 4.002666666666666
      vertex 2.787938229739666 -2.787938229739666 4.002666666666666
    endloop
  endfacet
  facet normal 0.7409511139178688 -0.6715589674659025 0
    outer loop
      vertex 2.8185250982642174 -2.8185250982642174 3.835999999999999
      vertex 3.0812168791890144 -2.52868939191103 3.835999999999999
      vertex 2.8185250982642174 -2.8185250982642174 4.002666666666666
    endloop
  endfacet
  facet normal 0.7409511139178688 -0.6715589674659025 0
    outer loop
      vertex 2.8185250982642174 -2.8185250982642174 4.002666666666666
      vertex 3.0812168791890144 -2.52868939191103 3.835999999999999
      vertex 3.0812168791890144 -2.52868939191103 4.002666666666666
    endloop
  endfacet
  facet normal 0 0 1
    outer loop
      vertex 2.787938229739666 -2.787938229739666 4.002666666666666
      vertex 2.8185250982642174 -2.8185250982642174 4.002666666666666
      vertex 3.0812168791890144 -2.52868939191103 4.002666666666666
    endloop
  endfacet
  facet normal 0 0 1
    outer loop
      vertex 2.787938229739666 -2.787938229739666 4.002666666666666
      vertex 3.0812168791890144 -2.52868939191103 4.002666666666666
      vertex 3.0477792769670486 -2.501247823238373 4.002666666666666
    endloop
  endfacet
  facet normal 0.8032075328490684 -0.5956993026473278 0
    outer loop
      vertex 3.0812168791890144 -2.52868939191103 3.835999999999999
      vertex 3.314234897494316 -2.2145009636878967 3.835999999999999
      vertex 3.0812168791890144 -2.52868939191103 4.002666666666666
    endloop
  endfacet
  facet normal 0.8032075328490684 -0.5956993026473278 0
    outer loop
      vertex 3.0812168791890144 -2.52868939191103 4.002666666666666
      vertex 3.314234897494316 -2.2145009636878967 3.835999999999999
      vertex 3.314234897494316 -2.2145009636878967 4.002666666666666
    endloop
  endfacet
  facet normal 0 0 1
    outer loop
      vertex 3.0477792769670486 -2.501247823238373 4.002666666666666
      vertex 3.0812168791890144 -2.52868939191103 4.002666666666666
      vertex 3.314234897494316 -2.2145009636878967 4.002666666666666
    endloop
  endfacet
  facet normal 0 0 1
    outer loop
      vertex 3.0477792769670486 -2.501247823238373 4.002666666666666
      vertex 3.314234897494316 -2.2145009636878967 4.002666666666666
      vertex 3.278268538415432 -2.1904690340161324 4.002666666666666
    endloop
  endfacet
  facet normal 0.8577285983907553 -0.5141027635625299 0
    outer loop
      vertex 3.314234897494316 -2.2145009636878967 3.835999999999999
      vertex 3.515335015952587 -1.8789857029914856 3.835999999999999
      vertex 3.314234897494316 -2.2145009636878967 4.002666666666666
    endloop
  endfacet
  facet normal 0 0 1
    outer loop
      vertex 3.278268538415432 -2.1904690340161324 4.002666666666666
      vertex 3.314234897494316 -2.2145009636878967 4.002666666666666
      vertex 3.515335015952587 -1.8789857029914856 4.002666666666666
    endloop
  endfacet
  facet normal 0.8577285983907553 -0.5141027635625299 0
    outer loop
      vertex 3.314234897494316 -2.2145009636878967 4.002666666666666
      vertex 3.515335015952587 -1.8789857029914856 3.835999999999999
      vertex 3.515335015952587 -1.8789857029914856 4.002666666666666
    endloop
  endfacet
  facet normal 0 0 1
    outer loop
      vertex 3.278268538415432 -2.1904690340161324 4.002666666666666
      vertex 3.515335015952587 -1.8789857029914856 4.002666666666666
      vertex 3.477186344563961 -1.858594723045826 4.002666666666666
    endloop
  endfacet
  facet normal 0.9039893048626545 -0.4275550686098046 0
    outer loop
      vertex 3.515335015952587 -1.8789857029914856 3.835999999999999
      vertex 3.6825805231928825 -1.5253747627139091 3.835999999999999
      vertex 3.515335015952587 -1.8789857029914856 4.002666666666666
    endloop
  endfacet
  facet normal 0 0 1
    outer loop
      vertex 3.477186344563961 -1.858594723045826 4.002666666666666
      vertex 3.515335015952587 -1.8789857029914856 4.002666666666666
      vertex 3.6825805231928825 -1.5253747627139091 4.002666666666666
    endloop
  endfacet
  facet normal 0.9039893048626545 -0.4275550686098046 0
    outer loop
      vertex 3.6825805231928825 -1.5253747627139091 3.835999999999999
      vertex 3.6825805231928825 -1.5253747627139091 4.002666666666666
      vertex 3.515335015952587 -1.8789857029914856 4.002666666666666
    endloop
  endfacet
  facet normal 0 0 1
    outer loop
      vertex 3.477186344563961 -1.858594723045826 4.002666666666666
      vertex 3.6825805231928825 -1.5253747627139091 4.002666666666666
      vertex 3.642616845667362 -1.508821301162243 4.002666666666666
    endloop
  endfacet
  facet normal 0.9415440620671836 -0.3368898621004017 0
    outer loop
      vertex 3.6825805231928825 -1.5253747627139091 3.835999999999999
      vertex 3.81436076015234 -1.1570736840367317 3.835999999999999
      vertex 3.6825805231928825 -1.5253747627139091 4.002666666666666
    endloop
  endfacet
  facet normal 0 0 1
    outer loop
      vertex 3.642616845667362 -1.508821301162243 4.002666666666666
      vertex 3.6825805231928825 -1.5253747627139091 4.002666666666666
      vertex 3.81436076015234 -1.1570736840367317 4.002666666666666
    endloop
  endfacet
  facet normal 0 0 1
    outer loop
      vertex 3.642616845667362 -1.508821301162243 4.002666666666666
      vertex 3.81436076015234 -1.1570736840367317 4.002666666666666
      vertex 3.7729669958353043 -1.1445170417428017 4.002666666666666
    endloop
  endfacet
  facet normal 0.9415440620671836 -0.3368898621004017 0
    outer loop
      vertex 3.6825805231928825 -1.5253747627139091 4.002666666666666
      vertex 3.81436076015234 -1.1570736840367317 3.835999999999999
      vertex 3.81436076015234 -1.1570736840367317 4.002666666666666
    endloop
  endfacet
  facet normal 0.9700312542498825 -0.2429801756901161 0
    outer loop
      vertex 3.81436076015234 -1.1570736840367317 3.835999999999999
      vertex 3.909406617283821 -0.7776293456554413 3.835999999999999
      vertex 3.81436076015234 -1.1570736840367317 4.002666666666666
    endloop
  endfacet
  facet normal 0 0 1
    outer loop
      vertex 3.7729669958353043 -1.1445170417428017 4.002666666666666
      vertex 3.81436076015234 -1.1570736840367317 4.002666666666666
      vertex 3.909406617283821 -0.7776293456554413 4.002666666666666
    endloop
  endfacet
  facet normal 0.9700312542498825 -0.2429801756901161 0
    outer loop
      vertex 3.81436076015234 -1.1570736840367317 4.002666666666666
      vertex 3.909406617283821 -0.7776293456554413 3.835999999999999
      vertex 3.909406617283821 -0.7776293456554413 4.002666666666666
    endloop
  endfacet
  facet normal 0 0 1
    outer loop
      vertex 3.7729669958353043 -1.1445170417428017 4.002666666666666
      vertex 3.909406617283821 -0.7776293456554413 4.002666666666666
      vertex 3.866981416940689 -0.7691904380917549 4.002666666666666
    endloop
  endfacet
  facet normal 0.9891765088728373 -0.1467304818166479 0
    outer loop
      vertex 3.909406617283821 -0.7776293456554413 3.835999999999999
      vertex 3.966802768409252 -0.3906959444284439 3.835999999999999
      vertex 3.909406617283821 -0.7776293456554413 4.002666666666666
    endloop
  endfacet
  facet normal 0.9891765088728373 -0.1467304818166479 0
    outer loop
      vertex 3.909406617283821 -0.7776293456554413 4.002666666666666
      vertex 3.966802768409252 -0.3906959444284439 3.835999999999999
      vertex 3.966802768409252 -0.3906959444284439 4.002666666666666
    endloop
  endfacet
  facet normal 0 0 1
    outer loop
      vertex 3.866981416940689 -0.7691904380917549 4.002666666666666
      vertex 3.909406617283821 -0.7776293456554413 4.002666666666666
      vertex 3.966802768409252 -0.3906959444284439 4.002666666666666
    endloop
  endfacet
  facet normal 0 0 1
    outer loop
      vertex 3.866981416940689 -0.7691904380917549 4.002666666666666
      vertex 3.966802768409252 -0.3906959444284439 4.002666666666666
      vertex 3.9237546995282173 -0.38645607233047485 4.002666666666666
    endloop
  endfacet
  facet normal 0.9987954567345022 -0.049067663552658985 0
    outer loop
      vertex 3.966802768409252 -0.3906959444284439 3.835999999999999
      vertex 3.985996425151825 0 3.835999999999999
      vertex 3.966802768409252 -0.3906959444284439 4.002666666666666
    endloop
  endfacet
  facet normal 0 0 1
    outer loop
      vertex 3.9237546995282173 -0.38645607233047485 4.002666666666666
      vertex 3.966802768409252 -0.3906959444284439 4.002666666666666
      vertex 3.985996425151825 0 4.002666666666666
    endloop
  endfacet
  facet normal 0.9987954567345022 -0.049067663552658985 0
    outer loop
      vertex 3.966802768409252 -0.3906959444284439 4.002666666666666
      vertex 3.985996425151825 0 3.835999999999999
      vertex 3.985996425151825 0 4.002666666666666
    endloop
  endfacet
  facet normal 0 0 1
    outer loop
      vertex 3.9237546995282173 -0.38645607233047485 4.002666666666666
      vertex 3.985996425151825 0 4.002666666666666
      vertex 3.9427400678396225 0 4.002666666666666
    endloop
  endfacet
  facet normal 0.049067663552658985 0.9987954567345022 0
    outer loop
      vertex 0 3.985996425151825 3.835999999999999
      vertex 0 3.985996425151825 4.002666666666666
      vertex 0.3906959444284439 3.966802768409252 4.002666666666666
    endloop
  endfacet
  facet normal 0.049067663552658985 0.9987954567345022 0
    outer loop
      vertex 0 3.985996425151825 3.835999999999999
      vertex 0.3906959444284439 3.966802768409252 4.002666666666666
      vertex 0.3906959444284439 3.966802768409252 3.835999999999999
    endloop
  endfacet
  facet normal 0 0 1
    outer loop
      vertex 0 3.9427400678396225 4.002666666666666
      vertex 0.38645607233047485 3.9237546995282173 4.002666666666666
      vertex 0.3906959444284439 3.966802768409252 4.002666666666666
    endloop
  endfacet
  facet normal 0.1467304818166479 0.9891765088728373 0
    outer loop
      vertex 0.3906959444284439 3.966802768409252 3.835999999999999
      vertex 0.3906959444284439 3.966802768409252 4.002666666666666
      vertex 0.7776293456554413 3.909406617283821 4.002666666666666
    endloop
  endfacet
  facet normal 0.1467304818166479 0.9891765088728373 0
    outer loop
      vertex 0.3906959444284439 3.966802768409252 3.835999999999999
      vertex 0.7776293456554413 3.909406617283821 4.002666666666666
      vertex 0.7776293456554413 3.909406617283821 3.835999999999999
    endloop
  endfacet
  facet normal 0 0 1
    outer loop
      vertex 0.38645607233047485 3.9237546995282173 4.002666666666666
      vertex 0.7691904380917549 3.866981416940689 4.002666666666666
      vertex 0.3906959444284439 3.966802768409252 4.002666666666666
    endloop
  endfacet
  facet normal 0 0 1
    outer loop
      vertex 0.3906959444284439 3.966802768409252 4.002666666666666
      vertex 0.7691904380917549 3.866981416940689 4.002666666666666
      vertex 0.7776293456554413 3.909406617283821 4.002666666666666
    endloop
  endfacet
  facet normal 0.2429801756901161 0.9700312542498825 0
    outer loop
      vertex 0.7776293456554413 3.909406617283821 3.835999999999999
      vertex 0.7776293456554413 3.909406617283821 4.002666666666666
      vertex 1.1570736840367317 3.81436076015234 4.002666666666666
    endloop
  endfacet
  facet normal 0 0 1
    outer loop
      vertex 0.7691904380917549 3.866981416940689 4.002666666666666
      vertex 1.1445170417428017 3.7729669958353043 4.002666666666666
      vertex 0.7776293456554413 3.909406617283821 4.002666666666666
    endloop
  endfacet
  facet normal 0.2429801756901161 0.9700312542498825 0
    outer loop
      vertex 0.7776293456554413 3.909406617283821 3.835999999999999
      vertex 1.1570736840367317 3.81436076015234 4.002666666666666
      vertex 1.1570736840367317 3.81436076015234 3.835999999999999
    endloop
  endfacet
  facet normal 0 0 1
    outer loop
      vertex 0.7776293456554413 3.909406617283821 4.002666666666666
      vertex 1.1445170417428017 3.7729669958353043 4.002666666666666
      vertex 1.1570736840367317 3.81436076015234 4.002666666666666
    endloop
  endfacet
  facet normal 0.3368898621004017 0.9415440620671836 0
    outer loop
      vertex 1.1570736840367317 3.81436076015234 3.835999999999999
      vertex 1.5253747627139091 3.6825805231928825 4.002666666666666
      vertex 1.5253747627139091 3.6825805231928825 3.835999999999999
    endloop
  endfacet
  facet normal 0 0 1
    outer loop
      vertex 1.1445170417428017 3.7729669958353043 4.002666666666666
      vertex 1.508821301162243 3.642616845667362 4.002666666666666
      vertex 1.1570736840367317 3.81436076015234 4.002666666666666
    endloop
  endfacet
  facet normal 0 0 1
    outer loop
      vertex 1.1570736840367317 3.81436076015234 4.002666666666666
      vertex 1.508821301162243 3.642616845667362 4.002666666666666
      vertex 1.5253747627139091 3.6825805231928825 4.002666666666666
    endloop
  endfacet
  facet normal 0.3368898621004017 0.9415440620671836 0
    outer loop
      vertex 1.1570736840367317 3.81436076015234 3.835999999999999
      vertex 1.1570736840367317 3.81436076015234 4.002666666666666
      vertex 1.5253747627139091 3.6825805231928825 4.002666666666666
    endloop
  endfacet
  facet normal 0.5141027635625299 0.8577285983907553 0
    outer loop
      vertex 1.8789857029914856 3.515335015952587 3.835999999999999
      vertex 1.8789857029914856 3.515335015952587 4.002666666666666
      vertex 2.2145009636878967 3.314234897494316 4.002666666666666
    endloop
  endfacet
  facet normal 0 0 1
    outer loop
      vertex 1.858594723045826 3.477186344563961 4.002666666666666
      vertex 2.1904690340161324 3.278268538415432 4.002666666666666
      vertex 1.8789857029914856 3.515335015952587 4.002666666666666
    endloop
  endfacet
  facet normal 0.4275550686098046 0.9039893048626545 0
    outer loop
      vertex 1.5253747627139091 3.6825805231928825 3.835999999999999
      vertex 1.5253747627139091 3.6825805231928825 4.002666666666666
      vertex 1.8789857029914856 3.515335015952587 4.002666666666666
    endloop
  endfacet
  facet normal 0 0 1
    outer loop
      vertex 1.858594723045826 3.477186344563961 4.002666666666666
      vertex 1.5253747627139091 3.6825805231928825 4.002666666666666
      vertex 1.508821301162243 3.642616845667362 4.002666666666666
    endloop
  endfacet
  facet normal 0.4275550686098046 0.9039893048626545 0
    outer loop
      vertex 1.5253747627139091 3.6825805231928825 3.835999999999999
      vertex 1.8789857029914856 3.515335015952587 4.002666666666666
      vertex 1.8789857029914856 3.515335015952587 3.835999999999999
    endloop
  endfacet
  facet normal 0 0 1
    outer loop
      vertex 1.858594723045826 3.477186344563961 4.002666666666666
      vertex 1.8789857029914856 3.515335015952587 4.002666666666666
      vertex 1.5253747627139091 3.6825805231928825 4.002666666666666
    endloop
  endfacet
  facet normal 0.9987954567345022 0.049067663552658985 0
    outer loop
      vertex 3.985996425151825 0 3.835999999999999
      vertex 3.966802768409252 0.3906959444284439 3.835999999999999
      vertex 3.985996425151825 0 4.002666666666666
    endloop
  endfacet
  facet normal 0 0 1
    outer loop
      vertex 3.9427400678396225 0 4.002666666666666
      vertex 3.985996425151825 0 4.002666666666666
      vertex 3.966802768409252 0.3906959444284439 4.002666666666666
    endloop
  endfacet
  facet normal 0.9987954567345022 0.049067663552658985 0
    outer loop
      vertex 3.966802768409252 0.3906959444284439 3.835999999999999
      vertex 3.966802768409252 0.3906959444284439 4.002666666666666
      vertex 3.985996425151825 0 4.002666666666666
    endloop
  endfacet
  facet normal 0 0 1
    outer loop
      vertex 3.9427400678396225 0 4.002666666666666
      vertex 3.966802768409252 0.3906959444284439 4.002666666666666
      vertex 3.9237546995282173 0.38645607233047485 4.002666666666666
    endloop
  endfacet
  facet normal 0.9891765088728373 0.1467304818166479 0
    outer loop
      vertex 3.966802768409252 0.3906959444284439 3.835999999999999
      vertex 3.909406617283821 0.7776293456554413 3.835999999999999
      vertex 3.966802768409252 0.3906959444284439 4.002666666666666
    endloop
  endfacet
  facet normal 0.9891765088728373 0.1467304818166479 0
    outer loop
      vertex 3.966802768409252 0.3906959444284439 4.002666666666666
      vertex 3.909406617283821 0.7776293456554413 3.835999999999999
      vertex 3.909406617283821 0.7776293456554413 4.002666666666666
    endloop
  endfacet
  facet normal 0 0 1
    outer loop
      vertex 3.9237546995282173 0.38645607233047485 4.002666666666666
      vertex 3.966802768409252 0.3906959444284439 4.002666666666666
      vertex 3.909406617283821 0.7776293456554413 4.002666666666666
    endloop
  endfacet
  facet normal 0 0 1
    outer loop
      vertex 3.9237546995282173 0.38645607233047485 4.002666666666666
      vertex 3.909406617283821 0.7776293456554413 4.002666666666666
      vertex 3.866981416940689 0.7691904380917549 4.002666666666666
    endloop
  endfacet
  facet normal 0.9700312542498825 0.2429801756901161 0
    outer loop
      vertex 3.909406617283821 0.7776293456554413 3.835999999999999
      vertex 3.81436076015234 1.1570736840367317 3.835999999999999
      vertex 3.909406617283821 0.7776293456554413 4.002666666666666
    endloop
  endfacet
  facet normal 0 0 1
    outer loop
      vertex 3.866981416940689 0.7691904380917549 4.002666666666666
      vertex 3.909406617283821 0.7776293456554413 4.002666666666666
      vertex 3.81436076015234 1.1570736840367317 4.002666666666666
    endloop
  endfacet
  facet normal 0.8577285983907553 0.5141027635625299 0
    outer loop
      vertex 3.515335015952587 1.8789857029914856 3.835999999999999
      vertex 3.314234897494316 2.2145009636878967 3.835999999999999
      vertex 3.515335015952587 1.8789857029914856 4.002666666666666
    endloop
  endfacet
  facet normal 0 0 1
    outer loop
      vertex 3.477186344563961 1.858594723045826 4.002666666666666
      vertex 3.515335015952587 1.8789857029914856 4.002666666666666
      vertex 3.314234897494316 2.2145009636878967 4.002666666666666
    endloop
  endfacet
  facet normal 0.9415440620671836 0.3368898621004017 0
    outer loop
      vertex 3.81436076015234 1.1570736840367317 4.002666666666666
      vertex 3.6825805231928825 1.5253747627139091 3.835999999999999
      vertex 3.6825805231928825 1.5253747627139091 4.002666666666666
    endloop
  endfacet
  facet normal 0 0 1
    outer loop
      vertex 3.7729669958353043 1.1445170417428017 4.002666666666666
      vertex 3.6825805231928825 1.5253747627139091 4.002666666666666
      vertex 3.642616845667362 1.508821301162243 4.002666666666666
    endloop
  endfacet
  facet normal 0.9700312542498825 0.2429801756901161 0
    outer loop
      vertex 3.909406617283821 0.7776293456554413 4.002666666666666
      vertex 3.81436076015234 1.1570736840367317 3.835999999999999
      vertex 3.81436076015234 1.1570736840367317 4.002666666666666
    endloop
  endfacet
  facet normal 0 0 1
    outer loop
      vertex 3.866981416940689 0.7691904380917549 4.002666666666666
      vertex 3.81436076015234 1.1570736840367317 4.002666666666666
      vertex 3.7729669958353043 1.1445170417428017 4.002666666666666
    endloop
  endfacet
  facet normal 0.9415440620671836 0.3368898621004017 0
    outer loop
      vertex 3.81436076015234 1.1570736840367317 3.835999999999999
      vertex 3.6825805231928825 1.5253747627139091 3.835999999999999
      vertex 3.81436076015234 1.1570736840367317 4.002666666666666
    endloop
  endfacet
  facet normal 0 0 1
    outer loop
      vertex 3.7729669958353043 1.1445170417428017 4.002666666666666
      vertex 3.81436076015234 1.1570736840367317 4.002666666666666
      vertex 3.6825805231928825 1.5253747627139091 4.002666666666666
    endloop
  endfacet
  facet normal 0.9039893048626545 0.4275550686098046 0
    outer loop
      vertex 3.6825805231928825 1.5253747627139091 3.835999999999999
      vertex 3.515335015952587 1.8789857029914856 3.835999999999999
      vertex 3.6825805231928825 1.5253747627139091 4.002666666666666
    endloop
  endfacet
  facet normal 0 0 1
    outer loop
      vertex 3.477186344563961 1.858594723045826 4.002666666666666
      vertex 3.642616845667362 1.508821301162243 4.002666666666666
      vertex 3.515335015952587 1.8789857029914856 4.002666666666666
    endloop
  endfacet
  facet normal 0 0 1
    outer loop
      vertex 3.642616845667362 1.508821301162243 4.002666666666666
      vertex 3.6825805231928825 1.5253747627139091 4.002666666666666
      vertex 3.515335015952587 1.8789857029914856 4.002666666666666
    endloop
  endfacet
  facet normal 0.9039893048626545 0.4275550686098046 0
    outer loop
      vertex 3.515335015952587 1.8789857029914856 3.835999999999999
      vertex 3.515335015952587 1.8789857029914856 4.002666666666666
      vertex 3.6825805231928825 1.5253747627139091 4.002666666666666
    endloop
  endfacet
  facet normal 0.6715589674659025 0.7409511139178688 0
    outer loop
      vertex 2.8185250982642174 2.8185250982642174 4.002666666666666
      vertex 2.52868939191103 3.0812168791890144 3.835999999999999
      vertex 2.52868939191103 3.0812168791890144 4.002666666666666
    endloop
  endfacet
  facet normal 0.6715589674659025 0.7409511139178688 0
    outer loop
      vertex 2.8185250982642174 2.8185250982642174 3.835999999999999
      vertex 2.52868939191103 3.0812168791890144 3.835999999999999
      vertex 2.8185250982642174 2.8185250982642174 4.002666666666666
    endloop
  endfacet
  facet normal 0 0 1
    outer loop
      vertex 2.787938229739666 2.787938229739666 4.002666666666666
      vertex 2.52868939191103 3.0812168791890144 4.002666666666666
      vertex 2.501247823238373 3.0477792769670486 4.002666666666666
    endloop
  endfacet
  facet normal 0 0 1
    outer loop
      vertex 2.787938229739666 2.787938229739666 4.002666666666666
      vertex 2.8185250982642174 2.8185250982642174 4.002666666666666
      vertex 2.52868939191103 3.0812168791890144 4.002666666666666
    endloop
  endfacet
  facet normal 0.7409511139178688 0.6715589674659025 0
    outer loop
      vertex 2.8185250982642174 2.8185250982642174 3.835999999999999
      vertex 2.8185250982642174 2.8185250982642174 4.002666666666666
      vertex 3.0812168791890144 2.52868939191103 4.002666666666666
    endloop
  endfacet
  facet normal 0.7409511139178688 0.6715589674659025 0
    outer loop
      vertex 2.8185250982642174 2.8185250982642174 3.835999999999999
      vertex 3.0812168791890144 2.52868939191103 4.002666666666666
      vertex 3.0812168791890144 2.52868939191103 3.835999999999999
    endloop
  endfacet
  facet normal 0 0 1
    outer loop
      vertex 2.8185250982642174 2.8185250982642174 4.002666666666666
      vertex 3.0477792769670486 2.501247823238373 4.002666666666666
      vertex 3.0812168791890144 2.52868939191103 4.002666666666666
    endloop
  endfacet
  facet normal 0 0 1
    outer loop
      vertex 2.787938229739666 2.787938229739666 4.002666666666666
      vertex 3.0477792769670486 2.501247823238373 4.002666666666666
      vertex 2.8185250982642174 2.8185250982642174 4.002666666666666
    endloop
  endfacet
  facet normal 0.5141027635625299 0.8577285983907553 0
    outer loop
      vertex 1.8789857029914856 3.515335015952587 3.835999999999999
      vertex 2.2145009636878967 3.314234897494316 4.002666666666666
      vertex 2.2145009636878967 3.314234897494316 3.835999999999999
    endloop
  endfacet
  facet normal 0 0 1
    outer loop
      vertex 1.8789857029914856 3.515335015952587 4.002666666666666
      vertex 2.1904690340161324 3.278268538415432 4.002666666666666
      vertex 2.2145009636878967 3.314234897494316 4.002666666666666
    endloop
  endfacet
  facet normal 0.5956993026473278 0.8032075328490684 0
    outer loop
      vertex 2.2145009636878967 3.314234897494316 3.835999999999999
      vertex 2.2145009636878967 3.314234897494316 4.002666666666666
      vertex 2.52868939191103 3.0812168791890144 4.002666666666666
    endloop
  endfacet
  facet normal 0.5956993026473278 0.8032075328490684 0
    outer loop
      vertex 2.2145009636878967 3.314234897494316 3.835999999999999
      vertex 2.52868939191103 3.0812168791890144 4.002666666666666
      vertex 2.52868939191103 3.0812168791890144 3.835999999999999
    endloop
  endfacet
  facet normal 0 0 1
    outer loop
      vertex 2.1904690340161324 3.278268538415432 4.002666666666666
      vertex 2.501247823238373 3.0477792769670486 4.002666666666666
      vertex 2.2145009636878967 3.314234897494316 4.002666666666666
    endloop
  endfacet
  facet normal 0 0 1
    outer loop
      vertex 2.2145009636878967 3.314234897494316 4.002666666666666
      vertex 2.501247823238373 3.0477792769670486 4.002666666666666
      vertex 2.52868939191103 3.0812168791890144 4.002666666666666
    endloop
  endfacet
  facet normal 0.8032075328490684 0.5956993026473278 0
    outer loop
      vertex 3.314234897494316 2.2145009636878967 3.835999999999999
      vertex 3.0812168791890144 2.52868939191103 3.835999999999999
      vertex 3.314234897494316 2.2145009636878967 4.002666666666666
    endloop
  endfacet
  facet normal 0.8032075328490684 0.5956993026473278 0
    outer loop
      vertex 3.314234897494316 2.2145009636878967 4.002666666666666
      vertex 3.0812168791890144 2.52868939191103 3.835999999999999
      vertex 3.0812168791890144 2.52868939191103 4.002666666666666
    endloop
  endfacet
  facet normal 0 0 1
    outer loop
      vertex 3.278268538415432 2.1904690340161324 4.002666666666666
      vertex 3.314234897494316 2.2145009636878967 4.002666666666666
      vertex 3.0812168791890144 2.52868939191103 4.002666666666666
    endloop
  endfacet
  facet normal 0 0 1
    outer loop
      vertex 3.278268538415432 2.1904690340161324 4.002666666666666
      vertex 3.0812168791890144 2.52868939191103 4.002666666666666
      vertex 3.0477792769670486 2.501247823238373 4.002666666666666
    endloop
  endfacet
  facet normal 0.8577285983907553 0.5141027635625299 0
    outer loop
      vertex 3.515335015952587 1.8789857029914856 4.002666666666666
      vertex 3.314234897494316 2.2145009636878967 3.835999999999999
      vertex 3.314234897494316 2.2145009636878967 4.002666666666666
    endloop
  endfacet
  facet normal 0 0 1
    outer loop
      vertex 3.477186344563961 1.858594723045826 4.002666666666666
      vertex 3.314234897494316 2.2145009636878967 4.002666666666666
      vertex 3.278268538415432 2.1904690340161324 4.002666666666666
    endloop
  endfacet
  facet normal -0.8577286108306919 -0.51410274280775 0
    outer loop
      vertex -3.278268538415432 -2.1904690340161324 4.002666666666666
      vertex -3.278268538415432 -2.1904690340161324 4.1693333333333324
      vertex -3.477186344563961 -1.858594723045826 4.002666666666666
    endloop
  endfacet
  facet normal 0 0 1
    outer loop
      vertex -3.278268538415432 -2.1904690340161324 4.1693333333333324
      vertex -3.2143483236432076 -2.147758826613426 4.1693333333333324
      vertex -3.477186344563961 -1.858594723045826 4.1693333333333324
    endloop
  endfacet
  facet normal -0.8032075282012321 -0.5956993089142097 0
    outer loop
      vertex -3.0477792769670486 -2.501247823238373 4.1693333333333324
      vertex -3.278268538415432 -2.1904690340161324 4.1693333333333324
      vertex -3.278268538415432 -2.1904690340161324 4.002666666666666
    endloop
  endfacet
  facet normal 0 0 1
    outer loop
      vertex -3.278268538415432 -2.1904690340161324 4.1693333333333324
      vertex -2.9883531406521797 -2.4524780586361885 4.1693333333333324
      vertex -3.2143483236432076 -2.147758826613426 4.1693333333333324
    endloop
  endfacet
  facet normal -0.8032075282012321 -0.5956993089142097 0
    outer loop
      vertex -3.0477792769670486 -2.501247823238373 4.002666666666666
      vertex -3.0477792769670486 -2.501247823238373 4.1693333333333324
      vertex -3.278268538415432 -2.1904690340161324 4.002666666666666
    endloop
  endfacet
  facet normal 0 0 1
    outer loop
      vertex -3.0477792769670486 -2.501247823238373 4.1693333333333324
      vertex -2.9883531406521797 -2.4524780586361885 4.1693333333333324
      vertex -3.278268538415432 -2.1904690340161324 4.1693333333333324
    endloop
  endfacet
  facet normal -0.5956993089142097 -0.8032075282012321 0
    outer loop
      vertex -2.501247823238373 -3.0477792769670486 4.002666666666666
      vertex -2.1904690340161324 -3.278268538415432 4.1693333333333324
      vertex -2.501247823238373 -3.0477792769670486 4.1693333333333324
    endloop
  endfacet
  facet normal -0.5956993089142097 -0.8032075282012321 0
    outer loop
      vertex -2.501247823238373 -3.0477792769670486 4.002666666666666
      vertex -2.1904690340161324 -3.278268538415432 4.002666666666666
      vertex -2.1904690340161324 -3.278268538415432 4.1693333333333324
    endloop
  endfacet
  facet normal 0 0 1
    outer loop
      vertex -2.501247823238373 -3.0477792769670486 4.1693333333333324
      vertex -2.1904690340161324 -3.278268538415432 4.1693333333333324
      vertex -2.147758826613426 -3.2143483236432076 4.1693333333333324
    endloop
  endfacet
  facet normal 0 0 1
    outer loop
      vertex -2.501247823238373 -3.0477792769670486 4.1693333333333324
      vertex -2.147758826613426 -3.2143483236432076 4.1693333333333324
      vertex -2.4524780586361885 -2.9883531406521797 4.1693333333333324
    endloop
  endfacet
  facet normal -0.51410274280775 -0.8577286108306919 0
    outer loop
      vertex -2.1904690340161324 -3.278268538415432 4.002666666666666
      vertex -1.858594723045826 -3.477186344563961 4.1693333333333324
      vertex -2.1904690340161324 -3.278268538415432 4.1693333333333324
    endloop
  endfacet
  facet normal 0 0 1
    outer loop
      vertex -2.1904690340161324 -3.278268538415432 4.1693333333333324
      vertex -1.8223555982112885 -3.4093875139951706 4.1693333333333324
      vertex -2.147758826613426 -3.2143483236432076 4.1693333333333324
    endloop
  endfacet
  facet normal -0.7409511138964746 -0.6715589674895075 0
    outer loop
      vertex -3.0477792769670486 -2.501247823238373 4.002666666666666
      vertex -2.787938229739666 -2.787938229739666 4.1693333333333324
      vertex -3.0477792769670486 -2.501247823238373 4.1693333333333324
    endloop
  endfacet
  facet normal 0 0 1
    outer loop
      vertex -3.0477792769670486 -2.501247823238373 4.1693333333333324
      vertex -2.7335785180330276 -2.7335785180330276 4.1693333333333324
      vertex -2.9883531406521797 -2.4524780586361885 4.1693333333333324
    endloop
  endfacet
  facet normal -0.7409511138964746 -0.6715589674895075 0
    outer loop
      vertex -3.0477792769670486 -2.501247823238373 4.002666666666666
      vertex -2.787938229739666 -2.787938229739666 4.002666666666666
      vertex -2.787938229739666 -2.787938229739666 4.1693333333333324
    endloop
  endfacet
  facet normal 0 0 1
    outer loop
      vertex -3.0477792769670486 -2.501247823238373 4.1693333333333324
      vertex -2.787938229739666 -2.787938229739666 4.1693333333333324
      vertex -2.7335785180330276 -2.7335785180330276 4.1693333333333324
    endloop
  endfacet
  facet normal -0.6715589674895075 -0.7409511138964746 0
    outer loop
      vertex -2.501247823238373 -3.0477792769670486 4.1693333333333324
      vertex -2.787938229739666 -2.787938229739666 4.1693333333333324
      vertex -2.787938229739666 -2.787938229739666 4.002666666666666
    endloop
  endfacet
  facet normal 0 0 1
    outer loop
      vertex -2.787938229739666 -2.787938229739666 4.1693333333333324
      vertex -2.4524780586361885 -2.9883531406521797 4.1693333333333324
      vertex -2.7335785180330276 -2.7335785180330276 4.1693333333333324
    endloop
  endfacet
  facet normal -0.6715589674895075 -0.7409511138964746 0
    outer loop
      vertex -2.501247823238373 -3.0477792769670486 4.002666666666666
      vertex -2.501247823238373 -3.0477792769670486 4.1693333333333324
      vertex -2.787938229739666 -2.787938229739666 4.002666666666666
    endloop
  endfacet
  facet normal 0 0 1
    outer loop
      vertex -2.501247823238373 -3.0477792769670486 4.1693333333333324
      vertex -2.4524780586361885 -2.9883531406521797 4.1693333333333324
      vertex -2.787938229739666 -2.787938229739666 4.1693333333333324
    endloop
  endfacet
  facet normal -0.9039893001064196 -0.4275550786660187 0
    outer loop
      vertex -3.642616845667362 -1.508821301162243 4.002666666666666
      vertex -3.477186344563961 -1.858594723045826 4.002666666666666
      vertex -3.477186344563961 -1.858594723045826 4.1693333333333324
    endloop
  endfacet
  facet normal -0.9039893001064196 -0.4275550786660187 0
    outer loop
      vertex -3.642616845667362 -1.508821301162243 4.002666666666666
      vertex -3.477186344563961 -1.858594723045826 4.1693333333333324
      vertex -3.642616845667362 -1.508821301162243 4.1693333333333324
    endloop
  endfacet
  facet normal 0 0 1
    outer loop
      vertex -3.642616845667362 -1.508821301162243 4.1693333333333324
      vertex -3.477186344563961 -1.858594723045826 4.1693333333333324
      vertex -3.4093875139951706 -1.8223555982112885 4.1693333333333324
    endloop
  endfacet
  facet normal 0 0 1
    outer loop
      vertex -3.642616845667362 -1.508821301162243 4.1693333333333324
      vertex -3.4093875139951706 -1.8223555982112885 4.1693333333333324
      vertex -3.5715924501419067 -1.479402057826519 4.1693333333333324
    endloop
  endfacet
  facet normal -0.9700312525379237 -0.24298018252463918 0
    outer loop
      vertex -3.7729669958353043 -1.1445170417428017 4.002666666666666
      vertex -3.7729669958353043 -1.1445170417428017 4.1693333333333324
      vertex -3.866981416940689 -0.7691904380917549 4.002666666666666
    endloop
  endfacet
  facet normal 0 0 1
    outer loop
      vertex -3.7729669958353043 -1.1445170417428017 4.1693333333333324
      vertex -3.6994010284543037 -1.1222010254859924 4.1693333333333324
      vertex -3.866981416940689 -0.7691904380917549 4.1693333333333324
    endloop
  endfacet
  facet normal -0.9415440636677002 -0.3368898576272577 0
    outer loop
      vertex -3.642616845667362 -1.508821301162243 4.002666666666666
      vertex -3.642616845667362 -1.508821301162243 4.1693333333333324
      vertex -3.7729669958353043 -1.1445170417428017 4.002666666666666
    endloop
  endfacet
  facet normal 0 0 1
    outer loop
      vertex -3.642616845667362 -1.508821301162243 4.1693333333333324
      vertex -3.5715924501419067 -1.479402057826519 4.1693333333333324
      vertex -3.7729669958353043 -1.1445170417428017 4.1693333333333324
    endloop
  endfacet
  facet normal -0.9415440636677002 -0.3368898576272577 0
    outer loop
      vertex -3.642616845667362 -1.508821301162243 4.1693333333333324
      vertex -3.7729669958353043 -1.1445170417428017 4.1693333333333324
      vertex -3.7729669958353043 -1.1445170417428017 4.002666666666666
    endloop
  endfacet
  facet normal 0 0 1
    outer loop
      vertex -3.7729669958353043 -1.1445170417428017 4.1693333333333324
      vertex -3.5715924501419067 -1.479402057826519 4.1693333333333324
      vertex -3.6994010284543037 -1.1222010254859924 4.1693333333333324
    endloop
  endfacet
  facet normal -0.8577286108306919 -0.51410274280775 0
    outer loop
      vertex -3.278268538415432 -2.1904690340161324 4.1693333333333324
      vertex -3.477186344563961 -1.858594723045826 4.1693333333333324
      vertex -3.477186344563961 -1.858594723045826 4.002666666666666
    endloop
  endfacet
  facet normal 0 0 1
    outer loop
      vertex -3.2143483236432076 -2.147758826613426 4.1693333333333324
      vertex -3.4093875139951706 -1.8223555982112885 4.1693333333333324
      vertex -3.477186344563961 -1.858594723045826 4.1693333333333324
    endloop
  endfacet
  facet normal -0.9700312525379237 -0.24298018252463918 0
    outer loop
      vertex -3.7729669958353043 -1.1445170417428017 4.1693333333333324
      vertex -3.866981416940689 -0.7691904380917549 4.1693333333333324
      vertex -3.866981416940689 -0.7691904380917549 4.002666666666666
    endloop
  endfacet
  facet normal 0 0 1
    outer loop
      vertex -3.6994010284543037 -1.1222010254859924 4.1693333333333324
      vertex -3.7915823459625244 -0.7541925683617592 4.1693333333333324
      vertex -3.866981416940689 -0.7691904380917549 4.1693333333333324
    endloop
  endfacet
  facet normal -0.9891765090354335 -0.14673048072051317 0
    outer loop
      vertex -3.866981416940689 -0.7691904380917549 4.002666666666666
      vertex -3.866981416940689 -0.7691904380917549 4.1693333333333324
      vertex -3.9237546995282173 -0.38645607233047485 4.002666666666666
    endloop
  endfacet
  facet normal -0.9891765090354335 -0.14673048072051317 0
    outer loop
      vertex -3.866981416940689 -0.7691904380917549 4.1693333333333324
      vertex -3.9237546995282173 -0.38645607233047485 4.1693333333333324
      vertex -3.9237546995282173 -0.38645607233047485 4.002666666666666
    endloop
  endfacet
  facet normal 0 0 1
    outer loop
      vertex -3.866981416940689 -0.7691904380917549 4.1693333333333324
      vertex -3.7915823459625244 -0.7541925683617592 4.1693333333333324
      vertex -3.9237546995282173 -0.38645607233047485 4.1693333333333324
    endloop
  endfacet
  facet normal 0 0 1
    outer loop
      vertex -3.7915823459625244 -0.7541925683617592 4.1693333333333324
      vertex -3.847248636186123 -0.37892094254493713 4.1693333333333324
      vertex -3.9237546995282173 -0.38645607233047485 4.1693333333333324
    endloop
  endfacet
  facet normal -0.9987954563440545 -0.049067671500408604 0
    outer loop
      vertex -3.9237546995282173 -0.38645607233047485 4.002666666666666
      vertex -3.9237546995282173 -0.38645607233047485 4.1693333333333324
      vertex -3.9427400678396225 0 4.002666666666666
    endloop
  endfacet
  facet normal 0 0 1
    outer loop
      vertex -3.9237546995282173 -0.38645607233047485 4.1693333333333324
      vertex -3.847248636186123 -0.37892094254493713 4.1693333333333324
      vertex -3.9427400678396225 0 4.1693333333333324
    endloop
  endfacet
  facet normal -0.9987954563440545 -0.049067671500408604 0
    outer loop
      vertex -3.9237546995282173 -0.38645607233047485 4.1693333333333324
      vertex -3.9427400678396225 0 4.1693333333333324
      vertex -3.9427400678396225 0 4.002666666666666
    endloop
  endfacet
  facet normal 0 0 1
    outer loop
      vertex -3.847248636186123 -0.37892094254493713 4.1693333333333324
      vertex -3.8658638298511505 0 4.1693333333333324
      vertex -3.9427400678396225 0 4.1693333333333324
    endloop
  endfacet
  facet normal -0.4275550786660187 -0.9039893001064196 0
    outer loop
      vertex -1.508821301162243 -3.642616845667362 4.002666666666666
      vertex -1.508821301162243 -3.642616845667362 4.1693333333333324
      vertex -1.858594723045826 -3.477186344563961 4.002666666666666
    endloop
  endfacet
  facet normal -0.4275550786660187 -0.9039893001064196 0
    outer loop
      vertex -1.508821301162243 -3.642616845667362 4.1693333333333324
      vertex -1.858594723045826 -3.477186344563961 4.1693333333333324
      vertex -1.858594723045826 -3.477186344563961 4.002666666666666
    endloop
  endfacet
  facet normal 0 0 1
    outer loop
      vertex -1.508821301162243 -3.642616845667362 4.1693333333333324
      vertex -1.479402057826519 -3.5715924501419067 4.1693333333333324
      vertex -1.858594723045826 -3.477186344563961 4.1693333333333324
    endloop
  endfacet
  facet normal -0.51410274280775 -0.8577286108306919 0
    outer loop
      vertex -2.1904690340161324 -3.278268538415432 4.002666666666666
      vertex -1.858594723045826 -3.477186344563961 4.002666666666666
      vertex -1.858594723045826 -3.477186344563961 4.1693333333333324
    endloop
  endfacet
  facet normal 0 0 1
    outer loop
      vertex -2.1904690340161324 -3.278268538415432 4.1693333333333324
      vertex -1.858594723045826 -3.477186344563961 4.1693333333333324
      vertex -1.8223555982112885 -3.4093875139951706 4.1693333333333324
    endloop
  endfacet
  facet normal 0 0 1
    outer loop
      vertex -1.858594723045826 -3.477186344563961 4.1693333333333324
      vertex -1.479402057826519 -3.5715924501419067 4.1693333333333324
      vertex -1.8223555982112885 -3.4093875139951706 4.1693333333333324
    endloop
  endfacet
  facet normal -0.3368898576272577 -0.9415440636677002 0
    outer loop
      vertex -1.508821301162243 -3.642616845667362 4.002666666666666
      vertex -1.1445170417428017 -3.7729669958353043 4.1693333333333324
      vertex -1.508821301162243 -3.642616845667362 4.1693333333333324
    endloop
  endfacet
  facet normal -0.3368898576272577 -0.9415440636677002 0
    outer loop
      vertex -1.508821301162243 -3.642616845667362 4.002666666666666
      vertex -1.1445170417428017 -3.7729669958353043 4.002666666666666
      vertex -1.1445170417428017 -3.7729669958353043 4.1693333333333324
    endloop
  endfacet
  facet normal 0 0 1
    outer loop
      vertex -1.508821301162243 -3.642616845667362 4.1693333333333324
      vertex -1.1222010254859924 -3.6994010284543037 4.1693333333333324
      vertex -1.479402057826519 -3.5715924501419067 4.1693333333333324
    endloop
  endfacet
  facet normal 0 0 1
    outer loop
      vertex -1.508821301162243 -3.642616845667362 4.1693333333333324
      vertex -1.1445170417428017 -3.7729669958353043 4.1693333333333324
      vertex -1.1222010254859924 -3.6994010284543037 4.1693333333333324
    endloop
  endfacet
  facet normal -0.24298018252463918 -0.9700312525379237 0
    outer loop
      vertex -1.1445170417428017 -3.7729669958353043 4.002666666666666
      vertex -0.7691904380917549 -3.866981416940689 4.1693333333333324
      vertex -1.1445170417428017 -3.7729669958353043 4.1693333333333324
    endloop
  endfacet
  facet normal 0 0 1
    outer loop
      vertex -1.1445170417428017 -3.7729669958353043 4.1693333333333324
      vertex -0.7541925683617592 -3.7915823459625244 4.1693333333333324
      vertex -1.1222010254859924 -3.6994010284543037 4.1693333333333324
    endloop
  endfacet
  facet normal -0.24298018252463918 -0.9700312525379237 0
    outer loop
      vertex -1.1445170417428017 -3.7729669958353043 4.002666666666666
      vertex -0.7691904380917549 -3.866981416940689 4.002666666666666
      vertex -0.7691904380917549 -3.866981416940689 4.1693333333333324
    endloop
  endfacet
  facet normal 0 0 1
    outer loop
      vertex -1.1445170417428017 -3.7729669958353043 4.1693333333333324
      vertex -0.7691904380917549 -3.866981416940689 4.1693333333333324
      vertex -0.7541925683617592 -3.7915823459625244 4.1693333333333324
    endloop
  endfacet
  facet normal -0.14673048072051317 -0.9891765090354335 0
    outer loop
      vertex -0.7691904380917549 -3.866981416940689 4.002666666666666
      vertex -0.38645607233047485 -3.9237546995282173 4.1693333333333324
      vertex -0.7691904380917549 -3.866981416940689 4.1693333333333324
    endloop
  endfacet
  facet normal 0 0 1
    outer loop
      vertex -0.7691904380917549 -3.866981416940689 4.1693333333333324
      vertex -0.37892094254493713 -3.847248636186123 4.1693333333333324
      vertex -0.7541925683617592 -3.7915823459625244 4.1693333333333324
    endloop
  endfacet
  facet normal -0.14673048072051317 -0.9891765090354335 0
    outer loop
      vertex -0.7691904380917549 -3.866981416940689 4.002666666666666
      vertex -0.38645607233047485 -3.9237546995282173 4.002666666666666
      vertex -0.38645607233047485 -3.9237546995282173 4.1693333333333324
    endloop
  endfacet
  facet normal 0 0 1
    outer loop
      vertex -0.7691904380917549 -3.866981416940689 4.1693333333333324
      vertex -0.38645607233047485 -3.9237546995282173 4.1693333333333324
      vertex 0 -3.8658638298511505 4.1693333333333324
    endloop
  endfacet
  facet normal 0 0 1
    outer loop
      vertex -0.7691904380917549 -3.866981416940689 4.1693333333333324
      vertex 0 -3.8658638298511505 4.1693333333333324
      vertex -0.37892094254493713 -3.847248636186123 4.1693333333333324
    endloop
  endfacet
  facet normal -0.049067671500408604 -0.9987954563440545 0
    outer loop
      vertex -0.38645607233047485 -3.9237546995282173 4.002666666666666
      vertex 0 -3.9427400678396225 4.1693333333333324
      vertex -0.38645607233047485 -3.9237546995282173 4.1693333333333324
    endloop
  endfacet
  facet normal -0.049067671500408604 -0.9987954563440545 0
    outer loop
      vertex -0.38645607233047485 -3.9237546995282173 4.002666666666666
      vertex 0 -3.9427400678396225 4.002666666666666
      vertex 0 -3.9427400678396225 4.1693333333333324
    endloop
  endfacet
  facet normal 0 0 1
    outer loop
      vertex -0.38645607233047485 -3.9237546995282173 4.1693333333333324
      vertex 0.37892094254493713 -3.847248636186123 4.1693333333333324
      vertex 0 -3.8658638298511505 4.1693333333333324
    endloop
  endfacet
  facet normal -0.9987954563440545 0.049067671500408604 0
    outer loop
      vertex -3.9427400678396225 0 4.002666666666666
      vertex -3.9427400678396225 0 4.1693333333333324
      vertex -3.9237546995282173 0.38645607233047485 4.002666666666666
    endloop
  endfacet
  facet normal 0 0 1
    outer loop
      vertex -3.9427400678396225 0 4.1693333333333324
      vertex -3.8658638298511505 0 4.1693333333333324
      vertex -3.9237546995282173 0.38645607233047485 4.1693333333333324
    endloop
  endfacet
  facet normal -0.9987954563440545 0.049067671500408604 0
    outer loop
      vertex -3.9427400678396225 0 4.1693333333333324
      vertex -3.9237546995282173 0.38645607233047485 4.1693333333333324
      vertex -3.9237546995282173 0.38645607233047485 4.002666666666666
    endloop
  endfacet
  facet normal 0 0 1
    outer loop
      vertex -3.8658638298511505 0 4.1693333333333324
      vertex -3.847248636186123 0.37892094254493713 4.1693333333333324
      vertex -3.9237546995282173 0.38645607233047485 4.1693333333333324
    endloop
  endfacet
  facet normal -0.9891765090354335 0.14673048072051317 0
    outer loop
      vertex -3.9237546995282173 0.38645607233047485 4.002666666666666
      vertex -3.9237546995282173 0.38645607233047485 4.1693333333333324
      vertex -3.866981416940689 0.7691904380917549 4.002666666666666
    endloop
  endfacet
  facet normal 0 0 1
    outer loop
      vertex -3.9237546995282173 0.38645607233047485 4.1693333333333324
      vertex -3.847248636186123 0.37892094254493713 4.1693333333333324
      vertex -3.866981416940689 0.7691904380917549 4.1693333333333324
    endloop
  endfacet
  facet normal -0.9891765090354335 0.14673048072051317 0
    outer loop
      vertex -3.9237546995282173 0.38645607233047485 4.1693333333333324
      vertex -3.866981416940689 0.7691904380917549 4.1693333333333324
      vertex -3.866981416940689 0.7691904380917549 4.002666666666666
    endloop
  endfacet
  facet normal 0 0 1
    outer loop
      vertex -3.847248636186123 0.37892094254493713 4.1693333333333324
      vertex -3.7915823459625244 0.7541925683617592 4.1693333333333324
      vertex -3.866981416940689 0.7691904380917549 4.1693333333333324
    endloop
  endfacet
  facet normal -0.9700312525379237 0.24298018252463918 0
    outer loop
      vertex -3.866981416940689 0.7691904380917549 4.002666666666666
      vertex -3.866981416940689 0.7691904380917549 4.1693333333333324
      vertex -3.7729669958353043 1.1445170417428017 4.002666666666666
    endloop
  endfacet
  facet normal 0 0 1
    outer loop
      vertex -3.866981416940689 0.7691904380917549 4.1693333333333324
      vertex -3.7915823459625244 0.7541925683617592 4.1693333333333324
      vertex -3.7729669958353043 1.1445170417428017 4.1693333333333324
    endloop
  endfacet
  facet normal -0.9700312525379237 0.24298018252463918 0
    outer loop
      vertex -3.866981416940689 0.7691904380917549 4.1693333333333324
      vertex -3.7729669958353043 1.1445170417428017 4.1693333333333324
      vertex -3.7729669958353043 1.1445170417428017 4.002666666666666
    endloop
  endfacet
  facet normal 0 0 1
    outer loop
      vertex -3.7915823459625244 0.7541925683617592 4.1693333333333324
      vertex -3.6994010284543037 1.1222010254859924 4.1693333333333324
      vertex -3.7729669958353043 1.1445170417428017 4.1693333333333324
    endloop
  endfacet
  facet normal -0.9415440636677002 0.3368898576272577 0
    outer loop
      vertex -3.7729669958353043 1.1445170417428017 4.002666666666666
      vertex -3.7729669958353043 1.1445170417428017 4.1693333333333324
      vertex -3.642616845667362 1.508821301162243 4.002666666666666
    endloop
  endfacet
  facet normal 0 0 1
    outer loop
      vertex -3.7729669958353043 1.1445170417428017 4.1693333333333324
      vertex -3.6994010284543037 1.1222010254859924 4.1693333333333324
      vertex -3.642616845667362 1.508821301162243 4.1693333333333324
    endloop
  endfacet
  facet normal 0 0 1
    outer loop
      vertex -3.6994010284543037 1.1222010254859924 4.1693333333333324
      vertex -3.5715924501419067 1.479402057826519 4.1693333333333324
      vertex -3.642616845667362 1.508821301162243 4.1693333333333324
    endloop
  endfacet
  facet normal -0.9415440636677002 0.3368898576272577 0
    outer loop
      vertex -3.7729669958353043 1.1445170417428017 4.1693333333333324
      vertex -3.642616845667362 1.508821301162243 4.1693333333333324
      vertex -3.642616845667362 1.508821301162243 4.002666666666666
    endloop
  endfacet
  facet normal 0 0 1
    outer loop
      vertex -3.5715924501419067 1.479402057826519 4.1693333333333324
      vertex -3.477186344563961 1.858594723045826 4.1693333333333324
      vertex -3.642616845667362 1.508821301162243 4.1693333333333324
    endloop
  endfacet
  facet normal -0.9039893001064196 0.4275550786660187 0
    outer loop
      vertex -3.642616845667362 1.508821301162243 4.002666666666666
      vertex -3.642616845667362 1.508821301162243 4.1693333333333324
      vertex -3.477186344563961 1.858594723045826 4.002666666666666
    endloop
  endfacet
  facet normal -0.9039893001064196 0.4275550786660187 0
    outer loop
      vertex -3.642616845667362 1.508821301162243 4.1693333333333324
      vertex -3.477186344563961 1.858594723045826 4.1693333333333324
      vertex -3.477186344563961 1.858594723045826 4.002666666666666
    endloop
  endfacet
  facet normal 0 0 1
    outer loop
      vertex -3.5715924501419067 1.479402057826519 4.1693333333333324
      vertex -3.4093875139951706 1.8223555982112885 4.1693333333333324
      vertex -3.477186344563961 1.858594723045826 4.1693333333333324
    endloop
  endfacet
  facet normal -0.8577286108306919 0.51410274280775 0
    outer loop
      vertex -3.477186344563961 1.858594723045826 4.002666666666666
      vertex -3.477186344563961 1.858594723045826 4.1693333333333324
      vertex -3.278268538415432 2.1904690340161324 4.002666666666666
    endloop
  endfacet
  facet normal 0 0 1
    outer loop
      vertex -3.477186344563961 1.858594723045826 4.1693333333333324
      vertex -3.4093875139951706 1.8223555982112885 4.1693333333333324
      vertex -3.278268538415432 2.1904690340161324 4.1693333333333324
    endloop
  endfacet
  facet normal -0.8577286108306919 0.51410274280775 0
    outer loop
      vertex -3.477186344563961 1.858594723045826 4.1693333333333324
      vertex -3.278268538415432 2.1904690340161324 4.1693333333333324
      vertex -3.278268538415432 2.1904690340161324 4.002666666666666
    endloop
  endfacet
  facet normal 0 0 1
    outer loop
      vertex -3.4093875139951706 1.8223555982112885 4.1693333333333324
      vertex -3.2143483236432076 2.147758826613426 4.1693333333333324
      vertex -3.278268538415432 2.1904690340161324 4.1693333333333324
    endloop
  endfacet
  facet normal -0.8032075282012321 0.5956993089142097 0
    outer loop
      vertex -3.278268538415432 2.1904690340161324 4.002666666666666
      vertex -3.278268538415432 2.1904690340161324 4.1693333333333324
      vertex -3.0477792769670486 2.501247823238373 4.002666666666666
    endloop
  endfacet
  facet normal 0 0 1
    outer loop
      vertex -3.278268538415432 2.1904690340161324 4.1693333333333324
      vertex -3.2143483236432076 2.147758826613426 4.1693333333333324
      vertex -3.0477792769670486 2.501247823238373 4.1693333333333324
    endloop
  endfacet
  facet normal 0 0 1
    outer loop
      vertex -3.2143483236432076 2.147758826613426 4.1693333333333324
      vertex -2.9883531406521797 2.4524780586361885 4.1693333333333324
      vertex -3.0477792769670486 2.501247823238373 4.1693333333333324
    endloop
  endfacet
  facet normal -0.8032075282012321 0.5956993089142097 0
    outer loop
      vertex -3.278268538415432 2.1904690340161324 4.1693333333333324
      vertex -3.0477792769670486 2.501247823238373 4.1693333333333324
      vertex -3.0477792769670486 2.501247823238373 4.002666666666666
    endloop
  endfacet
  facet normal -0.7409511138964746 0.6715589674895075 0
    outer loop
      vertex -3.0477792769670486 2.501247823238373 4.002666666666666
      vertex -3.0477792769670486 2.501247823238373 4.1693333333333324
      vertex -2.787938229739666 2.787938229739666 4.002666666666666
    endloop
  endfacet
  facet normal 0 0 1
    outer loop
      vertex -3.0477792769670486 2.501247823238373 4.1693333333333324
      vertex -2.9883531406521797 2.4524780586361885 4.1693333333333324
      vertex -2.787938229739666 2.787938229739666 4.1693333333333324
    endloop
  endfacet
  facet normal 0 0 1
    outer loop
      vertex -2.9883531406521797 2.4524780586361885 4.1693333333333324
      vertex -2.7335785180330276 2.7335785180330276 4.1693333333333324
      vertex -2.787938229739666 2.787938229739666 4.1693333333333324
    endloop
  endfacet
  facet normal -0.7409511138964746 0.6715589674895075 0
    outer loop
      vertex -3.0477792769670486 2.501247823238373 4.1693333333333324
      vertex -2.787938229739666 2.787938229739666 4.1693333333333324
      vertex -2.787938229739666 2.787938229739666 4.002666666666666
    endloop
  endfacet
  facet normal -0.6715589674895075 0.7409511138964746 0
    outer loop
      vertex -2.787938229739666 2.787938229739666 4.002666666666666
      vertex -2.787938229739666 2.787938229739666 4.1693333333333324
      vertex -2.501247823238373 3.0477792769670486 4.002666666666666
    endloop
  endfacet
  facet normal 0 0 1
    outer loop
      vertex -2.787938229739666 2.787938229739666 4.1693333333333324
      vertex -2.7335785180330276 2.7335785180330276 4.1693333333333324
      vertex -2.501247823238373 3.0477792769670486 4.1693333333333324
    endloop
  endfacet
  facet normal -0.6715589674895075 0.7409511138964746 0
    outer loop
      vertex -2.787938229739666 2.787938229739666 4.1693333333333324
      vertex -2.501247823238373 3.0477792769670486 4.1693333333333324
      vertex -2.501247823238373 3.0477792769670486 4.002666666666666
    endloop
  endfacet
  facet normal 0 0 1
    outer loop
      vertex -2.7335785180330276 2.7335785180330276 4.1693333333333324
      vertex -2.4524780586361885 2.9883531406521797 4.1693333333333324
      vertex -2.501247823238373 3.0477792769670486 4.1693333333333324
    endloop
  endfacet
  facet normal -0.5956993089142097 0.8032075282012321 0
    outer loop
      vertex -2.501247823238373 3.0477792769670486 4.002666666666666
      vertex -2.501247823238373 3.0477792769670486 4.1693333333333324
      vertex -2.1904690340161324 3.278268538415432 4.002666666666666
    endloop
  endfacet
  facet normal 0 0 1
    outer loop
      vertex -2.4524780586361885 2.9883531406521797 4.1693333333333324
      vertex -2.1904690340161324 3.278268538415432 4.1693333333333324
      vertex -2.501247823238373 3.0477792769670486 4.1693333333333324
    endloop
  endfacet
  facet normal 0 0 1
    outer loop
      vertex -2.4524780586361885 2.9883531406521797 4.1693333333333324
      vertex -2.147758826613426 3.2143483236432076 4.1693333333333324
      vertex -2.1904690340161324 3.278268538415432 4.1693333333333324
    endloop
  endfacet
  facet normal -0.5956993089142097 0.8032075282012321 0
    outer loop
      vertex -2.501247823238373 3.0477792769670486 4.1693333333333324
      vertex -2.1904690340161324 3.278268538415432 4.1693333333333324
      vertex -2.1904690340161324 3.278268538415432 4.002666666666666
    endloop
  endfacet
  facet normal -0.51410274280775 0.8577286108306919 0
    outer loop
      vertex -2.1904690340161324 3.278268538415432 4.002666666666666
      vertex -2.1904690340161324 3.278268538415432 4.1693333333333324
      vertex -1.858594723045826 3.477186344563961 4.002666666666666
    endloop
  endfacet
  facet normal 0 0 1
    outer loop
      vertex -2.147758826613426 3.2143483236432076 4.1693333333333324
      vertex -1.858594723045826 3.477186344563961 4.1693333333333324
      vertex -2.1904690340161324 3.278268538415432 4.1693333333333324
    endloop
  endfacet
  facet normal 0 0 1
    outer loop
      vertex -2.147758826613426 3.2143483236432076 4.1693333333333324
      vertex -1.8223555982112885 3.4093875139951706 4.1693333333333324
      vertex -1.858594723045826 3.477186344563961 4.1693333333333324
    endloop
  endfacet
  facet normal -0.51410274280775 0.8577286108306919 0
    outer loop
      vertex -2.1904690340161324 3.278268538415432 4.1693333333333324
      vertex -1.858594723045826 3.477186344563961 4.1693333333333324
      vertex -1.858594723045826 3.477186344563961 4.002666666666666
    endloop
  endfacet
  facet normal -0.4275550786660187 0.9039893001064196 0
    outer loop
      vertex -1.858594723045826 3.477186344563961 4.002666666666666
      vertex -1.858594723045826 3.477186344563961 4.1693333333333324
      vertex -1.508821301162243 3.642616845667362 4.002666666666666
    endloop
  endfacet
  facet normal 0 0 1
    outer loop
      vertex -1.8223555982112885 3.4093875139951706 4.1693333333333324
      vertex -1.508821301162243 3.642616845667362 4.1693333333333324
      vertex -1.858594723045826 3.477186344563961 4.1693333333333324
    endloop
  endfacet
  facet normal -0.4275550786660187 0.9039893001064196 0
    outer loop
      vertex -1.858594723045826 3.477186344563961 4.1693333333333324
      vertex -1.508821301162243 3.642616845667362 4.1693333333333324
      vertex -1.508821301162243 3.642616845667362 4.002666666666666
    endloop
  endfacet
  facet normal 0 0 1
    outer loop
      vertex -1.8223555982112885 3.4093875139951706 4.1693333333333324
      vertex -1.479402057826519 3.5715924501419067 4.1693333333333324
      vertex -1.508821301162243 3.642616845667362 4.1693333333333324
    endloop
  endfacet
  facet normal -0.3368898576272577 0.9415440636677002 0
    outer loop
      vertex -1.508821301162243 3.642616845667362 4.002666666666666
      vertex -1.508821301162243 3.642616845667362 4.1693333333333324
      vertex -1.1445170417428017 3.7729669958353043 4.002666666666666
    endloop
  endfacet
  facet normal 0 0 1
    outer loop
      vertex -1.508821301162243 3.642616845667362 4.1693333333333324
      vertex -1.479402057826519 3.5715924501419067 4.1693333333333324
      vertex -1.1445170417428017 3.7729669958353043 4.1693333333333324
    endloop
  endfacet
  facet normal -0.3368898576272577 0.9415440636677002 0
    outer loop
      vertex -1.508821301162243 3.642616845667362 4.1693333333333324
      vertex -1.1445170417428017 3.7729669958353043 4.1693333333333324
      vertex -1.1445170417428017 3.7729669958353043 4.002666666666666
    endloop
  endfacet
  facet normal 0 0 1
    outer loop
      vertex -1.479402057826519 3.5715924501419067 4.1693333333333324
      vertex -1.1222010254859924 3.6994010284543037 4.1693333333333324
      vertex -1.1445170417428017 3.7729669958353043 4.1693333333333324
    endloop
  endfacet
  facet normal -0.24298018252463918 0.9700312525379237 0
    outer loop
      vertex -1.1445170417428017 3.7729669958353043 4.002666666666666
      vertex -1.1445170417428017 3.7729669958353043 4.1693333333333324
      vertex -0.7691904380917549 3.866981416940689 4.002666666666666
    endloop
  endfacet
  facet normal 0 0 1
    outer loop
      vertex -1.1222010254859924 3.6994010284543037 4.1693333333333324
      vertex -0.7541925683617592 3.7915823459625244 4.1693333333333324
      vertex -1.1445170417428017 3.7729669958353043 4.1693333333333324
    endloop
  endfacet
  facet normal -0.24298018252463918 0.9700312525379237 0
    outer loop
      vertex -1.1445170417428017 3.7729669958353043 4.1693333333333324
      vertex -0.7691904380917549 3.866981416940689 4.1693333333333324
      vertex -0.7691904380917549 3.866981416940689 4.002666666666666
    endloop
  endfacet
  facet normal 0 0 1
    outer loop
      vertex -1.1445170417428017 3.7729669958353043 4.1693333333333324
      vertex -0.7541925683617592 3.7915823459625244 4.1693333333333324
      vertex -0.37892094254493713 3.847248636186123 4.1693333333333324
    endloop
  endfacet
  facet normal -0.14673048072051317 0.9891765090354335 0
    outer loop
      vertex -0.7691904380917549 3.866981416940689 4.002666666666666
      vertex -0.7691904380917549 3.866981416940689 4.1693333333333324
      vertex -0.38645607233047485 3.9237546995282173 4.002666666666666
    endloop
  endfacet
  facet normal 0 0 1
    outer loop
      vertex -1.1445170417428017 3.7729669958353043 4.1693333333333324
      vertex 0.38645607233047485 3.9237546995282173 4.1693333333333324
      vertex -0.7691904380917549 3.866981416940689 4.1693333333333324
    endloop
  endfacet
  facet normal -0.14673048072051317 0.9891765090354335 0
    outer loop
      vertex -0.7691904380917549 3.866981416940689 4.1693333333333324
      vertex -0.38645607233047485 3.9237546995282173 4.1693333333333324
      vertex -0.38645607233047485 3.9237546995282173 4.002666666666666
    endloop
  endfacet
  facet normal 0 0 1
    outer loop
      vertex -1.1445170417428017 3.7729669958353043 4.1693333333333324
      vertex -0.37892094254493713 3.847248636186123 4.1693333333333324
      vertex 0.38645607233047485 3.9237546995282173 4.1693333333333324
    endloop
  endfacet
  facet normal 0 0 1
    outer loop
      vertex -0.7691904380917549 3.866981416940689 4.1693333333333324
      vertex 0 3.9427400678396225 4.1693333333333324
      vertex -0.38645607233047485 3.9237546995282173 4.1693333333333324
    endloop
  endfacet
  facet normal -0.049067671500408604 0.9987954563440545 0
    outer loop
      vertex -0.38645607233047485 3.9237546995282173 4.002666666666666
      vertex -0.38645607233047485 3.9237546995282173 4.1693333333333324
      vertex 0 3.9427400678396225 4.002666666666666
    endloop
  endfacet
  facet normal -0.049067671500408604 0.9987954563440545 0
    outer loop
      vertex -0.38645607233047485 3.9237546995282173 4.1693333333333324
      vertex 0 3.9427400678396225 4.1693333333333324
      vertex 0 3.9427400678396225 4.002666666666666
    endloop
  endfacet
  facet normal 0 0 1
    outer loop
      vertex -0.7691904380917549 3.866981416940689 4.1693333333333324
      vertex 0.38645607233047485 3.9237546995282173 4.1693333333333324
      vertex 0 3.9427400678396225 4.1693333333333324
    endloop
  endfacet
  facet normal 0.049067671500408604 -0.9987954563440545 0
    outer loop
      vertex 0 -3.9427400678396225 4.002666666666666
      vertex 0.38645607233047485 -3.9237546995282173 4.1693333333333324
      vertex 0 -3.9427400678396225 4.1693333333333324
    endloop
  endfacet
  facet normal 0 0 1
    outer loop
      vertex -0.38645607233047485 -3.9237546995282173 4.1693333333333324
      vertex 0 -3.9427400678396225 4.1693333333333324
      vertex 0.7691904380917549 -3.866981416940689 4.1693333333333324
    endloop
  endfacet
  facet normal 0.049067671500408604 -0.9987954563440545 0
    outer loop
      vertex 0 -3.9427400678396225 4.002666666666666
      vertex 0.38645607233047485 -3.9237546995282173 4.002666666666666
      vertex 0.38645607233047485 -3.9237546995282173 4.1693333333333324
    endloop
  endfacet
  facet normal 0 0 1
    outer loop
      vertex 0 -3.9427400678396225 4.1693333333333324
      vertex 0.38645607233047485 -3.9237546995282173 4.1693333333333324
      vertex 0.7691904380917549 -3.866981416940689 4.1693333333333324
    endloop
  endfacet
  facet normal 0 0 1
    outer loop
      vertex -0.38645607233047485 -3.9237546995282173 4.1693333333333324
      vertex 1.1445170417428017 -3.7729669958353043 4.1693333333333324
      vertex 0.37892094254493713 -3.847248636186123 4.1693333333333324
    endloop
  endfacet
  facet normal 0.14673048072051317 -0.9891765090354335 0
    outer loop
      vertex 0.38645607233047485 -3.9237546995282173 4.002666666666666
      vertex 0.7691904380917549 -3.866981416940689 4.1693333333333324
      vertex 0.38645607233047485 -3.9237546995282173 4.1693333333333324
    endloop
  endfacet
  facet normal 0 0 1
    outer loop
      vertex -0.38645607233047485 -3.9237546995282173 4.1693333333333324
      vertex 0.7691904380917549 -3.866981416940689 4.1693333333333324
      vertex 1.1445170417428017 -3.7729669958353043 4.1693333333333324
    endloop
  endfacet
  facet normal 0.14673048072051317 -0.9891765090354335 0
    outer loop
      vertex 0.38645607233047485 -3.9237546995282173 4.002666666666666
      vertex 0.7691904380917549 -3.866981416940689 4.002666666666666
      vertex 0.7691904380917549 -3.866981416940689 4.1693333333333324
    endloop
  endfacet
  facet normal 0 0 1
    outer loop
      vertex 0.37892094254493713 -3.847248636186123 4.1693333333333324
      vertex 1.1445170417428017 -3.7729669958353043 4.1693333333333324
      vertex 0.7541925683617592 -3.7915823459625244 4.1693333333333324
    endloop
  endfacet
  facet normal 0.24298018252463918 -0.9700312525379237 0
    outer loop
      vertex 0.7691904380917549 -3.866981416940689 4.002666666666666
      vertex 1.1445170417428017 -3.7729669958353043 4.1693333333333324
      vertex 0.7691904380917549 -3.866981416940689 4.1693333333333324
    endloop
  endfacet
  facet normal 0.24298018252463918 -0.9700312525379237 0
    outer loop
      vertex 0.7691904380917549 -3.866981416940689 4.002666666666666
      vertex 1.1445170417428017 -3.7729669958353043 4.002666666666666
      vertex 1.1445170417428017 -3.7729669958353043 4.1693333333333324
    endloop
  endfacet
  facet normal 0 0 1
    outer loop
      vertex 0.7541925683617592 -3.7915823459625244 4.1693333333333324
      vertex 1.1445170417428017 -3.7729669958353043 4.1693333333333324
      vertex 1.1222010254859924 -3.6994010284543037 4.1693333333333324
    endloop
  endfacet
  facet normal 0 0 1
    outer loop
      vertex 1.1445170417428017 -3.7729669958353043 4.1693333333333324
      vertex 1.479402057826519 -3.5715924501419067 4.1693333333333324
      vertex 1.1222010254859924 -3.6994010284543037 4.1693333333333324
    endloop
  endfacet
  facet normal 0.3368898576272577 -0.9415440636677002 0
    outer loop
      vertex 1.1445170417428017 -3.7729669958353043 4.002666666666666
      vertex 1.508821301162243 -3.642616845667362 4.1693333333333324
      vertex 1.1445170417428017 -3.7729669958353043 4.1693333333333324
    endloop
  endfacet
  facet normal 0.3368898576272577 -0.9415440636677002 0
    outer loop
      vertex 1.1445170417428017 -3.7729669958353043 4.002666666666666
      vertex 1.508821301162243 -3.642616845667362 4.002666666666666
      vertex 1.508821301162243 -3.642616845667362 4.1693333333333324
    endloop
  endfacet
  facet normal 0 0 1
    outer loop
      vertex 1.1445170417428017 -3.7729669958353043 4.1693333333333324
      vertex 1.508821301162243 -3.642616845667362 4.1693333333333324
      vertex 1.479402057826519 -3.5715924501419067 4.1693333333333324
    endloop
  endfacet
  facet normal 0 0 1
    outer loop
      vertex 1.479402057826519 -3.5715924501419067 4.1693333333333324
      vertex 1.508821301162243 -3.642616845667362 4.1693333333333324
      vertex 1.8223555982112885 -3.4093875139951706 4.1693333333333324
    endloop
  endfacet
  facet normal 0.4275550786660187 -0.9039893001064196 0
    outer loop
      vertex 1.508821301162243 -3.642616845667362 4.002666666666666
      vertex 1.858594723045826 -3.477186344563961 4.002666666666666
      vertex 1.858594723045826 -3.477186344563961 4.1693333333333324
    endloop
  endfacet
  facet normal 0.4275550786660187 -0.9039893001064196 0
    outer loop
      vertex 1.508821301162243 -3.642616845667362 4.002666666666666
      vertex 1.858594723045826 -3.477186344563961 4.1693333333333324
      vertex 1.508821301162243 -3.642616845667362 4.1693333333333324
    endloop
  endfacet
  facet normal 0 0 1
    outer loop
      vertex 1.508821301162243 -3.642616845667362 4.1693333333333324
      vertex 1.858594723045826 -3.477186344563961 4.1693333333333324
      vertex 1.8223555982112885 -3.4093875139951706 4.1693333333333324
    endloop
  endfacet
  facet normal 0.51410274280775 -0.8577286108306919 0
    outer loop
      vertex 1.858594723045826 -3.477186344563961 4.002666666666666
      vertex 2.1904690340161324 -3.278268538415432 4.1693333333333324
      vertex 1.858594723045826 -3.477186344563961 4.1693333333333324
    endloop
  endfacet
  facet normal 0 0 1
    outer loop
      vertex 1.858594723045826 -3.477186344563961 4.1693333333333324
      vertex 2.147758826613426 -3.2143483236432076 4.1693333333333324
      vertex 1.8223555982112885 -3.4093875139951706 4.1693333333333324
    endloop
  endfacet
  facet normal 0.51410274280775 -0.8577286108306919 0
    outer loop
      vertex 1.858594723045826 -3.477186344563961 4.002666666666666
      vertex 2.1904690340161324 -3.278268538415432 4.002666666666666
      vertex 2.1904690340161324 -3.278268538415432 4.1693333333333324
    endloop
  endfacet
  facet normal 0 0 1
    outer loop
      vertex 1.858594723045826 -3.477186344563961 4.1693333333333324
      vertex 2.1904690340161324 -3.278268538415432 4.1693333333333324
      vertex 2.147758826613426 -3.2143483236432076 4.1693333333333324
    endloop
  endfacet
  facet normal 0.5956993089142097 -0.8032075282012321 0
    outer loop
      vertex 2.1904690340161324 -3.278268538415432 4.002666666666666
      vertex 2.501247823238373 -3.0477792769670486 4.1693333333333324
      vertex 2.1904690340161324 -3.278268538415432 4.1693333333333324
    endloop
  endfacet
  facet normal 0 0 1
    outer loop
      vertex 2.1904690340161324 -3.278268538415432 4.1693333333333324
      vertex 2.4524780586361885 -2.9883531406521797 4.1693333333333324
      vertex 2.147758826613426 -3.2143483236432076 4.1693333333333324
    endloop
  endfacet
  facet normal 0.5956993089142097 -0.8032075282012321 0
    outer loop
      vertex 2.1904690340161324 -3.278268538415432 4.002666666666666
      vertex 2.501247823238373 -3.0477792769670486 4.002666666666666
      vertex 2.501247823238373 -3.0477792769670486 4.1693333333333324
    endloop
  endfacet
  facet normal 0 0 1
    outer loop
      vertex 2.1904690340161324 -3.278268538415432 4.1693333333333324
      vertex 2.501247823238373 -3.0477792769670486 4.1693333333333324
      vertex 2.4524780586361885 -2.9883531406521797 4.1693333333333324
    endloop
  endfacet
  facet normal 0 0 1
    outer loop
      vertex 2.501247823238373 -3.0477792769670486 4.1693333333333324
      vertex 2.7335785180330276 -2.7335785180330276 4.1693333333333324
      vertex 2.4524780586361885 -2.9883531406521797 4.1693333333333324
    endloop
  endfacet
  facet normal 0.6715589674895075 -0.7409511138964746 0
    outer loop
      vertex 2.501247823238373 -3.0477792769670486 4.002666666666666
      vertex 2.787938229739666 -2.787938229739666 4.1693333333333324
      vertex 2.501247823238373 -3.0477792769670486 4.1693333333333324
    endloop
  endfacet
  facet normal 0.6715589674895075 -0.7409511138964746 0
    outer loop
      vertex 2.501247823238373 -3.0477792769670486 4.002666666666666
      vertex 2.787938229739666 -2.787938229739666 4.002666666666666
      vertex 2.787938229739666 -2.787938229739666 4.1693333333333324
    endloop
  endfacet
  facet normal 0 0 1
    outer loop
      vertex 2.501247823238373 -3.0477792769670486 4.1693333333333324
      vertex 2.787938229739666 -2.787938229739666 4.1693333333333324
      vertex 2.7335785180330276 -2.7335785180330276 4.1693333333333324
    endloop
  endfacet
  facet normal 0.7409511138964746 -0.6715589674895075 0
    outer loop
      vertex 2.787938229739666 -2.787938229739666 4.002666666666666
      vertex 3.0477792769670486 -2.501247823238373 4.1693333333333324
      vertex 2.787938229739666 -2.787938229739666 4.1693333333333324
    endloop
  endfacet
  facet normal 0 0 1
    outer loop
      vertex 2.7335785180330276 -2.7335785180330276 4.1693333333333324
      vertex 2.787938229739666 -2.787938229739666 4.1693333333333324
      vertex 2.9883531406521797 -2.4524780586361885 4.1693333333333324
    endloop
  endfacet
  facet normal 0.7409511138964746 -0.6715589674895075 0
    outer loop
      vertex 2.787938229739666 -2.787938229739666 4.002666666666666
      vertex 3.0477792769670486 -2.501247823238373 4.002666666666666
      vertex 3.0477792769670486 -2.501247823238373 4.1693333333333324
    endloop
  endfacet
  facet normal 0 0 1
    outer loop
      vertex 2.787938229739666 -2.787938229739666 4.1693333333333324
      vertex 3.0477792769670486 -2.501247823238373 4.1693333333333324
      vertex 2.9883531406521797 -2.4524780586361885 4.1693333333333324
    endloop
  endfacet
  facet normal 0.8032075282012321 -0.5956993089142097 0
    outer loop
      vertex 3.0477792769670486 -2.501247823238373 4.002666666666666
      vertex 3.278268538415432 -2.1904690340161324 4.1693333333333324
      vertex 3.0477792769670486 -2.501247823238373 4.1693333333333324
    endloop
  endfacet
  facet normal 0 0 1
    outer loop
      vertex 2.9883531406521797 -2.4524780586361885 4.1693333333333324
      vertex 3.0477792769670486 -2.501247823238373 4.1693333333333324
      vertex 3.2143483236432076 -2.147758826613426 4.1693333333333324
    endloop
  endfacet
  facet normal 0.8032075282012321 -0.5956993089142097 0
    outer loop
      vertex 3.0477792769670486 -2.501247823238373 4.002666666666666
      vertex 3.278268538415432 -2.1904690340161324 4.002666666666666
      vertex 3.278268538415432 -2.1904690340161324 4.1693333333333324
    endloop
  endfacet
  facet normal 0 0 1
    outer loop
      vertex 3.0477792769670486 -2.501247823238373 4.1693333333333324
      vertex 3.278268538415432 -2.1904690340161324 4.1693333333333324
      vertex 3.2143483236432076 -2.147758826613426 4.1693333333333324
    endloop
  endfacet
  facet normal 0 0 1
    outer loop
      vertex 3.2143483236432076 -2.147758826613426 4.1693333333333324
      vertex 3.278268538415432 -2.1904690340161324 4.1693333333333324
      vertex 3.4093875139951706 -1.8223555982112885 4.1693333333333324
    endloop
  endfacet
  facet normal 0.8577286108306919 -0.51410274280775 0
    outer loop
      vertex 3.278268538415432 -2.1904690340161324 4.002666666666666
      vertex 3.477186344563961 -1.858594723045826 4.1693333333333324
      vertex 3.278268538415432 -2.1904690340161324 4.1693333333333324
    endloop
  endfacet
  facet normal 0.8577286108306919 -0.51410274280775 0
    outer loop
      vertex 3.278268538415432 -2.1904690340161324 4.002666666666666
      vertex 3.477186344563961 -1.858594723045826 4.002666666666666
      vertex 3.477186344563961 -1.858594723045826 4.1693333333333324
    endloop
  endfacet
  facet normal 0 0 1
    outer loop
      vertex 3.278268538415432 -2.1904690340161324 4.1693333333333324
      vertex 3.477186344563961 -1.858594723045826 4.1693333333333324
      vertex 3.4093875139951706 -1.8223555982112885 4.1693333333333324
    endloop
  endfacet
  facet normal 0 0 1
    outer loop
      vertex 3.4093875139951706 -1.8223555982112885 4.1693333333333324
      vertex 3.477186344563961 -1.858594723045826 4.1693333333333324
      vertex 3.5715924501419067 -1.479402057826519 4.1693333333333324
    endloop
  endfacet
  facet normal 0.9039893001064196 -0.4275550786660187 0
    outer loop
      vertex 3.477186344563961 -1.858594723045826 4.002666666666666
      vertex 3.642616845667362 -1.508821301162243 4.002666666666666
      vertex 3.642616845667362 -1.508821301162243 4.1693333333333324
    endloop
  endfacet
  facet normal 0.9039893001064196 -0.4275550786660187 0
    outer loop
      vertex 3.477186344563961 -1.858594723045826 4.002666666666666
      vertex 3.642616845667362 -1.508821301162243 4.1693333333333324
      vertex 3.477186344563961 -1.858594723045826 4.1693333333333324
    endloop
  endfacet
  facet normal 0 0 1
    outer loop
      vertex 3.477186344563961 -1.858594723045826 4.1693333333333324
      vertex 3.642616845667362 -1.508821301162243 4.1693333333333324
      vertex 3.5715924501419067 -1.479402057826519 4.1693333333333324
    endloop
  endfacet
  facet normal 0.9415440636677002 -0.3368898576272577 0
    outer loop
      vertex 3.642616845667362 -1.508821301162243 4.002666666666666
      vertex 3.7729669958353043 -1.1445170417428017 4.1693333333333324
      vertex 3.642616845667362 -1.508821301162243 4.1693333333333324
    endloop
  endfacet
  facet normal 0.9415440636677002 -0.3368898576272577 0
    outer loop
      vertex 3.642616845667362 -1.508821301162243 4.002666666666666
      vertex 3.7729669958353043 -1.1445170417428017 4.002666666666666
      vertex 3.7729669958353043 -1.1445170417428017 4.1693333333333324
    endloop
  endfacet
  facet normal 0 0 1
    outer loop
      vertex 3.642616845667362 -1.508821301162243 4.1693333333333324
      vertex 3.6994010284543037 -1.1222010254859924 4.1693333333333324
      vertex 3.5715924501419067 -1.479402057826519 4.1693333333333324
    endloop
  endfacet
  facet normal 0 0 1
    outer loop
      vertex 3.642616845667362 -1.508821301162243 4.1693333333333324
      vertex 3.7729669958353043 -1.1445170417428017 4.1693333333333324
      vertex 3.6994010284543037 -1.1222010254859924 4.1693333333333324
    endloop
  endfacet
  facet normal 0.9700312525379237 -0.24298018252463918 0
    outer loop
      vertex 3.7729669958353043 -1.1445170417428017 4.002666666666666
      vertex 3.866981416940689 -0.7691904380917549 4.1693333333333324
      vertex 3.7729669958353043 -1.1445170417428017 4.1693333333333324
    endloop
  endfacet
  facet normal 0 0 1
    outer loop
      vertex 3.6994010284543037 -1.1222010254859924 4.1693333333333324
      vertex 3.7729669958353043 -1.1445170417428017 4.1693333333333324
      vertex 3.7915823459625244 -0.7541925683617592 4.1693333333333324
    endloop
  endfacet
  facet normal 0.9700312525379237 -0.24298018252463918 0
    outer loop
      vertex 3.7729669958353043 -1.1445170417428017 4.002666666666666
      vertex 3.866981416940689 -0.7691904380917549 4.002666666666666
      vertex 3.866981416940689 -0.7691904380917549 4.1693333333333324
    endloop
  endfacet
  facet normal 0 0 1
    outer loop
      vertex 3.7729669958353043 -1.1445170417428017 4.1693333333333324
      vertex 3.866981416940689 -0.7691904380917549 4.1693333333333324
      vertex 3.7915823459625244 -0.7541925683617592 4.1693333333333324
    endloop
  endfacet
  facet normal 0 0 1
    outer loop
      vertex 3.7915823459625244 -0.7541925683617592 4.1693333333333324
      vertex 3.866981416940689 -0.7691904380917549 4.1693333333333324
      vertex 3.847248636186123 -0.37892094254493713 4.1693333333333324
    endloop
  endfacet
  facet normal 0.9891765090354335 -0.14673048072051317 0
    outer loop
      vertex 3.866981416940689 -0.7691904380917549 4.002666666666666
      vertex 3.9237546995282173 -0.38645607233047485 4.1693333333333324
      vertex 3.866981416940689 -0.7691904380917549 4.1693333333333324
    endloop
  endfacet
  facet normal 0.9891765090354335 -0.14673048072051317 0
    outer loop
      vertex 3.866981416940689 -0.7691904380917549 4.002666666666666
      vertex 3.9237546995282173 -0.38645607233047485 4.002666666666666
      vertex 3.9237546995282173 -0.38645607233047485 4.1693333333333324
    endloop
  endfacet
  facet normal 0 0 1
    outer loop
      vertex 3.866981416940689 -0.7691904380917549 4.1693333333333324
      vertex 3.9237546995282173 -0.38645607233047485 4.1693333333333324
      vertex 3.847248636186123 -0.37892094254493713 4.1693333333333324
    endloop
  endfacet
  facet normal 0.9987954563440545 -0.049067671500408604 0
    outer loop
      vertex 3.9237546995282173 -0.38645607233047485 4.002666666666666
      vertex 3.9427400678396225 0 4.1693333333333324
      vertex 3.9237546995282173 -0.38645607233047485 4.1693333333333324
    endloop
  endfacet
  facet normal 0 0 1
    outer loop
      vertex 3.847248636186123 -0.37892094254493713 4.1693333333333324
      vertex 3.9237546995282173 -0.38645607233047485 4.1693333333333324
      vertex 3.8658638298511505 0 4.1693333333333324
    endloop
  endfacet
  facet normal 0.9987954563440545 -0.049067671500408604 0
    outer loop
      vertex 3.9237546995282173 -0.38645607233047485 4.002666666666666
      vertex 3.9427400678396225 0 4.002666666666666
      vertex 3.9427400678396225 0 4.1693333333333324
    endloop
  endfacet
  facet normal 0 0 1
    outer loop
      vertex 3.9237546995282173 -0.38645607233047485 4.1693333333333324
      vertex 3.9427400678396225 0 4.1693333333333324
      vertex 3.8658638298511505 0 4.1693333333333324
    endloop
  endfacet
  facet normal 0 0 1
    outer loop
      vertex -0.37892094254493713 3.847248636186123 4.1693333333333324
      vertex 0 3.8658638298511505 4.1693333333333324
      vertex 0.38645607233047485 3.9237546995282173 4.1693333333333324
    endloop
  endfacet
  facet normal 0.049067671500408604 0.9987954563440545 0
    outer loop
      vertex 0 3.9427400678396225 4.002666666666666
      vertex 0 3.9427400678396225 4.1693333333333324
      vertex 0.38645607233047485 3.9237546995282173 4.002666666666666
    endloop
  endfacet
  facet normal 0.049067671500408604 0.9987954563440545 0
    outer loop
      vertex 0 3.9427400678396225 4.1693333333333324
      vertex 0.38645607233047485 3.9237546995282173 4.1693333333333324
      vertex 0.38645607233047485 3.9237546995282173 4.002666666666666
    endloop
  endfacet
  facet normal 0 0 1
    outer loop
      vertex 0 3.8658638298511505 4.1693333333333324
      vertex 0.37892094254493713 3.847248636186123 4.1693333333333324
      vertex 0.7691904380917549 3.866981416940689 4.1693333333333324
    endloop
  endfacet
  facet normal 0 0 1
    outer loop
      vertex 0 3.8658638298511505 4.1693333333333324
      vertex 0.7691904380917549 3.866981416940689 4.1693333333333324
      vertex 0.38645607233047485 3.9237546995282173 4.1693333333333324
    endloop
  endfacet
  facet normal 0.14673048072051317 0.9891765090354335 0
    outer loop
      vertex 0.38645607233047485 3.9237546995282173 4.002666666666666
      vertex 0.38645607233047485 3.9237546995282173 4.1693333333333324
      vertex 0.7691904380917549 3.866981416940689 4.002666666666666
    endloop
  endfacet
  facet normal 0 0 1
    outer loop
      vertex 0.37892094254493713 3.847248636186123 4.1693333333333324
      vertex 0.7541925683617592 3.7915823459625244 4.1693333333333324
      vertex 0.7691904380917549 3.866981416940689 4.1693333333333324
    endloop
  endfacet
  facet normal 0.14673048072051317 0.9891765090354335 0
    outer loop
      vertex 0.38645607233047485 3.9237546995282173 4.1693333333333324
      vertex 0.7691904380917549 3.866981416940689 4.1693333333333324
      vertex 0.7691904380917549 3.866981416940689 4.002666666666666
    endloop
  endfacet
  facet normal 0.24298018252463918 0.9700312525379237 0
    outer loop
      vertex 0.7691904380917549 3.866981416940689 4.002666666666666
      vertex 0.7691904380917549 3.866981416940689 4.1693333333333324
      vertex 1.1445170417428017 3.7729669958353043 4.002666666666666
    endloop
  endfacet
  facet normal 0 0 1
    outer loop
      vertex 0.7541925683617592 3.7915823459625244 4.1693333333333324
      vertex 1.1445170417428017 3.7729669958353043 4.1693333333333324
      vertex 0.7691904380917549 3.866981416940689 4.1693333333333324
    endloop
  endfacet
  facet normal 0.24298018252463918 0.9700312525379237 0
    outer loop
      vertex 0.7691904380917549 3.866981416940689 4.1693333333333324
      vertex 1.1445170417428017 3.7729669958353043 4.1693333333333324
      vertex 1.1445170417428017 3.7729669958353043 4.002666666666666
    endloop
  endfacet
  facet normal 0 0 1
    outer loop
      vertex 0.7541925683617592 3.7915823459625244 4.1693333333333324
      vertex 1.1222010254859924 3.6994010284543037 4.1693333333333324
      vertex 1.1445170417428017 3.7729669958353043 4.1693333333333324
    endloop
  endfacet
  facet normal 0.3368898576272577 0.9415440636677002 0
    outer loop
      vertex 1.1445170417428017 3.7729669958353043 4.002666666666666
      vertex 1.1445170417428017 3.7729669958353043 4.1693333333333324
      vertex 1.508821301162243 3.642616845667362 4.002666666666666
    endloop
  endfacet
  facet normal 0 0 1
    outer loop
      vertex 1.1222010254859924 3.6994010284543037 4.1693333333333324
      vertex 1.508821301162243 3.642616845667362 4.1693333333333324
      vertex 1.1445170417428017 3.7729669958353043 4.1693333333333324
    endloop
  endfacet
  facet normal 0 0 1
    outer loop
      vertex 1.1222010254859924 3.6994010284543037 4.1693333333333324
      vertex 1.479402057826519 3.5715924501419067 4.1693333333333324
      vertex 1.508821301162243 3.642616845667362 4.1693333333333324
    endloop
  endfacet
  facet normal 0.3368898576272577 0.9415440636677002 0
    outer loop
      vertex 1.1445170417428017 3.7729669958353043 4.1693333333333324
      vertex 1.508821301162243 3.642616845667362 4.1693333333333324
      vertex 1.508821301162243 3.642616845667362 4.002666666666666
    endloop
  endfacet
  facet normal 0 0 1
    outer loop
      vertex 1.479402057826519 3.5715924501419067 4.1693333333333324
      vertex 1.8223555982112885 3.4093875139951706 4.1693333333333324
      vertex 1.858594723045826 3.477186344563961 4.1693333333333324
    endloop
  endfacet
  facet normal 0.51410274280775 0.8577286108306919 0
    outer loop
      vertex 1.858594723045826 3.477186344563961 4.002666666666666
      vertex 1.858594723045826 3.477186344563961 4.1693333333333324
      vertex 2.1904690340161324 3.278268538415432 4.002666666666666
    endloop
  endfacet
  facet normal 0 0 1
    outer loop
      vertex 1.8223555982112885 3.4093875139951706 4.1693333333333324
      vertex 2.1904690340161324 3.278268538415432 4.1693333333333324
      vertex 1.858594723045826 3.477186344563961 4.1693333333333324
    endloop
  endfacet
  facet normal 0 0 1
    outer loop
      vertex 1.479402057826519 3.5715924501419067 4.1693333333333324
      vertex 1.858594723045826 3.477186344563961 4.1693333333333324
      vertex 1.508821301162243 3.642616845667362 4.1693333333333324
    endloop
  endfacet
  facet normal 0.4275550786660187 0.9039893001064196 0
    outer loop
      vertex 1.858594723045826 3.477186344563961 4.002666666666666
      vertex 1.508821301162243 3.642616845667362 4.002666666666666
      vertex 1.508821301162243 3.642616845667362 4.1693333333333324
    endloop
  endfacet
  facet normal 0.4275550786660187 0.9039893001064196 0
    outer loop
      vertex 1.858594723045826 3.477186344563961 4.002666666666666
      vertex 1.508821301162243 3.642616845667362 4.1693333333333324
      vertex 1.858594723045826 3.477186344563961 4.1693333333333324
    endloop
  endfacet
  facet normal 0.9987954563440545 0.049067671500408604 0
    outer loop
      vertex 3.9427400678396225 0 4.002666666666666
      vertex 3.9237546995282173 0.38645607233047485 4.1693333333333324
      vertex 3.9427400678396225 0 4.1693333333333324
    endloop
  endfacet
  facet normal 0 0 1
    outer loop
      vertex 3.8658638298511505 0 4.1693333333333324
      vertex 3.9427400678396225 0 4.1693333333333324
      vertex 3.847248636186123 0.37892094254493713 4.1693333333333324
    endloop
  endfacet
  facet normal 0.9987954563440545 0.049067671500408604 0
    outer loop
      vertex 3.9427400678396225 0 4.002666666666666
      vertex 3.9237546995282173 0.38645607233047485 4.002666666666666
      vertex 3.9237546995282173 0.38645607233047485 4.1693333333333324
    endloop
  endfacet
  facet normal 0 0 1
    outer loop
      vertex 3.9427400678396225 0 4.1693333333333324
      vertex 3.9237546995282173 0.38645607233047485 4.1693333333333324
      vertex 3.847248636186123 0.37892094254493713 4.1693333333333324
    endloop
  endfacet
  facet normal 0 0 1
    outer loop
      vertex 3.847248636186123 0.37892094254493713 4.1693333333333324
      vertex 3.9237546995282173 0.38645607233047485 4.1693333333333324
      vertex 3.7915823459625244 0.7541925683617592 4.1693333333333324
    endloop
  endfacet
  facet normal 0 0 1
    outer loop
      vertex 3.9237546995282173 0.38645607233047485 4.1693333333333324
      vertex 3.866981416940689 0.7691904380917549 4.1693333333333324
      vertex 3.7915823459625244 0.7541925683617592 4.1693333333333324
    endloop
  endfacet
  facet normal 0.9891765090354335 0.14673048072051317 0
    outer loop
      vertex 3.9237546995282173 0.38645607233047485 4.002666666666666
      vertex 3.866981416940689 0.7691904380917549 4.1693333333333324
      vertex 3.9237546995282173 0.38645607233047485 4.1693333333333324
    endloop
  endfacet
  facet normal 0.9891765090354335 0.14673048072051317 0
    outer loop
      vertex 3.9237546995282173 0.38645607233047485 4.002666666666666
      vertex 3.866981416940689 0.7691904380917549 4.002666666666666
      vertex 3.866981416940689 0.7691904380917549 4.1693333333333324
    endloop
  endfacet
  facet normal 0 0 1
    outer loop
      vertex 3.7915823459625244 0.7541925683617592 4.1693333333333324
      vertex 3.866981416940689 0.7691904380917549 4.1693333333333324
      vertex 3.6994010284543037 1.1222010254859924 4.1693333333333324
    endloop
  endfacet
  facet normal 0.9700312525379237 0.24298018252463918 0
    outer loop
      vertex 3.866981416940689 0.7691904380917549 4.002666666666666
      vertex 3.7729669958353043 1.1445170417428017 4.1693333333333324
      vertex 3.866981416940689 0.7691904380917549 4.1693333333333324
    endloop
  endfacet
  facet normal 0 0 1
    outer loop
      vertex 3.4093875139951706 1.8223555982112885 4.1693333333333324
      vertex 3.477186344563961 1.858594723045826 4.1693333333333324
      vertex 3.2143483236432076 2.147758826613426 4.1693333333333324
    endloop
  endfacet
  facet normal 0.8577286108306919 0.51410274280775 0
    outer loop
      vertex 3.477186344563961 1.858594723045826 4.002666666666666
      vertex 3.278268538415432 2.1904690340161324 4.1693333333333324
      vertex 3.477186344563961 1.858594723045826 4.1693333333333324
    endloop
  endfacet
  facet normal 0 0 1
    outer loop
      vertex 3.6994010284543037 1.1222010254859924 4.1693333333333324
      vertex 3.7729669958353043 1.1445170417428017 4.1693333333333324
      vertex 3.5715924501419067 1.479402057826519 4.1693333333333324
    endloop
  endfacet
  facet normal 0.9415440636677002 0.3368898576272577 0
    outer loop
      vertex 3.7729669958353043 1.1445170417428017 4.002666666666666
      vertex 3.642616845667362 1.508821301162243 4.1693333333333324
      vertex 3.7729669958353043 1.1445170417428017 4.1693333333333324
    endloop
  endfacet
  facet normal 0.9415440636677002 0.3368898576272577 0
    outer loop
      vertex 3.7729669958353043 1.1445170417428017 4.002666666666666
      vertex 3.642616845667362 1.508821301162243 4.002666666666666
      vertex 3.642616845667362 1.508821301162243 4.1693333333333324
    endloop
  endfacet
  facet normal 0 0 1
    outer loop
      vertex 3.5715924501419067 1.479402057826519 4.1693333333333324
      vertex 3.7729669958353043 1.1445170417428017 4.1693333333333324
      vertex 3.642616845667362 1.508821301162243 4.1693333333333324
    endloop
  endfacet
  facet normal 0.9700312525379237 0.24298018252463918 0
    outer loop
      vertex 3.866981416940689 0.7691904380917549 4.002666666666666
      vertex 3.7729669958353043 1.1445170417428017 4.002666666666666
      vertex 3.7729669958353043 1.1445170417428017 4.1693333333333324
    endloop
  endfacet
  facet normal 0 0 1
    outer loop
      vertex 3.866981416940689 0.7691904380917549 4.1693333333333324
      vertex 3.7729669958353043 1.1445170417428017 4.1693333333333324
      vertex 3.6994010284543037 1.1222010254859924 4.1693333333333324
    endloop
  endfacet
  facet normal 0 0 1
    outer loop
      vertex 3.4093875139951706 1.8223555982112885 4.1693333333333324
      vertex 3.5715924501419067 1.479402057826519 4.1693333333333324
      vertex 3.642616845667362 1.508821301162243 4.1693333333333324
    endloop
  endfacet
  facet normal 0.9039893001064196 0.4275550786660187 0
    outer loop
      vertex 3.477186344563961 1.858594723045826 4.002666666666666
      vertex 3.477186344563961 1.858594723045826 4.1693333333333324
      vertex 3.642616845667362 1.508821301162243 4.002666666666666
    endloop
  endfacet
  facet normal 0 0 1
    outer loop
      vertex 3.4093875139951706 1.8223555982112885 4.1693333333333324
      vertex 3.642616845667362 1.508821301162243 4.1693333333333324
      vertex 3.477186344563961 1.858594723045826 4.1693333333333324
    endloop
  endfacet
  facet normal 0.9039893001064196 0.4275550786660187 0
    outer loop
      vertex 3.477186344563961 1.858594723045826 4.1693333333333324
      vertex 3.642616845667362 1.508821301162243 4.1693333333333324
      vertex 3.642616845667362 1.508821301162243 4.002666666666666
    endloop
  endfacet
  facet normal 0.6715589674895075 0.7409511138964746 0
    outer loop
      vertex 2.787938229739666 2.787938229739666 4.002666666666666
      vertex 2.501247823238373 3.0477792769670486 4.002666666666666
      vertex 2.501247823238373 3.0477792769670486 4.1693333333333324
    endloop
  endfacet
  facet normal 0 0 1
    outer loop
      vertex 2.4524780586361885 2.9883531406521797 4.1693333333333324
      vertex 2.787938229739666 2.787938229739666 4.1693333333333324
      vertex 2.501247823238373 3.0477792769670486 4.1693333333333324
    endloop
  endfacet
  facet normal 0 0 1
    outer loop
      vertex 2.4524780586361885 2.9883531406521797 4.1693333333333324
      vertex 2.7335785180330276 2.7335785180330276 4.1693333333333324
      vertex 2.787938229739666 2.787938229739666 4.1693333333333324
    endloop
  endfacet
  facet normal 0.6715589674895075 0.7409511138964746 0
    outer loop
      vertex 2.787938229739666 2.787938229739666 4.002666666666666
      vertex 2.501247823238373 3.0477792769670486 4.1693333333333324
      vertex 2.787938229739666 2.787938229739666 4.1693333333333324
    endloop
  endfacet
  facet normal 0.7409511138964746 0.6715589674895075 0
    outer loop
      vertex 2.787938229739666 2.787938229739666 4.002666666666666
      vertex 2.787938229739666 2.787938229739666 4.1693333333333324
      vertex 3.0477792769670486 2.501247823238373 4.002666666666666
    endloop
  endfacet
  facet normal 0 0 1
    outer loop
      vertex 2.7335785180330276 2.7335785180330276 4.1693333333333324
      vertex 3.0477792769670486 2.501247823238373 4.1693333333333324
      vertex 2.787938229739666 2.787938229739666 4.1693333333333324
    endloop
  endfacet
  facet normal 0 0 1
    outer loop
      vertex 2.9883531406521797 2.4524780586361885 4.1693333333333324
      vertex 3.0477792769670486 2.501247823238373 4.1693333333333324
      vertex 2.7335785180330276 2.7335785180330276 4.1693333333333324
    endloop
  endfacet
  facet normal 0.7409511138964746 0.6715589674895075 0
    outer loop
      vertex 2.787938229739666 2.787938229739666 4.1693333333333324
      vertex 3.0477792769670486 2.501247823238373 4.1693333333333324
      vertex 3.0477792769670486 2.501247823238373 4.002666666666666
    endloop
  endfacet
  facet normal 0 0 1
    outer loop
      vertex 1.8223555982112885 3.4093875139951706 4.1693333333333324
      vertex 2.147758826613426 3.2143483236432076 4.1693333333333324
      vertex 2.1904690340161324 3.278268538415432 4.1693333333333324
    endloop
  endfacet
  facet normal 0.51410274280775 0.8577286108306919 0
    outer loop
      vertex 1.858594723045826 3.477186344563961 4.1693333333333324
      vertex 2.1904690340161324 3.278268538415432 4.1693333333333324
      vertex 2.1904690340161324 3.278268538415432 4.002666666666666
    endloop
  endfacet
  facet normal 0 0 1
    outer loop
      vertex 2.4524780586361885 2.9883531406521797 4.1693333333333324
      vertex 2.501247823238373 3.0477792769670486 4.1693333333333324
      vertex 2.147758826613426 3.2143483236432076 4.1693333333333324
    endloop
  endfacet
  facet normal 0.5956993089142097 0.8032075282012321 0
    outer loop
      vertex 2.1904690340161324 3.278268538415432 4.002666666666666
      vertex 2.1904690340161324 3.278268538415432 4.1693333333333324
      vertex 2.501247823238373 3.0477792769670486 4.002666666666666
    endloop
  endfacet
  facet normal 0 0 1
    outer loop
      vertex 2.147758826613426 3.2143483236432076 4.1693333333333324
      vertex 2.501247823238373 3.0477792769670486 4.1693333333333324
      vertex 2.1904690340161324 3.278268538415432 4.1693333333333324
    endloop
  endfacet
  facet normal 0.5956993089142097 0.8032075282012321 0
    outer loop
      vertex 2.1904690340161324 3.278268538415432 4.1693333333333324
      vertex 2.501247823238373 3.0477792769670486 4.1693333333333324
      vertex 2.501247823238373 3.0477792769670486 4.002666666666666
    endloop
  endfacet
  facet normal 0.8032075282012321 0.5956993089142097 0
    outer loop
      vertex 3.278268538415432 2.1904690340161324 4.002666666666666
      vertex 3.0477792769670486 2.501247823238373 4.002666666666666
      vertex 3.0477792769670486 2.501247823238373 4.1693333333333324
    endloop
  endfacet
  facet normal 0 0 1
    outer loop
      vertex 2.9883531406521797 2.4524780586361885 4.1693333333333324
      vertex 3.278268538415432 2.1904690340161324 4.1693333333333324
      vertex 3.0477792769670486 2.501247823238373 4.1693333333333324
    endloop
  endfacet
  facet normal 0 0 1
    outer loop
      vertex 2.9883531406521797 2.4524780586361885 4.1693333333333324
      vertex 3.2143483236432076 2.147758826613426 4.1693333333333324
      vertex 3.278268538415432 2.1904690340161324 4.1693333333333324
    endloop
  endfacet
  facet normal 0.8032075282012321 0.5956993089142097 0
    outer loop
      vertex 3.278268538415432 2.1904690340161324 4.002666666666666
      vertex 3.0477792769670486 2.501247823238373 4.1693333333333324
      vertex 3.278268538415432 2.1904690340161324 4.1693333333333324
    endloop
  endfacet
  facet normal 0.8577286108306919 0.51410274280775 0
    outer loop
      vertex 3.477186344563961 1.858594723045826 4.002666666666666
      vertex 3.278268538415432 2.1904690340161324 4.002666666666666
      vertex 3.278268538415432 2.1904690340161324 4.1693333333333324
    endloop
  endfacet
  facet normal 0 0 1
    outer loop
      vertex 3.477186344563961 1.858594723045826 4.1693333333333324
      vertex 3.278268538415432 2.1904690340161324 4.1693333333333324
      vertex 3.2143483236432076 2.147758826613426 4.1693333333333324
    endloop
  endfacet
  facet normal -0.8032075338747099 -0.5956993012644104 0
    outer loop
      vertex -3.2143483236432076 -2.147758826613426 4.1693333333333324
      vertex -2.9883531406521797 -2.4524780586361885 4.1693333333333324
      vertex -3.2143483236432076 -2.147758826613426 4.335999999999999
    endloop
  endfacet
  facet normal -0.8577286087192832 -0.5141027463304224 0
    outer loop
      vertex -3.2143483236432076 -2.147758826613426 4.1693333333333324
      vertex -3.2143483236432076 -2.147758826613426 4.335999999999999
      vertex -3.4093875139951706 -1.8223555982112885 4.335999999999999
    endloop
  endfacet
  facet normal -0.8032075338747099 -0.5956993012644104 0
    outer loop
      vertex -3.2143483236432076 -2.147758826613426 4.335999999999999
      vertex -2.9883531406521797 -2.4524780586361885 4.1693333333333324
      vertex -2.9883531406521797 -2.4524780586361885 4.335999999999999
    endloop
  endfacet
  facet normal 0 0 1
    outer loop
      vertex -3.2143483236432076 -2.147758826613426 4.335999999999999
      vertex -2.9883531406521797 -2.4524780586361885 4.335999999999999
      vertex -2.894961968064308 -2.375833824276924 4.335999999999999
    endloop
  endfacet
  facet normal 0 0 1
    outer loop
      vertex -3.2143483236432076 -2.147758826613426 4.335999999999999
      vertex -3.113894358277321 -2.0806376710534096 4.335999999999999
      vertex -3.4093875139951706 -1.8223555982112885 4.335999999999999
    endloop
  endfacet
  facet normal 0 0 1
    outer loop
      vertex -3.2143483236432076 -2.147758826613426 4.335999999999999
      vertex -2.894961968064308 -2.375833824276924 4.335999999999999
      vertex -3.113894358277321 -2.0806376710534096 4.335999999999999
    endloop
  endfacet
  facet normal -0.5956993012644104 -0.8032075338747099 0
    outer loop
      vertex -2.147758826613426 -3.2143483236432076 4.1693333333333324
      vertex -2.4524780586361885 -2.9883531406521797 4.335999999999999
      vertex -2.4524780586361885 -2.9883531406521797 4.1693333333333324
    endloop
  endfacet
  facet normal -0.5141027463304224 -0.8577286087192832 0
    outer loop
      vertex -2.147758826613426 -3.2143483236432076 4.1693333333333324
      vertex -1.8223555982112885 -3.4093875139951706 4.1693333333333324
      vertex -2.147758826613426 -3.2143483236432076 4.335999999999999
    endloop
  endfacet
  facet normal -0.5956993012644104 -0.8032075338747099 0
    outer loop
      vertex -2.147758826613426 -3.2143483236432076 4.1693333333333324
      vertex -2.147758826613426 -3.2143483236432076 4.335999999999999
      vertex -2.4524780586361885 -2.9883531406521797 4.335999999999999
    endloop
  endfacet
  facet normal 0 0 1
    outer loop
      vertex -2.147758826613426 -3.2143483236432076 4.335999999999999
      vertex -2.0806376710534096 -3.113894358277321 4.335999999999999
      vertex -2.4524780586361885 -2.9883531406521797 4.335999999999999
    endloop
  endfacet
  facet normal -0.7409511030120408 -0.6715589794986293 0
    outer loop
      vertex -2.7335785180330276 -2.7335785180330276 4.1693333333333324
      vertex -2.9883531406521797 -2.4524780586361885 4.335999999999999
      vertex -2.9883531406521797 -2.4524780586361885 4.1693333333333324
    endloop
  endfacet
  facet normal -0.6715589794986293 -0.7409511030120408 0
    outer loop
      vertex -2.7335785180330276 -2.7335785180330276 4.1693333333333324
      vertex -2.4524780586361885 -2.9883531406521797 4.1693333333333324
      vertex -2.7335785180330276 -2.7335785180330276 4.335999999999999
    endloop
  endfacet
  facet normal -0.7409511030120408 -0.6715589794986293 0
    outer loop
      vertex -2.7335785180330276 -2.7335785180330276 4.1693333333333324
      vertex -2.7335785180330276 -2.7335785180330276 4.335999999999999
      vertex -2.9883531406521797 -2.4524780586361885 4.335999999999999
    endloop
  endfacet
  facet normal 0 0 1
    outer loop
      vertex -2.7335785180330276 -2.7335785180330276 4.335999999999999
      vertex -2.648149460554123 -2.648149460554123 4.335999999999999
      vertex -2.9883531406521797 -2.4524780586361885 4.335999999999999
    endloop
  endfacet
  facet normal -0.6715589794986293 -0.7409511030120408 0
    outer loop
      vertex -2.4524780586361885 -2.9883531406521797 4.1693333333333324
      vertex -2.4524780586361885 -2.9883531406521797 4.335999999999999
      vertex -2.7335785180330276 -2.7335785180330276 4.335999999999999
    endloop
  endfacet
  facet normal 0 0 1
    outer loop
      vertex -2.7335785180330276 -2.7335785180330276 4.335999999999999
      vertex -2.375833824276924 -2.894961968064308 4.335999999999999
      vertex -2.648149460554123 -2.648149460554123 4.335999999999999
    endloop
  endfacet
  facet normal 0 0 1
    outer loop
      vertex -2.7335785180330276 -2.7335785180330276 4.335999999999999
      vertex -2.4524780586361885 -2.9883531406521797 4.335999999999999
      vertex -2.375833824276924 -2.894961968064308 4.335999999999999
    endloop
  endfacet
  facet normal 0 0 1
    outer loop
      vertex -2.648149460554123 -2.648149460554123 4.335999999999999
      vertex -2.894961968064308 -2.375833824276924 4.335999999999999
      vertex -2.9883531406521797 -2.4524780586361885 4.335999999999999
    endloop
  endfacet
  facet normal 0 0 1
    outer loop
      vertex -2.0806376710534096 -3.113894358277321 4.335999999999999
      vertex -2.375833824276924 -2.894961968064308 4.335999999999999
      vertex -2.4524780586361885 -2.9883531406521797 4.335999999999999
    endloop
  endfacet
  facet normal -0.9039893015003995 -0.42755507571869583 0
    outer loop
      vertex -3.5715924501419067 -1.479402057826519 4.1693333333333324
      vertex -3.4093875139951706 -1.8223555982112885 4.1693333333333324
      vertex -3.5715924501419067 -1.479402057826519 4.335999999999999
    endloop
  endfacet
  facet normal -0.9415440607671741 -0.33688986573368496 0
    outer loop
      vertex -3.5715924501419067 -1.479402057826519 4.1693333333333324
      vertex -3.6994010284543037 -1.1222010254859924 4.335999999999999
      vertex -3.6994010284543037 -1.1222010254859924 4.1693333333333324
    endloop
  endfacet
  facet normal -0.9415440607671741 -0.33688986573368496 0
    outer loop
      vertex -3.5715924501419067 -1.479402057826519 4.1693333333333324
      vertex -3.5715924501419067 -1.479402057826519 4.335999999999999
      vertex -3.6994010284543037 -1.1222010254859924 4.335999999999999
    endloop
  endfacet
  facet normal 0 0 1
    outer loop
      vertex -3.5715924501419067 -1.479402057826519 4.335999999999999
      vertex -3.4599740132689476 -1.4331681728363037 4.335999999999999
      vertex -3.6994010284543037 -1.1222010254859924 4.335999999999999
    endloop
  endfacet
  facet normal 0 0 1
    outer loop
      vertex -3.6994010284543037 -1.1222010254859924 4.335999999999999
      vertex -3.4599740132689476 -1.4331681728363037 4.335999999999999
      vertex -3.5837883427739143 -1.0871303081512451 4.335999999999999
    endloop
  endfacet
  facet normal -0.8577286087192832 -0.5141027463304224 0
    outer loop
      vertex -3.2143483236432076 -2.147758826613426 4.1693333333333324
      vertex -3.4093875139951706 -1.8223555982112885 4.335999999999999
      vertex -3.4093875139951706 -1.8223555982112885 4.1693333333333324
    endloop
  endfacet
  facet normal 0 0 1
    outer loop
      vertex -3.113894358277321 -2.0806376710534096 4.335999999999999
      vertex -3.302838258445263 -1.7654038220643997 4.335999999999999
      vertex -3.4093875139951706 -1.8223555982112885 4.335999999999999
    endloop
  endfacet
  facet normal -0.9039893015003995 -0.42755507571869583 0
    outer loop
      vertex -3.4093875139951706 -1.8223555982112885 4.1693333333333324
      vertex -3.4093875139951706 -1.8223555982112885 4.335999999999999
      vertex -3.5715924501419067 -1.479402057826519 4.335999999999999
    endloop
  endfacet
  facet normal 0 0 1
    outer loop
      vertex -3.5715924501419067 -1.479402057826519 4.335999999999999
      vertex -3.4093875139951706 -1.8223555982112885 4.335999999999999
      vertex -3.302838258445263 -1.7654038220643997 4.335999999999999
    endloop
  endfacet
  facet normal 0 0 1
    outer loop
      vertex -3.5715924501419067 -1.479402057826519 4.335999999999999
      vertex -3.302838258445263 -1.7654038220643997 4.335999999999999
      vertex -3.4599740132689476 -1.4331681728363037 4.335999999999999
    endloop
  endfacet
  facet normal -0.970031254587147 -0.24298017434368152 0
    outer loop
      vertex -3.6994010284543037 -1.1222010254859924 4.1693333333333324
      vertex -3.7915823459625244 -0.7541925683617592 4.335999999999999
      vertex -3.7915823459625244 -0.7541925683617592 4.1693333333333324
    endloop
  endfacet
  facet normal -0.9891765088120911 -0.14673048222616641 0
    outer loop
      vertex -3.7915823459625244 -0.7541925683617592 4.1693333333333324
      vertex -3.847248636186123 -0.37892094254493713 4.335999999999999
      vertex -3.847248636186123 -0.37892094254493713 4.1693333333333324
    endloop
  endfacet
  facet normal -0.9891765088120911 -0.14673048222616641 0
    outer loop
      vertex -3.7915823459625244 -0.7541925683617592 4.1693333333333324
      vertex -3.7915823459625244 -0.7541925683617592 4.335999999999999
      vertex -3.847248636186123 -0.37892094254493713 4.335999999999999
    endloop
  endfacet
  facet normal 0 0 1
    outer loop
      vertex -3.7915823459625244 -0.7541925683617592 4.335999999999999
      vertex -3.6730888187885284 -0.7306228280067444 4.335999999999999
      vertex -3.847248636186123 -0.37892094254493713 4.335999999999999
    endloop
  endfacet
  facet normal -0.970031254587147 -0.24298017434368152 0
    outer loop
      vertex -3.6994010284543037 -1.1222010254859924 4.1693333333333324
      vertex -3.6994010284543037 -1.1222010254859924 4.335999999999999
      vertex -3.7915823459625244 -0.7541925683617592 4.335999999999999
    endloop
  endfacet
  facet normal 0 0 1
    outer loop
      vertex -3.6994010284543037 -1.1222010254859924 4.335999999999999
      vertex -3.5837883427739143 -1.0871303081512451 4.335999999999999
      vertex -3.7915823459625244 -0.7541925683617592 4.335999999999999
    endloop
  endfacet
  facet normal 0 0 1
    outer loop
      vertex -3.5837883427739143 -1.0871303081512451 4.335999999999999
      vertex -3.6730888187885284 -0.7306228280067444 4.335999999999999
      vertex -3.7915823459625244 -0.7541925683617592 4.335999999999999
    endloop
  endfacet
  facet normal -0.998795456018361 -0.04906767813005322 0
    outer loop
      vertex -3.847248636186123 -0.37892094254493713 4.1693333333333324
      vertex -3.8658638298511505 0 4.335999999999999
      vertex -3.8658638298511505 0 4.1693333333333324
    endloop
  endfacet
  facet normal -0.998795456018361 -0.04906767813005322 0
    outer loop
      vertex -3.847248636186123 -0.37892094254493713 4.1693333333333324
      vertex -3.847248636186123 -0.37892094254493713 4.335999999999999
      vertex -3.8658638298511505 0 4.335999999999999
    endloop
  endfacet
  facet normal 0 0 1
    outer loop
      vertex -3.847248636186123 -0.37892094254493713 4.335999999999999
      vertex -3.7270154505968094 -0.367078997194767 4.335999999999999
      vertex -3.8658638298511505 0 4.335999999999999
    endloop
  endfacet
  facet normal 0 0 1
    outer loop
      vertex -3.7270154505968094 -0.367078997194767 4.335999999999999
      vertex -3.745048888027668 0 4.335999999999999
      vertex -3.8658638298511505 0 4.335999999999999
    endloop
  endfacet
  facet normal 0 0 1
    outer loop
      vertex -3.6730888187885284 -0.7306228280067444 4.335999999999999
      vertex -3.7270154505968094 -0.367078997194767 4.335999999999999
      vertex -3.847248636186123 -0.37892094254493713 4.335999999999999
    endloop
  endfacet
  facet normal -0.42755507571869583 -0.9039893015003995 0
    outer loop
      vertex -1.479402057826519 -3.5715924501419067 4.1693333333333324
      vertex -1.479402057826519 -3.5715924501419067 4.335999999999999
      vertex -1.8223555982112885 -3.4093875139951706 4.335999999999999
    endloop
  endfacet
  facet normal -0.42755507571869583 -0.9039893015003995 0
    outer loop
      vertex -1.8223555982112885 -3.4093875139951706 4.1693333333333324
      vertex -1.479402057826519 -3.5715924501419067 4.1693333333333324
      vertex -1.8223555982112885 -3.4093875139951706 4.335999999999999
    endloop
  endfacet
  facet normal -0.5141027463304224 -0.8577286087192832 0
    outer loop
      vertex -2.147758826613426 -3.2143483236432076 4.335999999999999
      vertex -1.8223555982112885 -3.4093875139951706 4.1693333333333324
      vertex -1.8223555982112885 -3.4093875139951706 4.335999999999999
    endloop
  endfacet
  facet normal 0 0 1
    outer loop
      vertex -2.147758826613426 -3.2143483236432076 4.335999999999999
      vertex -1.8223555982112885 -3.4093875139951706 4.335999999999999
      vertex -1.7654038220643997 -3.302838258445263 4.335999999999999
    endloop
  endfacet
  facet normal 0 0 1
    outer loop
      vertex -2.147758826613426 -3.2143483236432076 4.335999999999999
      vertex -1.7654038220643997 -3.302838258445263 4.335999999999999
      vertex -2.0806376710534096 -3.113894358277321 4.335999999999999
    endloop
  endfacet
  facet normal 0 0 1
    outer loop
      vertex -1.8223555982112885 -3.4093875139951706 4.335999999999999
      vertex -1.4331681728363037 -3.4599740132689476 4.335999999999999
      vertex -1.7654038220643997 -3.302838258445263 4.335999999999999
    endloop
  endfacet
  facet normal 0 0 1
    outer loop
      vertex -1.8223555982112885 -3.4093875139951706 4.335999999999999
      vertex -1.479402057826519 -3.5715924501419067 4.335999999999999
      vertex -1.4331681728363037 -3.4599740132689476 4.335999999999999
    endloop
  endfacet
  facet normal -0.33688986573368496 -0.9415440607671741 0
    outer loop
      vertex -1.479402057826519 -3.5715924501419067 4.1693333333333324
      vertex -1.1222010254859924 -3.6994010284543037 4.1693333333333324
      vertex -1.479402057826519 -3.5715924501419067 4.335999999999999
    endloop
  endfacet
  facet normal 0 0 1
    outer loop
      vertex -1.479402057826519 -3.5715924501419067 4.335999999999999
      vertex -1.0871303081512451 -3.5837883427739143 4.335999999999999
      vertex -1.4331681728363037 -3.4599740132689476 4.335999999999999
    endloop
  endfacet
  facet normal -0.33688986573368496 -0.9415440607671741 0
    outer loop
      vertex -1.1222010254859924 -3.6994010284543037 4.1693333333333324
      vertex -1.1222010254859924 -3.6994010284543037 4.335999999999999
      vertex -1.479402057826519 -3.5715924501419067 4.335999999999999
    endloop
  endfacet
  facet normal 0 0 1
    outer loop
      vertex -1.479402057826519 -3.5715924501419067 4.335999999999999
      vertex -1.1222010254859924 -3.6994010284543037 4.335999999999999
      vertex -1.0871303081512451 -3.5837883427739143 4.335999999999999
    endloop
  endfacet
  facet normal -0.24298017434368152 -0.970031254587147 0
    outer loop
      vertex -1.1222010254859924 -3.6994010284543037 4.1693333333333324
      vertex -0.7541925683617592 -3.7915823459625244 4.1693333333333324
      vertex -1.1222010254859924 -3.6994010284543037 4.335999999999999
    endloop
  endfacet
  facet normal -0.14673048222616641 -0.9891765088120911 0
    outer loop
      vertex -0.7541925683617592 -3.7915823459625244 4.1693333333333324
      vertex -0.37892094254493713 -3.847248636186123 4.1693333333333324
      vertex -0.7541925683617592 -3.7915823459625244 4.335999999999999
    endloop
  endfacet
  facet normal -0.24298017434368152 -0.970031254587147 0
    outer loop
      vertex -1.1222010254859924 -3.6994010284543037 4.335999999999999
      vertex -0.7541925683617592 -3.7915823459625244 4.1693333333333324
      vertex -0.7541925683617592 -3.7915823459625244 4.335999999999999
    endloop
  endfacet
  facet normal 0 0 1
    outer loop
      vertex -1.1222010254859924 -3.6994010284543037 4.335999999999999
      vertex -0.7306228280067444 -3.6730888187885284 4.335999999999999
      vertex -1.0871303081512451 -3.5837883427739143 4.335999999999999
    endloop
  endfacet
  facet normal -0.14673048222616641 -0.9891765088120911 0
    outer loop
      vertex -0.37892094254493713 -3.847248636186123 4.1693333333333324
      vertex -0.37892094254493713 -3.847248636186123 4.335999999999999
      vertex -0.7541925683617592 -3.7915823459625244 4.335999999999999
    endloop
  endfacet
  facet normal 0 0 1
    outer loop
      vertex -1.1222010254859924 -3.6994010284543037 4.335999999999999
      vertex -0.7541925683617592 -3.7915823459625244 4.335999999999999
      vertex -0.367078997194767 -3.7270154505968094 4.335999999999999
    endloop
  endfacet
  facet normal 0 0 1
    outer loop
      vertex -1.1222010254859924 -3.6994010284543037 4.335999999999999
      vertex -0.367078997194767 -3.7270154505968094 4.335999999999999
      vertex -0.7306228280067444 -3.6730888187885284 4.335999999999999
    endloop
  endfacet
  facet normal -0.04906767813005322 -0.998795456018361 0
    outer loop
      vertex -0.37892094254493713 -3.847248636186123 4.1693333333333324
      vertex 0 -3.8658638298511505 4.1693333333333324
      vertex -0.37892094254493713 -3.847248636186123 4.335999999999999
    endloop
  endfacet
  facet normal 0 0 1
    outer loop
      vertex -0.7541925683617592 -3.7915823459625244 4.335999999999999
      vertex 0 -3.745048888027668 4.335999999999999
      vertex -0.367078997194767 -3.7270154505968094 4.335999999999999
    endloop
  endfacet
  facet normal -0.04906767813005322 -0.998795456018361 0
    outer loop
      vertex -0.37892094254493713 -3.847248636186123 4.335999999999999
      vertex 0 -3.8658638298511505 4.1693333333333324
      vertex 0 -3.8658638298511505 4.335999999999999
    endloop
  endfacet
  facet normal 0 0 1
    outer loop
      vertex -0.7541925683617592 -3.7915823459625244 4.335999999999999
      vertex -0.37892094254493713 -3.847248636186123 4.335999999999999
      vertex 1.1222010254859924 -3.6994010284543037 4.335999999999999
    endloop
  endfacet
  facet normal -0.998795456018361 0.04906767813005322 0
    outer loop
      vertex -3.8658638298511505 0 4.1693333333333324
      vertex -3.847248636186123 0.37892094254493713 4.335999999999999
      vertex -3.847248636186123 0.37892094254493713 4.1693333333333324
    endloop
  endfacet
  facet normal -0.998795456018361 0.04906767813005322 0
    outer loop
      vertex -3.8658638298511505 0 4.1693333333333324
      vertex -3.8658638298511505 0 4.335999999999999
      vertex -3.847248636186123 0.37892094254493713 4.335999999999999
    endloop
  endfacet
  facet normal 0 0 1
    outer loop
      vertex -3.8658638298511505 0 4.335999999999999
      vertex -3.745048888027668 0 4.335999999999999
      vertex -3.847248636186123 0.37892094254493713 4.335999999999999
    endloop
  endfacet
  facet normal 0 0 1
    outer loop
      vertex -3.847248636186123 0.37892094254493713 4.335999999999999
      vertex -3.745048888027668 0 4.335999999999999
      vertex -3.7270154505968094 0.367078997194767 4.335999999999999
    endloop
  endfacet
  facet normal -0.9891765088120911 0.14673048222616641 0
    outer loop
      vertex -3.847248636186123 0.37892094254493713 4.1693333333333324
      vertex -3.7915823459625244 0.7541925683617592 4.335999999999999
      vertex -3.7915823459625244 0.7541925683617592 4.1693333333333324
    endloop
  endfacet
  facet normal -0.970031254587147 0.24298017434368152 0
    outer loop
      vertex -3.7915823459625244 0.7541925683617592 4.1693333333333324
      vertex -3.6994010284543037 1.1222010254859924 4.335999999999999
      vertex -3.6994010284543037 1.1222010254859924 4.1693333333333324
    endloop
  endfacet
  facet normal -0.9891765088120911 0.14673048222616641 0
    outer loop
      vertex -3.847248636186123 0.37892094254493713 4.1693333333333324
      vertex -3.847248636186123 0.37892094254493713 4.335999999999999
      vertex -3.7915823459625244 0.7541925683617592 4.335999999999999
    endloop
  endfacet
  facet normal 0 0 1
    outer loop
      vertex -3.847248636186123 0.37892094254493713 4.335999999999999
      vertex -3.7270154505968094 0.367078997194767 4.335999999999999
      vertex -3.7915823459625244 0.7541925683617592 4.335999999999999
    endloop
  endfacet
  facet normal -0.970031254587147 0.24298017434368152 0
    outer loop
      vertex -3.7915823459625244 0.7541925683617592 4.1693333333333324
      vertex -3.7915823459625244 0.7541925683617592 4.335999999999999
      vertex -3.6994010284543037 1.1222010254859924 4.335999999999999
    endloop
  endfacet
  facet normal 0 0 1
    outer loop
      vertex -3.7270154505968094 0.367078997194767 4.335999999999999
      vertex -3.6730888187885284 0.7306228280067444 4.335999999999999
      vertex -3.7915823459625244 0.7541925683617592 4.335999999999999
    endloop
  endfacet
  facet normal 0 0 1
    outer loop
      vertex -3.7915823459625244 0.7541925683617592 4.335999999999999
      vertex -3.6730888187885284 0.7306228280067444 4.335999999999999
      vertex -3.6994010284543037 1.1222010254859924 4.335999999999999
    endloop
  endfacet
  facet normal 0 0 1
    outer loop
      vertex -3.6730888187885284 0.7306228280067444 4.335999999999999
      vertex -3.5837883427739143 1.0871303081512451 4.335999999999999
      vertex -3.6994010284543037 1.1222010254859924 4.335999999999999
    endloop
  endfacet
  facet normal -0.9415440607671741 0.33688986573368496 0
    outer loop
      vertex -3.6994010284543037 1.1222010254859924 4.1693333333333324
      vertex -3.5715924501419067 1.479402057826519 4.335999999999999
      vertex -3.5715924501419067 1.479402057826519 4.1693333333333324
    endloop
  endfacet
  facet normal -0.9415440607671741 0.33688986573368496 0
    outer loop
      vertex -3.6994010284543037 1.1222010254859924 4.1693333333333324
      vertex -3.6994010284543037 1.1222010254859924 4.335999999999999
      vertex -3.5715924501419067 1.479402057826519 4.335999999999999
    endloop
  endfacet
  facet normal 0 0 1
    outer loop
      vertex -3.6994010284543037 1.1222010254859924 4.335999999999999
      vertex -3.5837883427739143 1.0871303081512451 4.335999999999999
      vertex -3.5715924501419067 1.479402057826519 4.335999999999999
    endloop
  endfacet
  facet normal 0 0 1
    outer loop
      vertex -3.5837883427739143 1.0871303081512451 4.335999999999999
      vertex -3.4599740132689476 1.4331681728363037 4.335999999999999
      vertex -3.5715924501419067 1.479402057826519 4.335999999999999
    endloop
  endfacet
  facet normal -0.9039893015003995 0.42755507571869583 0
    outer loop
      vertex -3.5715924501419067 1.479402057826519 4.1693333333333324
      vertex -3.5715924501419067 1.479402057826519 4.335999999999999
      vertex -3.4093875139951706 1.8223555982112885 4.335999999999999
    endloop
  endfacet
  facet normal -0.9039893015003995 0.42755507571869583 0
    outer loop
      vertex -3.5715924501419067 1.479402057826519 4.1693333333333324
      vertex -3.4093875139951706 1.8223555982112885 4.335999999999999
      vertex -3.4093875139951706 1.8223555982112885 4.1693333333333324
    endloop
  endfacet
  facet normal 0 0 1
    outer loop
      vertex -3.5715924501419067 1.479402057826519 4.335999999999999
      vertex -3.4599740132689476 1.4331681728363037 4.335999999999999
      vertex -3.4093875139951706 1.8223555982112885 4.335999999999999
    endloop
  endfacet
  facet normal 0 0 1
    outer loop
      vertex -3.4599740132689476 1.4331681728363037 4.335999999999999
      vertex -3.302838258445263 1.7654038220643997 4.335999999999999
      vertex -3.4093875139951706 1.8223555982112885 4.335999999999999
    endloop
  endfacet
  facet normal -0.8577286087192832 0.5141027463304224 0
    outer loop
      vertex -3.4093875139951706 1.8223555982112885 4.1693333333333324
      vertex -3.4093875139951706 1.8223555982112885 4.335999999999999
      vertex -3.2143483236432076 2.147758826613426 4.335999999999999
    endloop
  endfacet
  facet normal 0 0 1
    outer loop
      vertex -3.4093875139951706 1.8223555982112885 4.335999999999999
      vertex -3.302838258445263 1.7654038220643997 4.335999999999999
      vertex -3.2143483236432076 2.147758826613426 4.335999999999999
    endloop
  endfacet
  facet normal 0 0 1
    outer loop
      vertex -3.302838258445263 1.7654038220643997 4.335999999999999
      vertex -3.113894358277321 2.0806376710534096 4.335999999999999
      vertex -3.2143483236432076 2.147758826613426 4.335999999999999
    endloop
  endfacet
  facet normal -0.8577286087192832 0.5141027463304224 0
    outer loop
      vertex -3.4093875139951706 1.8223555982112885 4.1693333333333324
      vertex -3.2143483236432076 2.147758826613426 4.335999999999999
      vertex -3.2143483236432076 2.147758826613426 4.1693333333333324
    endloop
  endfacet
  facet normal -0.8032075338747099 0.5956993012644104 0
    outer loop
      vertex -3.2143483236432076 2.147758826613426 4.1693333333333324
      vertex -2.9883531406521797 2.4524780586361885 4.335999999999999
      vertex -2.9883531406521797 2.4524780586361885 4.1693333333333324
    endloop
  endfacet
  facet normal -0.8032075338747099 0.5956993012644104 0
    outer loop
      vertex -3.2143483236432076 2.147758826613426 4.1693333333333324
      vertex -3.2143483236432076 2.147758826613426 4.335999999999999
      vertex -2.9883531406521797 2.4524780586361885 4.335999999999999
    endloop
  endfacet
  facet normal 0 0 1
    outer loop
      vertex -3.2143483236432076 2.147758826613426 4.335999999999999
      vertex -3.113894358277321 2.0806376710534096 4.335999999999999
      vertex -2.9883531406521797 2.4524780586361885 4.335999999999999
    endloop
  endfacet
  facet normal 0 0 1
    outer loop
      vertex -3.113894358277321 2.0806376710534096 4.335999999999999
      vertex -2.894961968064308 2.375833824276924 4.335999999999999
      vertex -2.9883531406521797 2.4524780586361885 4.335999999999999
    endloop
  endfacet
  facet normal -0.7409511030120408 0.6715589794986293 0
    outer loop
      vertex -2.9883531406521797 2.4524780586361885 4.1693333333333324
      vertex -2.7335785180330276 2.7335785180330276 4.335999999999999
      vertex -2.7335785180330276 2.7335785180330276 4.1693333333333324
    endloop
  endfacet
  facet normal -0.6715589794986293 0.7409511030120408 0
    outer loop
      vertex -2.7335785180330276 2.7335785180330276 4.1693333333333324
      vertex -2.4524780586361885 2.9883531406521797 4.335999999999999
      vertex -2.4524780586361885 2.9883531406521797 4.1693333333333324
    endloop
  endfacet
  facet normal -0.7409511030120408 0.6715589794986293 0
    outer loop
      vertex -2.9883531406521797 2.4524780586361885 4.1693333333333324
      vertex -2.9883531406521797 2.4524780586361885 4.335999999999999
      vertex -2.7335785180330276 2.7335785180330276 4.335999999999999
    endloop
  endfacet
  facet normal 0 0 1
    outer loop
      vertex -2.9883531406521797 2.4524780586361885 4.335999999999999
      vertex -2.894961968064308 2.375833824276924 4.335999999999999
      vertex -2.7335785180330276 2.7335785180330276 4.335999999999999
    endloop
  endfacet
  facet normal 0 0 1
    outer loop
      vertex -2.894961968064308 2.375833824276924 4.335999999999999
      vertex -2.648149460554123 2.648149460554123 4.335999999999999
      vertex -2.7335785180330276 2.7335785180330276 4.335999999999999
    endloop
  endfacet
  facet normal -0.6715589794986293 0.7409511030120408 0
    outer loop
      vertex -2.7335785180330276 2.7335785180330276 4.1693333333333324
      vertex -2.7335785180330276 2.7335785180330276 4.335999999999999
      vertex -2.4524780586361885 2.9883531406521797 4.335999999999999
    endloop
  endfacet
  facet normal 0 0 1
    outer loop
      vertex -2.7335785180330276 2.7335785180330276 4.335999999999999
      vertex -2.648149460554123 2.648149460554123 4.335999999999999
      vertex -2.4524780586361885 2.9883531406521797 4.335999999999999
    endloop
  endfacet
  facet normal 0 0 1
    outer loop
      vertex -2.648149460554123 2.648149460554123 4.335999999999999
      vertex -2.375833824276924 2.894961968064308 4.335999999999999
      vertex -2.4524780586361885 2.9883531406521797 4.335999999999999
    endloop
  endfacet
  facet normal -0.5956993012644104 0.8032075338747099 0
    outer loop
      vertex -2.4524780586361885 2.9883531406521797 4.1693333333333324
      vertex -2.147758826613426 3.2143483236432076 4.335999999999999
      vertex -2.147758826613426 3.2143483236432076 4.1693333333333324
    endloop
  endfacet
  facet normal 0 0 1
    outer loop
      vertex -2.4524780586361885 2.9883531406521797 4.335999999999999
      vertex -2.375833824276924 2.894961968064308 4.335999999999999
      vertex -2.147758826613426 3.2143483236432076 4.335999999999999
    endloop
  endfacet
  facet normal -0.5956993012644104 0.8032075338747099 0
    outer loop
      vertex -2.4524780586361885 2.9883531406521797 4.1693333333333324
      vertex -2.4524780586361885 2.9883531406521797 4.335999999999999
      vertex -2.147758826613426 3.2143483236432076 4.335999999999999
    endloop
  endfacet
  facet normal 0 0 1
    outer loop
      vertex -2.375833824276924 2.894961968064308 4.335999999999999
      vertex -2.0806376710534096 3.113894358277321 4.335999999999999
      vertex -2.147758826613426 3.2143483236432076 4.335999999999999
    endloop
  endfacet
  facet normal 0 0 1
    outer loop
      vertex -2.147758826613426 3.2143483236432076 4.335999999999999
      vertex -2.0806376710534096 3.113894358277321 4.335999999999999
      vertex -1.8223555982112885 3.4093875139951706 4.335999999999999
    endloop
  endfacet
  facet normal -0.5141027463304224 0.8577286087192832 0
    outer loop
      vertex -2.147758826613426 3.2143483236432076 4.1693333333333324
      vertex -2.147758826613426 3.2143483236432076 4.335999999999999
      vertex -1.8223555982112885 3.4093875139951706 4.335999999999999
    endloop
  endfacet
  facet normal -0.5141027463304224 0.8577286087192832 0
    outer loop
      vertex -2.147758826613426 3.2143483236432076 4.1693333333333324
      vertex -1.8223555982112885 3.4093875139951706 4.335999999999999
      vertex -1.8223555982112885 3.4093875139951706 4.1693333333333324
    endloop
  endfacet
  facet normal 0 0 1
    outer loop
      vertex -2.0806376710534096 3.113894358277321 4.335999999999999
      vertex -1.7654038220643997 3.302838258445263 4.335999999999999
      vertex -1.8223555982112885 3.4093875139951706 4.335999999999999
    endloop
  endfacet
  facet normal 0 0 1
    outer loop
      vertex -1.7654038220643997 3.302838258445263 4.335999999999999
      vertex -1.479402057826519 3.5715924501419067 4.335999999999999
      vertex -1.8223555982112885 3.4093875139951706 4.335999999999999
    endloop
  endfacet
  facet normal -0.42755507571869583 0.9039893015003995 0
    outer loop
      vertex -1.8223555982112885 3.4093875139951706 4.1693333333333324
      vertex -1.8223555982112885 3.4093875139951706 4.335999999999999
      vertex -1.479402057826519 3.5715924501419067 4.335999999999999
    endloop
  endfacet
  facet normal 0 0 1
    outer loop
      vertex -1.7654038220643997 3.302838258445263 4.335999999999999
      vertex -1.4331681728363037 3.4599740132689476 4.335999999999999
      vertex -1.479402057826519 3.5715924501419067 4.335999999999999
    endloop
  endfacet
  facet normal -0.42755507571869583 0.9039893015003995 0
    outer loop
      vertex -1.8223555982112885 3.4093875139951706 4.1693333333333324
      vertex -1.479402057826519 3.5715924501419067 4.335999999999999
      vertex -1.479402057826519 3.5715924501419067 4.1693333333333324
    endloop
  endfacet
  facet normal -0.33688986573368496 0.9415440607671741 0
    outer loop
      vertex -1.479402057826519 3.5715924501419067 4.1693333333333324
      vertex -1.1222010254859924 3.6994010284543037 4.335999999999999
      vertex -1.1222010254859924 3.6994010284543037 4.1693333333333324
    endloop
  endfacet
  facet normal 0 0 1
    outer loop
      vertex -1.4331681728363037 3.4599740132689476 4.335999999999999
      vertex -1.0871303081512451 3.5837883427739143 4.335999999999999
      vertex -1.479402057826519 3.5715924501419067 4.335999999999999
    endloop
  endfacet
  facet normal -0.33688986573368496 0.9415440607671741 0
    outer loop
      vertex -1.479402057826519 3.5715924501419067 4.1693333333333324
      vertex -1.479402057826519 3.5715924501419067 4.335999999999999
      vertex -1.1222010254859924 3.6994010284543037 4.335999999999999
    endloop
  endfacet
  facet normal 0 0 1
    outer loop
      vertex -1.479402057826519 3.5715924501419067 4.335999999999999
      vertex -1.0871303081512451 3.5837883427739143 4.335999999999999
      vertex -1.1222010254859924 3.6994010284543037 4.335999999999999
    endloop
  endfacet
  facet normal -0.24298017434368152 0.970031254587147 0
    outer loop
      vertex -1.1222010254859924 3.6994010284543037 4.1693333333333324
      vertex -0.7541925683617592 3.7915823459625244 4.335999999999999
      vertex -0.7541925683617592 3.7915823459625244 4.1693333333333324
    endloop
  endfacet
  facet normal -0.14673048222616641 0.9891765088120911 0
    outer loop
      vertex -0.7541925683617592 3.7915823459625244 4.1693333333333324
      vertex -0.37892094254493713 3.847248636186123 4.335999999999999
      vertex -0.37892094254493713 3.847248636186123 4.1693333333333324
    endloop
  endfacet
  facet normal 0 0 1
    outer loop
      vertex -1.0871303081512451 3.5837883427739143 4.335999999999999
      vertex -0.7306228280067444 3.6730888187885284 4.335999999999999
      vertex -1.1222010254859924 3.6994010284543037 4.335999999999999
    endloop
  endfacet
  facet normal -0.24298017434368152 0.970031254587147 0
    outer loop
      vertex -1.1222010254859924 3.6994010284543037 4.1693333333333324
      vertex -1.1222010254859924 3.6994010284543037 4.335999999999999
      vertex -0.7541925683617592 3.7915823459625244 4.335999999999999
    endloop
  endfacet
  facet normal 0 0 1
    outer loop
      vertex -1.1222010254859924 3.6994010284543037 4.335999999999999
      vertex -0.7306228280067444 3.6730888187885284 4.335999999999999
      vertex -0.367078997194767 3.7270154505968094 4.335999999999999
    endloop
  endfacet
  facet normal -0.14673048222616641 0.9891765088120911 0
    outer loop
      vertex -0.7541925683617592 3.7915823459625244 4.1693333333333324
      vertex -0.7541925683617592 3.7915823459625244 4.335999999999999
      vertex -0.37892094254493713 3.847248636186123 4.335999999999999
    endloop
  endfacet
  facet normal -0.04906767813005322 0.998795456018361 0
    outer loop
      vertex -0.37892094254493713 3.847248636186123 4.1693333333333324
      vertex 0 3.8658638298511505 4.335999999999999
      vertex 0 3.8658638298511505 4.1693333333333324
    endloop
  endfacet
  facet normal 0 0 1
    outer loop
      vertex -1.1222010254859924 3.6994010284543037 4.335999999999999
      vertex -0.367078997194767 3.7270154505968094 4.335999999999999
      vertex 0 3.745048888027668 4.335999999999999
    endloop
  endfacet
  facet normal 0 0 1
    outer loop
      vertex -1.1222010254859924 3.6994010284543037 4.335999999999999
      vertex 0.37892094254493713 3.847248636186123 4.335999999999999
      vertex -0.7541925683617592 3.7915823459625244 4.335999999999999
    endloop
  endfacet
  facet normal 0 0 1
    outer loop
      vertex -0.7541925683617592 3.7915823459625244 4.335999999999999
      vertex 0 3.8658638298511505 4.335999999999999
      vertex -0.37892094254493713 3.847248636186123 4.335999999999999
    endloop
  endfacet
  facet normal -0.04906767813005322 0.998795456018361 0
    outer loop
      vertex -0.37892094254493713 3.847248636186123 4.1693333333333324
      vertex -0.37892094254493713 3.847248636186123 4.335999999999999
      vertex 0 3.8658638298511505 4.335999999999999
    endloop
  endfacet
  facet normal 0 0 1
    outer loop
      vertex -1.1222010254859924 3.6994010284543037 4.335999999999999
      vertex 0 3.745048888027668 4.335999999999999
      vertex 0.7541925683617592 3.7915823459625244 4.335999999999999
    endloop
  endfacet
  facet normal 0 0 1
    outer loop
      vertex -0.7541925683617592 3.7915823459625244 4.335999999999999
      vertex 0.37892094254493713 3.847248636186123 4.335999999999999
      vertex 0 3.8658638298511505 4.335999999999999
    endloop
  endfacet
  facet normal 0.04906767813005322 -0.998795456018361 0
    outer loop
      vertex 0 -3.8658638298511505 4.1693333333333324
      vertex 0.37892094254493713 -3.847248636186123 4.1693333333333324
      vertex 0 -3.8658638298511505 4.335999999999999
    endloop
  endfacet
  facet normal 0 0 1
    outer loop
      vertex -0.37892094254493713 -3.847248636186123 4.335999999999999
      vertex 0 -3.8658638298511505 4.335999999999999
      vertex 0.7541925683617592 -3.7915823459625244 4.335999999999999
    endloop
  endfacet
  facet normal 0 0 1
    outer loop
      vertex -0.7541925683617592 -3.7915823459625244 4.335999999999999
      vertex 1.1222010254859924 -3.6994010284543037 4.335999999999999
      vertex 0 -3.745048888027668 4.335999999999999
    endloop
  endfacet
  facet normal 0.04906767813005322 -0.998795456018361 0
    outer loop
      vertex 0.37892094254493713 -3.847248636186123 4.1693333333333324
      vertex 0.37892094254493713 -3.847248636186123 4.335999999999999
      vertex 0 -3.8658638298511505 4.335999999999999
    endloop
  endfacet
  facet normal 0 0 1
    outer loop
      vertex 0 -3.8658638298511505 4.335999999999999
      vertex 0.37892094254493713 -3.847248636186123 4.335999999999999
      vertex 0.7541925683617592 -3.7915823459625244 4.335999999999999
    endloop
  endfacet
  facet normal 0 0 1
    outer loop
      vertex -0.37892094254493713 -3.847248636186123 4.335999999999999
      vertex 0.7541925683617592 -3.7915823459625244 4.335999999999999
      vertex 1.1222010254859924 -3.6994010284543037 4.335999999999999
    endloop
  endfacet
  facet normal 0 0 1
    outer loop
      vertex 0 -3.745048888027668 4.335999999999999
      vertex 1.1222010254859924 -3.6994010284543037 4.335999999999999
      vertex 0.367078997194767 -3.7270154505968094 4.335999999999999
    endloop
  endfacet
  facet normal 0.14673048222616641 -0.9891765088120911 0
    outer loop
      vertex 0.37892094254493713 -3.847248636186123 4.1693333333333324
      vertex 0.7541925683617592 -3.7915823459625244 4.1693333333333324
      vertex 0.37892094254493713 -3.847248636186123 4.335999999999999
    endloop
  endfacet
  facet normal 0.24298017434368152 -0.970031254587147 0
    outer loop
      vertex 0.7541925683617592 -3.7915823459625244 4.1693333333333324
      vertex 1.1222010254859924 -3.6994010284543037 4.1693333333333324
      vertex 0.7541925683617592 -3.7915823459625244 4.335999999999999
    endloop
  endfacet
  facet normal 0.14673048222616641 -0.9891765088120911 0
    outer loop
      vertex 0.7541925683617592 -3.7915823459625244 4.1693333333333324
      vertex 0.7541925683617592 -3.7915823459625244 4.335999999999999
      vertex 0.37892094254493713 -3.847248636186123 4.335999999999999
    endloop
  endfacet
  facet normal 0 0 1
    outer loop
      vertex 0.367078997194767 -3.7270154505968094 4.335999999999999
      vertex 1.1222010254859924 -3.6994010284543037 4.335999999999999
      vertex 0.7306228280067444 -3.6730888187885284 4.335999999999999
    endloop
  endfacet
  facet normal 0.24298017434368152 -0.970031254587147 0
    outer loop
      vertex 0.7541925683617592 -3.7915823459625244 4.335999999999999
      vertex 1.1222010254859924 -3.6994010284543037 4.1693333333333324
      vertex 1.1222010254859924 -3.6994010284543037 4.335999999999999
    endloop
  endfacet
  facet normal 0 0 1
    outer loop
      vertex 0.7306228280067444 -3.6730888187885284 4.335999999999999
      vertex 1.1222010254859924 -3.6994010284543037 4.335999999999999
      vertex 1.0871303081512451 -3.5837883427739143 4.335999999999999
    endloop
  endfacet
  facet normal 0.33688986573368496 -0.9415440607671741 0
    outer loop
      vertex 1.1222010254859924 -3.6994010284543037 4.1693333333333324
      vertex 1.479402057826519 -3.5715924501419067 4.1693333333333324
      vertex 1.1222010254859924 -3.6994010284543037 4.335999999999999
    endloop
  endfacet
  facet normal 0 0 1
    outer loop
      vertex 1.1222010254859924 -3.6994010284543037 4.335999999999999
      vertex 1.479402057826519 -3.5715924501419067 4.335999999999999
      vertex 1.0871303081512451 -3.5837883427739143 4.335999999999999
    endloop
  endfacet
  facet normal 0.33688986573368496 -0.9415440607671741 0
    outer loop
      vertex 1.479402057826519 -3.5715924501419067 4.1693333333333324
      vertex 1.479402057826519 -3.5715924501419067 4.335999999999999
      vertex 1.1222010254859924 -3.6994010284543037 4.335999999999999
    endloop
  endfacet
  facet normal 0 0 1
    outer loop
      vertex 1.0871303081512451 -3.5837883427739143 4.335999999999999
      vertex 1.479402057826519 -3.5715924501419067 4.335999999999999
      vertex 1.4331681728363037 -3.4599740132689476 4.335999999999999
    endloop
  endfacet
  facet normal 0.42755507571869583 -0.9039893015003995 0
    outer loop
      vertex 1.479402057826519 -3.5715924501419067 4.1693333333333324
      vertex 1.8223555982112885 -3.4093875139951706 4.1693333333333324
      vertex 1.479402057826519 -3.5715924501419067 4.335999999999999
    endloop
  endfacet
  facet normal 0.5141027463304224 -0.8577286087192832 0
    outer loop
      vertex 1.8223555982112885 -3.4093875139951706 4.1693333333333324
      vertex 2.147758826613426 -3.2143483236432076 4.1693333333333324
      vertex 1.8223555982112885 -3.4093875139951706 4.335999999999999
    endloop
  endfacet
  facet normal 0 0 1
    outer loop
      vertex 1.479402057826519 -3.5715924501419067 4.335999999999999
      vertex 1.7654038220643997 -3.302838258445263 4.335999999999999
      vertex 1.4331681728363037 -3.4599740132689476 4.335999999999999
    endloop
  endfacet
  facet normal 0.42755507571869583 -0.9039893015003995 0
    outer loop
      vertex 1.8223555982112885 -3.4093875139951706 4.1693333333333324
      vertex 1.8223555982112885 -3.4093875139951706 4.335999999999999
      vertex 1.479402057826519 -3.5715924501419067 4.335999999999999
    endloop
  endfacet
  facet normal 0 0 1
    outer loop
      vertex 1.479402057826519 -3.5715924501419067 4.335999999999999
      vertex 1.8223555982112885 -3.4093875139951706 4.335999999999999
      vertex 1.7654038220643997 -3.302838258445263 4.335999999999999
    endloop
  endfacet
  facet normal 0 0 1
    outer loop
      vertex 1.8223555982112885 -3.4093875139951706 4.335999999999999
      vertex 2.0806376710534096 -3.113894358277321 4.335999999999999
      vertex 1.7654038220643997 -3.302838258445263 4.335999999999999
    endloop
  endfacet
  facet normal 0.5956993012644104 -0.8032075338747099 0
    outer loop
      vertex 2.147758826613426 -3.2143483236432076 4.1693333333333324
      vertex 2.4524780586361885 -2.9883531406521797 4.1693333333333324
      vertex 2.147758826613426 -3.2143483236432076 4.335999999999999
    endloop
  endfacet
  facet normal 0.5141027463304224 -0.8577286087192832 0
    outer loop
      vertex 1.8223555982112885 -3.4093875139951706 4.335999999999999
      vertex 2.147758826613426 -3.2143483236432076 4.1693333333333324
      vertex 2.147758826613426 -3.2143483236432076 4.335999999999999
    endloop
  endfacet
  facet normal 0 0 1
    outer loop
      vertex 1.8223555982112885 -3.4093875139951706 4.335999999999999
      vertex 2.147758826613426 -3.2143483236432076 4.335999999999999
      vertex 2.0806376710534096 -3.113894358277321 4.335999999999999
    endloop
  endfacet
  facet normal 0 0 1
    outer loop
      vertex 2.0806376710534096 -3.113894358277321 4.335999999999999
      vertex 2.147758826613426 -3.2143483236432076 4.335999999999999
      vertex 2.375833824276924 -2.894961968064308 4.335999999999999
    endloop
  endfacet
  facet normal 0.5956993012644104 -0.8032075338747099 0
    outer loop
      vertex 2.147758826613426 -3.2143483236432076 4.335999999999999
      vertex 2.4524780586361885 -2.9883531406521797 4.1693333333333324
      vertex 2.4524780586361885 -2.9883531406521797 4.335999999999999
    endloop
  endfacet
  facet normal 0 0 1
    outer loop
      vertex 2.147758826613426 -3.2143483236432076 4.335999999999999
      vertex 2.4524780586361885 -2.9883531406521797 4.335999999999999
      vertex 2.375833824276924 -2.894961968064308 4.335999999999999
    endloop
  endfacet
  facet normal 0 0 1
    outer loop
      vertex 2.375833824276924 -2.894961968064308 4.335999999999999
      vertex 2.4524780586361885 -2.9883531406521797 4.335999999999999
      vertex 2.648149460554123 -2.648149460554123 4.335999999999999
    endloop
  endfacet
  facet normal 0.6715589794986293 -0.7409511030120408 0
    outer loop
      vertex 2.4524780586361885 -2.9883531406521797 4.1693333333333324
      vertex 2.7335785180330276 -2.7335785180330276 4.1693333333333324
      vertex 2.4524780586361885 -2.9883531406521797 4.335999999999999
    endloop
  endfacet
  facet normal 0.7409511030120408 -0.6715589794986293 0
    outer loop
      vertex 2.7335785180330276 -2.7335785180330276 4.1693333333333324
      vertex 2.9883531406521797 -2.4524780586361885 4.1693333333333324
      vertex 2.7335785180330276 -2.7335785180330276 4.335999999999999
    endloop
  endfacet
  facet normal 0 0 1
    outer loop
      vertex 2.4524780586361885 -2.9883531406521797 4.335999999999999
      vertex 2.7335785180330276 -2.7335785180330276 4.335999999999999
      vertex 2.648149460554123 -2.648149460554123 4.335999999999999
    endloop
  endfacet
  facet normal 0.6715589794986293 -0.7409511030120408 0
    outer loop
      vertex 2.7335785180330276 -2.7335785180330276 4.1693333333333324
      vertex 2.7335785180330276 -2.7335785180330276 4.335999999999999
      vertex 2.4524780586361885 -2.9883531406521797 4.335999999999999
    endloop
  endfacet
  facet normal 0 0 1
    outer loop
      vertex 2.648149460554123 -2.648149460554123 4.335999999999999
      vertex 2.7335785180330276 -2.7335785180330276 4.335999999999999
      vertex 2.894961968064308 -2.375833824276924 4.335999999999999
    endloop
  endfacet
  facet normal 0 0 1
    outer loop
      vertex 2.7335785180330276 -2.7335785180330276 4.335999999999999
      vertex 2.9883531406521797 -2.4524780586361885 4.335999999999999
      vertex 2.894961968064308 -2.375833824276924 4.335999999999999
    endloop
  endfacet
  facet normal 0.7409511030120408 -0.6715589794986293 0
    outer loop
      vertex 2.9883531406521797 -2.4524780586361885 4.1693333333333324
      vertex 2.9883531406521797 -2.4524780586361885 4.335999999999999
      vertex 2.7335785180330276 -2.7335785180330276 4.335999999999999
    endloop
  endfacet
  facet normal 0 0 1
    outer loop
      vertex 2.894961968064308 -2.375833824276924 4.335999999999999
      vertex 2.9883531406521797 -2.4524780586361885 4.335999999999999
      vertex 3.113894358277321 -2.0806376710534096 4.335999999999999
    endloop
  endfacet
  facet normal 0.8032075338747099 -0.5956993012644104 0
    outer loop
      vertex 2.9883531406521797 -2.4524780586361885 4.1693333333333324
      vertex 3.2143483236432076 -2.147758826613426 4.1693333333333324
      vertex 2.9883531406521797 -2.4524780586361885 4.335999999999999
    endloop
  endfacet
  facet normal 0.8577286087192832 -0.5141027463304224 0
    outer loop
      vertex 3.2143483236432076 -2.147758826613426 4.1693333333333324
      vertex 3.4093875139951706 -1.8223555982112885 4.1693333333333324
      vertex 3.2143483236432076 -2.147758826613426 4.335999999999999
    endloop
  endfacet
  facet normal 0 0 1
    outer loop
      vertex 2.9883531406521797 -2.4524780586361885 4.335999999999999
      vertex 3.2143483236432076 -2.147758826613426 4.335999999999999
      vertex 3.113894358277321 -2.0806376710534096 4.335999999999999
    endloop
  endfacet
  facet normal 0.8032075338747099 -0.5956993012644104 0
    outer loop
      vertex 2.9883531406521797 -2.4524780586361885 4.335999999999999
      vertex 3.2143483236432076 -2.147758826613426 4.1693333333333324
      vertex 3.2143483236432076 -2.147758826613426 4.335999999999999
    endloop
  endfacet
  facet normal 0.9039893015003995 -0.42755507571869583 0
    outer loop
      vertex 3.4093875139951706 -1.8223555982112885 4.1693333333333324
      vertex 3.5715924501419067 -1.479402057826519 4.1693333333333324
      vertex 3.4093875139951706 -1.8223555982112885 4.335999999999999
    endloop
  endfacet
  facet normal 0 0 1
    outer loop
      vertex 3.113894358277321 -2.0806376710534096 4.335999999999999
      vertex 3.2143483236432076 -2.147758826613426 4.335999999999999
      vertex 3.302838258445263 -1.7654038220643997 4.335999999999999
    endloop
  endfacet
  facet normal 0 0 1
    outer loop
      vertex 3.2143483236432076 -2.147758826613426 4.335999999999999
      vertex 3.4093875139951706 -1.8223555982112885 4.335999999999999
      vertex 3.302838258445263 -1.7654038220643997 4.335999999999999
    endloop
  endfacet
  facet normal 0.8577286087192832 -0.5141027463304224 0
    outer loop
      vertex 3.2143483236432076 -2.147758826613426 4.335999999999999
      vertex 3.4093875139951706 -1.8223555982112885 4.1693333333333324
      vertex 3.4093875139951706 -1.8223555982112885 4.335999999999999
    endloop
  endfacet
  facet normal 0 0 1
    outer loop
      vertex 3.302838258445263 -1.7654038220643997 4.335999999999999
      vertex 3.4093875139951706 -1.8223555982112885 4.335999999999999
      vertex 3.4599740132689476 -1.4331681728363037 4.335999999999999
    endloop
  endfacet
  facet normal 0 0 1
    outer loop
      vertex 3.4093875139951706 -1.8223555982112885 4.335999999999999
      vertex 3.5715924501419067 -1.479402057826519 4.335999999999999
      vertex 3.4599740132689476 -1.4331681728363037 4.335999999999999
    endloop
  endfacet
  facet normal 0.9039893015003995 -0.42755507571869583 0
    outer loop
      vertex 3.5715924501419067 -1.479402057826519 4.1693333333333324
      vertex 3.5715924501419067 -1.479402057826519 4.335999999999999
      vertex 3.4093875139951706 -1.8223555982112885 4.335999999999999
    endloop
  endfacet
  facet normal 0.9415440607671741 -0.33688986573368496 0
    outer loop
      vertex 3.5715924501419067 -1.479402057826519 4.1693333333333324
      vertex 3.6994010284543037 -1.1222010254859924 4.1693333333333324
      vertex 3.5715924501419067 -1.479402057826519 4.335999999999999
    endloop
  endfacet
  facet normal 0 0 1
    outer loop
      vertex 3.4599740132689476 -1.4331681728363037 4.335999999999999
      vertex 3.5715924501419067 -1.479402057826519 4.335999999999999
      vertex 3.5837883427739143 -1.0871303081512451 4.335999999999999
    endloop
  endfacet
  facet normal 0 0 1
    outer loop
      vertex 3.5715924501419067 -1.479402057826519 4.335999999999999
      vertex 3.6994010284543037 -1.1222010254859924 4.335999999999999
      vertex 3.5837883427739143 -1.0871303081512451 4.335999999999999
    endloop
  endfacet
  facet normal 0.9415440607671741 -0.33688986573368496 0
    outer loop
      vertex 3.6994010284543037 -1.1222010254859924 4.1693333333333324
      vertex 3.6994010284543037 -1.1222010254859924 4.335999999999999
      vertex 3.5715924501419067 -1.479402057826519 4.335999999999999
    endloop
  endfacet
  facet normal 0.970031254587147 -0.24298017434368152 0
    outer loop
      vertex 3.6994010284543037 -1.1222010254859924 4.1693333333333324
      vertex 3.7915823459625244 -0.7541925683617592 4.1693333333333324
      vertex 3.6994010284543037 -1.1222010254859924 4.335999999999999
    endloop
  endfacet
  facet normal 0.9891765088120911 -0.14673048222616641 0
    outer loop
      vertex 3.7915823459625244 -0.7541925683617592 4.1693333333333324
      vertex 3.847248636186123 -0.37892094254493713 4.1693333333333324
      vertex 3.7915823459625244 -0.7541925683617592 4.335999999999999
    endloop
  endfacet
  facet normal 0 0 1
    outer loop
      vertex 3.5837883427739143 -1.0871303081512451 4.335999999999999
      vertex 3.6994010284543037 -1.1222010254859924 4.335999999999999
      vertex 3.6730888187885284 -0.7306228280067444 4.335999999999999
    endloop
  endfacet
  facet normal 0 0 1
    outer loop
      vertex 3.6994010284543037 -1.1222010254859924 4.335999999999999
      vertex 3.7915823459625244 -0.7541925683617592 4.335999999999999
      vertex 3.6730888187885284 -0.7306228280067444 4.335999999999999
    endloop
  endfacet
  facet normal 0 0 1
    outer loop
      vertex 3.6730888187885284 -0.7306228280067444 4.335999999999999
      vertex 3.7915823459625244 -0.7541925683617592 4.335999999999999
      vertex 3.7270154505968094 -0.367078997194767 4.335999999999999
    endloop
  endfacet
  facet normal 0.970031254587147 -0.24298017434368152 0
    outer loop
      vertex 3.6994010284543037 -1.1222010254859924 4.335999999999999
      vertex 3.7915823459625244 -0.7541925683617592 4.1693333333333324
      vertex 3.7915823459625244 -0.7541925683617592 4.335999999999999
    endloop
  endfacet
  facet normal 0 0 1
    outer loop
      vertex 3.7915823459625244 -0.7541925683617592 4.335999999999999
      vertex 3.847248636186123 -0.37892094254493713 4.335999999999999
      vertex 3.7270154505968094 -0.367078997194767 4.335999999999999
    endloop
  endfacet
  facet normal 0.9891765088120911 -0.14673048222616641 0
    outer loop
      vertex 3.847248636186123 -0.37892094254493713 4.1693333333333324
      vertex 3.847248636186123 -0.37892094254493713 4.335999999999999
      vertex 3.7915823459625244 -0.7541925683617592 4.335999999999999
    endloop
  endfacet
  facet normal 0.998795456018361 -0.04906767813005322 0
    outer loop
      vertex 3.847248636186123 -0.37892094254493713 4.1693333333333324
      vertex 3.8658638298511505 0 4.1693333333333324
      vertex 3.847248636186123 -0.37892094254493713 4.335999999999999
    endloop
  endfacet
  facet normal 0 0 1
    outer loop
      vertex 3.7270154505968094 -0.367078997194767 4.335999999999999
      vertex 3.847248636186123 -0.37892094254493713 4.335999999999999
      vertex 3.745048888027668 0 4.335999999999999
    endloop
  endfacet
  facet normal 0.998795456018361 -0.04906767813005322 0
    outer loop
      vertex 3.847248636186123 -0.37892094254493713 4.335999999999999
      vertex 3.8658638298511505 0 4.1693333333333324
      vertex 3.8658638298511505 0 4.335999999999999
    endloop
  endfacet
  facet normal 0 0 1
    outer loop
      vertex 3.847248636186123 -0.37892094254493713 4.335999999999999
      vertex 3.8658638298511505 0 4.335999999999999
      vertex 3.745048888027668 0 4.335999999999999
    endloop
  endfacet
  facet normal 0.04906767813005322 0.998795456018361 0
    outer loop
      vertex 0 3.8658638298511505 4.1693333333333324
      vertex 0.37892094254493713 3.847248636186123 4.335999999999999
      vertex 0.37892094254493713 3.847248636186123 4.1693333333333324
    endloop
  endfacet
  facet normal 0 0 1
    outer loop
      vertex -1.1222010254859924 3.6994010284543037 4.335999999999999
      vertex 0.7541925683617592 3.7915823459625244 4.335999999999999
      vertex 0.37892094254493713 3.847248636186123 4.335999999999999
    endloop
  endfacet
  facet normal 0.04906767813005322 0.998795456018361 0
    outer loop
      vertex 0 3.8658638298511505 4.1693333333333324
      vertex 0 3.8658638298511505 4.335999999999999
      vertex 0.37892094254493713 3.847248636186123 4.335999999999999
    endloop
  endfacet
  facet normal 0 0 1
    outer loop
      vertex 0 3.745048888027668 4.335999999999999
      vertex 0.367078997194767 3.7270154505968094 4.335999999999999
      vertex 0.7541925683617592 3.7915823459625244 4.335999999999999
    endloop
  endfacet
  facet normal 0.14673048222616641 0.9891765088120911 0
    outer loop
      vertex 0.37892094254493713 3.847248636186123 4.1693333333333324
      vertex 0.7541925683617592 3.7915823459625244 4.335999999999999
      vertex 0.7541925683617592 3.7915823459625244 4.1693333333333324
    endloop
  endfacet
  facet normal 0.24298017434368152 0.970031254587147 0
    outer loop
      vertex 0.7541925683617592 3.7915823459625244 4.1693333333333324
      vertex 1.1222010254859924 3.6994010284543037 4.335999999999999
      vertex 1.1222010254859924 3.6994010284543037 4.1693333333333324
    endloop
  endfacet
  facet normal 0 0 1
    outer loop
      vertex 0.367078997194767 3.7270154505968094 4.335999999999999
      vertex 0.7306228280067444 3.6730888187885284 4.335999999999999
      vertex 1.1222010254859924 3.6994010284543037 4.335999999999999
    endloop
  endfacet
  facet normal 0 0 1
    outer loop
      vertex 0.367078997194767 3.7270154505968094 4.335999999999999
      vertex 1.1222010254859924 3.6994010284543037 4.335999999999999
      vertex 0.7541925683617592 3.7915823459625244 4.335999999999999
    endloop
  endfacet
  facet normal 0.14673048222616641 0.9891765088120911 0
    outer loop
      vertex 0.37892094254493713 3.847248636186123 4.1693333333333324
      vertex 0.37892094254493713 3.847248636186123 4.335999999999999
      vertex 0.7541925683617592 3.7915823459625244 4.335999999999999
    endloop
  endfacet
  facet normal 0 0 1
    outer loop
      vertex 0.7306228280067444 3.6730888187885284 4.335999999999999
      vertex 1.0871303081512451 3.5837883427739143 4.335999999999999
      vertex 1.1222010254859924 3.6994010284543037 4.335999999999999
    endloop
  endfacet
  facet normal 0.24298017434368152 0.970031254587147 0
    outer loop
      vertex 0.7541925683617592 3.7915823459625244 4.1693333333333324
      vertex 0.7541925683617592 3.7915823459625244 4.335999999999999
      vertex 1.1222010254859924 3.6994010284543037 4.335999999999999
    endloop
  endfacet
  facet normal 0.33688986573368496 0.9415440607671741 0
    outer loop
      vertex 1.1222010254859924 3.6994010284543037 4.1693333333333324
      vertex 1.479402057826519 3.5715924501419067 4.335999999999999
      vertex 1.479402057826519 3.5715924501419067 4.1693333333333324
    endloop
  endfacet
  facet normal 0 0 1
    outer loop
      vertex 1.0871303081512451 3.5837883427739143 4.335999999999999
      vertex 1.479402057826519 3.5715924501419067 4.335999999999999
      vertex 1.1222010254859924 3.6994010284543037 4.335999999999999
    endloop
  endfacet
  facet normal 0.33688986573368496 0.9415440607671741 0
    outer loop
      vertex 1.1222010254859924 3.6994010284543037 4.1693333333333324
      vertex 1.1222010254859924 3.6994010284543037 4.335999999999999
      vertex 1.479402057826519 3.5715924501419067 4.335999999999999
    endloop
  endfacet
  facet normal 0 0 1
    outer loop
      vertex 1.4331681728363037 3.4599740132689476 4.335999999999999
      vertex 1.479402057826519 3.5715924501419067 4.335999999999999
      vertex 1.0871303081512451 3.5837883427739143 4.335999999999999
    endloop
  endfacet
  facet normal 0.42755507571869583 0.9039893015003995 0
    outer loop
      vertex 1.479402057826519 3.5715924501419067 4.1693333333333324
      vertex 1.8223555982112885 3.4093875139951706 4.335999999999999
      vertex 1.8223555982112885 3.4093875139951706 4.1693333333333324
    endloop
  endfacet
  facet normal 0 0 1
    outer loop
      vertex 1.4331681728363037 3.4599740132689476 4.335999999999999
      vertex 1.8223555982112885 3.4093875139951706 4.335999999999999
      vertex 1.479402057826519 3.5715924501419067 4.335999999999999
    endloop
  endfacet
  facet normal 0 0 1
    outer loop
      vertex 1.4331681728363037 3.4599740132689476 4.335999999999999
      vertex 1.7654038220643997 3.302838258445263 4.335999999999999
      vertex 1.8223555982112885 3.4093875139951706 4.335999999999999
    endloop
  endfacet
  facet normal 0 0 1
    outer loop
      vertex 1.7654038220643997 3.302838258445263 4.335999999999999
      vertex 2.0806376710534096 3.113894358277321 4.335999999999999
      vertex 2.147758826613426 3.2143483236432076 4.335999999999999
    endloop
  endfacet
  facet normal 0 0 1
    outer loop
      vertex 1.7654038220643997 3.302838258445263 4.335999999999999
      vertex 2.147758826613426 3.2143483236432076 4.335999999999999
      vertex 1.8223555982112885 3.4093875139951706 4.335999999999999
    endloop
  endfacet
  facet normal 0.5141027463304224 0.8577286087192832 0
    outer loop
      vertex 1.8223555982112885 3.4093875139951706 4.1693333333333324
      vertex 1.8223555982112885 3.4093875139951706 4.335999999999999
      vertex 2.147758826613426 3.2143483236432076 4.335999999999999
    endloop
  endfacet
  facet normal 0.42755507571869583 0.9039893015003995 0
    outer loop
      vertex 1.479402057826519 3.5715924501419067 4.1693333333333324
      vertex 1.479402057826519 3.5715924501419067 4.335999999999999
      vertex 1.8223555982112885 3.4093875139951706 4.335999999999999
    endloop
  endfacet
  facet normal 0.998795456018361 0.04906767813005322 0
    outer loop
      vertex 3.8658638298511505 0 4.1693333333333324
      vertex 3.847248636186123 0.37892094254493713 4.1693333333333324
      vertex 3.8658638298511505 0 4.335999999999999
    endloop
  endfacet
  facet normal 0 0 1
    outer loop
      vertex 3.7270154505968094 0.367078997194767 4.335999999999999
      vertex 3.847248636186123 0.37892094254493713 4.335999999999999
      vertex 3.6730888187885284 0.7306228280067444 4.335999999999999
    endloop
  endfacet
  facet normal 0 0 1
    outer loop
      vertex 3.745048888027668 0 4.335999999999999
      vertex 3.8658638298511505 0 4.335999999999999
      vertex 3.7270154505968094 0.367078997194767 4.335999999999999
    endloop
  endfacet
  facet normal 0 0 1
    outer loop
      vertex 3.7270154505968094 0.367078997194767 4.335999999999999
      vertex 3.8658638298511505 0 4.335999999999999
      vertex 3.847248636186123 0.37892094254493713 4.335999999999999
    endloop
  endfacet
  facet normal 0.998795456018361 0.04906767813005322 0
    outer loop
      vertex 3.847248636186123 0.37892094254493713 4.1693333333333324
      vertex 3.847248636186123 0.37892094254493713 4.335999999999999
      vertex 3.8658638298511505 0 4.335999999999999
    endloop
  endfacet
  facet normal 0.9891765088120911 0.14673048222616641 0
    outer loop
      vertex 3.847248636186123 0.37892094254493713 4.1693333333333324
      vertex 3.7915823459625244 0.7541925683617592 4.1693333333333324
      vertex 3.847248636186123 0.37892094254493713 4.335999999999999
    endloop
  endfacet
  facet normal 0.970031254587147 0.24298017434368152 0
    outer loop
      vertex 3.7915823459625244 0.7541925683617592 4.1693333333333324
      vertex 3.6994010284543037 1.1222010254859924 4.1693333333333324
      vertex 3.7915823459625244 0.7541925683617592 4.335999999999999
    endloop
  endfacet
  facet normal 0 0 1
    outer loop
      vertex 3.6730888187885284 0.7306228280067444 4.335999999999999
      vertex 3.7915823459625244 0.7541925683617592 4.335999999999999
      vertex 3.5837883427739143 1.0871303081512451 4.335999999999999
    endloop
  endfacet
  facet normal 0.970031254587147 0.24298017434368152 0
    outer loop
      vertex 3.7915823459625244 0.7541925683617592 4.335999999999999
      vertex 3.6994010284543037 1.1222010254859924 4.1693333333333324
      vertex 3.6994010284543037 1.1222010254859924 4.335999999999999
    endloop
  endfacet
  facet normal 0 0 1
    outer loop
      vertex 3.7915823459625244 0.7541925683617592 4.335999999999999
      vertex 3.6994010284543037 1.1222010254859924 4.335999999999999
      vertex 3.5837883427739143 1.0871303081512451 4.335999999999999
    endloop
  endfacet
  facet normal 0 0 1
    outer loop
      vertex 3.847248636186123 0.37892094254493713 4.335999999999999
      vertex 3.7915823459625244 0.7541925683617592 4.335999999999999
      vertex 3.6730888187885284 0.7306228280067444 4.335999999999999
    endloop
  endfacet
  facet normal 0.9891765088120911 0.14673048222616641 0
    outer loop
      vertex 3.7915823459625244 0.7541925683617592 4.1693333333333324
      vertex 3.7915823459625244 0.7541925683617592 4.335999999999999
      vertex 3.847248636186123 0.37892094254493713 4.335999999999999
    endloop
  endfacet
  facet normal 0.8577286087192832 0.5141027463304224 0
    outer loop
      vertex 3.4093875139951706 1.8223555982112885 4.1693333333333324
      vertex 3.2143483236432076 2.147758826613426 4.1693333333333324
      vertex 3.4093875139951706 1.8223555982112885 4.335999999999999
    endloop
  endfacet
  facet normal 0 0 1
    outer loop
      vertex 3.4599740132689476 1.4331681728363037 4.335999999999999
      vertex 3.5715924501419067 1.479402057826519 4.335999999999999
      vertex 3.302838258445263 1.7654038220643997 4.335999999999999
    endloop
  endfacet
  facet normal 0 0 1
    outer loop
      vertex 3.302838258445263 1.7654038220643997 4.335999999999999
      vertex 3.5715924501419067 1.479402057826519 4.335999999999999
      vertex 3.4093875139951706 1.8223555982112885 4.335999999999999
    endloop
  endfacet
  facet normal 0.9039893015003995 0.42755507571869583 0
    outer loop
      vertex 3.4093875139951706 1.8223555982112885 4.1693333333333324
      vertex 3.4093875139951706 1.8223555982112885 4.335999999999999
      vertex 3.5715924501419067 1.479402057826519 4.335999999999999
    endloop
  endfacet
  facet normal 0 0 1
    outer loop
      vertex 3.302838258445263 1.7654038220643997 4.335999999999999
      vertex 3.4093875139951706 1.8223555982112885 4.335999999999999
      vertex 3.113894358277321 2.0806376710534096 4.335999999999999
    endloop
  endfacet
  facet normal 0.9415440607671741 0.33688986573368496 0
    outer loop
      vertex 3.6994010284543037 1.1222010254859924 4.1693333333333324
      vertex 3.5715924501419067 1.479402057826519 4.1693333333333324
      vertex 3.6994010284543037 1.1222010254859924 4.335999999999999
    endloop
  endfacet
  facet normal 0 0 1
    outer loop
      vertex 3.4599740132689476 1.4331681728363037 4.335999999999999
      vertex 3.5837883427739143 1.0871303081512451 4.335999999999999
      vertex 3.6994010284543037 1.1222010254859924 4.335999999999999
    endloop
  endfacet
  facet normal 0.9415440607671741 0.33688986573368496 0
    outer loop
      vertex 3.5715924501419067 1.479402057826519 4.1693333333333324
      vertex 3.5715924501419067 1.479402057826519 4.335999999999999
      vertex 3.6994010284543037 1.1222010254859924 4.335999999999999
    endloop
  endfacet
  facet normal 0 0 1
    outer loop
      vertex 3.4599740132689476 1.4331681728363037 4.335999999999999
      vertex 3.6994010284543037 1.1222010254859924 4.335999999999999
      vertex 3.5715924501419067 1.479402057826519 4.335999999999999
    endloop
  endfacet
  facet normal 0.9039893015003995 0.42755507571869583 0
    outer loop
      vertex 3.4093875139951706 1.8223555982112885 4.1693333333333324
      vertex 3.5715924501419067 1.479402057826519 4.335999999999999
      vertex 3.5715924501419067 1.479402057826519 4.1693333333333324
    endloop
  endfacet
  facet normal 0 0 1
    outer loop
      vertex 2.375833824276924 2.894961968064308 4.335999999999999
      vertex 2.4524780586361885 2.9883531406521797 4.335999999999999
      vertex 2.0806376710534096 3.113894358277321 4.335999999999999
    endloop
  endfacet
  facet normal 0 0 1
    outer loop
      vertex 2.894961968064308 2.375833824276924 4.335999999999999
      vertex 2.9883531406521797 2.4524780586361885 4.335999999999999
      vertex 2.648149460554123 2.648149460554123 4.335999999999999
    endloop
  endfacet
  facet normal 0.6715589794986293 0.7409511030120408 0
    outer loop
      vertex 2.4524780586361885 2.9883531406521797 4.1693333333333324
      vertex 2.7335785180330276 2.7335785180330276 4.335999999999999
      vertex 2.7335785180330276 2.7335785180330276 4.1693333333333324
    endloop
  endfacet
  facet normal 0.7409511030120408 0.6715589794986293 0
    outer loop
      vertex 2.9883531406521797 2.4524780586361885 4.1693333333333324
      vertex 2.7335785180330276 2.7335785180330276 4.1693333333333324
      vertex 2.9883531406521797 2.4524780586361885 4.335999999999999
    endloop
  endfacet
  facet normal 0 0 1
    outer loop
      vertex 2.375833824276924 2.894961968064308 4.335999999999999
      vertex 2.7335785180330276 2.7335785180330276 4.335999999999999
      vertex 2.4524780586361885 2.9883531406521797 4.335999999999999
    endloop
  endfacet
  facet normal 0 0 1
    outer loop
      vertex 2.375833824276924 2.894961968064308 4.335999999999999
      vertex 2.648149460554123 2.648149460554123 4.335999999999999
      vertex 2.7335785180330276 2.7335785180330276 4.335999999999999
    endloop
  endfacet
  facet normal 0.6715589794986293 0.7409511030120408 0
    outer loop
      vertex 2.4524780586361885 2.9883531406521797 4.1693333333333324
      vertex 2.4524780586361885 2.9883531406521797 4.335999999999999
      vertex 2.7335785180330276 2.7335785180330276 4.335999999999999
    endloop
  endfacet
  facet normal 0 0 1
    outer loop
      vertex 2.9883531406521797 2.4524780586361885 4.335999999999999
      vertex 2.7335785180330276 2.7335785180330276 4.335999999999999
      vertex 2.648149460554123 2.648149460554123 4.335999999999999
    endloop
  endfacet
  facet normal 0.7409511030120408 0.6715589794986293 0
    outer loop
      vertex 2.7335785180330276 2.7335785180330276 4.1693333333333324
      vertex 2.7335785180330276 2.7335785180330276 4.335999999999999
      vertex 2.9883531406521797 2.4524780586361885 4.335999999999999
    endloop
  endfacet
  facet normal 0.5141027463304224 0.8577286087192832 0
    outer loop
      vertex 1.8223555982112885 3.4093875139951706 4.1693333333333324
      vertex 2.147758826613426 3.2143483236432076 4.335999999999999
      vertex 2.147758826613426 3.2143483236432076 4.1693333333333324
    endloop
  endfacet
  facet normal 0.5956993012644104 0.8032075338747099 0
    outer loop
      vertex 2.4524780586361885 2.9883531406521797 4.1693333333333324
      vertex 2.147758826613426 3.2143483236432076 4.1693333333333324
      vertex 2.4524780586361885 2.9883531406521797 4.335999999999999
    endloop
  endfacet
  facet normal 0 0 1
    outer loop
      vertex 2.4524780586361885 2.9883531406521797 4.335999999999999
      vertex 2.147758826613426 3.2143483236432076 4.335999999999999
      vertex 2.0806376710534096 3.113894358277321 4.335999999999999
    endloop
  endfacet
  facet normal 0.5956993012644104 0.8032075338747099 0
    outer loop
      vertex 2.4524780586361885 2.9883531406521797 4.335999999999999
      vertex 2.147758826613426 3.2143483236432076 4.1693333333333324
      vertex 2.147758826613426 3.2143483236432076 4.335999999999999
    endloop
  endfacet
  facet normal 0.8032075338747099 0.5956993012644104 0
    outer loop
      vertex 2.9883531406521797 2.4524780586361885 4.1693333333333324
      vertex 3.2143483236432076 2.147758826613426 4.335999999999999
      vertex 3.2143483236432076 2.147758826613426 4.1693333333333324
    endloop
  endfacet
  facet normal 0 0 1
    outer loop
      vertex 2.894961968064308 2.375833824276924 4.335999999999999
      vertex 3.113894358277321 2.0806376710534096 4.335999999999999
      vertex 3.2143483236432076 2.147758826613426 4.335999999999999
    endloop
  endfacet
  facet normal 0 0 1
    outer loop
      vertex 3.4093875139951706 1.8223555982112885 4.335999999999999
      vertex 3.2143483236432076 2.147758826613426 4.335999999999999
      vertex 3.113894358277321 2.0806376710534096 4.335999999999999
    endloop
  endfacet
  facet normal 0 0 1
    outer loop
      vertex 2.894961968064308 2.375833824276924 4.335999999999999
      vertex 3.2143483236432076 2.147758826613426 4.335999999999999
      vertex 2.9883531406521797 2.4524780586361885 4.335999999999999
    endloop
  endfacet
  facet normal 0.8032075338747099 0.5956993012644104 0
    outer loop
      vertex 2.9883531406521797 2.4524780586361885 4.1693333333333324
      vertex 2.9883531406521797 2.4524780586361885 4.335999999999999
      vertex 3.2143483236432076 2.147758826613426 4.335999999999999
    endloop
  endfacet
  facet normal 0.8577286087192832 0.5141027463304224 0
    outer loop
      vertex 3.4093875139951706 1.8223555982112885 4.335999999999999
      vertex 3.2143483236432076 2.147758826613426 4.1693333333333324
      vertex 3.2143483236432076 2.147758826613426 4.335999999999999
    endloop
  endfacet
  facet normal -0.8032075289844279 -0.5956993078581923 0
    outer loop
      vertex -3.113894358277321 -2.0806376710534096 4.335999999999999
      vertex -2.894961968064308 -2.375833824276924 4.335999999999999
      vertex -3.113894358277321 -2.0806376710534096 4.502666666666666
    endloop
  endfacet
  facet normal -0.5956993078581923 -0.8032075289844279 0
    outer loop
      vertex -2.0806376710534096 -3.113894358277321 4.335999999999999
      vertex -2.0806376710534096 -3.113894358277321 4.502666666666666
      vertex -2.375833824276924 -2.894961968064308 4.502666666666666
    endloop
  endfacet
  facet normal -0.7409511233366834 -0.6715589570738423 0
    outer loop
      vertex -2.648149460554123 -2.648149460554123 4.335999999999999
      vertex -2.648149460554123 -2.648149460554123 4.502666666666666
      vertex -2.894961968064308 -2.375833824276924 4.502666666666666
    endloop
  endfacet
  facet normal -0.6715589570738423 -0.7409511233366834 0
    outer loop
      vertex -2.648149460554123 -2.648149460554123 4.335999999999999
      vertex -2.375833824276924 -2.894961968064308 4.335999999999999
      vertex -2.648149460554123 -2.648149460554123 4.502666666666666
    endloop
  endfacet
  facet normal 0 0 1
    outer loop
      vertex -2.648149460554123 -2.648149460554123 4.502666666666666
      vertex -2.375833824276924 -2.894961968064308 4.502666666666666
      vertex -2.511806935071945 -2.511806935071945 4.502666666666666
    endloop
  endfacet
  facet normal -0.8032075289844279 -0.5956993078581923 0
    outer loop
      vertex -3.113894358277321 -2.0806376710534096 4.502666666666666
      vertex -2.894961968064308 -2.375833824276924 4.335999999999999
      vertex -2.894961968064308 -2.375833824276924 4.502666666666666
    endloop
  endfacet
  facet normal -0.7409511233366834 -0.6715589570738423 0
    outer loop
      vertex -2.648149460554123 -2.648149460554123 4.335999999999999
      vertex -2.894961968064308 -2.375833824276924 4.502666666666666
      vertex -2.894961968064308 -2.375833824276924 4.335999999999999
    endloop
  endfacet
  facet normal 0 0 1
    outer loop
      vertex -2.648149460554123 -2.648149460554123 4.502666666666666
      vertex -2.7459120228886604 -2.2535117864608765 4.502666666666666
      vertex -2.894961968064308 -2.375833824276924 4.502666666666666
    endloop
  endfacet
  facet normal 0 0 1
    outer loop
      vertex -3.113894358277321 -2.0806376710534096 4.502666666666666
      vertex -2.894961968064308 -2.375833824276924 4.502666666666666
      vertex -2.9535724967718124 -1.973514050245285 4.502666666666666
    endloop
  endfacet
  facet normal 0 0 1
    outer loop
      vertex -2.894961968064308 -2.375833824276924 4.502666666666666
      vertex -2.7459120228886604 -2.2535117864608765 4.502666666666666
      vertex -2.9535724967718124 -1.973514050245285 4.502666666666666
    endloop
  endfacet
  facet normal 0 0 1
    outer loop
      vertex -2.648149460554123 -2.648149460554123 4.502666666666666
      vertex -2.511806935071945 -2.511806935071945 4.502666666666666
      vertex -2.7459120228886604 -2.2535117864608765 4.502666666666666
    endloop
  endfacet
  facet normal -0.6715589570738423 -0.7409511233366834 0
    outer loop
      vertex -2.648149460554123 -2.648149460554123 4.502666666666666
      vertex -2.375833824276924 -2.894961968064308 4.335999999999999
      vertex -2.375833824276924 -2.894961968064308 4.502666666666666
    endloop
  endfacet
  facet normal -0.5956993078581923 -0.8032075289844279 0
    outer loop
      vertex -2.0806376710534096 -3.113894358277321 4.335999999999999
      vertex -2.375833824276924 -2.894961968064308 4.502666666666666
      vertex -2.375833824276924 -2.894961968064308 4.335999999999999
    endloop
  endfacet
  facet normal 0 0 1
    outer loop
      vertex -2.511806935071945 -2.511806935071945 4.502666666666666
      vertex -2.375833824276924 -2.894961968064308 4.502666666666666
      vertex -2.2535117864608765 -2.7459120228886604 4.502666666666666
    endloop
  endfacet
  facet normal 0 0 1
    outer loop
      vertex -2.0806376710534096 -3.113894358277321 4.502666666666666
      vertex -2.2535117864608765 -2.7459120228886604 4.502666666666666
      vertex -2.375833824276924 -2.894961968064308 4.502666666666666
    endloop
  endfacet
  facet normal 0 0 1
    outer loop
      vertex -2.0806376710534096 -3.113894358277321 4.502666666666666
      vertex -1.973514050245285 -2.9535724967718124 4.502666666666666
      vertex -2.2535117864608765 -2.7459120228886604 4.502666666666666
    endloop
  endfacet
  facet normal -0.9415440636906087 -0.3368898575632322 0
    outer loop
      vertex -3.5837883427739143 -1.0871303081512451 4.502666666666666
      vertex -3.4599740132689476 -1.4331681728363037 4.335999999999999
      vertex -3.4599740132689476 -1.4331681728363037 4.502666666666666
    endloop
  endfacet
  facet normal -0.9415440636906087 -0.3368898575632322 0
    outer loop
      vertex -3.5837883427739143 -1.0871303081512451 4.335999999999999
      vertex -3.4599740132689476 -1.4331681728363037 4.335999999999999
      vertex -3.5837883427739143 -1.0871303081512451 4.502666666666666
    endloop
  endfacet
  facet normal -0.9039892979153933 -0.427555083298555 0
    outer loop
      vertex -3.302838258445263 -1.7654038220643997 4.335999999999999
      vertex -3.4599740132689476 -1.4331681728363037 4.502666666666666
      vertex -3.4599740132689476 -1.4331681728363037 4.335999999999999
    endloop
  endfacet
  facet normal -0.9039892979153933 -0.427555083298555 0
    outer loop
      vertex -3.302838258445263 -1.7654038220643997 4.335999999999999
      vertex -3.302838258445263 -1.7654038220643997 4.502666666666666
      vertex -3.4599740132689476 -1.4331681728363037 4.502666666666666
    endloop
  endfacet
  facet normal 0 0 1
    outer loop
      vertex -3.302838258445263 -1.7654038220643997 4.502666666666666
      vertex -3.281833939254284 -1.359380066394806 4.502666666666666
      vertex -3.4599740132689476 -1.4331681728363037 4.502666666666666
    endloop
  endfacet
  facet normal -0.8577286071589028 -0.5141027489337598 0
    outer loop
      vertex -3.113894358277321 -2.0806376710534096 4.335999999999999
      vertex -3.113894358277321 -2.0806376710534096 4.502666666666666
      vertex -3.302838258445263 -1.7654038220643997 4.502666666666666
    endloop
  endfacet
  facet normal -0.8577286071589028 -0.5141027489337598 0
    outer loop
      vertex -3.113894358277321 -2.0806376710534096 4.335999999999999
      vertex -3.302838258445263 -1.7654038220643997 4.502666666666666
      vertex -3.302838258445263 -1.7654038220643997 4.335999999999999
    endloop
  endfacet
  facet normal 0 0 1
    outer loop
      vertex -3.113894358277321 -2.0806376710534096 4.502666666666666
      vertex -3.1327884271740913 -1.6745103374123573 4.502666666666666
      vertex -3.302838258445263 -1.7654038220643997 4.502666666666666
    endloop
  endfacet
  facet normal 0 0 1
    outer loop
      vertex -3.113894358277321 -2.0806376710534096 4.502666666666666
      vertex -2.9535724967718124 -1.973514050245285 4.502666666666666
      vertex -3.1327884271740913 -1.6745103374123573 4.502666666666666
    endloop
  endfacet
  facet normal 0 0 1
    outer loop
      vertex -3.302838258445263 -1.7654038220643997 4.502666666666666
      vertex -3.1327884271740913 -1.6745103374123573 4.502666666666666
      vertex -3.281833939254284 -1.359380066394806 4.502666666666666
    endloop
  endfacet
  facet normal 0 0 1
    outer loop
      vertex -3.4599740132689476 -1.4331681728363037 4.502666666666666
      vertex -3.281833939254284 -1.359380066394806 4.502666666666666
      vertex -3.3992735370993614 -1.031158372759819 4.502666666666666
    endloop
  endfacet
  facet normal 0 0 1
    outer loop
      vertex -3.5837883427739143 -1.0871303081512451 4.502666666666666
      vertex -3.4599740132689476 -1.4331681728363037 4.502666666666666
      vertex -3.3992735370993614 -1.031158372759819 4.502666666666666
    endloop
  endfacet
  facet normal -0.9700312525354253 -0.24298018253461334 0
    outer loop
      vertex -3.5837883427739143 -1.0871303081512451 4.335999999999999
      vertex -3.6730888187885284 -0.7306228280067444 4.502666666666666
      vertex -3.6730888187885284 -0.7306228280067444 4.335999999999999
    endloop
  endfacet
  facet normal -0.9700312525354253 -0.24298018253461334 0
    outer loop
      vertex -3.5837883427739143 -1.0871303081512451 4.335999999999999
      vertex -3.5837883427739143 -1.0871303081512451 4.502666666666666
      vertex -3.6730888187885284 -0.7306228280067444 4.502666666666666
    endloop
  endfacet
  facet normal 0 0 1
    outer loop
      vertex -3.5837883427739143 -1.0871303081512451 4.502666666666666
      vertex -3.483976297080517 -0.6930060014128685 4.502666666666666
      vertex -3.6730888187885284 -0.7306228280067444 4.502666666666666
    endloop
  endfacet
  facet normal -0.9891765104974071 -0.14673047086468777 0
    outer loop
      vertex -3.6730888187885284 -0.7306228280067444 4.335999999999999
      vertex -3.6730888187885284 -0.7306228280067444 4.502666666666666
      vertex -3.7270154505968094 -0.367078997194767 4.502666666666666
    endloop
  endfacet
  facet normal 0 0 1
    outer loop
      vertex -3.6730888187885284 -0.7306228280067444 4.502666666666666
      vertex -3.483976297080517 -0.6930060014128685 4.502666666666666
      vertex -3.5351264774799347 -0.34817950427532196 4.502666666666666
    endloop
  endfacet
  facet normal -0.9891765104974071 -0.14673047086468777 0
    outer loop
      vertex -3.6730888187885284 -0.7306228280067444 4.335999999999999
      vertex -3.7270154505968094 -0.367078997194767 4.502666666666666
      vertex -3.7270154505968094 -0.367078997194767 4.335999999999999
    endloop
  endfacet
  facet normal 0 0 1
    outer loop
      vertex -3.6730888187885284 -0.7306228280067444 4.502666666666666
      vertex -3.5351264774799347 -0.34817950427532196 4.502666666666666
      vertex -3.7270154505968094 -0.367078997194767 4.502666666666666
    endloop
  endfacet
  facet normal -0.9987954558475116 -0.049067681607769136 0
    outer loop
      vertex -3.7270154505968094 -0.367078997194767 4.335999999999999
      vertex -3.7270154505968094 -0.367078997194767 4.502666666666666
      vertex -3.745048888027668 0 4.502666666666666
    endloop
  endfacet
  facet normal -0.9987954558475116 -0.049067681607769136 0
    outer loop
      vertex -3.7270154505968094 -0.367078997194767 4.335999999999999
      vertex -3.745048888027668 0 4.502666666666666
      vertex -3.745048888027668 0 4.335999999999999
    endloop
  endfacet
  facet normal 0 0 1
    outer loop
      vertex -3.7270154505968094 -0.367078997194767 4.502666666666666
      vertex -3.552231438457966 0 4.502666666666666
      vertex -3.745048888027668 0 4.502666666666666
    endloop
  endfacet
  facet normal 0 0 1
    outer loop
      vertex -3.7270154505968094 -0.367078997194767 4.502666666666666
      vertex -3.5351264774799347 -0.34817950427532196 4.502666666666666
      vertex -3.552231438457966 0 4.502666666666666
    endloop
  endfacet
  facet normal 0 0 1
    outer loop
      vertex -3.5837883427739143 -1.0871303081512451 4.502666666666666
      vertex -3.3992735370993614 -1.031158372759819 4.502666666666666
      vertex -3.483976297080517 -0.6930060014128685 4.502666666666666
    endloop
  endfacet
  facet normal -0.5141027489337598 -0.8577286071589028 0
    outer loop
      vertex -2.0806376710534096 -3.113894358277321 4.335999999999999
      vertex -1.7654038220643997 -3.302838258445263 4.335999999999999
      vertex -2.0806376710534096 -3.113894358277321 4.502666666666666
    endloop
  endfacet
  facet normal -0.5141027489337598 -0.8577286071589028 0
    outer loop
      vertex -2.0806376710534096 -3.113894358277321 4.502666666666666
      vertex -1.7654038220643997 -3.302838258445263 4.335999999999999
      vertex -1.7654038220643997 -3.302838258445263 4.502666666666666
    endloop
  endfacet
  facet normal 0 0 1
    outer loop
      vertex -2.0806376710534096 -3.113894358277321 4.502666666666666
      vertex -1.7654038220643997 -3.302838258445263 4.502666666666666
      vertex -1.973514050245285 -2.9535724967718124 4.502666666666666
    endloop
  endfacet
  facet normal 0 0 1
    outer loop
      vertex -1.7654038220643997 -3.302838258445263 4.502666666666666
      vertex -1.6745103374123573 -3.1327884271740913 4.502666666666666
      vertex -1.973514050245285 -2.9535724967718124 4.502666666666666
    endloop
  endfacet
  facet normal -0.427555083298555 -0.9039892979153933 0
    outer loop
      vertex -1.7654038220643997 -3.302838258445263 4.335999999999999
      vertex -1.4331681728363037 -3.4599740132689476 4.335999999999999
      vertex -1.7654038220643997 -3.302838258445263 4.502666666666666
    endloop
  endfacet
  facet normal -0.427555083298555 -0.9039892979153933 0
    outer loop
      vertex -1.7654038220643997 -3.302838258445263 4.502666666666666
      vertex -1.4331681728363037 -3.4599740132689476 4.335999999999999
      vertex -1.4331681728363037 -3.4599740132689476 4.502666666666666
    endloop
  endfacet
  facet normal 0 0 1
    outer loop
      vertex -1.7654038220643997 -3.302838258445263 4.502666666666666
      vertex -1.4331681728363037 -3.4599740132689476 4.502666666666666
      vertex -1.359380066394806 -3.281833939254284 4.502666666666666
    endloop
  endfacet
  facet normal 0 0 1
    outer loop
      vertex -1.7654038220643997 -3.302838258445263 4.502666666666666
      vertex -1.359380066394806 -3.281833939254284 4.502666666666666
      vertex -1.6745103374123573 -3.1327884271740913 4.502666666666666
    endloop
  endfacet
  facet normal -0.3368898575632322 -0.9415440636906087 0
    outer loop
      vertex -1.0871303081512451 -3.5837883427739143 4.335999999999999
      vertex -1.4331681728363037 -3.4599740132689476 4.502666666666666
      vertex -1.4331681728363037 -3.4599740132689476 4.335999999999999
    endloop
  endfacet
  facet normal -0.3368898575632322 -0.9415440636906087 0
    outer loop
      vertex -1.0871303081512451 -3.5837883427739143 4.335999999999999
      vertex -1.0871303081512451 -3.5837883427739143 4.502666666666666
      vertex -1.4331681728363037 -3.4599740132689476 4.502666666666666
    endloop
  endfacet
  facet normal 0 0 1
    outer loop
      vertex -1.4331681728363037 -3.4599740132689476 4.502666666666666
      vertex -1.031158372759819 -3.3992735370993614 4.502666666666666
      vertex -1.359380066394806 -3.281833939254284 4.502666666666666
    endloop
  endfacet
  facet normal 0 0 1
    outer loop
      vertex -1.0871303081512451 -3.5837883427739143 4.502666666666666
      vertex -1.031158372759819 -3.3992735370993614 4.502666666666666
      vertex -1.4331681728363037 -3.4599740132689476 4.502666666666666
    endloop
  endfacet
  facet normal -0.24298018253461334 -0.9700312525354253 0
    outer loop
      vertex -1.0871303081512451 -3.5837883427739143 4.335999999999999
      vertex -0.7306228280067444 -3.6730888187885284 4.335999999999999
      vertex -1.0871303081512451 -3.5837883427739143 4.502666666666666
    endloop
  endfacet
  facet normal -0.24298018253461334 -0.9700312525354253 0
    outer loop
      vertex -1.0871303081512451 -3.5837883427739143 4.502666666666666
      vertex -0.7306228280067444 -3.6730888187885284 4.335999999999999
      vertex -0.7306228280067444 -3.6730888187885284 4.502666666666666
    endloop
  endfacet
  facet normal -0.14673047086468777 -0.9891765104974071 0
    outer loop
      vertex -0.7306228280067444 -3.6730888187885284 4.335999999999999
      vertex -0.367078997194767 -3.7270154505968094 4.335999999999999
      vertex -0.7306228280067444 -3.6730888187885284 4.502666666666666
    endloop
  endfacet
  facet normal 0 0 1
    outer loop
      vertex -1.0871303081512451 -3.5837883427739143 4.502666666666666
      vertex -0.7306228280067444 -3.6730888187885284 4.502666666666666
      vertex -0.34817950427532196 -3.5351264774799347 4.502666666666666
    endloop
  endfacet
  facet normal 0 0 1
    outer loop
      vertex -1.0871303081512451 -3.5837883427739143 4.502666666666666
      vertex -0.34817950427532196 -3.5351264774799347 4.502666666666666
      vertex -0.6930060014128685 -3.483976297080517 4.502666666666666
    endloop
  endfacet
  facet normal 0 0 1
    outer loop
      vertex -1.0871303081512451 -3.5837883427739143 4.502666666666666
      vertex -0.6930060014128685 -3.483976297080517 4.502666666666666
      vertex -1.031158372759819 -3.3992735370993614 4.502666666666666
    endloop
  endfacet
  facet normal -0.14673047086468777 -0.9891765104974071 0
    outer loop
      vertex -0.7306228280067444 -3.6730888187885284 4.502666666666666
      vertex -0.367078997194767 -3.7270154505968094 4.335999999999999
      vertex -0.367078997194767 -3.7270154505968094 4.502666666666666
    endloop
  endfacet
  facet normal 0 0 1
    outer loop
      vertex -0.7306228280067444 -3.6730888187885284 4.502666666666666
      vertex 0 -3.552231438457966 4.502666666666666
      vertex -0.34817950427532196 -3.5351264774799347 4.502666666666666
    endloop
  endfacet
  facet normal -0.049067681607769136 -0.9987954558475116 0
    outer loop
      vertex -0.367078997194767 -3.7270154505968094 4.335999999999999
      vertex 0 -3.745048888027668 4.335999999999999
      vertex -0.367078997194767 -3.7270154505968094 4.502666666666666
    endloop
  endfacet
  facet normal -0.049067681607769136 -0.9987954558475116 0
    outer loop
      vertex -0.367078997194767 -3.7270154505968094 4.502666666666666
      vertex 0 -3.745048888027668 4.335999999999999
      vertex 0 -3.745048888027668 4.502666666666666
    endloop
  endfacet
  facet normal 0 0 1
    outer loop
      vertex -0.7306228280067444 -3.6730888187885284 4.502666666666666
      vertex 0.34817950427532196 -3.5351264774799347 4.502666666666666
      vertex 0 -3.552231438457966 4.502666666666666
    endloop
  endfacet
  facet normal 0 0 1
    outer loop
      vertex -0.7306228280067444 -3.6730888187885284 4.502666666666666
      vertex -0.367078997194767 -3.7270154505968094 4.502666666666666
      vertex 1.0871303081512451 -3.5837883427739143 4.502666666666666
    endloop
  endfacet
  facet normal -0.9987954558475116 0.049067681607769136 0
    outer loop
      vertex -3.745048888027668 0 4.335999999999999
      vertex -3.745048888027668 0 4.502666666666666
      vertex -3.7270154505968094 0.367078997194767 4.502666666666666
    endloop
  endfacet
  facet normal -0.9987954558475116 0.049067681607769136 0
    outer loop
      vertex -3.745048888027668 0 4.335999999999999
      vertex -3.7270154505968094 0.367078997194767 4.502666666666666
      vertex -3.7270154505968094 0.367078997194767 4.335999999999999
    endloop
  endfacet
  facet normal 0 0 1
    outer loop
      vertex -3.745048888027668 0 4.502666666666666
      vertex -3.5351264774799347 0.34817950427532196 4.502666666666666
      vertex -3.7270154505968094 0.367078997194767 4.502666666666666
    endloop
  endfacet
  facet normal 0 0 1
    outer loop
      vertex -3.745048888027668 0 4.502666666666666
      vertex -3.552231438457966 0 4.502666666666666
      vertex -3.5351264774799347 0.34817950427532196 4.502666666666666
    endloop
  endfacet
  facet normal -0.9891765104974071 0.14673047086468777 0
    outer loop
      vertex -3.7270154505968094 0.367078997194767 4.335999999999999
      vertex -3.7270154505968094 0.367078997194767 4.502666666666666
      vertex -3.6730888187885284 0.7306228280067444 4.502666666666666
    endloop
  endfacet
  facet normal 0 0 1
    outer loop
      vertex -3.7270154505968094 0.367078997194767 4.502666666666666
      vertex -3.5351264774799347 0.34817950427532196 4.502666666666666
      vertex -3.483976297080517 0.6930060014128685 4.502666666666666
    endloop
  endfacet
  facet normal -0.9891765104974071 0.14673047086468777 0
    outer loop
      vertex -3.7270154505968094 0.367078997194767 4.335999999999999
      vertex -3.6730888187885284 0.7306228280067444 4.502666666666666
      vertex -3.6730888187885284 0.7306228280067444 4.335999999999999
    endloop
  endfacet
  facet normal 0 0 1
    outer loop
      vertex -3.7270154505968094 0.367078997194767 4.502666666666666
      vertex -3.483976297080517 0.6930060014128685 4.502666666666666
      vertex -3.6730888187885284 0.7306228280067444 4.502666666666666
    endloop
  endfacet
  facet normal -0.9700312525354253 0.24298018253461334 0
    outer loop
      vertex -3.6730888187885284 0.7306228280067444 4.335999999999999
      vertex -3.6730888187885284 0.7306228280067444 4.502666666666666
      vertex -3.5837883427739143 1.0871303081512451 4.502666666666666
    endloop
  endfacet
  facet normal -0.9700312525354253 0.24298018253461334 0
    outer loop
      vertex -3.6730888187885284 0.7306228280067444 4.335999999999999
      vertex -3.5837883427739143 1.0871303081512451 4.502666666666666
      vertex -3.5837883427739143 1.0871303081512451 4.335999999999999
    endloop
  endfacet
  facet normal 0 0 1
    outer loop
      vertex -3.6730888187885284 0.7306228280067444 4.502666666666666
      vertex -3.483976297080517 0.6930060014128685 4.502666666666666
      vertex -3.3992735370993614 1.031158372759819 4.502666666666666
    endloop
  endfacet
  facet normal 0 0 1
    outer loop
      vertex -3.6730888187885284 0.7306228280067444 4.502666666666666
      vertex -3.3992735370993614 1.031158372759819 4.502666666666666
      vertex -3.5837883427739143 1.0871303081512451 4.502666666666666
    endloop
  endfacet
  facet normal -0.9415440636906087 0.3368898575632322 0
    outer loop
      vertex -3.5837883427739143 1.0871303081512451 4.335999999999999
      vertex -3.5837883427739143 1.0871303081512451 4.502666666666666
      vertex -3.4599740132689476 1.4331681728363037 4.502666666666666
    endloop
  endfacet
  facet normal -0.9415440636906087 0.3368898575632322 0
    outer loop
      vertex -3.5837883427739143 1.0871303081512451 4.335999999999999
      vertex -3.4599740132689476 1.4331681728363037 4.502666666666666
      vertex -3.4599740132689476 1.4331681728363037 4.335999999999999
    endloop
  endfacet
  facet normal 0 0 1
    outer loop
      vertex -3.5837883427739143 1.0871303081512451 4.502666666666666
      vertex -3.3992735370993614 1.031158372759819 4.502666666666666
      vertex -3.281833939254284 1.359380066394806 4.502666666666666
    endloop
  endfacet
  facet normal 0 0 1
    outer loop
      vertex -3.5837883427739143 1.0871303081512451 4.502666666666666
      vertex -3.281833939254284 1.359380066394806 4.502666666666666
      vertex -3.4599740132689476 1.4331681728363037 4.502666666666666
    endloop
  endfacet
  facet normal 0 0 1
    outer loop
      vertex -3.4599740132689476 1.4331681728363037 4.502666666666666
      vertex -3.281833939254284 1.359380066394806 4.502666666666666
      vertex -3.1327884271740913 1.6745103374123573 4.502666666666666
    endloop
  endfacet
  facet normal -0.9039892979153933 0.427555083298555 0
    outer loop
      vertex -3.4599740132689476 1.4331681728363037 4.335999999999999
      vertex -3.4599740132689476 1.4331681728363037 4.502666666666666
      vertex -3.302838258445263 1.7654038220643997 4.502666666666666
    endloop
  endfacet
  facet normal -0.9039892979153933 0.427555083298555 0
    outer loop
      vertex -3.4599740132689476 1.4331681728363037 4.335999999999999
      vertex -3.302838258445263 1.7654038220643997 4.502666666666666
      vertex -3.302838258445263 1.7654038220643997 4.335999999999999
    endloop
  endfacet
  facet normal 0 0 1
    outer loop
      vertex -3.4599740132689476 1.4331681728363037 4.502666666666666
      vertex -3.1327884271740913 1.6745103374123573 4.502666666666666
      vertex -3.302838258445263 1.7654038220643997 4.502666666666666
    endloop
  endfacet
  facet normal -0.8577286071589028 0.5141027489337598 0
    outer loop
      vertex -3.302838258445263 1.7654038220643997 4.335999999999999
      vertex -3.302838258445263 1.7654038220643997 4.502666666666666
      vertex -3.113894358277321 2.0806376710534096 4.502666666666666
    endloop
  endfacet
  facet normal -0.8577286071589028 0.5141027489337598 0
    outer loop
      vertex -3.302838258445263 1.7654038220643997 4.335999999999999
      vertex -3.113894358277321 2.0806376710534096 4.502666666666666
      vertex -3.113894358277321 2.0806376710534096 4.335999999999999
    endloop
  endfacet
  facet normal 0 0 1
    outer loop
      vertex -3.302838258445263 1.7654038220643997 4.502666666666666
      vertex -3.1327884271740913 1.6745103374123573 4.502666666666666
      vertex -2.9535724967718124 1.973514050245285 4.502666666666666
    endloop
  endfacet
  facet normal 0 0 1
    outer loop
      vertex -3.302838258445263 1.7654038220643997 4.502666666666666
      vertex -2.9535724967718124 1.973514050245285 4.502666666666666
      vertex -3.113894358277321 2.0806376710534096 4.502666666666666
    endloop
  endfacet
  facet normal -0.8032075289844279 0.5956993078581923 0
    outer loop
      vertex -3.113894358277321 2.0806376710534096 4.335999999999999
      vertex -3.113894358277321 2.0806376710534096 4.502666666666666
      vertex -2.894961968064308 2.375833824276924 4.502666666666666
    endloop
  endfacet
  facet normal 0 0 1
    outer loop
      vertex -2.9535724967718124 1.973514050245285 4.502666666666666
      vertex -2.7459120228886604 2.2535117864608765 4.502666666666666
      vertex -3.113894358277321 2.0806376710534096 4.502666666666666
    endloop
  endfacet
  facet normal 0 0 1
    outer loop
      vertex -3.113894358277321 2.0806376710534096 4.502666666666666
      vertex -2.7459120228886604 2.2535117864608765 4.502666666666666
      vertex -2.894961968064308 2.375833824276924 4.502666666666666
    endloop
  endfacet
  facet normal -0.8032075289844279 0.5956993078581923 0
    outer loop
      vertex -3.113894358277321 2.0806376710534096 4.335999999999999
      vertex -2.894961968064308 2.375833824276924 4.502666666666666
      vertex -2.894961968064308 2.375833824276924 4.335999999999999
    endloop
  endfacet
  facet normal -0.7409511233366834 0.6715589570738423 0
    outer loop
      vertex -2.894961968064308 2.375833824276924 4.335999999999999
      vertex -2.894961968064308 2.375833824276924 4.502666666666666
      vertex -2.648149460554123 2.648149460554123 4.502666666666666
    endloop
  endfacet
  facet normal 0 0 1
    outer loop
      vertex -2.894961968064308 2.375833824276924 4.502666666666666
      vertex -2.7459120228886604 2.2535117864608765 4.502666666666666
      vertex -2.511806935071945 2.511806935071945 4.502666666666666
    endloop
  endfacet
  facet normal -0.7409511233366834 0.6715589570738423 0
    outer loop
      vertex -2.894961968064308 2.375833824276924 4.335999999999999
      vertex -2.648149460554123 2.648149460554123 4.502666666666666
      vertex -2.648149460554123 2.648149460554123 4.335999999999999
    endloop
  endfacet
  facet normal -0.6715589570738423 0.7409511233366834 0
    outer loop
      vertex -2.648149460554123 2.648149460554123 4.335999999999999
      vertex -2.648149460554123 2.648149460554123 4.502666666666666
      vertex -2.375833824276924 2.894961968064308 4.502666666666666
    endloop
  endfacet
  facet normal 0 0 1
    outer loop
      vertex -2.894961968064308 2.375833824276924 4.502666666666666
      vertex -2.511806935071945 2.511806935071945 4.502666666666666
      vertex -2.648149460554123 2.648149460554123 4.502666666666666
    endloop
  endfacet
  facet normal 0 0 1
    outer loop
      vertex -2.648149460554123 2.648149460554123 4.502666666666666
      vertex -2.511806935071945 2.511806935071945 4.502666666666666
      vertex -2.2535117864608765 2.7459120228886604 4.502666666666666
    endloop
  endfacet
  facet normal -0.6715589570738423 0.7409511233366834 0
    outer loop
      vertex -2.648149460554123 2.648149460554123 4.335999999999999
      vertex -2.375833824276924 2.894961968064308 4.502666666666666
      vertex -2.375833824276924 2.894961968064308 4.335999999999999
    endloop
  endfacet
  facet normal -0.5956993078581923 0.8032075289844279 0
    outer loop
      vertex -2.375833824276924 2.894961968064308 4.335999999999999
      vertex -2.375833824276924 2.894961968064308 4.502666666666666
      vertex -2.0806376710534096 3.113894358277321 4.502666666666666
    endloop
  endfacet
  facet normal 0 0 1
    outer loop
      vertex -2.648149460554123 2.648149460554123 4.502666666666666
      vertex -2.2535117864608765 2.7459120228886604 4.502666666666666
      vertex -2.375833824276924 2.894961968064308 4.502666666666666
    endloop
  endfacet
  facet normal 0 0 1
    outer loop
      vertex -2.2535117864608765 2.7459120228886604 4.502666666666666
      vertex -1.973514050245285 2.9535724967718124 4.502666666666666
      vertex -2.375833824276924 2.894961968064308 4.502666666666666
    endloop
  endfacet
  facet normal 0 0 1
    outer loop
      vertex -2.375833824276924 2.894961968064308 4.502666666666666
      vertex -1.973514050245285 2.9535724967718124 4.502666666666666
      vertex -2.0806376710534096 3.113894358277321 4.502666666666666
    endloop
  endfacet
  facet normal -0.5956993078581923 0.8032075289844279 0
    outer loop
      vertex -2.375833824276924 2.894961968064308 4.335999999999999
      vertex -2.0806376710534096 3.113894358277321 4.502666666666666
      vertex -2.0806376710534096 3.113894358277321 4.335999999999999
    endloop
  endfacet
  facet normal -0.5141027489337598 0.8577286071589028 0
    outer loop
      vertex -2.0806376710534096 3.113894358277321 4.335999999999999
      vertex -2.0806376710534096 3.113894358277321 4.502666666666666
      vertex -1.7654038220643997 3.302838258445263 4.502666666666666
    endloop
  endfacet
  facet normal -0.5141027489337598 0.8577286071589028 0
    outer loop
      vertex -2.0806376710534096 3.113894358277321 4.335999999999999
      vertex -1.7654038220643997 3.302838258445263 4.502666666666666
      vertex -1.7654038220643997 3.302838258445263 4.335999999999999
    endloop
  endfacet
  facet normal 0 0 1
    outer loop
      vertex -2.0806376710534096 3.113894358277321 4.502666666666666
      vertex -1.973514050245285 2.9535724967718124 4.502666666666666
      vertex -1.6745103374123573 3.1327884271740913 4.502666666666666
    endloop
  endfacet
  facet normal 0 0 1
    outer loop
      vertex -2.0806376710534096 3.113894358277321 4.502666666666666
      vertex -1.6745103374123573 3.1327884271740913 4.502666666666666
      vertex -1.359380066394806 3.281833939254284 4.502666666666666
    endloop
  endfacet
  facet normal 0 0 1
    outer loop
      vertex -2.0806376710534096 3.113894358277321 4.502666666666666
      vertex -1.359380066394806 3.281833939254284 4.502666666666666
      vertex -1.7654038220643997 3.302838258445263 4.502666666666666
    endloop
  endfacet
  facet normal -0.427555083298555 0.9039892979153933 0
    outer loop
      vertex -1.7654038220643997 3.302838258445263 4.335999999999999
      vertex -1.7654038220643997 3.302838258445263 4.502666666666666
      vertex -1.4331681728363037 3.4599740132689476 4.502666666666666
    endloop
  endfacet
  facet normal -0.427555083298555 0.9039892979153933 0
    outer loop
      vertex -1.7654038220643997 3.302838258445263 4.335999999999999
      vertex -1.4331681728363037 3.4599740132689476 4.502666666666666
      vertex -1.4331681728363037 3.4599740132689476 4.335999999999999
    endloop
  endfacet
  facet normal 0 0 1
    outer loop
      vertex -1.7654038220643997 3.302838258445263 4.502666666666666
      vertex -1.359380066394806 3.281833939254284 4.502666666666666
      vertex -1.031158372759819 3.3992735370993614 4.502666666666666
    endloop
  endfacet
  facet normal 0 0 1
    outer loop
      vertex -1.7654038220643997 3.302838258445263 4.502666666666666
      vertex -1.031158372759819 3.3992735370993614 4.502666666666666
      vertex -1.4331681728363037 3.4599740132689476 4.502666666666666
    endloop
  endfacet
  facet normal 0 0 1
    outer loop
      vertex -1.4331681728363037 3.4599740132689476 4.502666666666666
      vertex -1.031158372759819 3.3992735370993614 4.502666666666666
      vertex -0.6930060014128685 3.483976297080517 4.502666666666666
    endloop
  endfacet
  facet normal -0.3368898575632322 0.9415440636906087 0
    outer loop
      vertex -1.4331681728363037 3.4599740132689476 4.335999999999999
      vertex -1.4331681728363037 3.4599740132689476 4.502666666666666
      vertex -1.0871303081512451 3.5837883427739143 4.502666666666666
    endloop
  endfacet
  facet normal -0.3368898575632322 0.9415440636906087 0
    outer loop
      vertex -1.4331681728363037 3.4599740132689476 4.335999999999999
      vertex -1.0871303081512451 3.5837883427739143 4.502666666666666
      vertex -1.0871303081512451 3.5837883427739143 4.335999999999999
    endloop
  endfacet
  facet normal 0 0 1
    outer loop
      vertex -1.4331681728363037 3.4599740132689476 4.502666666666666
      vertex -0.6930060014128685 3.483976297080517 4.502666666666666
      vertex -0.34817950427532196 3.5351264774799347 4.502666666666666
    endloop
  endfacet
  facet normal -0.24298018253461334 0.9700312525354253 0
    outer loop
      vertex -1.0871303081512451 3.5837883427739143 4.335999999999999
      vertex -1.0871303081512451 3.5837883427739143 4.502666666666666
      vertex -0.7306228280067444 3.6730888187885284 4.502666666666666
    endloop
  endfacet
  facet normal -0.24298018253461334 0.9700312525354253 0
    outer loop
      vertex -1.0871303081512451 3.5837883427739143 4.335999999999999
      vertex -0.7306228280067444 3.6730888187885284 4.502666666666666
      vertex -0.7306228280067444 3.6730888187885284 4.335999999999999
    endloop
  endfacet
  facet normal -0.14673047086468777 0.9891765104974071 0
    outer loop
      vertex -0.7306228280067444 3.6730888187885284 4.335999999999999
      vertex -0.7306228280067444 3.6730888187885284 4.502666666666666
      vertex -0.367078997194767 3.7270154505968094 4.502666666666666
    endloop
  endfacet
  facet normal 0 0 1
    outer loop
      vertex -1.4331681728363037 3.4599740132689476 4.502666666666666
      vertex 0.7306228280067444 3.6730888187885284 4.502666666666666
      vertex -1.0871303081512451 3.5837883427739143 4.502666666666666
    endloop
  endfacet
  facet normal -0.14673047086468777 0.9891765104974071 0
    outer loop
      vertex -0.7306228280067444 3.6730888187885284 4.335999999999999
      vertex -0.367078997194767 3.7270154505968094 4.502666666666666
      vertex -0.367078997194767 3.7270154505968094 4.335999999999999
    endloop
  endfacet
  facet normal 0 0 1
    outer loop
      vertex -1.0871303081512451 3.5837883427739143 4.502666666666666
      vertex 0.367078997194767 3.7270154505968094 4.502666666666666
      vertex -0.7306228280067444 3.6730888187885284 4.502666666666666
    endloop
  endfacet
  facet normal 0 0 1
    outer loop
      vertex -1.4331681728363037 3.4599740132689476 4.502666666666666
      vertex -0.34817950427532196 3.5351264774799347 4.502666666666666
      vertex 0.7306228280067444 3.6730888187885284 4.502666666666666
    endloop
  endfacet
  facet normal 0 0 1
    outer loop
      vertex -0.7306228280067444 3.6730888187885284 4.502666666666666
      vertex 0 3.745048888027668 4.502666666666666
      vertex -0.367078997194767 3.7270154505968094 4.502666666666666
    endloop
  endfacet
  facet normal -0.049067681607769136 0.9987954558475116 0
    outer loop
      vertex -0.367078997194767 3.7270154505968094 4.335999999999999
      vertex -0.367078997194767 3.7270154505968094 4.502666666666666
      vertex 0 3.745048888027668 4.502666666666666
    endloop
  endfacet
  facet normal -0.049067681607769136 0.9987954558475116 0
    outer loop
      vertex -0.367078997194767 3.7270154505968094 4.335999999999999
      vertex 0 3.745048888027668 4.502666666666666
      vertex 0 3.745048888027668 4.335999999999999
    endloop
  endfacet
  facet normal 0 0 1
    outer loop
      vertex -0.7306228280067444 3.6730888187885284 4.502666666666666
      vertex 0.367078997194767 3.7270154505968094 4.502666666666666
      vertex 0 3.745048888027668 4.502666666666666
    endloop
  endfacet
  facet normal 0.049067681607769136 -0.9987954558475116 0
    outer loop
      vertex 0 -3.745048888027668 4.335999999999999
      vertex 0.367078997194767 -3.7270154505968094 4.335999999999999
      vertex 0 -3.745048888027668 4.502666666666666
    endloop
  endfacet
  facet normal 0.049067681607769136 -0.9987954558475116 0
    outer loop
      vertex 0 -3.745048888027668 4.502666666666666
      vertex 0.367078997194767 -3.7270154505968094 4.335999999999999
      vertex 0.367078997194767 -3.7270154505968094 4.502666666666666
    endloop
  endfacet
  facet normal 0 0 1
    outer loop
      vertex -0.367078997194767 -3.7270154505968094 4.502666666666666
      vertex 0 -3.745048888027668 4.502666666666666
      vertex 0.7306228280067444 -3.6730888187885284 4.502666666666666
    endloop
  endfacet
  facet normal 0.14673047086468777 -0.9891765104974071 0
    outer loop
      vertex 0.367078997194767 -3.7270154505968094 4.335999999999999
      vertex 0.7306228280067444 -3.6730888187885284 4.335999999999999
      vertex 0.367078997194767 -3.7270154505968094 4.502666666666666
    endloop
  endfacet
  facet normal 0 0 1
    outer loop
      vertex 0 -3.745048888027668 4.502666666666666
      vertex 0.367078997194767 -3.7270154505968094 4.502666666666666
      vertex 0.7306228280067444 -3.6730888187885284 4.502666666666666
    endloop
  endfacet
  facet normal 0 0 1
    outer loop
      vertex -0.7306228280067444 -3.6730888187885284 4.502666666666666
      vertex 1.4331681728363037 -3.4599740132689476 4.502666666666666
      vertex 0.34817950427532196 -3.5351264774799347 4.502666666666666
    endloop
  endfacet
  facet normal 0 0 1
    outer loop
      vertex -0.367078997194767 -3.7270154505968094 4.502666666666666
      vertex 0.7306228280067444 -3.6730888187885284 4.502666666666666
      vertex 1.0871303081512451 -3.5837883427739143 4.502666666666666
    endloop
  endfacet
  facet normal 0.14673047086468777 -0.9891765104974071 0
    outer loop
      vertex 0.367078997194767 -3.7270154505968094 4.502666666666666
      vertex 0.7306228280067444 -3.6730888187885284 4.335999999999999
      vertex 0.7306228280067444 -3.6730888187885284 4.502666666666666
    endloop
  endfacet
  facet normal 0 0 1
    outer loop
      vertex -0.7306228280067444 -3.6730888187885284 4.502666666666666
      vertex 1.0871303081512451 -3.5837883427739143 4.502666666666666
      vertex 1.4331681728363037 -3.4599740132689476 4.502666666666666
    endloop
  endfacet
  facet normal 0.24298018253461334 -0.9700312525354253 0
    outer loop
      vertex 0.7306228280067444 -3.6730888187885284 4.335999999999999
      vertex 1.0871303081512451 -3.5837883427739143 4.335999999999999
      vertex 0.7306228280067444 -3.6730888187885284 4.502666666666666
    endloop
  endfacet
  facet normal 0.24298018253461334 -0.9700312525354253 0
    outer loop
      vertex 0.7306228280067444 -3.6730888187885284 4.502666666666666
      vertex 1.0871303081512451 -3.5837883427739143 4.335999999999999
      vertex 1.0871303081512451 -3.5837883427739143 4.502666666666666
    endloop
  endfacet
  facet normal 0 0 1
    outer loop
      vertex 0.34817950427532196 -3.5351264774799347 4.502666666666666
      vertex 1.4331681728363037 -3.4599740132689476 4.502666666666666
      vertex 0.6930060014128685 -3.483976297080517 4.502666666666666
    endloop
  endfacet
  facet normal 0.3368898575632322 -0.9415440636906087 0
    outer loop
      vertex 1.0871303081512451 -3.5837883427739143 4.335999999999999
      vertex 1.4331681728363037 -3.4599740132689476 4.335999999999999
      vertex 1.0871303081512451 -3.5837883427739143 4.502666666666666
    endloop
  endfacet
  facet normal 0.3368898575632322 -0.9415440636906087 0
    outer loop
      vertex 1.0871303081512451 -3.5837883427739143 4.502666666666666
      vertex 1.4331681728363037 -3.4599740132689476 4.335999999999999
      vertex 1.4331681728363037 -3.4599740132689476 4.502666666666666
    endloop
  endfacet
  facet normal 0 0 1
    outer loop
      vertex 0.6930060014128685 -3.483976297080517 4.502666666666666
      vertex 1.4331681728363037 -3.4599740132689476 4.502666666666666
      vertex 1.031158372759819 -3.3992735370993614 4.502666666666666
    endloop
  endfacet
  facet normal 0 0 1
    outer loop
      vertex 1.031158372759819 -3.3992735370993614 4.502666666666666
      vertex 1.4331681728363037 -3.4599740132689476 4.502666666666666
      vertex 1.7654038220643997 -3.302838258445263 4.502666666666666
    endloop
  endfacet
  facet normal 0 0 1
    outer loop
      vertex 1.031158372759819 -3.3992735370993614 4.502666666666666
      vertex 1.7654038220643997 -3.302838258445263 4.502666666666666
      vertex 1.359380066394806 -3.281833939254284 4.502666666666666
    endloop
  endfacet
  facet normal 0.427555083298555 -0.9039892979153933 0
    outer loop
      vertex 1.4331681728363037 -3.4599740132689476 4.335999999999999
      vertex 1.7654038220643997 -3.302838258445263 4.335999999999999
      vertex 1.4331681728363037 -3.4599740132689476 4.502666666666666
    endloop
  endfacet
  facet normal 0.427555083298555 -0.9039892979153933 0
    outer loop
      vertex 1.4331681728363037 -3.4599740132689476 4.502666666666666
      vertex 1.7654038220643997 -3.302838258445263 4.335999999999999
      vertex 1.7654038220643997 -3.302838258445263 4.502666666666666
    endloop
  endfacet
  facet normal 0 0 1
    outer loop
      vertex 1.359380066394806 -3.281833939254284 4.502666666666666
      vertex 1.7654038220643997 -3.302838258445263 4.502666666666666
      vertex 2.0806376710534096 -3.113894358277321 4.502666666666666
    endloop
  endfacet
  facet normal 0 0 1
    outer loop
      vertex 1.359380066394806 -3.281833939254284 4.502666666666666
      vertex 2.0806376710534096 -3.113894358277321 4.502666666666666
      vertex 1.6745103374123573 -3.1327884271740913 4.502666666666666
    endloop
  endfacet
  facet normal 0.5141027489337598 -0.8577286071589028 0
    outer loop
      vertex 1.7654038220643997 -3.302838258445263 4.335999999999999
      vertex 2.0806376710534096 -3.113894358277321 4.335999999999999
      vertex 1.7654038220643997 -3.302838258445263 4.502666666666666
    endloop
  endfacet
  facet normal 0.5141027489337598 -0.8577286071589028 0
    outer loop
      vertex 1.7654038220643997 -3.302838258445263 4.502666666666666
      vertex 2.0806376710534096 -3.113894358277321 4.335999999999999
      vertex 2.0806376710534096 -3.113894358277321 4.502666666666666
    endloop
  endfacet
  facet normal 0 0 1
    outer loop
      vertex 1.6745103374123573 -3.1327884271740913 4.502666666666666
      vertex 2.0806376710534096 -3.113894358277321 4.502666666666666
      vertex 1.973514050245285 -2.9535724967718124 4.502666666666666
    endloop
  endfacet
  facet normal 0.5956993078581923 -0.8032075289844279 0
    outer loop
      vertex 2.0806376710534096 -3.113894358277321 4.335999999999999
      vertex 2.375833824276924 -2.894961968064308 4.335999999999999
      vertex 2.0806376710534096 -3.113894358277321 4.502666666666666
    endloop
  endfacet
  facet normal 0 0 1
    outer loop
      vertex 1.973514050245285 -2.9535724967718124 4.502666666666666
      vertex 2.0806376710534096 -3.113894358277321 4.502666666666666
      vertex 2.375833824276924 -2.894961968064308 4.502666666666666
    endloop
  endfacet
  facet normal 0 0 1
    outer loop
      vertex 1.973514050245285 -2.9535724967718124 4.502666666666666
      vertex 2.375833824276924 -2.894961968064308 4.502666666666666
      vertex 2.2535117864608765 -2.7459120228886604 4.502666666666666
    endloop
  endfacet
  facet normal 0.5956993078581923 -0.8032075289844279 0
    outer loop
      vertex 2.0806376710534096 -3.113894358277321 4.502666666666666
      vertex 2.375833824276924 -2.894961968064308 4.335999999999999
      vertex 2.375833824276924 -2.894961968064308 4.502666666666666
    endloop
  endfacet
  facet normal 0.6715589570738423 -0.7409511233366834 0
    outer loop
      vertex 2.375833824276924 -2.894961968064308 4.335999999999999
      vertex 2.648149460554123 -2.648149460554123 4.335999999999999
      vertex 2.375833824276924 -2.894961968064308 4.502666666666666
    endloop
  endfacet
  facet normal 0 0 1
    outer loop
      vertex 2.375833824276924 -2.894961968064308 4.502666666666666
      vertex 2.648149460554123 -2.648149460554123 4.502666666666666
      vertex 2.2535117864608765 -2.7459120228886604 4.502666666666666
    endloop
  endfacet
  facet normal 0 0 1
    outer loop
      vertex 2.2535117864608765 -2.7459120228886604 4.502666666666666
      vertex 2.648149460554123 -2.648149460554123 4.502666666666666
      vertex 2.511806935071945 -2.511806935071945 4.502666666666666
    endloop
  endfacet
  facet normal 0.6715589570738423 -0.7409511233366834 0
    outer loop
      vertex 2.375833824276924 -2.894961968064308 4.502666666666666
      vertex 2.648149460554123 -2.648149460554123 4.335999999999999
      vertex 2.648149460554123 -2.648149460554123 4.502666666666666
    endloop
  endfacet
  facet normal 0.7409511233366834 -0.6715589570738423 0
    outer loop
      vertex 2.648149460554123 -2.648149460554123 4.335999999999999
      vertex 2.894961968064308 -2.375833824276924 4.335999999999999
      vertex 2.648149460554123 -2.648149460554123 4.502666666666666
    endloop
  endfacet
  facet normal 0 0 1
    outer loop
      vertex 2.511806935071945 -2.511806935071945 4.502666666666666
      vertex 2.648149460554123 -2.648149460554123 4.502666666666666
      vertex 2.894961968064308 -2.375833824276924 4.502666666666666
    endloop
  endfacet
  facet normal 0 0 1
    outer loop
      vertex 2.511806935071945 -2.511806935071945 4.502666666666666
      vertex 2.894961968064308 -2.375833824276924 4.502666666666666
      vertex 2.7459120228886604 -2.2535117864608765 4.502666666666666
    endloop
  endfacet
  facet normal 0.7409511233366834 -0.6715589570738423 0
    outer loop
      vertex 2.648149460554123 -2.648149460554123 4.502666666666666
      vertex 2.894961968064308 -2.375833824276924 4.335999999999999
      vertex 2.894961968064308 -2.375833824276924 4.502666666666666
    endloop
  endfacet
  facet normal 0.8032075289844279 -0.5956993078581923 0
    outer loop
      vertex 2.894961968064308 -2.375833824276924 4.335999999999999
      vertex 3.113894358277321 -2.0806376710534096 4.335999999999999
      vertex 2.894961968064308 -2.375833824276924 4.502666666666666
    endloop
  endfacet
  facet normal 0 0 1
    outer loop
      vertex 2.7459120228886604 -2.2535117864608765 4.502666666666666
      vertex 2.894961968064308 -2.375833824276924 4.502666666666666
      vertex 3.113894358277321 -2.0806376710534096 4.502666666666666
    endloop
  endfacet
  facet normal 0 0 1
    outer loop
      vertex 2.7459120228886604 -2.2535117864608765 4.502666666666666
      vertex 3.113894358277321 -2.0806376710534096 4.502666666666666
      vertex 2.9535724967718124 -1.973514050245285 4.502666666666666
    endloop
  endfacet
  facet normal 0.8032075289844279 -0.5956993078581923 0
    outer loop
      vertex 2.894961968064308 -2.375833824276924 4.502666666666666
      vertex 3.113894358277321 -2.0806376710534096 4.335999999999999
      vertex 3.113894358277321 -2.0806376710534096 4.502666666666666
    endloop
  endfacet
  facet normal 0.8577286071589028 -0.5141027489337598 0
    outer loop
      vertex 3.113894358277321 -2.0806376710534096 4.335999999999999
      vertex 3.302838258445263 -1.7654038220643997 4.335999999999999
      vertex 3.113894358277321 -2.0806376710534096 4.502666666666666
    endloop
  endfacet
  facet normal 0.8577286071589028 -0.5141027489337598 0
    outer loop
      vertex 3.113894358277321 -2.0806376710534096 4.502666666666666
      vertex 3.302838258445263 -1.7654038220643997 4.335999999999999
      vertex 3.302838258445263 -1.7654038220643997 4.502666666666666
    endloop
  endfacet
  facet normal 0 0 1
    outer loop
      vertex 3.113894358277321 -2.0806376710534096 4.502666666666666
      vertex 3.302838258445263 -1.7654038220643997 4.502666666666666
      vertex 2.9535724967718124 -1.973514050245285 4.502666666666666
    endloop
  endfacet
  facet normal 0 0 1
    outer loop
      vertex 2.9535724967718124 -1.973514050245285 4.502666666666666
      vertex 3.302838258445263 -1.7654038220643997 4.502666666666666
      vertex 3.1327884271740913 -1.6745103374123573 4.502666666666666
    endloop
  endfacet
  facet normal 0.9039892979153933 -0.427555083298555 0
    outer loop
      vertex 3.302838258445263 -1.7654038220643997 4.335999999999999
      vertex 3.4599740132689476 -1.4331681728363037 4.335999999999999
      vertex 3.302838258445263 -1.7654038220643997 4.502666666666666
    endloop
  endfacet
  facet normal 0.9039892979153933 -0.427555083298555 0
    outer loop
      vertex 3.302838258445263 -1.7654038220643997 4.502666666666666
      vertex 3.4599740132689476 -1.4331681728363037 4.335999999999999
      vertex 3.4599740132689476 -1.4331681728363037 4.502666666666666
    endloop
  endfacet
  facet normal 0 0 1
    outer loop
      vertex 3.1327884271740913 -1.6745103374123573 4.502666666666666
      vertex 3.302838258445263 -1.7654038220643997 4.502666666666666
      vertex 3.4599740132689476 -1.4331681728363037 4.502666666666666
    endloop
  endfacet
  facet normal 0 0 1
    outer loop
      vertex 3.1327884271740913 -1.6745103374123573 4.502666666666666
      vertex 3.4599740132689476 -1.4331681728363037 4.502666666666666
      vertex 3.281833939254284 -1.359380066394806 4.502666666666666
    endloop
  endfacet
  facet normal 0 0 1
    outer loop
      vertex 3.281833939254284 -1.359380066394806 4.502666666666666
      vertex 3.4599740132689476 -1.4331681728363037 4.502666666666666
      vertex 3.5837883427739143 -1.0871303081512451 4.502666666666666
    endloop
  endfacet
  facet normal 0 0 1
    outer loop
      vertex 3.281833939254284 -1.359380066394806 4.502666666666666
      vertex 3.5837883427739143 -1.0871303081512451 4.502666666666666
      vertex 3.3992735370993614 -1.031158372759819 4.502666666666666
    endloop
  endfacet
  facet normal 0.9415440636906087 -0.3368898575632322 0
    outer loop
      vertex 3.4599740132689476 -1.4331681728363037 4.335999999999999
      vertex 3.5837883427739143 -1.0871303081512451 4.335999999999999
      vertex 3.4599740132689476 -1.4331681728363037 4.502666666666666
    endloop
  endfacet
  facet normal 0.9415440636906087 -0.3368898575632322 0
    outer loop
      vertex 3.4599740132689476 -1.4331681728363037 4.502666666666666
      vertex 3.5837883427739143 -1.0871303081512451 4.335999999999999
      vertex 3.5837883427739143 -1.0871303081512451 4.502666666666666
    endloop
  endfacet
  facet normal 0.9700312525354253 -0.24298018253461334 0
    outer loop
      vertex 3.5837883427739143 -1.0871303081512451 4.335999999999999
      vertex 3.6730888187885284 -0.7306228280067444 4.335999999999999
      vertex 3.5837883427739143 -1.0871303081512451 4.502666666666666
    endloop
  endfacet
  facet normal 0.9700312525354253 -0.24298018253461334 0
    outer loop
      vertex 3.5837883427739143 -1.0871303081512451 4.502666666666666
      vertex 3.6730888187885284 -0.7306228280067444 4.335999999999999
      vertex 3.6730888187885284 -0.7306228280067444 4.502666666666666
    endloop
  endfacet
  facet normal 0 0 1
    outer loop
      vertex 3.3992735370993614 -1.031158372759819 4.502666666666666
      vertex 3.5837883427739143 -1.0871303081512451 4.502666666666666
      vertex 3.6730888187885284 -0.7306228280067444 4.502666666666666
    endloop
  endfacet
  facet normal 0 0 1
    outer loop
      vertex 3.3992735370993614 -1.031158372759819 4.502666666666666
      vertex 3.6730888187885284 -0.7306228280067444 4.502666666666666
      vertex 3.483976297080517 -0.6930060014128685 4.502666666666666
    endloop
  endfacet
  facet normal 0.9891765104974071 -0.14673047086468777 0
    outer loop
      vertex 3.6730888187885284 -0.7306228280067444 4.335999999999999
      vertex 3.7270154505968094 -0.367078997194767 4.335999999999999
      vertex 3.6730888187885284 -0.7306228280067444 4.502666666666666
    endloop
  endfacet
  facet normal 0 0 1
    outer loop
      vertex 3.483976297080517 -0.6930060014128685 4.502666666666666
      vertex 3.6730888187885284 -0.7306228280067444 4.502666666666666
      vertex 3.7270154505968094 -0.367078997194767 4.502666666666666
    endloop
  endfacet
  facet normal 0.9891765104974071 -0.14673047086468777 0
    outer loop
      vertex 3.6730888187885284 -0.7306228280067444 4.502666666666666
      vertex 3.7270154505968094 -0.367078997194767 4.335999999999999
      vertex 3.7270154505968094 -0.367078997194767 4.502666666666666
    endloop
  endfacet
  facet normal 0 0 1
    outer loop
      vertex 3.483976297080517 -0.6930060014128685 4.502666666666666
      vertex 3.7270154505968094 -0.367078997194767 4.502666666666666
      vertex 3.5351264774799347 -0.34817950427532196 4.502666666666666
    endloop
  endfacet
  facet normal 0.9987954558475116 -0.049067681607769136 0
    outer loop
      vertex 3.7270154505968094 -0.367078997194767 4.335999999999999
      vertex 3.745048888027668 0 4.335999999999999
      vertex 3.7270154505968094 -0.367078997194767 4.502666666666666
    endloop
  endfacet
  facet normal 0.9987954558475116 -0.049067681607769136 0
    outer loop
      vertex 3.7270154505968094 -0.367078997194767 4.502666666666666
      vertex 3.745048888027668 0 4.335999999999999
      vertex 3.745048888027668 0 4.502666666666666
    endloop
  endfacet
  facet normal 0 0 1
    outer loop
      vertex 3.5351264774799347 -0.34817950427532196 4.502666666666666
      vertex 3.745048888027668 0 4.502666666666666
      vertex 3.552231438457966 0 4.502666666666666
    endloop
  endfacet
  facet normal 0 0 1
    outer loop
      vertex 3.5351264774799347 -0.34817950427532196 4.502666666666666
      vertex 3.7270154505968094 -0.367078997194767 4.502666666666666
      vertex 3.745048888027668 0 4.502666666666666
    endloop
  endfacet
  facet normal 0.049067681607769136 0.9987954558475116 0
    outer loop
      vertex 0 3.745048888027668 4.335999999999999
      vertex 0 3.745048888027668 4.502666666666666
      vertex 0.367078997194767 3.7270154505968094 4.502666666666666
    endloop
  endfacet
  facet normal 0.049067681607769136 0.9987954558475116 0
    outer loop
      vertex 0 3.745048888027668 4.335999999999999
      vertex 0.367078997194767 3.7270154505968094 4.502666666666666
      vertex 0.367078997194767 3.7270154505968094 4.335999999999999
    endloop
  endfacet
  facet normal 0 0 1
    outer loop
      vertex -1.0871303081512451 3.5837883427739143 4.502666666666666
      vertex 0.7306228280067444 3.6730888187885284 4.502666666666666
      vertex 0.367078997194767 3.7270154505968094 4.502666666666666
    endloop
  endfacet
  facet normal 0 0 1
    outer loop
      vertex -0.34817950427532196 3.5351264774799347 4.502666666666666
      vertex 0 3.552231438457966 4.502666666666666
      vertex 0.7306228280067444 3.6730888187885284 4.502666666666666
    endloop
  endfacet
  facet normal 0.14673047086468777 0.9891765104974071 0
    outer loop
      vertex 0.367078997194767 3.7270154505968094 4.335999999999999
      vertex 0.367078997194767 3.7270154505968094 4.502666666666666
      vertex 0.7306228280067444 3.6730888187885284 4.502666666666666
    endloop
  endfacet
  facet normal 0 0 1
    outer loop
      vertex 0 3.552231438457966 4.502666666666666
      vertex 0.34817950427532196 3.5351264774799347 4.502666666666666
      vertex 0.7306228280067444 3.6730888187885284 4.502666666666666
    endloop
  endfacet
  facet normal 0 0 1
    outer loop
      vertex 0.6930060014128685 3.483976297080517 4.502666666666666
      vertex 1.031158372759819 3.3992735370993614 4.502666666666666
      vertex 1.0871303081512451 3.5837883427739143 4.502666666666666
    endloop
  endfacet
  facet normal 0.14673047086468777 0.9891765104974071 0
    outer loop
      vertex 0.367078997194767 3.7270154505968094 4.335999999999999
      vertex 0.7306228280067444 3.6730888187885284 4.502666666666666
      vertex 0.7306228280067444 3.6730888187885284 4.335999999999999
    endloop
  endfacet
  facet normal 0 0 1
    outer loop
      vertex 0.34817950427532196 3.5351264774799347 4.502666666666666
      vertex 0.6930060014128685 3.483976297080517 4.502666666666666
      vertex 1.0871303081512451 3.5837883427739143 4.502666666666666
    endloop
  endfacet
  facet normal 0 0 1
    outer loop
      vertex 0.34817950427532196 3.5351264774799347 4.502666666666666
      vertex 1.0871303081512451 3.5837883427739143 4.502666666666666
      vertex 0.7306228280067444 3.6730888187885284 4.502666666666666
    endloop
  endfacet
  facet normal 0.24298018253461334 0.9700312525354253 0
    outer loop
      vertex 0.7306228280067444 3.6730888187885284 4.335999999999999
      vertex 0.7306228280067444 3.6730888187885284 4.502666666666666
      vertex 1.0871303081512451 3.5837883427739143 4.502666666666666
    endloop
  endfacet
  facet normal 0.24298018253461334 0.9700312525354253 0
    outer loop
      vertex 0.7306228280067444 3.6730888187885284 4.335999999999999
      vertex 1.0871303081512451 3.5837883427739143 4.502666666666666
      vertex 1.0871303081512451 3.5837883427739143 4.335999999999999
    endloop
  endfacet
  facet normal 0 0 1
    outer loop
      vertex 1.031158372759819 3.3992735370993614 4.502666666666666
      vertex 1.4331681728363037 3.4599740132689476 4.502666666666666
      vertex 1.0871303081512451 3.5837883427739143 4.502666666666666
    endloop
  endfacet
  facet normal 0 0 1
    outer loop
      vertex 1.031158372759819 3.3992735370993614 4.502666666666666
      vertex 1.359380066394806 3.281833939254284 4.502666666666666
      vertex 1.4331681728363037 3.4599740132689476 4.502666666666666
    endloop
  endfacet
  facet normal 0.3368898575632322 0.9415440636906087 0
    outer loop
      vertex 1.4331681728363037 3.4599740132689476 4.502666666666666
      vertex 1.0871303081512451 3.5837883427739143 4.335999999999999
      vertex 1.0871303081512451 3.5837883427739143 4.502666666666666
    endloop
  endfacet
  facet normal 0.3368898575632322 0.9415440636906087 0
    outer loop
      vertex 1.4331681728363037 3.4599740132689476 4.335999999999999
      vertex 1.0871303081512451 3.5837883427739143 4.335999999999999
      vertex 1.4331681728363037 3.4599740132689476 4.502666666666666
    endloop
  endfacet
  facet normal 0 0 1
    outer loop
      vertex 1.359380066394806 3.281833939254284 4.502666666666666
      vertex 1.6745103374123573 3.1327884271740913 4.502666666666666
      vertex 1.7654038220643997 3.302838258445263 4.502666666666666
    endloop
  endfacet
  facet normal 0.427555083298555 0.9039892979153933 0
    outer loop
      vertex 1.4331681728363037 3.4599740132689476 4.335999999999999
      vertex 1.4331681728363037 3.4599740132689476 4.502666666666666
      vertex 1.7654038220643997 3.302838258445263 4.502666666666666
    endloop
  endfacet
  facet normal 0.427555083298555 0.9039892979153933 0
    outer loop
      vertex 1.4331681728363037 3.4599740132689476 4.335999999999999
      vertex 1.7654038220643997 3.302838258445263 4.502666666666666
      vertex 1.7654038220643997 3.302838258445263 4.335999999999999
    endloop
  endfacet
  facet normal 0 0 1
    outer loop
      vertex 1.359380066394806 3.281833939254284 4.502666666666666
      vertex 1.7654038220643997 3.302838258445263 4.502666666666666
      vertex 1.4331681728363037 3.4599740132689476 4.502666666666666
    endloop
  endfacet
  facet normal 0.5141027489337598 0.8577286071589028 0
    outer loop
      vertex 1.7654038220643997 3.302838258445263 4.335999999999999
      vertex 1.7654038220643997 3.302838258445263 4.502666666666666
      vertex 2.0806376710534096 3.113894358277321 4.502666666666666
    endloop
  endfacet
  facet normal 0.5141027489337598 0.8577286071589028 0
    outer loop
      vertex 1.7654038220643997 3.302838258445263 4.335999999999999
      vertex 2.0806376710534096 3.113894358277321 4.502666666666666
      vertex 2.0806376710534096 3.113894358277321 4.335999999999999
    endloop
  endfacet
  facet normal 0 0 1
    outer loop
      vertex 1.973514050245285 2.9535724967718124 4.502666666666666
      vertex 1.7654038220643997 3.302838258445263 4.502666666666666
      vertex 1.6745103374123573 3.1327884271740913 4.502666666666666
    endloop
  endfacet
  facet normal 0 0 1
    outer loop
      vertex 1.973514050245285 2.9535724967718124 4.502666666666666
      vertex 2.0806376710534096 3.113894358277321 4.502666666666666
      vertex 1.7654038220643997 3.302838258445263 4.502666666666666
    endloop
  endfacet
  facet normal 0 0 1
    outer loop
      vertex 3.483976297080517 0.6930060014128685 4.502666666666666
      vertex 3.5837883427739143 1.0871303081512451 4.502666666666666
      vertex 3.3992735370993614 1.031158372759819 4.502666666666666
    endloop
  endfacet
  facet normal 0.9987954558475116 0.049067681607769136 0
    outer loop
      vertex 3.745048888027668 0 4.335999999999999
      vertex 3.7270154505968094 0.367078997194767 4.335999999999999
      vertex 3.745048888027668 0 4.502666666666666
    endloop
  endfacet
  facet normal 0.9987954558475116 0.049067681607769136 0
    outer loop
      vertex 3.745048888027668 0 4.502666666666666
      vertex 3.7270154505968094 0.367078997194767 4.335999999999999
      vertex 3.7270154505968094 0.367078997194767 4.502666666666666
    endloop
  endfacet
  facet normal 0 0 1
    outer loop
      vertex 3.552231438457966 0 4.502666666666666
      vertex 3.7270154505968094 0.367078997194767 4.502666666666666
      vertex 3.5351264774799347 0.34817950427532196 4.502666666666666
    endloop
  endfacet
  facet normal 0 0 1
    outer loop
      vertex 3.552231438457966 0 4.502666666666666
      vertex 3.745048888027668 0 4.502666666666666
      vertex 3.7270154505968094 0.367078997194767 4.502666666666666
    endloop
  endfacet
  facet normal 0.9891765104974071 0.14673047086468777 0
    outer loop
      vertex 3.7270154505968094 0.367078997194767 4.335999999999999
      vertex 3.6730888187885284 0.7306228280067444 4.335999999999999
      vertex 3.7270154505968094 0.367078997194767 4.502666666666666
    endloop
  endfacet
  facet normal 0 0 1
    outer loop
      vertex 3.5351264774799347 0.34817950427532196 4.502666666666666
      vertex 3.7270154505968094 0.367078997194767 4.502666666666666
      vertex 3.6730888187885284 0.7306228280067444 4.502666666666666
    endloop
  endfacet
  facet normal 0.9891765104974071 0.14673047086468777 0
    outer loop
      vertex 3.7270154505968094 0.367078997194767 4.502666666666666
      vertex 3.6730888187885284 0.7306228280067444 4.335999999999999
      vertex 3.6730888187885284 0.7306228280067444 4.502666666666666
    endloop
  endfacet
  facet normal 0 0 1
    outer loop
      vertex 3.483976297080517 0.6930060014128685 4.502666666666666
      vertex 3.5351264774799347 0.34817950427532196 4.502666666666666
      vertex 3.6730888187885284 0.7306228280067444 4.502666666666666
    endloop
  endfacet
  facet normal 0.9700312525354253 0.24298018253461334 0
    outer loop
      vertex 3.6730888187885284 0.7306228280067444 4.502666666666666
      vertex 3.5837883427739143 1.0871303081512451 4.335999999999999
      vertex 3.5837883427739143 1.0871303081512451 4.502666666666666
    endloop
  endfacet
  facet normal 0.9700312525354253 0.24298018253461334 0
    outer loop
      vertex 3.6730888187885284 0.7306228280067444 4.335999999999999
      vertex 3.5837883427739143 1.0871303081512451 4.335999999999999
      vertex 3.6730888187885284 0.7306228280067444 4.502666666666666
    endloop
  endfacet
  facet normal 0 0 1
    outer loop
      vertex 3.483976297080517 0.6930060014128685 4.502666666666666
      vertex 3.6730888187885284 0.7306228280067444 4.502666666666666
      vertex 3.5837883427739143 1.0871303081512451 4.502666666666666
    endloop
  endfacet
  facet normal 0 0 1
    outer loop
      vertex 3.3992735370993614 1.031158372759819 4.502666666666666
      vertex 3.5837883427739143 1.0871303081512451 4.502666666666666
      vertex 3.4599740132689476 1.4331681728363037 4.502666666666666
    endloop
  endfacet
  facet normal 0 0 1
    outer loop
      vertex 3.3992735370993614 1.031158372759819 4.502666666666666
      vertex 3.4599740132689476 1.4331681728363037 4.502666666666666
      vertex 3.281833939254284 1.359380066394806 4.502666666666666
    endloop
  endfacet
  facet normal 0 0 1
    outer loop
      vertex 3.281833939254284 1.359380066394806 4.502666666666666
      vertex 3.302838258445263 1.7654038220643997 4.502666666666666
      vertex 3.1327884271740913 1.6745103374123573 4.502666666666666
    endloop
  endfacet
  facet normal 0.8577286071589028 0.5141027489337598 0
    outer loop
      vertex 3.302838258445263 1.7654038220643997 4.335999999999999
      vertex 3.113894358277321 2.0806376710534096 4.335999999999999
      vertex 3.302838258445263 1.7654038220643997 4.502666666666666
    endloop
  endfacet
  facet normal 0.8577286071589028 0.5141027489337598 0
    outer loop
      vertex 3.302838258445263 1.7654038220643997 4.502666666666666
      vertex 3.113894358277321 2.0806376710534096 4.335999999999999
      vertex 3.113894358277321 2.0806376710534096 4.502666666666666
    endloop
  endfacet
  facet normal 0 0 1
    outer loop
      vertex 2.9535724967718124 1.973514050245285 4.502666666666666
      vertex 3.1327884271740913 1.6745103374123573 4.502666666666666
      vertex 3.113894358277321 2.0806376710534096 4.502666666666666
    endloop
  endfacet
  facet normal 0 0 1
    outer loop
      vertex 3.1327884271740913 1.6745103374123573 4.502666666666666
      vertex 3.302838258445263 1.7654038220643997 4.502666666666666
      vertex 3.113894358277321 2.0806376710534096 4.502666666666666
    endloop
  endfacet
  facet normal 0.9039892979153933 0.427555083298555 0
    outer loop
      vertex 3.4599740132689476 1.4331681728363037 4.502666666666666
      vertex 3.302838258445263 1.7654038220643997 4.335999999999999
      vertex 3.302838258445263 1.7654038220643997 4.502666666666666
    endloop
  endfacet
  facet normal 0.9039892979153933 0.427555083298555 0
    outer loop
      vertex 3.4599740132689476 1.4331681728363037 4.335999999999999
      vertex 3.302838258445263 1.7654038220643997 4.335999999999999
      vertex 3.4599740132689476 1.4331681728363037 4.502666666666666
    endloop
  endfacet
  facet normal 0 0 1
    outer loop
      vertex 3.281833939254284 1.359380066394806 4.502666666666666
      vertex 3.4599740132689476 1.4331681728363037 4.502666666666666
      vertex 3.302838258445263 1.7654038220643997 4.502666666666666
    endloop
  endfacet
  facet normal 0.9415440636906087 0.3368898575632322 0
    outer loop
      vertex 3.4599740132689476 1.4331681728363037 4.335999999999999
      vertex 3.5837883427739143 1.0871303081512451 4.502666666666666
      vertex 3.5837883427739143 1.0871303081512451 4.335999999999999
    endloop
  endfacet
  facet normal 0.9415440636906087 0.3368898575632322 0
    outer loop
      vertex 3.4599740132689476 1.4331681728363037 4.335999999999999
      vertex 3.4599740132689476 1.4331681728363037 4.502666666666666
      vertex 3.5837883427739143 1.0871303081512451 4.502666666666666
    endloop
  endfacet
  facet normal 0 0 1
    outer loop
      vertex 1.973514050245285 2.9535724967718124 4.502666666666666
      vertex 2.2535117864608765 2.7459120228886604 4.502666666666666
      vertex 2.0806376710534096 3.113894358277321 4.502666666666666
    endloop
  endfacet
  facet normal 0 0 1
    outer loop
      vertex 2.2535117864608765 2.7459120228886604 4.502666666666666
      vertex 2.375833824276924 2.894961968064308 4.502666666666666
      vertex 2.0806376710534096 3.113894358277321 4.502666666666666
    endloop
  endfacet
  facet normal 0 0 1
    outer loop
      vertex 2.2535117864608765 2.7459120228886604 4.502666666666666
      vertex 2.511806935071945 2.511806935071945 4.502666666666666
      vertex 2.375833824276924 2.894961968064308 4.502666666666666
    endloop
  endfacet
  facet normal 0.5956993078581923 0.8032075289844279 0
    outer loop
      vertex 2.375833824276924 2.894961968064308 4.335999999999999
      vertex 2.0806376710534096 3.113894358277321 4.335999999999999
      vertex 2.375833824276924 2.894961968064308 4.502666666666666
    endloop
  endfacet
  facet normal 0.6715589570738423 0.7409511233366834 0
    outer loop
      vertex 2.375833824276924 2.894961968064308 4.335999999999999
      vertex 2.375833824276924 2.894961968064308 4.502666666666666
      vertex 2.648149460554123 2.648149460554123 4.502666666666666
    endloop
  endfacet
  facet normal 0 0 1
    outer loop
      vertex 2.7459120228886604 2.2535117864608765 4.502666666666666
      vertex 2.648149460554123 2.648149460554123 4.502666666666666
      vertex 2.511806935071945 2.511806935071945 4.502666666666666
    endloop
  endfacet
  facet normal 0 0 1
    outer loop
      vertex 2.9535724967718124 1.973514050245285 4.502666666666666
      vertex 2.894961968064308 2.375833824276924 4.502666666666666
      vertex 2.7459120228886604 2.2535117864608765 4.502666666666666
    endloop
  endfacet
  facet normal 0 0 1
    outer loop
      vertex 2.9535724967718124 1.973514050245285 4.502666666666666
      vertex 3.113894358277321 2.0806376710534096 4.502666666666666
      vertex 2.894961968064308 2.375833824276924 4.502666666666666
    endloop
  endfacet
  facet normal 0.7409511233366834 0.6715589570738423 0
    outer loop
      vertex 2.894961968064308 2.375833824276924 4.335999999999999
      vertex 2.648149460554123 2.648149460554123 4.335999999999999
      vertex 2.894961968064308 2.375833824276924 4.502666666666666
    endloop
  endfacet
  facet normal 0.8032075289844279 0.5956993078581923 0
    outer loop
      vertex 2.894961968064308 2.375833824276924 4.335999999999999
      vertex 2.894961968064308 2.375833824276924 4.502666666666666
      vertex 3.113894358277321 2.0806376710534096 4.502666666666666
    endloop
  endfacet
  facet normal 0 0 1
    outer loop
      vertex 2.7459120228886604 2.2535117864608765 4.502666666666666
      vertex 2.894961968064308 2.375833824276924 4.502666666666666
      vertex 2.648149460554123 2.648149460554123 4.502666666666666
    endloop
  endfacet
  facet normal 0.6715589570738423 0.7409511233366834 0
    outer loop
      vertex 2.375833824276924 2.894961968064308 4.335999999999999
      vertex 2.648149460554123 2.648149460554123 4.502666666666666
      vertex 2.648149460554123 2.648149460554123 4.335999999999999
    endloop
  endfacet
  facet normal 0.7409511233366834 0.6715589570738423 0
    outer loop
      vertex 2.894961968064308 2.375833824276924 4.502666666666666
      vertex 2.648149460554123 2.648149460554123 4.335999999999999
      vertex 2.648149460554123 2.648149460554123 4.502666666666666
    endloop
  endfacet
  facet normal 0 0 1
    outer loop
      vertex 2.375833824276924 2.894961968064308 4.502666666666666
      vertex 2.511806935071945 2.511806935071945 4.502666666666666
      vertex 2.648149460554123 2.648149460554123 4.502666666666666
    endloop
  endfacet
  facet normal 0.5956993078581923 0.8032075289844279 0
    outer loop
      vertex 2.375833824276924 2.894961968064308 4.502666666666666
      vertex 2.0806376710534096 3.113894358277321 4.335999999999999
      vertex 2.0806376710534096 3.113894358277321 4.502666666666666
    endloop
  endfacet
  facet normal 0.8032075289844279 0.5956993078581923 0
    outer loop
      vertex 2.894961968064308 2.375833824276924 4.335999999999999
      vertex 3.113894358277321 2.0806376710534096 4.502666666666666
      vertex 3.113894358277321 2.0806376710534096 4.335999999999999
    endloop
  endfacet
  facet normal -0.8032075316674141 -0.5956993042406042 0
    outer loop
      vertex -2.7459120228886604 -2.2535117864608765 4.669333333333333
      vertex -2.9535724967718124 -1.973514050245285 4.669333333333333
      vertex -2.9535724967718124 -1.973514050245285 4.502666666666666
    endloop
  endfacet
  facet normal -0.8032075316674141 -0.5956993042406042 0
    outer loop
      vertex -2.7459120228886604 -2.2535117864608765 4.502666666666666
      vertex -2.7459120228886604 -2.2535117864608765 4.669333333333333
      vertex -2.9535724967718124 -1.973514050245285 4.502666666666666
    endloop
  endfacet
  facet normal -0.7409511095083539 -0.6715589723310524 0
    outer loop
      vertex -2.511806935071945 -2.511806935071945 4.669333333333333
      vertex -2.7459120228886604 -2.2535117864608765 4.669333333333333
      vertex -2.7459120228886604 -2.2535117864608765 4.502666666666666
    endloop
  endfacet
  facet normal -0.7409511095083539 -0.6715589723310524 0
    outer loop
      vertex -2.511806935071945 -2.511806935071945 4.502666666666666
      vertex -2.511806935071945 -2.511806935071945 4.669333333333333
      vertex -2.7459120228886604 -2.2535117864608765 4.502666666666666
    endloop
  endfacet
  facet normal 0 0 1
    outer loop
      vertex -2.7459120228886604 -2.2535117864608765 4.669333333333333
      vertex -2.1204675659537315 -2.1204675659537315 4.669333333333333
      vertex -2.9535724967718124 -1.973514050245285 4.669333333333333
    endloop
  endfacet
  facet normal -0.6715589723310524 -0.7409511095083539 0
    outer loop
      vertex -2.511806935071945 -2.511806935071945 4.502666666666666
      vertex -2.2535117864608765 -2.7459120228886604 4.669333333333333
      vertex -2.511806935071945 -2.511806935071945 4.669333333333333
    endloop
  endfacet
  facet normal -0.6715589723310524 -0.7409511095083539 0
    outer loop
      vertex -2.511806935071945 -2.511806935071945 4.502666666666666
      vertex -2.2535117864608765 -2.7459120228886604 4.502666666666666
      vertex -2.2535117864608765 -2.7459120228886604 4.669333333333333
    endloop
  endfacet
  facet normal -0.5956993042406042 -0.8032075316674141 0
    outer loop
      vertex -2.2535117864608765 -2.7459120228886604 4.502666666666666
      vertex -1.973514050245285 -2.9535724967718124 4.669333333333333
      vertex -2.2535117864608765 -2.7459120228886604 4.669333333333333
    endloop
  endfacet
  facet normal -0.5956993042406042 -0.8032075316674141 0
    outer loop
      vertex -2.2535117864608765 -2.7459120228886604 4.502666666666666
      vertex -1.973514050245285 -2.9535724967718124 4.502666666666666
      vertex -1.973514050245285 -2.9535724967718124 4.669333333333333
    endloop
  endfacet
  facet normal 0 0 1
    outer loop
      vertex -2.511806935071945 -2.511806935071945 4.669333333333333
      vertex -2.2535117864608765 -2.7459120228886604 4.669333333333333
      vertex -1.666040651500225 -2.4934061020612717 4.669333333333333
    endloop
  endfacet
  facet normal 0 0 1
    outer loop
      vertex -2.511806935071945 -2.511806935071945 4.669333333333333
      vertex -1.902414783835411 -2.318099096417427 4.669333333333333
      vertex -2.7459120228886604 -2.2535117864608765 4.669333333333333
    endloop
  endfacet
  facet normal 0 0 1
    outer loop
      vertex -2.7459120228886604 -2.2535117864608765 4.669333333333333
      vertex -1.902414783835411 -2.318099096417427 4.669333333333333
      vertex -2.1204675659537315 -2.1204675659537315 4.669333333333333
    endloop
  endfacet
  facet normal 0 0 1
    outer loop
      vertex -2.511806935071945 -2.511806935071945 4.669333333333333
      vertex -1.666040651500225 -2.4934061020612717 4.669333333333333
      vertex -1.902414783835411 -2.318099096417427 4.669333333333333
    endloop
  endfacet
  facet normal -0.8577286076664807 -0.5141027480869172 0
    outer loop
      vertex -3.1327884271740913 -1.6745103374123573 4.502666666666666
      vertex -2.9535724967718124 -1.973514050245285 4.502666666666666
      vertex -2.9535724967718124 -1.973514050245285 4.669333333333333
    endloop
  endfacet
  facet normal -0.8577286076664807 -0.5141027480869172 0
    outer loop
      vertex -3.1327884271740913 -1.6745103374123573 4.502666666666666
      vertex -2.9535724967718124 -1.973514050245285 4.669333333333333
      vertex -3.1327884271740913 -1.6745103374123573 4.669333333333333
    endloop
  endfacet
  facet normal -0.9039892996962519 -0.4275550795332459 0
    outer loop
      vertex -3.1327884271740913 -1.6745103374123573 4.502666666666666
      vertex -3.1327884271740913 -1.6745103374123573 4.669333333333333
      vertex -3.281833939254284 -1.359380066394806 4.502666666666666
    endloop
  endfacet
  facet normal -0.9415440670001838 -0.33688984831358987 0
    outer loop
      vertex -3.281833939254284 -1.359380066394806 4.502666666666666
      vertex -3.281833939254284 -1.359380066394806 4.669333333333333
      vertex -3.3992735370993614 -1.031158372759819 4.502666666666666
    endloop
  endfacet
  facet normal -0.9415440670001838 -0.33688984831358987 0
    outer loop
      vertex -3.3992735370993614 -1.031158372759819 4.502666666666666
      vertex -3.281833939254284 -1.359380066394806 4.669333333333333
      vertex -3.3992735370993614 -1.031158372759819 4.669333333333333
    endloop
  endfacet
  facet normal -0.9039892996962519 -0.4275550795332459 0
    outer loop
      vertex -3.1327884271740913 -1.6745103374123573 4.669333333333333
      vertex -3.281833939254284 -1.359380066394806 4.669333333333333
      vertex -3.281833939254284 -1.359380066394806 4.502666666666666
    endloop
  endfacet
  facet normal 0 0 1
    outer loop
      vertex -3.1327884271740913 -1.6745103374123573 4.669333333333333
      vertex -2.6447002068161964 -1.4136216938495636 4.669333333333333
      vertex -3.281833939254284 -1.359380066394806 4.669333333333333
    endloop
  endfacet
  facet normal 0 0 1
    outer loop
      vertex -3.281833939254284 -1.359380066394806 4.669333333333333
      vertex -2.770524390041828 -1.1475888043642044 4.669333333333333
      vertex -3.3992735370993614 -1.031158372759819 4.669333333333333
    endloop
  endfacet
  facet normal 0 0 1
    outer loop
      vertex -3.3992735370993614 -1.031158372759819 4.669333333333333
      vertex -2.770524390041828 -1.1475888043642044 4.669333333333333
      vertex -2.8696669414639473 -0.8705039173364639 4.669333333333333
    endloop
  endfacet
  facet normal -0.9891765093747468 -0.14673047843304945 0
    outer loop
      vertex -3.5351264774799347 -0.34817950427532196 4.502666666666666
      vertex -3.483976297080517 -0.6930060014128685 4.502666666666666
      vertex -3.483976297080517 -0.6930060014128685 4.669333333333333
    endloop
  endfacet
  facet normal -0.9891765093747468 -0.14673047843304945 0
    outer loop
      vertex -3.5351264774799347 -0.34817950427532196 4.502666666666666
      vertex -3.483976297080517 -0.6930060014128685 4.669333333333333
      vertex -3.5351264774799347 -0.34817950427532196 4.669333333333333
    endloop
  endfacet
  facet normal -0.9987954563768728 -0.04906767083237566 0
    outer loop
      vertex -3.5351264774799347 -0.34817950427532196 4.502666666666666
      vertex -3.5351264774799347 -0.34817950427532196 4.669333333333333
      vertex -3.552231438457966 0 4.502666666666666
    endloop
  endfacet
  facet normal -0.9987954563768728 -0.04906767083237566 0
    outer loop
      vertex -3.5351264774799347 -0.34817950427532196 4.669333333333333
      vertex -3.552231438457966 0 4.669333333333333
      vertex -3.552231438457966 0 4.502666666666666
    endloop
  endfacet
  facet normal -0.9700312529234322 -0.24298018098560314 0
    outer loop
      vertex -3.3992735370993614 -1.031158372759819 4.502666666666666
      vertex -3.3992735370993614 -1.031158372759819 4.669333333333333
      vertex -3.483976297080517 -0.6930060014128685 4.502666666666666
    endloop
  endfacet
  facet normal -0.9700312529234322 -0.24298018098560314 0
    outer loop
      vertex -3.3992735370993614 -1.031158372759819 4.669333333333333
      vertex -3.483976297080517 -0.6930060014128685 4.669333333333333
      vertex -3.483976297080517 -0.6930060014128685 4.502666666666666
    endloop
  endfacet
  facet normal 0 0 1
    outer loop
      vertex -3.3992735370993614 -1.031158372759819 4.669333333333333
      vertex -2.8696669414639473 -0.8705039173364639 4.669333333333333
      vertex -3.483976297080517 -0.6930060014128685 4.669333333333333
    endloop
  endfacet
  facet normal 0 0 1
    outer loop
      vertex -3.5351264774799347 -0.34817950427532196 4.669333333333333
      vertex -3.483976297080517 -0.6930060014128685 4.669333333333333
      vertex -2.9411730095744133 -0.5850357040762901 4.669333333333333
    endloop
  endfacet
  facet normal 0 0 1
    outer loop
      vertex -3.483976297080517 -0.6930060014128685 4.669333333333333
      vertex -2.8696669414639473 -0.8705039173364639 4.669333333333333
      vertex -2.9411730095744133 -0.5850357040762901 4.669333333333333
    endloop
  endfacet
  facet normal 0 0 1
    outer loop
      vertex -3.5351264774799347 -0.34817950427532196 4.669333333333333
      vertex -2.9843539893627167 -0.2939331978559494 4.669333333333333
      vertex -3.552231438457966 0 4.669333333333333
    endloop
  endfacet
  facet normal 0 0 1
    outer loop
      vertex -3.5351264774799347 -0.34817950427532196 4.669333333333333
      vertex -2.9411730095744133 -0.5850357040762901 4.669333333333333
      vertex -2.9843539893627167 -0.2939331978559494 4.669333333333333
    endloop
  endfacet
  facet normal 0 0 1
    outer loop
      vertex -2.9843539893627167 -0.2939331978559494 4.669333333333333
      vertex -2.9987939968705177 0 4.669333333333333
      vertex -3.552231438457966 0 4.669333333333333
    endloop
  endfacet
  facet normal 0 0 1
    outer loop
      vertex -3.1327884271740913 -1.6745103374123573 4.669333333333333
      vertex -2.9535724967718124 -1.973514050245285 4.669333333333333
      vertex -2.4934061020612717 -1.666040651500225 4.669333333333333
    endloop
  endfacet
  facet normal 0 0 1
    outer loop
      vertex -3.1327884271740913 -1.6745103374123573 4.669333333333333
      vertex -2.4934061020612717 -1.666040651500225 4.669333333333333
      vertex -2.6447002068161964 -1.4136216938495636 4.669333333333333
    endloop
  endfacet
  facet normal 0 0 1
    outer loop
      vertex -2.9535724967718124 -1.973514050245285 4.669333333333333
      vertex -2.318099096417427 -1.902414783835411 4.669333333333333
      vertex -2.4934061020612717 -1.666040651500225 4.669333333333333
    endloop
  endfacet
  facet normal 0 0 1
    outer loop
      vertex -3.281833939254284 -1.359380066394806 4.669333333333333
      vertex -2.6447002068161964 -1.4136216938495636 4.669333333333333
      vertex -2.770524390041828 -1.1475888043642044 4.669333333333333
    endloop
  endfacet
  facet normal 0 0 1
    outer loop
      vertex -2.1204675659537315 -2.1204675659537315 4.669333333333333
      vertex -2.318099096417427 -1.902414783835411 4.669333333333333
      vertex -2.9535724967718124 -1.973514050245285 4.669333333333333
    endloop
  endfacet
  facet normal -0.5141027480869172 -0.8577286076664807 0
    outer loop
      vertex -1.6745103374123573 -3.1327884271740913 4.502666666666666
      vertex -1.6745103374123573 -3.1327884271740913 4.669333333333333
      vertex -1.973514050245285 -2.9535724967718124 4.502666666666666
    endloop
  endfacet
  facet normal -0.5141027480869172 -0.8577286076664807 0
    outer loop
      vertex -1.6745103374123573 -3.1327884271740913 4.669333333333333
      vertex -1.973514050245285 -2.9535724967718124 4.669333333333333
      vertex -1.973514050245285 -2.9535724967718124 4.502666666666666
    endloop
  endfacet
  facet normal -0.4275550795332459 -0.9039892996962519 0
    outer loop
      vertex -1.6745103374123573 -3.1327884271740913 4.502666666666666
      vertex -1.359380066394806 -3.281833939254284 4.669333333333333
      vertex -1.6745103374123573 -3.1327884271740913 4.669333333333333
    endloop
  endfacet
  facet normal -0.4275550795332459 -0.9039892996962519 0
    outer loop
      vertex -1.6745103374123573 -3.1327884271740913 4.502666666666666
      vertex -1.359380066394806 -3.281833939254284 4.502666666666666
      vertex -1.359380066394806 -3.281833939254284 4.669333333333333
    endloop
  endfacet
  facet normal 0 0 1
    outer loop
      vertex -1.6745103374123573 -3.1327884271740913 4.669333333333333
      vertex -0.5850357040762901 -2.9411730095744133 4.669333333333333
      vertex -1.973514050245285 -2.9535724967718124 4.669333333333333
    endloop
  endfacet
  facet normal -0.33688984831358987 -0.9415440670001838 0
    outer loop
      vertex -1.359380066394806 -3.281833939254284 4.502666666666666
      vertex -1.031158372759819 -3.3992735370993614 4.502666666666666
      vertex -1.031158372759819 -3.3992735370993614 4.669333333333333
    endloop
  endfacet
  facet normal -0.33688984831358987 -0.9415440670001838 0
    outer loop
      vertex -1.359380066394806 -3.281833939254284 4.502666666666666
      vertex -1.031158372759819 -3.3992735370993614 4.669333333333333
      vertex -1.359380066394806 -3.281833939254284 4.669333333333333
    endloop
  endfacet
  facet normal 0 0 1
    outer loop
      vertex -2.2535117864608765 -2.7459120228886604 4.669333333333333
      vertex -1.973514050245285 -2.9535724967718124 4.669333333333333
      vertex -1.1475888043642044 -2.770524390041828 4.669333333333333
    endloop
  endfacet
  facet normal 0 0 1
    outer loop
      vertex -2.2535117864608765 -2.7459120228886604 4.669333333333333
      vertex -1.4136216938495636 -2.6447002068161964 4.669333333333333
      vertex -1.666040651500225 -2.4934061020612717 4.669333333333333
    endloop
  endfacet
  facet normal 0 0 1
    outer loop
      vertex -2.2535117864608765 -2.7459120228886604 4.669333333333333
      vertex -1.1475888043642044 -2.770524390041828 4.669333333333333
      vertex -1.4136216938495636 -2.6447002068161964 4.669333333333333
    endloop
  endfacet
  facet normal 0 0 1
    outer loop
      vertex -1.973514050245285 -2.9535724967718124 4.669333333333333
      vertex -0.8705039173364639 -2.8696669414639473 4.669333333333333
      vertex -1.1475888043642044 -2.770524390041828 4.669333333333333
    endloop
  endfacet
  facet normal 0 0 1
    outer loop
      vertex -1.973514050245285 -2.9535724967718124 4.669333333333333
      vertex -0.5850357040762901 -2.9411730095744133 4.669333333333333
      vertex -0.8705039173364639 -2.8696669414639473 4.669333333333333
    endloop
  endfacet
  facet normal -0.14673047843304945 -0.9891765093747468 0
    outer loop
      vertex -0.6930060014128685 -3.483976297080517 4.502666666666666
      vertex -0.34817950427532196 -3.5351264774799347 4.669333333333333
      vertex -0.6930060014128685 -3.483976297080517 4.669333333333333
    endloop
  endfacet
  facet normal -0.24298018098560314 -0.9700312529234322 0
    outer loop
      vertex -1.031158372759819 -3.3992735370993614 4.502666666666666
      vertex -0.6930060014128685 -3.483976297080517 4.669333333333333
      vertex -1.031158372759819 -3.3992735370993614 4.669333333333333
    endloop
  endfacet
  facet normal -0.24298018098560314 -0.9700312529234322 0
    outer loop
      vertex -1.031158372759819 -3.3992735370993614 4.502666666666666
      vertex -0.6930060014128685 -3.483976297080517 4.502666666666666
      vertex -0.6930060014128685 -3.483976297080517 4.669333333333333
    endloop
  endfacet
  facet normal 0 0 1
    outer loop
      vertex -1.6745103374123573 -3.1327884271740913 4.669333333333333
      vertex -0.2939331978559494 -2.9843539893627167 4.669333333333333
      vertex -0.5850357040762901 -2.9411730095744133 4.669333333333333
    endloop
  endfacet
  facet normal 0 0 1
    outer loop
      vertex -1.6745103374123573 -3.1327884271740913 4.669333333333333
      vertex 0 -2.9987939968705177 4.669333333333333
      vertex -0.2939331978559494 -2.9843539893627167 4.669333333333333
    endloop
  endfacet
  facet normal -0.14673047843304945 -0.9891765093747468 0
    outer loop
      vertex -0.6930060014128685 -3.483976297080517 4.502666666666666
      vertex -0.34817950427532196 -3.5351264774799347 4.502666666666666
      vertex -0.34817950427532196 -3.5351264774799347 4.669333333333333
    endloop
  endfacet
  facet normal -0.04906767083237566 -0.9987954563768728 0
    outer loop
      vertex -0.34817950427532196 -3.5351264774799347 4.502666666666666
      vertex 0 -3.552231438457966 4.669333333333333
      vertex -0.34817950427532196 -3.5351264774799347 4.669333333333333
    endloop
  endfacet
  facet normal -0.04906767083237566 -0.9987954563768728 0
    outer loop
      vertex -0.34817950427532196 -3.5351264774799347 4.502666666666666
      vertex 0 -3.552231438457966 4.502666666666666
      vertex 0 -3.552231438457966 4.669333333333333
    endloop
  endfacet
  facet normal 0 0 1
    outer loop
      vertex -1.6745103374123573 -3.1327884271740913 4.669333333333333
      vertex 0.2939331978559494 -2.9843539893627167 4.669333333333333
      vertex 0 -2.9987939968705177 4.669333333333333
    endloop
  endfacet
  facet normal 0 0 1
    outer loop
      vertex -1.6745103374123573 -3.1327884271740913 4.669333333333333
      vertex -1.359380066394806 -3.281833939254284 4.669333333333333
      vertex 1.973514050245285 -2.9535724967718124 4.669333333333333
    endloop
  endfacet
  facet normal 0 0 1
    outer loop
      vertex -1.359380066394806 -3.281833939254284 4.669333333333333
      vertex -1.031158372759819 -3.3992735370993614 4.669333333333333
      vertex 1.6745103374123573 -3.1327884271740913 4.669333333333333
    endloop
  endfacet
  facet normal 0 0 1
    outer loop
      vertex -1.031158372759819 -3.3992735370993614 4.669333333333333
      vertex -0.6930060014128685 -3.483976297080517 4.669333333333333
      vertex 1.359380066394806 -3.281833939254284 4.669333333333333
    endloop
  endfacet
  facet normal 0 0 1
    outer loop
      vertex -0.6930060014128685 -3.483976297080517 4.669333333333333
      vertex -0.34817950427532196 -3.5351264774799347 4.669333333333333
      vertex 1.031158372759819 -3.3992735370993614 4.669333333333333
    endloop
  endfacet
  facet normal -0.9987954563768728 0.04906767083237566 0
    outer loop
      vertex -3.552231438457966 0 4.502666666666666
      vertex -3.552231438457966 0 4.669333333333333
      vertex -3.5351264774799347 0.34817950427532196 4.502666666666666
    endloop
  endfacet
  facet normal -0.9987954563768728 0.04906767083237566 0
    outer loop
      vertex -3.5351264774799347 0.34817950427532196 4.502666666666666
      vertex -3.552231438457966 0 4.669333333333333
      vertex -3.5351264774799347 0.34817950427532196 4.669333333333333
    endloop
  endfacet
  facet normal -0.9891765093747468 0.14673047843304945 0
    outer loop
      vertex -3.5351264774799347 0.34817950427532196 4.502666666666666
      vertex -3.5351264774799347 0.34817950427532196 4.669333333333333
      vertex -3.483976297080517 0.6930060014128685 4.502666666666666
    endloop
  endfacet
  facet normal -0.9891765093747468 0.14673047843304945 0
    outer loop
      vertex -3.5351264774799347 0.34817950427532196 4.669333333333333
      vertex -3.483976297080517 0.6930060014128685 4.669333333333333
      vertex -3.483976297080517 0.6930060014128685 4.502666666666666
    endloop
  endfacet
  facet normal 0 0 1
    outer loop
      vertex -3.552231438457966 0 4.669333333333333
      vertex -2.9987939968705177 0 4.669333333333333
      vertex -3.5351264774799347 0.34817950427532196 4.669333333333333
    endloop
  endfacet
  facet normal 0 0 1
    outer loop
      vertex -3.5351264774799347 0.34817950427532196 4.669333333333333
      vertex -2.9843539893627167 0.2939331978559494 4.669333333333333
      vertex -3.483976297080517 0.6930060014128685 4.669333333333333
    endloop
  endfacet
  facet normal 0 0 1
    outer loop
      vertex -3.5351264774799347 0.34817950427532196 4.669333333333333
      vertex -2.9987939968705177 0 4.669333333333333
      vertex -2.9843539893627167 0.2939331978559494 4.669333333333333
    endloop
  endfacet
  facet normal -0.9700312529234322 0.24298018098560314 0
    outer loop
      vertex -3.483976297080517 0.6930060014128685 4.502666666666666
      vertex -3.483976297080517 0.6930060014128685 4.669333333333333
      vertex -3.3992735370993614 1.031158372759819 4.502666666666666
    endloop
  endfacet
  facet normal -0.9700312529234322 0.24298018098560314 0
    outer loop
      vertex -3.483976297080517 0.6930060014128685 4.669333333333333
      vertex -3.3992735370993614 1.031158372759819 4.669333333333333
      vertex -3.3992735370993614 1.031158372759819 4.502666666666666
    endloop
  endfacet
  facet normal 0 0 1
    outer loop
      vertex -3.483976297080517 0.6930060014128685 4.669333333333333
      vertex -2.9411730095744133 0.5850357040762901 4.669333333333333
      vertex -3.3992735370993614 1.031158372759819 4.669333333333333
    endloop
  endfacet
  facet normal 0 0 1
    outer loop
      vertex -3.483976297080517 0.6930060014128685 4.669333333333333
      vertex -2.9843539893627167 0.2939331978559494 4.669333333333333
      vertex -2.9411730095744133 0.5850357040762901 4.669333333333333
    endloop
  endfacet
  facet normal 0 0 1
    outer loop
      vertex -3.3992735370993614 1.031158372759819 4.669333333333333
      vertex -2.9411730095744133 0.5850357040762901 4.669333333333333
      vertex -2.8696669414639473 0.8705039173364639 4.669333333333333
    endloop
  endfacet
  facet normal -0.9415440670001838 0.33688984831358987 0
    outer loop
      vertex -3.3992735370993614 1.031158372759819 4.502666666666666
      vertex -3.3992735370993614 1.031158372759819 4.669333333333333
      vertex -3.281833939254284 1.359380066394806 4.502666666666666
    endloop
  endfacet
  facet normal -0.9415440670001838 0.33688984831358987 0
    outer loop
      vertex -3.281833939254284 1.359380066394806 4.502666666666666
      vertex -3.3992735370993614 1.031158372759819 4.669333333333333
      vertex -3.281833939254284 1.359380066394806 4.669333333333333
    endloop
  endfacet
  facet normal 0 0 1
    outer loop
      vertex -3.3992735370993614 1.031158372759819 4.669333333333333
      vertex -2.8696669414639473 0.8705039173364639 4.669333333333333
      vertex -3.281833939254284 1.359380066394806 4.669333333333333
    endloop
  endfacet
  facet normal -0.9039892996962519 0.4275550795332459 0
    outer loop
      vertex -3.281833939254284 1.359380066394806 4.502666666666666
      vertex -3.281833939254284 1.359380066394806 4.669333333333333
      vertex -3.1327884271740913 1.6745103374123573 4.502666666666666
    endloop
  endfacet
  facet normal 0 0 1
    outer loop
      vertex -3.281833939254284 1.359380066394806 4.669333333333333
      vertex -2.6447002068161964 1.4136216938495636 4.669333333333333
      vertex -3.1327884271740913 1.6745103374123573 4.669333333333333
    endloop
  endfacet
  facet normal -0.9039892996962519 0.4275550795332459 0
    outer loop
      vertex -3.281833939254284 1.359380066394806 4.669333333333333
      vertex -3.1327884271740913 1.6745103374123573 4.669333333333333
      vertex -3.1327884271740913 1.6745103374123573 4.502666666666666
    endloop
  endfacet
  facet normal -0.8577286076664807 0.5141027480869172 0
    outer loop
      vertex -3.1327884271740913 1.6745103374123573 4.502666666666666
      vertex -3.1327884271740913 1.6745103374123573 4.669333333333333
      vertex -2.9535724967718124 1.973514050245285 4.502666666666666
    endloop
  endfacet
  facet normal -0.8577286076664807 0.5141027480869172 0
    outer loop
      vertex -3.1327884271740913 1.6745103374123573 4.669333333333333
      vertex -2.9535724967718124 1.973514050245285 4.669333333333333
      vertex -2.9535724967718124 1.973514050245285 4.502666666666666
    endloop
  endfacet
  facet normal 0 0 1
    outer loop
      vertex -3.281833939254284 1.359380066394806 4.669333333333333
      vertex -2.8696669414639473 0.8705039173364639 4.669333333333333
      vertex -2.770524390041828 1.1475888043642044 4.669333333333333
    endloop
  endfacet
  facet normal 0 0 1
    outer loop
      vertex -3.281833939254284 1.359380066394806 4.669333333333333
      vertex -2.770524390041828 1.1475888043642044 4.669333333333333
      vertex -2.6447002068161964 1.4136216938495636 4.669333333333333
    endloop
  endfacet
  facet normal 0 0 1
    outer loop
      vertex -3.1327884271740913 1.6745103374123573 4.669333333333333
      vertex -2.6447002068161964 1.4136216938495636 4.669333333333333
      vertex -2.4934061020612717 1.666040651500225 4.669333333333333
    endloop
  endfacet
  facet normal 0 0 1
    outer loop
      vertex -3.1327884271740913 1.6745103374123573 4.669333333333333
      vertex -2.4934061020612717 1.666040651500225 4.669333333333333
      vertex -2.9535724967718124 1.973514050245285 4.669333333333333
    endloop
  endfacet
  facet normal 0 0 1
    outer loop
      vertex -2.9535724967718124 1.973514050245285 4.669333333333333
      vertex -2.4934061020612717 1.666040651500225 4.669333333333333
      vertex -2.318099096417427 1.902414783835411 4.669333333333333
    endloop
  endfacet
  facet normal -0.8032075316674141 0.5956993042406042 0
    outer loop
      vertex -2.9535724967718124 1.973514050245285 4.502666666666666
      vertex -2.9535724967718124 1.973514050245285 4.669333333333333
      vertex -2.7459120228886604 2.2535117864608765 4.502666666666666
    endloop
  endfacet
  facet normal -0.8032075316674141 0.5956993042406042 0
    outer loop
      vertex -2.9535724967718124 1.973514050245285 4.669333333333333
      vertex -2.7459120228886604 2.2535117864608765 4.669333333333333
      vertex -2.7459120228886604 2.2535117864608765 4.502666666666666
    endloop
  endfacet
  facet normal 0 0 1
    outer loop
      vertex -2.9535724967718124 1.973514050245285 4.669333333333333
      vertex -2.318099096417427 1.902414783835411 4.669333333333333
      vertex -2.7459120228886604 2.2535117864608765 4.669333333333333
    endloop
  endfacet
  facet normal -0.7409511095083539 0.6715589723310524 0
    outer loop
      vertex -2.7459120228886604 2.2535117864608765 4.502666666666666
      vertex -2.7459120228886604 2.2535117864608765 4.669333333333333
      vertex -2.511806935071945 2.511806935071945 4.502666666666666
    endloop
  endfacet
  facet normal -0.7409511095083539 0.6715589723310524 0
    outer loop
      vertex -2.7459120228886604 2.2535117864608765 4.669333333333333
      vertex -2.511806935071945 2.511806935071945 4.669333333333333
      vertex -2.511806935071945 2.511806935071945 4.502666666666666
    endloop
  endfacet
  facet normal 0 0 1
    outer loop
      vertex -2.318099096417427 1.902414783835411 4.669333333333333
      vertex -2.1204675659537315 2.1204675659537315 4.669333333333333
      vertex -2.7459120228886604 2.2535117864608765 4.669333333333333
    endloop
  endfacet
  facet normal 0 0 1
    outer loop
      vertex -2.7459120228886604 2.2535117864608765 4.669333333333333
      vertex -2.1204675659537315 2.1204675659537315 4.669333333333333
      vertex -1.902414783835411 2.318099096417427 4.669333333333333
    endloop
  endfacet
  facet normal 0 0 1
    outer loop
      vertex -2.7459120228886604 2.2535117864608765 4.669333333333333
      vertex -1.902414783835411 2.318099096417427 4.669333333333333
      vertex -2.511806935071945 2.511806935071945 4.669333333333333
    endloop
  endfacet
  facet normal 0 0 1
    outer loop
      vertex -2.511806935071945 2.511806935071945 4.669333333333333
      vertex -1.902414783835411 2.318099096417427 4.669333333333333
      vertex -1.666040651500225 2.4934061020612717 4.669333333333333
    endloop
  endfacet
  facet normal -0.6715589723310524 0.7409511095083539 0
    outer loop
      vertex -2.511806935071945 2.511806935071945 4.502666666666666
      vertex -2.511806935071945 2.511806935071945 4.669333333333333
      vertex -2.2535117864608765 2.7459120228886604 4.502666666666666
    endloop
  endfacet
  facet normal -0.6715589723310524 0.7409511095083539 0
    outer loop
      vertex -2.511806935071945 2.511806935071945 4.669333333333333
      vertex -2.2535117864608765 2.7459120228886604 4.669333333333333
      vertex -2.2535117864608765 2.7459120228886604 4.502666666666666
    endloop
  endfacet
  facet normal 0 0 1
    outer loop
      vertex -2.511806935071945 2.511806935071945 4.669333333333333
      vertex -1.666040651500225 2.4934061020612717 4.669333333333333
      vertex -2.2535117864608765 2.7459120228886604 4.669333333333333
    endloop
  endfacet
  facet normal -0.5956993042406042 0.8032075316674141 0
    outer loop
      vertex -2.2535117864608765 2.7459120228886604 4.502666666666666
      vertex -2.2535117864608765 2.7459120228886604 4.669333333333333
      vertex -1.973514050245285 2.9535724967718124 4.502666666666666
    endloop
  endfacet
  facet normal -0.5956993042406042 0.8032075316674141 0
    outer loop
      vertex -2.2535117864608765 2.7459120228886604 4.669333333333333
      vertex -1.973514050245285 2.9535724967718124 4.669333333333333
      vertex -1.973514050245285 2.9535724967718124 4.502666666666666
    endloop
  endfacet
  facet normal 0 0 1
    outer loop
      vertex -2.2535117864608765 2.7459120228886604 4.669333333333333
      vertex -1.666040651500225 2.4934061020612717 4.669333333333333
      vertex -1.4136216938495636 2.6447002068161964 4.669333333333333
    endloop
  endfacet
  facet normal 0 0 1
    outer loop
      vertex -2.2535117864608765 2.7459120228886604 4.669333333333333
      vertex -1.4136216938495636 2.6447002068161964 4.669333333333333
      vertex -1.1475888043642044 2.770524390041828 4.669333333333333
    endloop
  endfacet
  facet normal 0 0 1
    outer loop
      vertex -2.2535117864608765 2.7459120228886604 4.669333333333333
      vertex -0.8705039173364639 2.8696669414639473 4.669333333333333
      vertex -1.973514050245285 2.9535724967718124 4.669333333333333
    endloop
  endfacet
  facet normal 0 0 1
    outer loop
      vertex -2.2535117864608765 2.7459120228886604 4.669333333333333
      vertex -1.1475888043642044 2.770524390041828 4.669333333333333
      vertex -0.8705039173364639 2.8696669414639473 4.669333333333333
    endloop
  endfacet
  facet normal 0 0 1
    outer loop
      vertex -1.973514050245285 2.9535724967718124 4.669333333333333
      vertex -0.8705039173364639 2.8696669414639473 4.669333333333333
      vertex -0.5850357040762901 2.9411730095744133 4.669333333333333
    endloop
  endfacet
  facet normal -0.5141027480869172 0.8577286076664807 0
    outer loop
      vertex -1.973514050245285 2.9535724967718124 4.502666666666666
      vertex -1.973514050245285 2.9535724967718124 4.669333333333333
      vertex -1.6745103374123573 3.1327884271740913 4.502666666666666
    endloop
  endfacet
  facet normal -0.5141027480869172 0.8577286076664807 0
    outer loop
      vertex -1.973514050245285 2.9535724967718124 4.669333333333333
      vertex -1.6745103374123573 3.1327884271740913 4.669333333333333
      vertex -1.6745103374123573 3.1327884271740913 4.502666666666666
    endloop
  endfacet
  facet normal -0.4275550795332459 0.9039892996962519 0
    outer loop
      vertex -1.6745103374123573 3.1327884271740913 4.502666666666666
      vertex -1.6745103374123573 3.1327884271740913 4.669333333333333
      vertex -1.359380066394806 3.281833939254284 4.502666666666666
    endloop
  endfacet
  facet normal -0.4275550795332459 0.9039892996962519 0
    outer loop
      vertex -1.6745103374123573 3.1327884271740913 4.669333333333333
      vertex -1.359380066394806 3.281833939254284 4.669333333333333
      vertex -1.359380066394806 3.281833939254284 4.502666666666666
    endloop
  endfacet
  facet normal -0.33688984831358987 0.9415440670001838 0
    outer loop
      vertex -1.359380066394806 3.281833939254284 4.502666666666666
      vertex -1.359380066394806 3.281833939254284 4.669333333333333
      vertex -1.031158372759819 3.3992735370993614 4.502666666666666
    endloop
  endfacet
  facet normal -0.33688984831358987 0.9415440670001838 0
    outer loop
      vertex -1.031158372759819 3.3992735370993614 4.502666666666666
      vertex -1.359380066394806 3.281833939254284 4.669333333333333
      vertex -1.031158372759819 3.3992735370993614 4.669333333333333
    endloop
  endfacet
  facet normal 0 0 1
    outer loop
      vertex -1.973514050245285 2.9535724967718124 4.669333333333333
      vertex -0.5850357040762901 2.9411730095744133 4.669333333333333
      vertex -0.2939331978559494 2.9843539893627167 4.669333333333333
    endloop
  endfacet
  facet normal 0 0 1
    outer loop
      vertex -1.973514050245285 2.9535724967718124 4.669333333333333
      vertex 1.359380066394806 3.281833939254284 4.669333333333333
      vertex -1.6745103374123573 3.1327884271740913 4.669333333333333
    endloop
  endfacet
  facet normal -0.24298018098560314 0.9700312529234322 0
    outer loop
      vertex -1.031158372759819 3.3992735370993614 4.502666666666666
      vertex -1.031158372759819 3.3992735370993614 4.669333333333333
      vertex -0.6930060014128685 3.483976297080517 4.502666666666666
    endloop
  endfacet
  facet normal -0.24298018098560314 0.9700312529234322 0
    outer loop
      vertex -1.031158372759819 3.3992735370993614 4.669333333333333
      vertex -0.6930060014128685 3.483976297080517 4.669333333333333
      vertex -0.6930060014128685 3.483976297080517 4.502666666666666
    endloop
  endfacet
  facet normal 0 0 1
    outer loop
      vertex -1.6745103374123573 3.1327884271740913 4.669333333333333
      vertex 1.031158372759819 3.3992735370993614 4.669333333333333
      vertex -1.359380066394806 3.281833939254284 4.669333333333333
    endloop
  endfacet
  facet normal 0 0 1
    outer loop
      vertex -1.359380066394806 3.281833939254284 4.669333333333333
      vertex 0.6930060014128685 3.483976297080517 4.669333333333333
      vertex -1.031158372759819 3.3992735370993614 4.669333333333333
    endloop
  endfacet
  facet normal -0.14673047843304945 0.9891765093747468 0
    outer loop
      vertex -0.6930060014128685 3.483976297080517 4.502666666666666
      vertex -0.6930060014128685 3.483976297080517 4.669333333333333
      vertex -0.34817950427532196 3.5351264774799347 4.502666666666666
    endloop
  endfacet
  facet normal 0 0 1
    outer loop
      vertex -1.031158372759819 3.3992735370993614 4.669333333333333
      vertex 0.34817950427532196 3.5351264774799347 4.669333333333333
      vertex -0.6930060014128685 3.483976297080517 4.669333333333333
    endloop
  endfacet
  facet normal 0 0 1
    outer loop
      vertex -1.973514050245285 2.9535724967718124 4.669333333333333
      vertex -0.2939331978559494 2.9843539893627167 4.669333333333333
      vertex 1.6745103374123573 3.1327884271740913 4.669333333333333
    endloop
  endfacet
  facet normal -0.14673047843304945 0.9891765093747468 0
    outer loop
      vertex -0.6930060014128685 3.483976297080517 4.669333333333333
      vertex -0.34817950427532196 3.5351264774799347 4.669333333333333
      vertex -0.34817950427532196 3.5351264774799347 4.502666666666666
    endloop
  endfacet
  facet normal 0 0 1
    outer loop
      vertex -0.6930060014128685 3.483976297080517 4.669333333333333
      vertex 0 3.552231438457966 4.669333333333333
      vertex -0.34817950427532196 3.5351264774799347 4.669333333333333
    endloop
  endfacet
  facet normal -0.04906767083237566 0.9987954563768728 0
    outer loop
      vertex -0.34817950427532196 3.5351264774799347 4.502666666666666
      vertex -0.34817950427532196 3.5351264774799347 4.669333333333333
      vertex 0 3.552231438457966 4.502666666666666
    endloop
  endfacet
  facet normal -0.04906767083237566 0.9987954563768728 0
    outer loop
      vertex -0.34817950427532196 3.5351264774799347 4.669333333333333
      vertex 0 3.552231438457966 4.669333333333333
      vertex 0 3.552231438457966 4.502666666666666
    endloop
  endfacet
  facet normal 0 0 1
    outer loop
      vertex -0.6930060014128685 3.483976297080517 4.669333333333333
      vertex 0.34817950427532196 3.5351264774799347 4.669333333333333
      vertex 0 3.552231438457966 4.669333333333333
    endloop
  endfacet
  facet normal 0.04906767083237566 -0.9987954563768728 0
    outer loop
      vertex 0 -3.552231438457966 4.502666666666666
      vertex 0.34817950427532196 -3.5351264774799347 4.669333333333333
      vertex 0 -3.552231438457966 4.669333333333333
    endloop
  endfacet
  facet normal 0 0 1
    outer loop
      vertex -0.34817950427532196 -3.5351264774799347 4.669333333333333
      vertex 0 -3.552231438457966 4.669333333333333
      vertex 0.6930060014128685 -3.483976297080517 4.669333333333333
    endloop
  endfacet
  facet normal 0.04906767083237566 -0.9987954563768728 0
    outer loop
      vertex 0 -3.552231438457966 4.502666666666666
      vertex 0.34817950427532196 -3.5351264774799347 4.502666666666666
      vertex 0.34817950427532196 -3.5351264774799347 4.669333333333333
    endloop
  endfacet
  facet normal 0 0 1
    outer loop
      vertex 0 -3.552231438457966 4.669333333333333
      vertex 0.34817950427532196 -3.5351264774799347 4.669333333333333
      vertex 0.6930060014128685 -3.483976297080517 4.669333333333333
    endloop
  endfacet
  facet normal 0.14673047843304945 -0.9891765093747468 0
    outer loop
      vertex 0.34817950427532196 -3.5351264774799347 4.502666666666666
      vertex 0.6930060014128685 -3.483976297080517 4.669333333333333
      vertex 0.34817950427532196 -3.5351264774799347 4.669333333333333
    endloop
  endfacet
  facet normal 0 0 1
    outer loop
      vertex -1.6745103374123573 -3.1327884271740913 4.669333333333333
      vertex 1.973514050245285 -2.9535724967718124 4.669333333333333
      vertex 0.2939331978559494 -2.9843539893627167 4.669333333333333
    endloop
  endfacet
  facet normal 0 0 1
    outer loop
      vertex -0.34817950427532196 -3.5351264774799347 4.669333333333333
      vertex 0.6930060014128685 -3.483976297080517 4.669333333333333
      vertex 1.031158372759819 -3.3992735370993614 4.669333333333333
    endloop
  endfacet
  facet normal 0.14673047843304945 -0.9891765093747468 0
    outer loop
      vertex 0.34817950427532196 -3.5351264774799347 4.502666666666666
      vertex 0.6930060014128685 -3.483976297080517 4.502666666666666
      vertex 0.6930060014128685 -3.483976297080517 4.669333333333333
    endloop
  endfacet
  facet normal 0 0 1
    outer loop
      vertex -0.6930060014128685 -3.483976297080517 4.669333333333333
      vertex 1.031158372759819 -3.3992735370993614 4.669333333333333
      vertex 1.359380066394806 -3.281833939254284 4.669333333333333
    endloop
  endfacet
  facet normal 0 0 1
    outer loop
      vertex -1.031158372759819 -3.3992735370993614 4.669333333333333
      vertex 1.359380066394806 -3.281833939254284 4.669333333333333
      vertex 1.6745103374123573 -3.1327884271740913 4.669333333333333
    endloop
  endfacet
  facet normal 0.24298018098560314 -0.9700312529234322 0
    outer loop
      vertex 0.6930060014128685 -3.483976297080517 4.502666666666666
      vertex 1.031158372759819 -3.3992735370993614 4.669333333333333
      vertex 0.6930060014128685 -3.483976297080517 4.669333333333333
    endloop
  endfacet
  facet normal 0.24298018098560314 -0.9700312529234322 0
    outer loop
      vertex 0.6930060014128685 -3.483976297080517 4.502666666666666
      vertex 1.031158372759819 -3.3992735370993614 4.502666666666666
      vertex 1.031158372759819 -3.3992735370993614 4.669333333333333
    endloop
  endfacet
  facet normal 0 0 1
    outer loop
      vertex -1.359380066394806 -3.281833939254284 4.669333333333333
      vertex 1.6745103374123573 -3.1327884271740913 4.669333333333333
      vertex 1.973514050245285 -2.9535724967718124 4.669333333333333
    endloop
  endfacet
  facet normal 0 0 1
    outer loop
      vertex 0.2939331978559494 -2.9843539893627167 4.669333333333333
      vertex 1.973514050245285 -2.9535724967718124 4.669333333333333
      vertex 0.5850357040762901 -2.9411730095744133 4.669333333333333
    endloop
  endfacet
  facet normal 0.33688984831358987 -0.9415440670001838 0
    outer loop
      vertex 1.031158372759819 -3.3992735370993614 4.502666666666666
      vertex 1.359380066394806 -3.281833939254284 4.502666666666666
      vertex 1.359380066394806 -3.281833939254284 4.669333333333333
    endloop
  endfacet
  facet normal 0.33688984831358987 -0.9415440670001838 0
    outer loop
      vertex 1.031158372759819 -3.3992735370993614 4.502666666666666
      vertex 1.359380066394806 -3.281833939254284 4.669333333333333
      vertex 1.031158372759819 -3.3992735370993614 4.669333333333333
    endloop
  endfacet
  facet normal 0.4275550795332459 -0.9039892996962519 0
    outer loop
      vertex 1.359380066394806 -3.281833939254284 4.502666666666666
      vertex 1.6745103374123573 -3.1327884271740913 4.669333333333333
      vertex 1.359380066394806 -3.281833939254284 4.669333333333333
    endloop
  endfacet
  facet normal 0.4275550795332459 -0.9039892996962519 0
    outer loop
      vertex 1.359380066394806 -3.281833939254284 4.502666666666666
      vertex 1.6745103374123573 -3.1327884271740913 4.502666666666666
      vertex 1.6745103374123573 -3.1327884271740913 4.669333333333333
    endloop
  endfacet
  facet normal 0.5141027480869172 -0.8577286076664807 0
    outer loop
      vertex 1.6745103374123573 -3.1327884271740913 4.502666666666666
      vertex 1.973514050245285 -2.9535724967718124 4.502666666666666
      vertex 1.973514050245285 -2.9535724967718124 4.669333333333333
    endloop
  endfacet
  facet normal 0.5141027480869172 -0.8577286076664807 0
    outer loop
      vertex 1.6745103374123573 -3.1327884271740913 4.502666666666666
      vertex 1.973514050245285 -2.9535724967718124 4.669333333333333
      vertex 1.6745103374123573 -3.1327884271740913 4.669333333333333
    endloop
  endfacet
  facet normal 0 0 1
    outer loop
      vertex 0.5850357040762901 -2.9411730095744133 4.669333333333333
      vertex 1.973514050245285 -2.9535724967718124 4.669333333333333
      vertex 0.8705039173364639 -2.8696669414639473 4.669333333333333
    endloop
  endfacet
  facet normal 0 0 1
    outer loop
      vertex 0.8705039173364639 -2.8696669414639473 4.669333333333333
      vertex 2.2535117864608765 -2.7459120228886604 4.669333333333333
      vertex 1.1475888043642044 -2.770524390041828 4.669333333333333
    endloop
  endfacet
  facet normal 0 0 1
    outer loop
      vertex 0.8705039173364639 -2.8696669414639473 4.669333333333333
      vertex 1.973514050245285 -2.9535724967718124 4.669333333333333
      vertex 2.2535117864608765 -2.7459120228886604 4.669333333333333
    endloop
  endfacet
  facet normal 0 0 1
    outer loop
      vertex 1.1475888043642044 -2.770524390041828 4.669333333333333
      vertex 2.2535117864608765 -2.7459120228886604 4.669333333333333
      vertex 1.4136216938495636 -2.6447002068161964 4.669333333333333
    endloop
  endfacet
  facet normal 0 0 1
    outer loop
      vertex 1.4136216938495636 -2.6447002068161964 4.669333333333333
      vertex 2.2535117864608765 -2.7459120228886604 4.669333333333333
      vertex 1.666040651500225 -2.4934061020612717 4.669333333333333
    endloop
  endfacet
  facet normal 0.5956993042406042 -0.8032075316674141 0
    outer loop
      vertex 1.973514050245285 -2.9535724967718124 4.502666666666666
      vertex 2.2535117864608765 -2.7459120228886604 4.669333333333333
      vertex 1.973514050245285 -2.9535724967718124 4.669333333333333
    endloop
  endfacet
  facet normal 0.5956993042406042 -0.8032075316674141 0
    outer loop
      vertex 1.973514050245285 -2.9535724967718124 4.502666666666666
      vertex 2.2535117864608765 -2.7459120228886604 4.502666666666666
      vertex 2.2535117864608765 -2.7459120228886604 4.669333333333333
    endloop
  endfacet
  facet normal 0 0 1
    outer loop
      vertex 1.666040651500225 -2.4934061020612717 4.669333333333333
      vertex 2.2535117864608765 -2.7459120228886604 4.669333333333333
      vertex 2.511806935071945 -2.511806935071945 4.669333333333333
    endloop
  endfacet
  facet normal 0.6715589723310524 -0.7409511095083539 0
    outer loop
      vertex 2.2535117864608765 -2.7459120228886604 4.502666666666666
      vertex 2.511806935071945 -2.511806935071945 4.669333333333333
      vertex 2.2535117864608765 -2.7459120228886604 4.669333333333333
    endloop
  endfacet
  facet normal 0.6715589723310524 -0.7409511095083539 0
    outer loop
      vertex 2.2535117864608765 -2.7459120228886604 4.502666666666666
      vertex 2.511806935071945 -2.511806935071945 4.502666666666666
      vertex 2.511806935071945 -2.511806935071945 4.669333333333333
    endloop
  endfacet
  facet normal 0 0 1
    outer loop
      vertex 1.666040651500225 -2.4934061020612717 4.669333333333333
      vertex 2.511806935071945 -2.511806935071945 4.669333333333333
      vertex 1.902414783835411 -2.318099096417427 4.669333333333333
    endloop
  endfacet
  facet normal 0 0 1
    outer loop
      vertex 1.902414783835411 -2.318099096417427 4.669333333333333
      vertex 2.511806935071945 -2.511806935071945 4.669333333333333
      vertex 2.7459120228886604 -2.2535117864608765 4.669333333333333
    endloop
  endfacet
  facet normal 0 0 1
    outer loop
      vertex 1.902414783835411 -2.318099096417427 4.669333333333333
      vertex 2.7459120228886604 -2.2535117864608765 4.669333333333333
      vertex 2.1204675659537315 -2.1204675659537315 4.669333333333333
    endloop
  endfacet
  facet normal 0 0 1
    outer loop
      vertex 2.1204675659537315 -2.1204675659537315 4.669333333333333
      vertex 2.7459120228886604 -2.2535117864608765 4.669333333333333
      vertex 2.318099096417427 -1.902414783835411 4.669333333333333
    endloop
  endfacet
  facet normal 0.7409511095083539 -0.6715589723310524 0
    outer loop
      vertex 2.511806935071945 -2.511806935071945 4.502666666666666
      vertex 2.7459120228886604 -2.2535117864608765 4.669333333333333
      vertex 2.511806935071945 -2.511806935071945 4.669333333333333
    endloop
  endfacet
  facet normal 0.7409511095083539 -0.6715589723310524 0
    outer loop
      vertex 2.511806935071945 -2.511806935071945 4.502666666666666
      vertex 2.7459120228886604 -2.2535117864608765 4.502666666666666
      vertex 2.7459120228886604 -2.2535117864608765 4.669333333333333
    endloop
  endfacet
  facet normal 0 0 1
    outer loop
      vertex 2.7459120228886604 -2.2535117864608765 4.669333333333333
      vertex 2.9535724967718124 -1.973514050245285 4.669333333333333
      vertex 2.318099096417427 -1.902414783835411 4.669333333333333
    endloop
  endfacet
  facet normal 0.8032075316674141 -0.5956993042406042 0
    outer loop
      vertex 2.7459120228886604 -2.2535117864608765 4.502666666666666
      vertex 2.9535724967718124 -1.973514050245285 4.669333333333333
      vertex 2.7459120228886604 -2.2535117864608765 4.669333333333333
    endloop
  endfacet
  facet normal 0.8032075316674141 -0.5956993042406042 0
    outer loop
      vertex 2.7459120228886604 -2.2535117864608765 4.502666666666666
      vertex 2.9535724967718124 -1.973514050245285 4.502666666666666
      vertex 2.9535724967718124 -1.973514050245285 4.669333333333333
    endloop
  endfacet
  facet normal 0 0 1
    outer loop
      vertex 2.318099096417427 -1.902414783835411 4.669333333333333
      vertex 2.9535724967718124 -1.973514050245285 4.669333333333333
      vertex 2.4934061020612717 -1.666040651500225 4.669333333333333
    endloop
  endfacet
  facet normal 0 0 1
    outer loop
      vertex 2.4934061020612717 -1.666040651500225 4.669333333333333
      vertex 2.9535724967718124 -1.973514050245285 4.669333333333333
      vertex 3.1327884271740913 -1.6745103374123573 4.669333333333333
    endloop
  endfacet
  facet normal 0 0 1
    outer loop
      vertex 2.4934061020612717 -1.666040651500225 4.669333333333333
      vertex 3.1327884271740913 -1.6745103374123573 4.669333333333333
      vertex 2.6447002068161964 -1.4136216938495636 4.669333333333333
    endloop
  endfacet
  facet normal 0 0 1
    outer loop
      vertex 2.6447002068161964 -1.4136216938495636 4.669333333333333
      vertex 3.281833939254284 -1.359380066394806 4.669333333333333
      vertex 2.770524390041828 -1.1475888043642044 4.669333333333333
    endloop
  endfacet
  facet normal 0 0 1
    outer loop
      vertex 2.770524390041828 -1.1475888043642044 4.669333333333333
      vertex 3.281833939254284 -1.359380066394806 4.669333333333333
      vertex 2.8696669414639473 -0.8705039173364639 4.669333333333333
    endloop
  endfacet
  facet normal 0.8577286076664807 -0.5141027480869172 0
    outer loop
      vertex 2.9535724967718124 -1.973514050245285 4.502666666666666
      vertex 3.1327884271740913 -1.6745103374123573 4.502666666666666
      vertex 3.1327884271740913 -1.6745103374123573 4.669333333333333
    endloop
  endfacet
  facet normal 0.8577286076664807 -0.5141027480869172 0
    outer loop
      vertex 2.9535724967718124 -1.973514050245285 4.502666666666666
      vertex 3.1327884271740913 -1.6745103374123573 4.669333333333333
      vertex 2.9535724967718124 -1.973514050245285 4.669333333333333
    endloop
  endfacet
  facet normal 0.9039892996962519 -0.4275550795332459 0
    outer loop
      vertex 3.1327884271740913 -1.6745103374123573 4.502666666666666
      vertex 3.281833939254284 -1.359380066394806 4.669333333333333
      vertex 3.1327884271740913 -1.6745103374123573 4.669333333333333
    endloop
  endfacet
  facet normal 0 0 1
    outer loop
      vertex 2.6447002068161964 -1.4136216938495636 4.669333333333333
      vertex 3.1327884271740913 -1.6745103374123573 4.669333333333333
      vertex 3.281833939254284 -1.359380066394806 4.669333333333333
    endloop
  endfacet
  facet normal 0.9039892996962519 -0.4275550795332459 0
    outer loop
      vertex 3.1327884271740913 -1.6745103374123573 4.502666666666666
      vertex 3.281833939254284 -1.359380066394806 4.502666666666666
      vertex 3.281833939254284 -1.359380066394806 4.669333333333333
    endloop
  endfacet
  facet normal 0 0 1
    outer loop
      vertex 2.8696669414639473 -0.8705039173364639 4.669333333333333
      vertex 3.281833939254284 -1.359380066394806 4.669333333333333
      vertex 3.3992735370993614 -1.031158372759819 4.669333333333333
    endloop
  endfacet
  facet normal 0.9415440670001838 -0.33688984831358987 0
    outer loop
      vertex 3.281833939254284 -1.359380066394806 4.502666666666666
      vertex 3.3992735370993614 -1.031158372759819 4.502666666666666
      vertex 3.3992735370993614 -1.031158372759819 4.669333333333333
    endloop
  endfacet
  facet normal 0.9415440670001838 -0.33688984831358987 0
    outer loop
      vertex 3.281833939254284 -1.359380066394806 4.502666666666666
      vertex 3.3992735370993614 -1.031158372759819 4.669333333333333
      vertex 3.281833939254284 -1.359380066394806 4.669333333333333
    endloop
  endfacet
  facet normal 0 0 1
    outer loop
      vertex 2.8696669414639473 -0.8705039173364639 4.669333333333333
      vertex 3.3992735370993614 -1.031158372759819 4.669333333333333
      vertex 2.9411730095744133 -0.5850357040762901 4.669333333333333
    endloop
  endfacet
  facet normal 0 0 1
    outer loop
      vertex 2.9411730095744133 -0.5850357040762901 4.669333333333333
      vertex 3.483976297080517 -0.6930060014128685 4.669333333333333
      vertex 2.9843539893627167 -0.2939331978559494 4.669333333333333
    endloop
  endfacet
  facet normal 0 0 1
    outer loop
      vertex 2.9411730095744133 -0.5850357040762901 4.669333333333333
      vertex 3.3992735370993614 -1.031158372759819 4.669333333333333
      vertex 3.483976297080517 -0.6930060014128685 4.669333333333333
    endloop
  endfacet
  facet normal 0.9700312529234322 -0.24298018098560314 0
    outer loop
      vertex 3.3992735370993614 -1.031158372759819 4.502666666666666
      vertex 3.483976297080517 -0.6930060014128685 4.669333333333333
      vertex 3.3992735370993614 -1.031158372759819 4.669333333333333
    endloop
  endfacet
  facet normal 0.9700312529234322 -0.24298018098560314 0
    outer loop
      vertex 3.3992735370993614 -1.031158372759819 4.502666666666666
      vertex 3.483976297080517 -0.6930060014128685 4.502666666666666
      vertex 3.483976297080517 -0.6930060014128685 4.669333333333333
    endloop
  endfacet
  facet normal 0 0 1
    outer loop
      vertex 2.9843539893627167 -0.2939331978559494 4.669333333333333
      vertex 3.5351264774799347 -0.34817950427532196 4.669333333333333
      vertex 2.9987939968705177 0 4.669333333333333
    endloop
  endfacet
  facet normal 0 0 1
    outer loop
      vertex 2.9843539893627167 -0.2939331978559494 4.669333333333333
      vertex 3.483976297080517 -0.6930060014128685 4.669333333333333
      vertex 3.5351264774799347 -0.34817950427532196 4.669333333333333
    endloop
  endfacet
  facet normal 0 0 1
    outer loop
      vertex 3.5351264774799347 -0.34817950427532196 4.669333333333333
      vertex 3.552231438457966 0 4.669333333333333
      vertex 2.9987939968705177 0 4.669333333333333
    endloop
  endfacet
  facet normal 0.9891765093747468 -0.14673047843304945 0
    outer loop
      vertex 3.483976297080517 -0.6930060014128685 4.502666666666666
      vertex 3.5351264774799347 -0.34817950427532196 4.669333333333333
      vertex 3.483976297080517 -0.6930060014128685 4.669333333333333
    endloop
  endfacet
  facet normal 0.9891765093747468 -0.14673047843304945 0
    outer loop
      vertex 3.483976297080517 -0.6930060014128685 4.502666666666666
      vertex 3.5351264774799347 -0.34817950427532196 4.502666666666666
      vertex 3.5351264774799347 -0.34817950427532196 4.669333333333333
    endloop
  endfacet
  facet normal 0.9987954563768728 -0.04906767083237566 0
    outer loop
      vertex 3.5351264774799347 -0.34817950427532196 4.502666666666666
      vertex 3.552231438457966 0 4.669333333333333
      vertex 3.5351264774799347 -0.34817950427532196 4.669333333333333
    endloop
  endfacet
  facet normal 0.9987954563768728 -0.04906767083237566 0
    outer loop
      vertex 3.5351264774799347 -0.34817950427532196 4.502666666666666
      vertex 3.552231438457966 0 4.502666666666666
      vertex 3.552231438457966 0 4.669333333333333
    endloop
  endfacet
  facet normal 0 0 1
    outer loop
      vertex -1.031158372759819 3.3992735370993614 4.669333333333333
      vertex 0.6930060014128685 3.483976297080517 4.669333333333333
      vertex 0.34817950427532196 3.5351264774799347 4.669333333333333
    endloop
  endfacet
  facet normal 0 0 1
    outer loop
      vertex -1.359380066394806 3.281833939254284 4.669333333333333
      vertex 1.031158372759819 3.3992735370993614 4.669333333333333
      vertex 0.6930060014128685 3.483976297080517 4.669333333333333
    endloop
  endfacet
  facet normal 0 0 1
    outer loop
      vertex -1.6745103374123573 3.1327884271740913 4.669333333333333
      vertex 1.359380066394806 3.281833939254284 4.669333333333333
      vertex 1.031158372759819 3.3992735370993614 4.669333333333333
    endloop
  endfacet
  facet normal 0 0 1
    outer loop
      vertex -1.973514050245285 2.9535724967718124 4.669333333333333
      vertex 1.6745103374123573 3.1327884271740913 4.669333333333333
      vertex 1.359380066394806 3.281833939254284 4.669333333333333
    endloop
  endfacet
  facet normal 0 0 1
    outer loop
      vertex -0.2939331978559494 2.9843539893627167 4.669333333333333
      vertex 0 2.9987939968705177 4.669333333333333
      vertex 1.6745103374123573 3.1327884271740913 4.669333333333333
    endloop
  endfacet
  facet normal 0.04906767083237566 0.9987954563768728 0
    outer loop
      vertex 0 3.552231438457966 4.502666666666666
      vertex 0 3.552231438457966 4.669333333333333
      vertex 0.34817950427532196 3.5351264774799347 4.502666666666666
    endloop
  endfacet
  facet normal 0.04906767083237566 0.9987954563768728 0
    outer loop
      vertex 0.34817950427532196 3.5351264774799347 4.502666666666666
      vertex 0 3.552231438457966 4.669333333333333
      vertex 0.34817950427532196 3.5351264774799347 4.669333333333333
    endloop
  endfacet
  facet normal 0.14673047843304945 0.9891765093747468 0
    outer loop
      vertex 0.34817950427532196 3.5351264774799347 4.502666666666666
      vertex 0.34817950427532196 3.5351264774799347 4.669333333333333
      vertex 0.6930060014128685 3.483976297080517 4.502666666666666
    endloop
  endfacet
  facet normal 0 0 1
    outer loop
      vertex 0 2.9987939968705177 4.669333333333333
      vertex 0.2939331978559494 2.9843539893627167 4.669333333333333
      vertex 1.6745103374123573 3.1327884271740913 4.669333333333333
    endloop
  endfacet
  facet normal 0 0 1
    outer loop
      vertex 0.2939331978559494 2.9843539893627167 4.669333333333333
      vertex 0.5850357040762901 2.9411730095744133 4.669333333333333
      vertex 1.6745103374123573 3.1327884271740913 4.669333333333333
    endloop
  endfacet
  facet normal 0.24298018098560314 0.9700312529234322 0
    outer loop
      vertex 0.6930060014128685 3.483976297080517 4.502666666666666
      vertex 0.6930060014128685 3.483976297080517 4.669333333333333
      vertex 1.031158372759819 3.3992735370993614 4.502666666666666
    endloop
  endfacet
  facet normal 0.24298018098560314 0.9700312529234322 0
    outer loop
      vertex 0.6930060014128685 3.483976297080517 4.669333333333333
      vertex 1.031158372759819 3.3992735370993614 4.669333333333333
      vertex 1.031158372759819 3.3992735370993614 4.502666666666666
    endloop
  endfacet
  facet normal 0.14673047843304945 0.9891765093747468 0
    outer loop
      vertex 0.34817950427532196 3.5351264774799347 4.669333333333333
      vertex 0.6930060014128685 3.483976297080517 4.669333333333333
      vertex 0.6930060014128685 3.483976297080517 4.502666666666666
    endloop
  endfacet
  facet normal 0 0 1
    outer loop
      vertex 0.5850357040762901 2.9411730095744133 4.669333333333333
      vertex 0.8705039173364639 2.8696669414639473 4.669333333333333
      vertex 1.973514050245285 2.9535724967718124 4.669333333333333
    endloop
  endfacet
  facet normal 0 0 1
    outer loop
      vertex 0.8705039173364639 2.8696669414639473 4.669333333333333
      vertex 1.1475888043642044 2.770524390041828 4.669333333333333
      vertex 1.973514050245285 2.9535724967718124 4.669333333333333
    endloop
  endfacet
  facet normal 0 0 1
    outer loop
      vertex 1.1475888043642044 2.770524390041828 4.669333333333333
      vertex 1.4136216938495636 2.6447002068161964 4.669333333333333
      vertex 2.2535117864608765 2.7459120228886604 4.669333333333333
    endloop
  endfacet
  facet normal 0 0 1
    outer loop
      vertex 1.4136216938495636 2.6447002068161964 4.669333333333333
      vertex 1.666040651500225 2.4934061020612717 4.669333333333333
      vertex 2.2535117864608765 2.7459120228886604 4.669333333333333
    endloop
  endfacet
  facet normal 0 0 1
    outer loop
      vertex 1.1475888043642044 2.770524390041828 4.669333333333333
      vertex 2.2535117864608765 2.7459120228886604 4.669333333333333
      vertex 1.973514050245285 2.9535724967718124 4.669333333333333
    endloop
  endfacet
  facet normal 0.33688984831358987 0.9415440670001838 0
    outer loop
      vertex 1.031158372759819 3.3992735370993614 4.502666666666666
      vertex 1.031158372759819 3.3992735370993614 4.669333333333333
      vertex 1.359380066394806 3.281833939254284 4.502666666666666
    endloop
  endfacet
  facet normal 0.33688984831358987 0.9415440670001838 0
    outer loop
      vertex 1.359380066394806 3.281833939254284 4.502666666666666
      vertex 1.031158372759819 3.3992735370993614 4.669333333333333
      vertex 1.359380066394806 3.281833939254284 4.669333333333333
    endloop
  endfacet
  facet normal 0 0 1
    outer loop
      vertex 0.5850357040762901 2.9411730095744133 4.669333333333333
      vertex 1.973514050245285 2.9535724967718124 4.669333333333333
      vertex 1.6745103374123573 3.1327884271740913 4.669333333333333
    endloop
  endfacet
  facet normal 0.4275550795332459 0.9039892996962519 0
    outer loop
      vertex 1.359380066394806 3.281833939254284 4.502666666666666
      vertex 1.359380066394806 3.281833939254284 4.669333333333333
      vertex 1.6745103374123573 3.1327884271740913 4.502666666666666
    endloop
  endfacet
  facet normal 0.4275550795332459 0.9039892996962519 0
    outer loop
      vertex 1.359380066394806 3.281833939254284 4.669333333333333
      vertex 1.6745103374123573 3.1327884271740913 4.669333333333333
      vertex 1.6745103374123573 3.1327884271740913 4.502666666666666
    endloop
  endfacet
  facet normal 0.5141027480869172 0.8577286076664807 0
    outer loop
      vertex 1.973514050245285 2.9535724967718124 4.502666666666666
      vertex 1.6745103374123573 3.1327884271740913 4.502666666666666
      vertex 1.6745103374123573 3.1327884271740913 4.669333333333333
    endloop
  endfacet
  facet normal 0.5141027480869172 0.8577286076664807 0
    outer loop
      vertex 1.973514050245285 2.9535724967718124 4.502666666666666
      vertex 1.6745103374123573 3.1327884271740913 4.669333333333333
      vertex 1.973514050245285 2.9535724967718124 4.669333333333333
    endloop
  endfacet
  facet normal 0 0 1
    outer loop
      vertex 2.318099096417427 1.902414783835411 4.669333333333333
      vertex 2.9535724967718124 1.973514050245285 4.669333333333333
      vertex 2.1204675659537315 2.1204675659537315 4.669333333333333
    endloop
  endfacet
  facet normal 0 0 1
    outer loop
      vertex 2.6447002068161964 1.4136216938495636 4.669333333333333
      vertex 2.770524390041828 1.1475888043642044 4.669333333333333
      vertex 3.281833939254284 1.359380066394806 4.669333333333333
    endloop
  endfacet
  facet normal 0 0 1
    outer loop
      vertex 2.4934061020612717 1.666040651500225 4.669333333333333
      vertex 2.9535724967718124 1.973514050245285 4.669333333333333
      vertex 2.318099096417427 1.902414783835411 4.669333333333333
    endloop
  endfacet
  facet normal 0 0 1
    outer loop
      vertex 2.4934061020612717 1.666040651500225 4.669333333333333
      vertex 2.6447002068161964 1.4136216938495636 4.669333333333333
      vertex 3.1327884271740913 1.6745103374123573 4.669333333333333
    endloop
  endfacet
  facet normal 0 0 1
    outer loop
      vertex 2.4934061020612717 1.666040651500225 4.669333333333333
      vertex 3.1327884271740913 1.6745103374123573 4.669333333333333
      vertex 2.9535724967718124 1.973514050245285 4.669333333333333
    endloop
  endfacet
  facet normal 0 0 1
    outer loop
      vertex 2.9987939968705177 0 4.669333333333333
      vertex 3.552231438457966 0 4.669333333333333
      vertex 2.9843539893627167 0.2939331978559494 4.669333333333333
    endloop
  endfacet
  facet normal 0 0 1
    outer loop
      vertex 2.9843539893627167 0.2939331978559494 4.669333333333333
      vertex 3.5351264774799347 0.34817950427532196 4.669333333333333
      vertex 2.9411730095744133 0.5850357040762901 4.669333333333333
    endloop
  endfacet
  facet normal 0 0 1
    outer loop
      vertex 2.9843539893627167 0.2939331978559494 4.669333333333333
      vertex 3.552231438457966 0 4.669333333333333
      vertex 3.5351264774799347 0.34817950427532196 4.669333333333333
    endloop
  endfacet
  facet normal 0 0 1
    outer loop
      vertex 2.9411730095744133 0.5850357040762901 4.669333333333333
      vertex 3.483976297080517 0.6930060014128685 4.669333333333333
      vertex 2.8696669414639473 0.8705039173364639 4.669333333333333
    endloop
  endfacet
  facet normal 0 0 1
    outer loop
      vertex 2.9411730095744133 0.5850357040762901 4.669333333333333
      vertex 3.5351264774799347 0.34817950427532196 4.669333333333333
      vertex 3.483976297080517 0.6930060014128685 4.669333333333333
    endloop
  endfacet
  facet normal 0 0 1
    outer loop
      vertex 2.8696669414639473 0.8705039173364639 4.669333333333333
      vertex 3.483976297080517 0.6930060014128685 4.669333333333333
      vertex 3.3992735370993614 1.031158372759819 4.669333333333333
    endloop
  endfacet
  facet normal 0.9700312529234322 0.24298018098560314 0
    outer loop
      vertex 3.483976297080517 0.6930060014128685 4.502666666666666
      vertex 3.3992735370993614 1.031158372759819 4.669333333333333
      vertex 3.483976297080517 0.6930060014128685 4.669333333333333
    endloop
  endfacet
  facet normal 0.9700312529234322 0.24298018098560314 0
    outer loop
      vertex 3.483976297080517 0.6930060014128685 4.502666666666666
      vertex 3.3992735370993614 1.031158372759819 4.502666666666666
      vertex 3.3992735370993614 1.031158372759819 4.669333333333333
    endloop
  endfacet
  facet normal 0.9987954563768728 0.04906767083237566 0
    outer loop
      vertex 3.552231438457966 0 4.502666666666666
      vertex 3.5351264774799347 0.34817950427532196 4.669333333333333
      vertex 3.552231438457966 0 4.669333333333333
    endloop
  endfacet
  facet normal 0.9987954563768728 0.04906767083237566 0
    outer loop
      vertex 3.552231438457966 0 4.502666666666666
      vertex 3.5351264774799347 0.34817950427532196 4.502666666666666
      vertex 3.5351264774799347 0.34817950427532196 4.669333333333333
    endloop
  endfacet
  facet normal 0.9891765093747468 0.14673047843304945 0
    outer loop
      vertex 3.483976297080517 0.6930060014128685 4.669333333333333
      vertex 3.5351264774799347 0.34817950427532196 4.669333333333333
      vertex 3.5351264774799347 0.34817950427532196 4.502666666666666
    endloop
  endfacet
  facet normal 0.9891765093747468 0.14673047843304945 0
    outer loop
      vertex 3.483976297080517 0.6930060014128685 4.502666666666666
      vertex 3.483976297080517 0.6930060014128685 4.669333333333333
      vertex 3.5351264774799347 0.34817950427532196 4.502666666666666
    endloop
  endfacet
  facet normal 0 0 1
    outer loop
      vertex 2.8696669414639473 0.8705039173364639 4.669333333333333
      vertex 3.3992735370993614 1.031158372759819 4.669333333333333
      vertex 2.770524390041828 1.1475888043642044 4.669333333333333
    endloop
  endfacet
  facet normal 0 0 1
    outer loop
      vertex 2.770524390041828 1.1475888043642044 4.669333333333333
      vertex 3.3992735370993614 1.031158372759819 4.669333333333333
      vertex 3.281833939254284 1.359380066394806 4.669333333333333
    endloop
  endfacet
  facet normal 0 0 1
    outer loop
      vertex 2.6447002068161964 1.4136216938495636 4.669333333333333
      vertex 3.281833939254284 1.359380066394806 4.669333333333333
      vertex 3.1327884271740913 1.6745103374123573 4.669333333333333
    endloop
  endfacet
  facet normal 0.9039892996962519 0.4275550795332459 0
    outer loop
      vertex 3.281833939254284 1.359380066394806 4.502666666666666
      vertex 3.1327884271740913 1.6745103374123573 4.669333333333333
      vertex 3.281833939254284 1.359380066394806 4.669333333333333
    endloop
  endfacet
  facet normal 0.9415440670001838 0.33688984831358987 0
    outer loop
      vertex 3.3992735370993614 1.031158372759819 4.502666666666666
      vertex 3.281833939254284 1.359380066394806 4.502666666666666
      vertex 3.281833939254284 1.359380066394806 4.669333333333333
    endloop
  endfacet
  facet normal 0.9415440670001838 0.33688984831358987 0
    outer loop
      vertex 3.3992735370993614 1.031158372759819 4.502666666666666
      vertex 3.281833939254284 1.359380066394806 4.669333333333333
      vertex 3.3992735370993614 1.031158372759819 4.669333333333333
    endloop
  endfacet
  facet normal 0.9039892996962519 0.4275550795332459 0
    outer loop
      vertex 3.281833939254284 1.359380066394806 4.502666666666666
      vertex 3.1327884271740913 1.6745103374123573 4.502666666666666
      vertex 3.1327884271740913 1.6745103374123573 4.669333333333333
    endloop
  endfacet
  facet normal 0.8577286076664807 0.5141027480869172 0
    outer loop
      vertex 2.9535724967718124 1.973514050245285 4.502666666666666
      vertex 2.9535724967718124 1.973514050245285 4.669333333333333
      vertex 3.1327884271740913 1.6745103374123573 4.502666666666666
    endloop
  endfacet
  facet normal 0.8577286076664807 0.5141027480869172 0
    outer loop
      vertex 2.9535724967718124 1.973514050245285 4.669333333333333
      vertex 3.1327884271740913 1.6745103374123573 4.669333333333333
      vertex 3.1327884271740913 1.6745103374123573 4.502666666666666
    endloop
  endfacet
  facet normal 0 0 1
    outer loop
      vertex 1.666040651500225 2.4934061020612717 4.669333333333333
      vertex 1.902414783835411 2.318099096417427 4.669333333333333
      vertex 2.511806935071945 2.511806935071945 4.669333333333333
    endloop
  endfacet
  facet normal 0 0 1
    outer loop
      vertex 1.902414783835411 2.318099096417427 4.669333333333333
      vertex 2.1204675659537315 2.1204675659537315 4.669333333333333
      vertex 2.7459120228886604 2.2535117864608765 4.669333333333333
    endloop
  endfacet
  facet normal 0 0 1
    outer loop
      vertex 1.902414783835411 2.318099096417427 4.669333333333333
      vertex 2.7459120228886604 2.2535117864608765 4.669333333333333
      vertex 2.511806935071945 2.511806935071945 4.669333333333333
    endloop
  endfacet
  facet normal 0 0 1
    outer loop
      vertex 1.666040651500225 2.4934061020612717 4.669333333333333
      vertex 2.511806935071945 2.511806935071945 4.669333333333333
      vertex 2.2535117864608765 2.7459120228886604 4.669333333333333
    endloop
  endfacet
  facet normal 0.5956993042406042 0.8032075316674141 0
    outer loop
      vertex 1.973514050245285 2.9535724967718124 4.502666666666666
      vertex 1.973514050245285 2.9535724967718124 4.669333333333333
      vertex 2.2535117864608765 2.7459120228886604 4.502666666666666
    endloop
  endfacet
  facet normal 0.5956993042406042 0.8032075316674141 0
    outer loop
      vertex 1.973514050245285 2.9535724967718124 4.669333333333333
      vertex 2.2535117864608765 2.7459120228886604 4.669333333333333
      vertex 2.2535117864608765 2.7459120228886604 4.502666666666666
    endloop
  endfacet
  facet normal 0.6715589723310524 0.7409511095083539 0
    outer loop
      vertex 2.2535117864608765 2.7459120228886604 4.502666666666666
      vertex 2.2535117864608765 2.7459120228886604 4.669333333333333
      vertex 2.511806935071945 2.511806935071945 4.502666666666666
    endloop
  endfacet
  facet normal 0.6715589723310524 0.7409511095083539 0
    outer loop
      vertex 2.2535117864608765 2.7459120228886604 4.669333333333333
      vertex 2.511806935071945 2.511806935071945 4.669333333333333
      vertex 2.511806935071945 2.511806935071945 4.502666666666666
    endloop
  endfacet
  facet normal 0 0 1
    outer loop
      vertex 2.9535724967718124 1.973514050245285 4.669333333333333
      vertex 2.7459120228886604 2.2535117864608765 4.669333333333333
      vertex 2.1204675659537315 2.1204675659537315 4.669333333333333
    endloop
  endfacet
  facet normal 0.7409511095083539 0.6715589723310524 0
    outer loop
      vertex 2.7459120228886604 2.2535117864608765 4.502666666666666
      vertex 2.511806935071945 2.511806935071945 4.502666666666666
      vertex 2.511806935071945 2.511806935071945 4.669333333333333
    endloop
  endfacet
  facet normal 0.7409511095083539 0.6715589723310524 0
    outer loop
      vertex 2.7459120228886604 2.2535117864608765 4.502666666666666
      vertex 2.511806935071945 2.511806935071945 4.669333333333333
      vertex 2.7459120228886604 2.2535117864608765 4.669333333333333
    endloop
  endfacet
  facet normal 0.8032075316674141 0.5956993042406042 0
    outer loop
      vertex 2.9535724967718124 1.973514050245285 4.502666666666666
      vertex 2.7459120228886604 2.2535117864608765 4.502666666666666
      vertex 2.7459120228886604 2.2535117864608765 4.669333333333333
    endloop
  endfacet
  facet normal 0.8032075316674141 0.5956993042406042 0
    outer loop
      vertex 2.9535724967718124 1.973514050245285 4.502666666666666
      vertex 2.7459120228886604 2.2535117864608765 4.669333333333333
      vertex 2.9535724967718124 1.973514050245285 4.669333333333333
    endloop
  endfacet
  facet normal -0.7409511106548144 -0.6715589710661285 0
    outer loop
      vertex -2.1204675659537315 -2.1204675659537315 4.669333333333333
      vertex -2.1204675659537315 -2.1204675659537315 4.835999999999999
      vertex -2.318099096417427 -1.902414783835411 4.835999999999999
    endloop
  endfacet
  facet normal -0.6715589710661285 -0.7409511106548144 0
    outer loop
      vertex -2.1204675659537315 -2.1204675659537315 4.669333333333333
      vertex -1.902414783835411 -2.318099096417427 4.669333333333333
      vertex -2.1204675659537315 -2.1204675659537315 4.835999999999999
    endloop
  endfacet
  facet normal -0.8577286041339105 -0.5141027539806545 0
    outer loop
      vertex -2.6447002068161964 -1.4136216938495636 4.835999999999999
      vertex -2.4934061020612717 -1.666040651500225 4.669333333333333
      vertex -2.4934061020612717 -1.666040651500225 4.835999999999999
    endloop
  endfacet
  facet normal -0.941544072131021 -0.33688983397385985 0
    outer loop
      vertex -2.770524390041828 -1.1475888043642044 4.669333333333333
      vertex -2.770524390041828 -1.1475888043642044 4.835999999999999
      vertex -2.8696669414639473 -0.8705039173364639 4.835999999999999
    endloop
  endfacet
  facet normal -0.903989296708297 -0.4275550858507458 0
    outer loop
      vertex -2.770524390041828 -1.1475888043642044 4.835999999999999
      vertex -2.6447002068161964 -1.4136216938495636 4.669333333333333
      vertex -2.6447002068161964 -1.4136216938495636 4.835999999999999
    endloop
  endfacet
  facet normal -0.8577286041339105 -0.5141027539806545 0
    outer loop
      vertex -2.6447002068161964 -1.4136216938495636 4.669333333333333
      vertex -2.4934061020612717 -1.666040651500225 4.669333333333333
      vertex -2.6447002068161964 -1.4136216938495636 4.835999999999999
    endloop
  endfacet
  facet normal -0.903989296708297 -0.4275550858507458 0
    outer loop
      vertex -2.770524390041828 -1.1475888043642044 4.669333333333333
      vertex -2.6447002068161964 -1.4136216938495636 4.669333333333333
      vertex -2.770524390041828 -1.1475888043642044 4.835999999999999
    endloop
  endfacet
  facet normal 0 0 1
    outer loop
      vertex -2.770524390041828 -1.1475888043642044 4.835999999999999
      vertex -2.6447002068161964 -1.4136216938495636 4.835999999999999
      vertex -2.309698831278217 -0.9567085809127245 4.835999999999999
    endloop
  endfacet
  facet normal -0.8032075294111297 -0.5956993072828516 0
    outer loop
      vertex -2.318099096417427 -1.902414783835411 4.669333333333333
      vertex -2.318099096417427 -1.902414783835411 4.835999999999999
      vertex -2.4934061020612717 -1.666040651500225 4.835999999999999
    endloop
  endfacet
  facet normal -0.7409511106548144 -0.6715589710661285 0
    outer loop
      vertex -2.1204675659537315 -2.1204675659537315 4.669333333333333
      vertex -2.318099096417427 -1.902414783835411 4.835999999999999
      vertex -2.318099096417427 -1.902414783835411 4.669333333333333
    endloop
  endfacet
  facet normal -0.8032075294111297 -0.5956993072828516 0
    outer loop
      vertex -2.318099096417427 -1.902414783835411 4.669333333333333
      vertex -2.4934061020612717 -1.666040651500225 4.835999999999999
      vertex -2.4934061020612717 -1.666040651500225 4.669333333333333
    endloop
  endfacet
  facet normal 0 0 1
    outer loop
      vertex -2.1204675659537315 -2.1204675659537315 4.835999999999999
      vertex -1.7677669529663689 -1.7677669529663689 4.835999999999999
      vertex -2.318099096417427 -1.902414783835411 4.835999999999999
    endloop
  endfacet
  facet normal 0 0 1
    outer loop
      vertex -2.318099096417427 -1.902414783835411 4.835999999999999
      vertex -1.7677669529663689 -1.7677669529663689 4.835999999999999
      vertex -1.9325261334068424 -1.5859832104091138 4.835999999999999
    endloop
  endfacet
  facet normal 0 0 1
    outer loop
      vertex -2.318099096417427 -1.902414783835411 4.835999999999999
      vertex -1.9325261334068424 -1.5859832104091138 4.835999999999999
      vertex -2.4934061020612717 -1.666040651500225 4.835999999999999
    endloop
  endfacet
  facet normal 0 0 1
    outer loop
      vertex -2.4934061020612717 -1.666040651500225 4.835999999999999
      vertex -1.9325261334068424 -1.5859832104091138 4.835999999999999
      vertex -2.078674030756363 -1.3889255825490054 4.835999999999999
    endloop
  endfacet
  facet normal 0 0 1
    outer loop
      vertex -2.6447002068161964 -1.4136216938495636 4.835999999999999
      vertex -2.4934061020612717 -1.666040651500225 4.835999999999999
      vertex -2.204803160870888 -1.1784918420649941 4.835999999999999
    endloop
  endfacet
  facet normal 0 0 1
    outer loop
      vertex -2.4934061020612717 -1.666040651500225 4.835999999999999
      vertex -2.078674030756363 -1.3889255825490054 4.835999999999999
      vertex -2.204803160870888 -1.1784918420649941 4.835999999999999
    endloop
  endfacet
  facet normal 0 0 1
    outer loop
      vertex -2.6447002068161964 -1.4136216938495636 4.835999999999999
      vertex -2.204803160870888 -1.1784918420649941 4.835999999999999
      vertex -2.309698831278217 -0.9567085809127245 4.835999999999999
    endloop
  endfacet
  facet normal -0.9700312506799366 -0.24298018994213896 0
    outer loop
      vertex -2.8696669414639473 -0.8705039173364639 4.669333333333333
      vertex -2.8696669414639473 -0.8705039173364639 4.835999999999999
      vertex -2.9411730095744133 -0.5850357040762901 4.835999999999999
    endloop
  endfacet
  facet normal -0.941544072131021 -0.33688983397385985 0
    outer loop
      vertex -2.770524390041828 -1.1475888043642044 4.669333333333333
      vertex -2.8696669414639473 -0.8705039173364639 4.835999999999999
      vertex -2.8696669414639473 -0.8705039173364639 4.669333333333333
    endloop
  endfacet
  facet normal -0.9700312506799366 -0.24298018994213896 0
    outer loop
      vertex -2.8696669414639473 -0.8705039173364639 4.669333333333333
      vertex -2.9411730095744133 -0.5850357040762901 4.835999999999999
      vertex -2.9411730095744133 -0.5850357040762901 4.669333333333333
    endloop
  endfacet
  facet normal 0 0 1
    outer loop
      vertex -2.8696669414639473 -0.8705039173364639 4.835999999999999
      vertex -2.451963201008076 -0.4877258050403206 4.835999999999999
      vertex -2.9411730095744133 -0.5850357040762901 4.835999999999999
    endloop
  endfacet
  facet normal 0 0 1
    outer loop
      vertex -2.770524390041828 -1.1475888043642044 4.835999999999999
      vertex -2.392350839330522 -0.7257116931361558 4.835999999999999
      vertex -2.8696669414639473 -0.8705039173364639 4.835999999999999
    endloop
  endfacet
  facet normal 0 0 1
    outer loop
      vertex -2.8696669414639473 -0.8705039173364639 4.835999999999999
      vertex -2.392350839330522 -0.7257116931361558 4.835999999999999
      vertex -2.451963201008076 -0.4877258050403206 4.835999999999999
    endloop
  endfacet
  facet normal -0.9891765089521348 -0.14673048128206745 0
    outer loop
      vertex -2.9411730095744133 -0.5850357040762901 4.669333333333333
      vertex -2.9411730095744133 -0.5850357040762901 4.835999999999999
      vertex -2.9843539893627167 -0.2939331978559494 4.835999999999999
    endloop
  endfacet
  facet normal -0.9891765089521348 -0.14673048128206745 0
    outer loop
      vertex -2.9411730095744133 -0.5850357040762901 4.669333333333333
      vertex -2.9843539893627167 -0.2939331978559494 4.835999999999999
      vertex -2.9843539893627167 -0.2939331978559494 4.669333333333333
    endloop
  endfacet
  facet normal 0 0 1
    outer loop
      vertex -2.9411730095744133 -0.5850357040762901 4.835999999999999
      vertex -2.4879618166804924 -0.2450428508239015 4.835999999999999
      vertex -2.9843539893627167 -0.2939331978559494 4.835999999999999
    endloop
  endfacet
  facet normal -0.998795456962152 -0.049067658918742776 0
    outer loop
      vertex -2.9843539893627167 -0.2939331978559494 4.669333333333333
      vertex -2.9843539893627167 -0.2939331978559494 4.835999999999999
      vertex -2.9987939968705177 0 4.835999999999999
    endloop
  endfacet
  facet normal -0.998795456962152 -0.049067658918742776 0
    outer loop
      vertex -2.9843539893627167 -0.2939331978559494 4.669333333333333
      vertex -2.9987939968705177 0 4.835999999999999
      vertex -2.9987939968705177 0 4.669333333333333
    endloop
  endfacet
  facet normal 0 0 1
    outer loop
      vertex -2.9843539893627167 -0.2939331978559494 4.835999999999999
      vertex -2.5 0 4.835999999999999
      vertex -2.9987939968705177 0 4.835999999999999
    endloop
  endfacet
  facet normal 0 0 1
    outer loop
      vertex -2.9411730095744133 -0.5850357040762901 4.835999999999999
      vertex -2.451963201008076 -0.4877258050403206 4.835999999999999
      vertex -2.4879618166804924 -0.2450428508239015 4.835999999999999
    endloop
  endfacet
  facet normal 0 0 1
    outer loop
      vertex -2.9843539893627167 -0.2939331978559494 4.835999999999999
      vertex -2.4879618166804924 -0.2450428508239015 4.835999999999999
      vertex -2.5 0 4.835999999999999
    endloop
  endfacet
  facet normal 0 0 1
    outer loop
      vertex -2.770524390041828 -1.1475888043642044 4.835999999999999
      vertex -2.309698831278217 -0.9567085809127245 4.835999999999999
      vertex -2.392350839330522 -0.7257116931361558 4.835999999999999
    endloop
  endfacet
  facet normal -0.5141027539806545 -0.8577286041339105 0
    outer loop
      vertex -1.666040651500225 -2.4934061020612717 4.669333333333333
      vertex -1.4136216938495636 -2.6447002068161964 4.669333333333333
      vertex -1.666040651500225 -2.4934061020612717 4.835999999999999
    endloop
  endfacet
  facet normal -0.6715589710661285 -0.7409511106548144 0
    outer loop
      vertex -2.1204675659537315 -2.1204675659537315 4.835999999999999
      vertex -1.902414783835411 -2.318099096417427 4.669333333333333
      vertex -1.902414783835411 -2.318099096417427 4.835999999999999
    endloop
  endfacet
  facet normal -0.5956993072828516 -0.8032075294111297 0
    outer loop
      vertex -1.902414783835411 -2.318099096417427 4.669333333333333
      vertex -1.666040651500225 -2.4934061020612717 4.669333333333333
      vertex -1.902414783835411 -2.318099096417427 4.835999999999999
    endloop
  endfacet
  facet normal 0 0 1
    outer loop
      vertex -2.1204675659537315 -2.1204675659537315 4.835999999999999
      vertex -1.902414783835411 -2.318099096417427 4.835999999999999
      vertex -1.3889255825490054 -2.078674030756363 4.835999999999999
    endloop
  endfacet
  facet normal -0.5956993072828516 -0.8032075294111297 0
    outer loop
      vertex -1.902414783835411 -2.318099096417427 4.835999999999999
      vertex -1.666040651500225 -2.4934061020612717 4.669333333333333
      vertex -1.666040651500225 -2.4934061020612717 4.835999999999999
    endloop
  endfacet
  facet normal 0 0 1
    outer loop
      vertex -1.902414783835411 -2.318099096417427 4.835999999999999
      vertex -1.666040651500225 -2.4934061020612717 4.835999999999999
      vertex -1.1784918420649941 -2.204803160870888 4.835999999999999
    endloop
  endfacet
  facet normal 0 0 1
    outer loop
      vertex -2.1204675659537315 -2.1204675659537315 4.835999999999999
      vertex -1.3889255825490054 -2.078674030756363 4.835999999999999
      vertex -1.5859832104091138 -1.9325261334068424 4.835999999999999
    endloop
  endfacet
  facet normal -0.5141027539806545 -0.8577286041339105 0
    outer loop
      vertex -1.666040651500225 -2.4934061020612717 4.835999999999999
      vertex -1.4136216938495636 -2.6447002068161964 4.669333333333333
      vertex -1.4136216938495636 -2.6447002068161964 4.835999999999999
    endloop
  endfacet
  facet normal -0.4275550858507458 -0.903989296708297 0
    outer loop
      vertex -1.4136216938495636 -2.6447002068161964 4.669333333333333
      vertex -1.1475888043642044 -2.770524390041828 4.669333333333333
      vertex -1.4136216938495636 -2.6447002068161964 4.835999999999999
    endloop
  endfacet
  facet normal 0 0 1
    outer loop
      vertex -1.666040651500225 -2.4934061020612717 4.835999999999999
      vertex -1.4136216938495636 -2.6447002068161964 4.835999999999999
      vertex -0.7257116931361558 -2.392350839330522 4.835999999999999
    endloop
  endfacet
  facet normal -0.33688983397385985 -0.941544072131021 0
    outer loop
      vertex -1.1475888043642044 -2.770524390041828 4.669333333333333
      vertex -0.8705039173364639 -2.8696669414639473 4.669333333333333
      vertex -1.1475888043642044 -2.770524390041828 4.835999999999999
    endloop
  endfacet
  facet normal -0.4275550858507458 -0.903989296708297 0
    outer loop
      vertex -1.4136216938495636 -2.6447002068161964 4.835999999999999
      vertex -1.1475888043642044 -2.770524390041828 4.669333333333333
      vertex -1.1475888043642044 -2.770524390041828 4.835999999999999
    endloop
  endfacet
  facet normal 0 0 1
    outer loop
      vertex -1.666040651500225 -2.4934061020612717 4.835999999999999
      vertex -0.9567085809127245 -2.309698831278217 4.835999999999999
      vertex -1.1784918420649941 -2.204803160870888 4.835999999999999
    endloop
  endfacet
  facet normal 0 0 1
    outer loop
      vertex -1.902414783835411 -2.318099096417427 4.835999999999999
      vertex -1.1784918420649941 -2.204803160870888 4.835999999999999
      vertex -1.3889255825490054 -2.078674030756363 4.835999999999999
    endloop
  endfacet
  facet normal 0 0 1
    outer loop
      vertex -1.666040651500225 -2.4934061020612717 4.835999999999999
      vertex -0.7257116931361558 -2.392350839330522 4.835999999999999
      vertex -0.9567085809127245 -2.309698831278217 4.835999999999999
    endloop
  endfacet
  facet normal -0.33688983397385985 -0.941544072131021 0
    outer loop
      vertex -1.1475888043642044 -2.770524390041828 4.835999999999999
      vertex -0.8705039173364639 -2.8696669414639473 4.669333333333333
      vertex -0.8705039173364639 -2.8696669414639473 4.835999999999999
    endloop
  endfacet
  facet normal -0.24298018994213896 -0.9700312506799366 0
    outer loop
      vertex -0.8705039173364639 -2.8696669414639473 4.669333333333333
      vertex -0.5850357040762901 -2.9411730095744133 4.669333333333333
      vertex -0.8705039173364639 -2.8696669414639473 4.835999999999999
    endloop
  endfacet
  facet normal -0.24298018994213896 -0.9700312506799366 0
    outer loop
      vertex -0.8705039173364639 -2.8696669414639473 4.835999999999999
      vertex -0.5850357040762901 -2.9411730095744133 4.669333333333333
      vertex -0.5850357040762901 -2.9411730095744133 4.835999999999999
    endloop
  endfacet
  facet normal 0 0 1
    outer loop
      vertex -1.4136216938495636 -2.6447002068161964 4.835999999999999
      vertex -0.2450428508239015 -2.4879618166804924 4.835999999999999
      vertex -0.4877258050403206 -2.451963201008076 4.835999999999999
    endloop
  endfacet
  facet normal 0 0 1
    outer loop
      vertex -1.4136216938495636 -2.6447002068161964 4.835999999999999
      vertex 0 -2.5 4.835999999999999
      vertex -0.2450428508239015 -2.4879618166804924 4.835999999999999
    endloop
  endfacet
  facet normal 0 0 1
    outer loop
      vertex -1.4136216938495636 -2.6447002068161964 4.835999999999999
      vertex -0.4877258050403206 -2.451963201008076 4.835999999999999
      vertex -0.7257116931361558 -2.392350839330522 4.835999999999999
    endloop
  endfacet
  facet normal -0.14673048128206745 -0.9891765089521348 0
    outer loop
      vertex -0.5850357040762901 -2.9411730095744133 4.669333333333333
      vertex -0.2939331978559494 -2.9843539893627167 4.669333333333333
      vertex -0.5850357040762901 -2.9411730095744133 4.835999999999999
    endloop
  endfacet
  facet normal -0.14673048128206745 -0.9891765089521348 0
    outer loop
      vertex -0.5850357040762901 -2.9411730095744133 4.835999999999999
      vertex -0.2939331978559494 -2.9843539893627167 4.669333333333333
      vertex -0.2939331978559494 -2.9843539893627167 4.835999999999999
    endloop
  endfacet
  facet normal 0 0 1
    outer loop
      vertex -1.4136216938495636 -2.6447002068161964 4.835999999999999
      vertex -1.1475888043642044 -2.770524390041828 4.835999999999999
      vertex 1.666040651500225 -2.4934061020612717 4.835999999999999
    endloop
  endfacet
  facet normal -0.049067658918742776 -0.998795456962152 0
    outer loop
      vertex -0.2939331978559494 -2.9843539893627167 4.669333333333333
      vertex 0 -2.9987939968705177 4.669333333333333
      vertex -0.2939331978559494 -2.9843539893627167 4.835999999999999
    endloop
  endfacet
  facet normal 0 0 1
    outer loop
      vertex -1.1475888043642044 -2.770524390041828 4.835999999999999
      vertex -0.8705039173364639 -2.8696669414639473 4.835999999999999
      vertex 1.4136216938495636 -2.6447002068161964 4.835999999999999
    endloop
  endfacet
  facet normal -0.049067658918742776 -0.998795456962152 0
    outer loop
      vertex -0.2939331978559494 -2.9843539893627167 4.835999999999999
      vertex 0 -2.9987939968705177 4.669333333333333
      vertex 0 -2.9987939968705177 4.835999999999999
    endloop
  endfacet
  facet normal 0 0 1
    outer loop
      vertex -0.5850357040762901 -2.9411730095744133 4.835999999999999
      vertex -0.2939331978559494 -2.9843539893627167 4.835999999999999
      vertex 0.8705039173364639 -2.8696669414639473 4.835999999999999
    endloop
  endfacet
  facet normal 0 0 1
    outer loop
      vertex -0.8705039173364639 -2.8696669414639473 4.835999999999999
      vertex -0.5850357040762901 -2.9411730095744133 4.835999999999999
      vertex 1.1475888043642044 -2.770524390041828 4.835999999999999
    endloop
  endfacet
  facet normal 0 0 1
    outer loop
      vertex -2.1204675659537315 -2.1204675659537315 4.835999999999999
      vertex -1.5859832104091138 -1.9325261334068424 4.835999999999999
      vertex -1.7677669529663689 -1.7677669529663689 4.835999999999999
    endloop
  endfacet
  facet normal -0.998795456962152 0.049067658918742776 0
    outer loop
      vertex -2.9987939968705177 0 4.669333333333333
      vertex -2.9987939968705177 0 4.835999999999999
      vertex -2.9843539893627167 0.2939331978559494 4.835999999999999
    endloop
  endfacet
  facet normal -0.998795456962152 0.049067658918742776 0
    outer loop
      vertex -2.9987939968705177 0 4.669333333333333
      vertex -2.9843539893627167 0.2939331978559494 4.835999999999999
      vertex -2.9843539893627167 0.2939331978559494 4.669333333333333
    endloop
  endfacet
  facet normal 0 0 1
    outer loop
      vertex -2.9987939968705177 0 4.835999999999999
      vertex -2.4879618166804924 0.2450428508239015 4.835999999999999
      vertex -2.9843539893627167 0.2939331978559494 4.835999999999999
    endloop
  endfacet
  facet normal -0.9891765089521348 0.14673048128206745 0
    outer loop
      vertex -2.9843539893627167 0.2939331978559494 4.669333333333333
      vertex -2.9843539893627167 0.2939331978559494 4.835999999999999
      vertex -2.9411730095744133 0.5850357040762901 4.835999999999999
    endloop
  endfacet
  facet normal -0.9891765089521348 0.14673048128206745 0
    outer loop
      vertex -2.9843539893627167 0.2939331978559494 4.669333333333333
      vertex -2.9411730095744133 0.5850357040762901 4.835999999999999
      vertex -2.9411730095744133 0.5850357040762901 4.669333333333333
    endloop
  endfacet
  facet normal 0 0 1
    outer loop
      vertex -2.9843539893627167 0.2939331978559494 4.835999999999999
      vertex -2.451963201008076 0.4877258050403206 4.835999999999999
      vertex -2.9411730095744133 0.5850357040762901 4.835999999999999
    endloop
  endfacet
  facet normal 0 0 1
    outer loop
      vertex -2.9987939968705177 0 4.835999999999999
      vertex -2.5 0 4.835999999999999
      vertex -2.4879618166804924 0.2450428508239015 4.835999999999999
    endloop
  endfacet
  facet normal 0 0 1
    outer loop
      vertex -2.9843539893627167 0.2939331978559494 4.835999999999999
      vertex -2.4879618166804924 0.2450428508239015 4.835999999999999
      vertex -2.451963201008076 0.4877258050403206 4.835999999999999
    endloop
  endfacet
  facet normal -0.9700312506799366 0.24298018994213896 0
    outer loop
      vertex -2.9411730095744133 0.5850357040762901 4.669333333333333
      vertex -2.9411730095744133 0.5850357040762901 4.835999999999999
      vertex -2.8696669414639473 0.8705039173364639 4.835999999999999
    endloop
  endfacet
  facet normal -0.9700312506799366 0.24298018994213896 0
    outer loop
      vertex -2.9411730095744133 0.5850357040762901 4.669333333333333
      vertex -2.8696669414639473 0.8705039173364639 4.835999999999999
      vertex -2.8696669414639473 0.8705039173364639 4.669333333333333
    endloop
  endfacet
  facet normal -0.941544072131021 0.33688983397385985 0
    outer loop
      vertex -2.8696669414639473 0.8705039173364639 4.669333333333333
      vertex -2.8696669414639473 0.8705039173364639 4.835999999999999
      vertex -2.770524390041828 1.1475888043642044 4.835999999999999
    endloop
  endfacet
  facet normal 0 0 1
    outer loop
      vertex -2.9411730095744133 0.5850357040762901 4.835999999999999
      vertex -2.392350839330522 0.7257116931361558 4.835999999999999
      vertex -2.8696669414639473 0.8705039173364639 4.835999999999999
    endloop
  endfacet
  facet normal 0 0 1
    outer loop
      vertex -2.9411730095744133 0.5850357040762901 4.835999999999999
      vertex -2.451963201008076 0.4877258050403206 4.835999999999999
      vertex -2.392350839330522 0.7257116931361558 4.835999999999999
    endloop
  endfacet
  facet normal 0 0 1
    outer loop
      vertex -2.8696669414639473 0.8705039173364639 4.835999999999999
      vertex -2.309698831278217 0.9567085809127245 4.835999999999999
      vertex -2.770524390041828 1.1475888043642044 4.835999999999999
    endloop
  endfacet
  facet normal 0 0 1
    outer loop
      vertex -2.8696669414639473 0.8705039173364639 4.835999999999999
      vertex -2.392350839330522 0.7257116931361558 4.835999999999999
      vertex -2.309698831278217 0.9567085809127245 4.835999999999999
    endloop
  endfacet
  facet normal -0.941544072131021 0.33688983397385985 0
    outer loop
      vertex -2.8696669414639473 0.8705039173364639 4.669333333333333
      vertex -2.770524390041828 1.1475888043642044 4.835999999999999
      vertex -2.770524390041828 1.1475888043642044 4.669333333333333
    endloop
  endfacet
  facet normal -0.903989296708297 0.4275550858507458 0
    outer loop
      vertex -2.770524390041828 1.1475888043642044 4.669333333333333
      vertex -2.770524390041828 1.1475888043642044 4.835999999999999
      vertex -2.6447002068161964 1.4136216938495636 4.835999999999999
    endloop
  endfacet
  facet normal -0.903989296708297 0.4275550858507458 0
    outer loop
      vertex -2.770524390041828 1.1475888043642044 4.669333333333333
      vertex -2.6447002068161964 1.4136216938495636 4.835999999999999
      vertex -2.6447002068161964 1.4136216938495636 4.669333333333333
    endloop
  endfacet
  facet normal -0.8577286041339105 0.5141027539806545 0
    outer loop
      vertex -2.6447002068161964 1.4136216938495636 4.669333333333333
      vertex -2.6447002068161964 1.4136216938495636 4.835999999999999
      vertex -2.4934061020612717 1.666040651500225 4.835999999999999
    endloop
  endfacet
  facet normal -0.8577286041339105 0.5141027539806545 0
    outer loop
      vertex -2.6447002068161964 1.4136216938495636 4.669333333333333
      vertex -2.4934061020612717 1.666040651500225 4.835999999999999
      vertex -2.4934061020612717 1.666040651500225 4.669333333333333
    endloop
  endfacet
  facet normal 0 0 1
    outer loop
      vertex -2.770524390041828 1.1475888043642044 4.835999999999999
      vertex -2.309698831278217 0.9567085809127245 4.835999999999999
      vertex -2.204803160870888 1.1784918420649941 4.835999999999999
    endloop
  endfacet
  facet normal 0 0 1
    outer loop
      vertex -2.770524390041828 1.1475888043642044 4.835999999999999
      vertex -2.204803160870888 1.1784918420649941 4.835999999999999
      vertex -2.078674030756363 1.3889255825490054 4.835999999999999
    endloop
  endfacet
  facet normal 0 0 1
    outer loop
      vertex -2.770524390041828 1.1475888043642044 4.835999999999999
      vertex -2.078674030756363 1.3889255825490054 4.835999999999999
      vertex -2.6447002068161964 1.4136216938495636 4.835999999999999
    endloop
  endfacet
  facet normal 0 0 1
    outer loop
      vertex -2.6447002068161964 1.4136216938495636 4.835999999999999
      vertex -2.078674030756363 1.3889255825490054 4.835999999999999
      vertex -1.9325261334068424 1.5859832104091138 4.835999999999999
    endloop
  endfacet
  facet normal -0.8032075294111297 0.5956993072828516 0
    outer loop
      vertex -2.4934061020612717 1.666040651500225 4.669333333333333
      vertex -2.4934061020612717 1.666040651500225 4.835999999999999
      vertex -2.318099096417427 1.902414783835411 4.835999999999999
    endloop
  endfacet
  facet normal 0 0 1
    outer loop
      vertex -2.6447002068161964 1.4136216938495636 4.835999999999999
      vertex -1.9325261334068424 1.5859832104091138 4.835999999999999
      vertex -2.4934061020612717 1.666040651500225 4.835999999999999
    endloop
  endfacet
  facet normal -0.8032075294111297 0.5956993072828516 0
    outer loop
      vertex -2.4934061020612717 1.666040651500225 4.669333333333333
      vertex -2.318099096417427 1.902414783835411 4.835999999999999
      vertex -2.318099096417427 1.902414783835411 4.669333333333333
    endloop
  endfacet
  facet normal -0.7409511106548144 0.6715589710661285 0
    outer loop
      vertex -2.318099096417427 1.902414783835411 4.669333333333333
      vertex -2.318099096417427 1.902414783835411 4.835999999999999
      vertex -2.1204675659537315 2.1204675659537315 4.835999999999999
    endloop
  endfacet
  facet normal 0 0 1
    outer loop
      vertex -2.4934061020612717 1.666040651500225 4.835999999999999
      vertex -1.9325261334068424 1.5859832104091138 4.835999999999999
      vertex -1.7677669529663689 1.7677669529663689 4.835999999999999
    endloop
  endfacet
  facet normal 0 0 1
    outer loop
      vertex -2.4934061020612717 1.666040651500225 4.835999999999999
      vertex -1.7677669529663689 1.7677669529663689 4.835999999999999
      vertex -2.318099096417427 1.902414783835411 4.835999999999999
    endloop
  endfacet
  facet normal -0.7409511106548144 0.6715589710661285 0
    outer loop
      vertex -2.318099096417427 1.902414783835411 4.669333333333333
      vertex -2.1204675659537315 2.1204675659537315 4.835999999999999
      vertex -2.1204675659537315 2.1204675659537315 4.669333333333333
    endloop
  endfacet
  facet normal -0.6715589710661285 0.7409511106548144 0
    outer loop
      vertex -2.1204675659537315 2.1204675659537315 4.669333333333333
      vertex -2.1204675659537315 2.1204675659537315 4.835999999999999
      vertex -1.902414783835411 2.318099096417427 4.835999999999999
    endloop
  endfacet
  facet normal 0 0 1
    outer loop
      vertex -2.318099096417427 1.902414783835411 4.835999999999999
      vertex -1.7677669529663689 1.7677669529663689 4.835999999999999
      vertex -1.5859832104091138 1.9325261334068424 4.835999999999999
    endloop
  endfacet
  facet normal 0 0 1
    outer loop
      vertex -2.318099096417427 1.902414783835411 4.835999999999999
      vertex -1.5859832104091138 1.9325261334068424 4.835999999999999
      vertex -1.3889255825490054 2.078674030756363 4.835999999999999
    endloop
  endfacet
  facet normal 0 0 1
    outer loop
      vertex -2.318099096417427 1.902414783835411 4.835999999999999
      vertex -1.3889255825490054 2.078674030756363 4.835999999999999
      vertex -2.1204675659537315 2.1204675659537315 4.835999999999999
    endloop
  endfacet
  facet normal -0.6715589710661285 0.7409511106548144 0
    outer loop
      vertex -2.1204675659537315 2.1204675659537315 4.669333333333333
      vertex -1.902414783835411 2.318099096417427 4.835999999999999
      vertex -1.902414783835411 2.318099096417427 4.669333333333333
    endloop
  endfacet
  facet normal -0.5956993072828516 0.8032075294111297 0
    outer loop
      vertex -1.902414783835411 2.318099096417427 4.669333333333333
      vertex -1.902414783835411 2.318099096417427 4.835999999999999
      vertex -1.666040651500225 2.4934061020612717 4.835999999999999
    endloop
  endfacet
  facet normal 0 0 1
    outer loop
      vertex -2.1204675659537315 2.1204675659537315 4.835999999999999
      vertex -0.9567085809127245 2.309698831278217 4.835999999999999
      vertex -1.902414783835411 2.318099096417427 4.835999999999999
    endloop
  endfacet
  facet normal 0 0 1
    outer loop
      vertex -2.1204675659537315 2.1204675659537315 4.835999999999999
      vertex -1.3889255825490054 2.078674030756363 4.835999999999999
      vertex -1.1784918420649941 2.204803160870888 4.835999999999999
    endloop
  endfacet
  facet normal -0.5956993072828516 0.8032075294111297 0
    outer loop
      vertex -1.902414783835411 2.318099096417427 4.669333333333333
      vertex -1.666040651500225 2.4934061020612717 4.835999999999999
      vertex -1.666040651500225 2.4934061020612717 4.669333333333333
    endloop
  endfacet
  facet normal -0.5141027539806545 0.8577286041339105 0
    outer loop
      vertex -1.666040651500225 2.4934061020612717 4.669333333333333
      vertex -1.666040651500225 2.4934061020612717 4.835999999999999
      vertex -1.4136216938495636 2.6447002068161964 4.835999999999999
    endloop
  endfacet
  facet normal 0 0 1
    outer loop
      vertex -2.1204675659537315 2.1204675659537315 4.835999999999999
      vertex -1.1784918420649941 2.204803160870888 4.835999999999999
      vertex -0.9567085809127245 2.309698831278217 4.835999999999999
    endloop
  endfacet
  facet normal 0 0 1
    outer loop
      vertex -1.902414783835411 2.318099096417427 4.835999999999999
      vertex -0.2450428508239015 2.4879618166804924 4.835999999999999
      vertex -1.666040651500225 2.4934061020612717 4.835999999999999
    endloop
  endfacet
  facet normal 0 0 1
    outer loop
      vertex -1.902414783835411 2.318099096417427 4.835999999999999
      vertex -0.9567085809127245 2.309698831278217 4.835999999999999
      vertex -0.7257116931361558 2.392350839330522 4.835999999999999
    endloop
  endfacet
  facet normal 0 0 1
    outer loop
      vertex -1.902414783835411 2.318099096417427 4.835999999999999
      vertex -0.7257116931361558 2.392350839330522 4.835999999999999
      vertex -0.4877258050403206 2.451963201008076 4.835999999999999
    endloop
  endfacet
  facet normal -0.5141027539806545 0.8577286041339105 0
    outer loop
      vertex -1.666040651500225 2.4934061020612717 4.669333333333333
      vertex -1.4136216938495636 2.6447002068161964 4.835999999999999
      vertex -1.4136216938495636 2.6447002068161964 4.669333333333333
    endloop
  endfacet
  facet normal -0.4275550858507458 0.903989296708297 0
    outer loop
      vertex -1.4136216938495636 2.6447002068161964 4.669333333333333
      vertex -1.4136216938495636 2.6447002068161964 4.835999999999999
      vertex -1.1475888043642044 2.770524390041828 4.835999999999999
    endloop
  endfacet
  facet normal -0.4275550858507458 0.903989296708297 0
    outer loop
      vertex -1.4136216938495636 2.6447002068161964 4.669333333333333
      vertex -1.1475888043642044 2.770524390041828 4.835999999999999
      vertex -1.1475888043642044 2.770524390041828 4.669333333333333
    endloop
  endfacet
  facet normal -0.33688983397385985 0.941544072131021 0
    outer loop
      vertex -1.1475888043642044 2.770524390041828 4.669333333333333
      vertex -1.1475888043642044 2.770524390041828 4.835999999999999
      vertex -0.8705039173364639 2.8696669414639473 4.835999999999999
    endloop
  endfacet
  facet normal 0 0 1
    outer loop
      vertex -1.902414783835411 2.318099096417427 4.835999999999999
      vertex -0.4877258050403206 2.451963201008076 4.835999999999999
      vertex -0.2450428508239015 2.4879618166804924 4.835999999999999
    endloop
  endfacet
  facet normal 0 0 1
    outer loop
      vertex -1.666040651500225 2.4934061020612717 4.835999999999999
      vertex -0.2450428508239015 2.4879618166804924 4.835999999999999
      vertex 0 2.5 4.835999999999999
    endloop
  endfacet
  facet normal -0.33688983397385985 0.941544072131021 0
    outer loop
      vertex -1.1475888043642044 2.770524390041828 4.669333333333333
      vertex -0.8705039173364639 2.8696669414639473 4.835999999999999
      vertex -0.8705039173364639 2.8696669414639473 4.669333333333333
    endloop
  endfacet
  facet normal -0.24298018994213896 0.9700312506799366 0
    outer loop
      vertex -0.8705039173364639 2.8696669414639473 4.669333333333333
      vertex -0.8705039173364639 2.8696669414639473 4.835999999999999
      vertex -0.5850357040762901 2.9411730095744133 4.835999999999999
    endloop
  endfacet
  facet normal 0 0 1
    outer loop
      vertex -1.666040651500225 2.4934061020612717 4.835999999999999
      vertex 1.1475888043642044 2.770524390041828 4.835999999999999
      vertex -1.4136216938495636 2.6447002068161964 4.835999999999999
    endloop
  endfacet
  facet normal -0.24298018994213896 0.9700312506799366 0
    outer loop
      vertex -0.8705039173364639 2.8696669414639473 4.669333333333333
      vertex -0.5850357040762901 2.9411730095744133 4.835999999999999
      vertex -0.5850357040762901 2.9411730095744133 4.669333333333333
    endloop
  endfacet
  facet normal 0 0 1
    outer loop
      vertex -1.4136216938495636 2.6447002068161964 4.835999999999999
      vertex 0.8705039173364639 2.8696669414639473 4.835999999999999
      vertex -1.1475888043642044 2.770524390041828 4.835999999999999
    endloop
  endfacet
  facet normal 0 0 1
    outer loop
      vertex -1.1475888043642044 2.770524390041828 4.835999999999999
      vertex 0.5850357040762901 2.9411730095744133 4.835999999999999
      vertex -0.8705039173364639 2.8696669414639473 4.835999999999999
    endloop
  endfacet
  facet normal -0.14673048128206745 0.9891765089521348 0
    outer loop
      vertex -0.5850357040762901 2.9411730095744133 4.669333333333333
      vertex -0.5850357040762901 2.9411730095744133 4.835999999999999
      vertex -0.2939331978559494 2.9843539893627167 4.835999999999999
    endloop
  endfacet
  facet normal -0.14673048128206745 0.9891765089521348 0
    outer loop
      vertex -0.5850357040762901 2.9411730095744133 4.669333333333333
      vertex -0.2939331978559494 2.9843539893627167 4.835999999999999
      vertex -0.2939331978559494 2.9843539893627167 4.669333333333333
    endloop
  endfacet
  facet normal 0 0 1
    outer loop
      vertex -0.8705039173364639 2.8696669414639473 4.835999999999999
      vertex 0.2939331978559494 2.9843539893627167 4.835999999999999
      vertex -0.5850357040762901 2.9411730095744133 4.835999999999999
    endloop
  endfacet
  facet normal 0 0 1
    outer loop
      vertex -0.5850357040762901 2.9411730095744133 4.835999999999999
      vertex 0 2.9987939968705177 4.835999999999999
      vertex -0.2939331978559494 2.9843539893627167 4.835999999999999
    endloop
  endfacet
  facet normal 0 0 1
    outer loop
      vertex -1.666040651500225 2.4934061020612717 4.835999999999999
      vertex 0 2.5 4.835999999999999
      vertex 1.4136216938495636 2.6447002068161964 4.835999999999999
    endloop
  endfacet
  facet normal -0.049067658918742776 0.998795456962152 0
    outer loop
      vertex -0.2939331978559494 2.9843539893627167 4.669333333333333
      vertex -0.2939331978559494 2.9843539893627167 4.835999999999999
      vertex 0 2.9987939968705177 4.835999999999999
    endloop
  endfacet
  facet normal -0.049067658918742776 0.998795456962152 0
    outer loop
      vertex -0.2939331978559494 2.9843539893627167 4.669333333333333
      vertex 0 2.9987939968705177 4.835999999999999
      vertex 0 2.9987939968705177 4.669333333333333
    endloop
  endfacet
  facet normal 0 0 1
    outer loop
      vertex -0.5850357040762901 2.9411730095744133 4.835999999999999
      vertex 0.2939331978559494 2.9843539893627167 4.835999999999999
      vertex 0 2.9987939968705177 4.835999999999999
    endloop
  endfacet
  facet normal 0.049067658918742776 -0.998795456962152 0
    outer loop
      vertex 0 -2.9987939968705177 4.669333333333333
      vertex 0.2939331978559494 -2.9843539893627167 4.669333333333333
      vertex 0 -2.9987939968705177 4.835999999999999
    endloop
  endfacet
  facet normal 0 0 1
    outer loop
      vertex -0.2939331978559494 -2.9843539893627167 4.835999999999999
      vertex 0 -2.9987939968705177 4.835999999999999
      vertex 0.5850357040762901 -2.9411730095744133 4.835999999999999
    endloop
  endfacet
  facet normal 0.049067658918742776 -0.998795456962152 0
    outer loop
      vertex 0 -2.9987939968705177 4.835999999999999
      vertex 0.2939331978559494 -2.9843539893627167 4.669333333333333
      vertex 0.2939331978559494 -2.9843539893627167 4.835999999999999
    endloop
  endfacet
  facet normal 0 0 1
    outer loop
      vertex -1.4136216938495636 -2.6447002068161964 4.835999999999999
      vertex 1.666040651500225 -2.4934061020612717 4.835999999999999
      vertex 0 -2.5 4.835999999999999
    endloop
  endfacet
  facet normal 0 0 1
    outer loop
      vertex 0 -2.9987939968705177 4.835999999999999
      vertex 0.2939331978559494 -2.9843539893627167 4.835999999999999
      vertex 0.5850357040762901 -2.9411730095744133 4.835999999999999
    endloop
  endfacet
  facet normal 0.14673048128206745 -0.9891765089521348 0
    outer loop
      vertex 0.2939331978559494 -2.9843539893627167 4.669333333333333
      vertex 0.5850357040762901 -2.9411730095744133 4.669333333333333
      vertex 0.2939331978559494 -2.9843539893627167 4.835999999999999
    endloop
  endfacet
  facet normal 0.14673048128206745 -0.9891765089521348 0
    outer loop
      vertex 0.2939331978559494 -2.9843539893627167 4.835999999999999
      vertex 0.5850357040762901 -2.9411730095744133 4.669333333333333
      vertex 0.5850357040762901 -2.9411730095744133 4.835999999999999
    endloop
  endfacet
  facet normal 0 0 1
    outer loop
      vertex -0.2939331978559494 -2.9843539893627167 4.835999999999999
      vertex 0.5850357040762901 -2.9411730095744133 4.835999999999999
      vertex 0.8705039173364639 -2.8696669414639473 4.835999999999999
    endloop
  endfacet
  facet normal 0 0 1
    outer loop
      vertex -0.5850357040762901 -2.9411730095744133 4.835999999999999
      vertex 0.8705039173364639 -2.8696669414639473 4.835999999999999
      vertex 1.1475888043642044 -2.770524390041828 4.835999999999999
    endloop
  endfacet
  facet normal 0 0 1
    outer loop
      vertex -0.8705039173364639 -2.8696669414639473 4.835999999999999
      vertex 1.1475888043642044 -2.770524390041828 4.835999999999999
      vertex 1.4136216938495636 -2.6447002068161964 4.835999999999999
    endloop
  endfacet
  facet normal 0.24298018994213896 -0.9700312506799366 0
    outer loop
      vertex 0.5850357040762901 -2.9411730095744133 4.669333333333333
      vertex 0.8705039173364639 -2.8696669414639473 4.669333333333333
      vertex 0.5850357040762901 -2.9411730095744133 4.835999999999999
    endloop
  endfacet
  facet normal 0 0 1
    outer loop
      vertex -1.1475888043642044 -2.770524390041828 4.835999999999999
      vertex 1.4136216938495636 -2.6447002068161964 4.835999999999999
      vertex 1.666040651500225 -2.4934061020612717 4.835999999999999
    endloop
  endfacet
  facet normal 0.24298018994213896 -0.9700312506799366 0
    outer loop
      vertex 0.5850357040762901 -2.9411730095744133 4.835999999999999
      vertex 0.8705039173364639 -2.8696669414639473 4.669333333333333
      vertex 0.8705039173364639 -2.8696669414639473 4.835999999999999
    endloop
  endfacet
  facet normal 0.33688983397385985 -0.941544072131021 0
    outer loop
      vertex 0.8705039173364639 -2.8696669414639473 4.669333333333333
      vertex 1.1475888043642044 -2.770524390041828 4.669333333333333
      vertex 0.8705039173364639 -2.8696669414639473 4.835999999999999
    endloop
  endfacet
  facet normal 0 0 1
    outer loop
      vertex 1.666040651500225 -2.4934061020612717 4.835999999999999
      vertex 0.2450428508239015 -2.4879618166804924 4.835999999999999
      vertex 0 -2.5 4.835999999999999
    endloop
  endfacet
  facet normal 0 0 1
    outer loop
      vertex 1.902414783835411 -2.318099096417427 4.835999999999999
      vertex 0.4877258050403206 -2.451963201008076 4.835999999999999
      vertex 0.2450428508239015 -2.4879618166804924 4.835999999999999
    endloop
  endfacet
  facet normal 0.33688983397385985 -0.941544072131021 0
    outer loop
      vertex 0.8705039173364639 -2.8696669414639473 4.835999999999999
      vertex 1.1475888043642044 -2.770524390041828 4.669333333333333
      vertex 1.1475888043642044 -2.770524390041828 4.835999999999999
    endloop
  endfacet
  facet normal 0.4275550858507458 -0.903989296708297 0
    outer loop
      vertex 1.1475888043642044 -2.770524390041828 4.669333333333333
      vertex 1.4136216938495636 -2.6447002068161964 4.669333333333333
      vertex 1.1475888043642044 -2.770524390041828 4.835999999999999
    endloop
  endfacet
  facet normal 0.4275550858507458 -0.903989296708297 0
    outer loop
      vertex 1.1475888043642044 -2.770524390041828 4.835999999999999
      vertex 1.4136216938495636 -2.6447002068161964 4.669333333333333
      vertex 1.4136216938495636 -2.6447002068161964 4.835999999999999
    endloop
  endfacet
  facet normal 0.5141027539806545 -0.8577286041339105 0
    outer loop
      vertex 1.4136216938495636 -2.6447002068161964 4.669333333333333
      vertex 1.666040651500225 -2.4934061020612717 4.669333333333333
      vertex 1.4136216938495636 -2.6447002068161964 4.835999999999999
    endloop
  endfacet
  facet normal 0 0 1
    outer loop
      vertex 1.902414783835411 -2.318099096417427 4.835999999999999
      vertex 0.7257116931361558 -2.392350839330522 4.835999999999999
      vertex 0.4877258050403206 -2.451963201008076 4.835999999999999
    endloop
  endfacet
  facet normal 0 0 1
    outer loop
      vertex 1.902414783835411 -2.318099096417427 4.835999999999999
      vertex 0.9567085809127245 -2.309698831278217 4.835999999999999
      vertex 0.7257116931361558 -2.392350839330522 4.835999999999999
    endloop
  endfacet
  facet normal 0 0 1
    outer loop
      vertex 1.666040651500225 -2.4934061020612717 4.835999999999999
      vertex 1.902414783835411 -2.318099096417427 4.835999999999999
      vertex 0.2450428508239015 -2.4879618166804924 4.835999999999999
    endloop
  endfacet
  facet normal 0 0 1
    outer loop
      vertex 2.1204675659537315 -2.1204675659537315 4.835999999999999
      vertex 1.1784918420649941 -2.204803160870888 4.835999999999999
      vertex 0.9567085809127245 -2.309698831278217 4.835999999999999
    endloop
  endfacet
  facet normal 0.5141027539806545 -0.8577286041339105 0
    outer loop
      vertex 1.4136216938495636 -2.6447002068161964 4.835999999999999
      vertex 1.666040651500225 -2.4934061020612717 4.669333333333333
      vertex 1.666040651500225 -2.4934061020612717 4.835999999999999
    endloop
  endfacet
  facet normal 0.5956993072828516 -0.8032075294111297 0
    outer loop
      vertex 1.666040651500225 -2.4934061020612717 4.669333333333333
      vertex 1.902414783835411 -2.318099096417427 4.669333333333333
      vertex 1.666040651500225 -2.4934061020612717 4.835999999999999
    endloop
  endfacet
  facet normal 0 0 1
    outer loop
      vertex 2.1204675659537315 -2.1204675659537315 4.835999999999999
      vertex 1.3889255825490054 -2.078674030756363 4.835999999999999
      vertex 1.1784918420649941 -2.204803160870888 4.835999999999999
    endloop
  endfacet
  facet normal 0 0 1
    outer loop
      vertex 1.902414783835411 -2.318099096417427 4.835999999999999
      vertex 2.1204675659537315 -2.1204675659537315 4.835999999999999
      vertex 0.9567085809127245 -2.309698831278217 4.835999999999999
    endloop
  endfacet
  facet normal 0.5956993072828516 -0.8032075294111297 0
    outer loop
      vertex 1.666040651500225 -2.4934061020612717 4.835999999999999
      vertex 1.902414783835411 -2.318099096417427 4.669333333333333
      vertex 1.902414783835411 -2.318099096417427 4.835999999999999
    endloop
  endfacet
  facet normal 0.6715589710661285 -0.7409511106548144 0
    outer loop
      vertex 1.902414783835411 -2.318099096417427 4.669333333333333
      vertex 2.1204675659537315 -2.1204675659537315 4.669333333333333
      vertex 1.902414783835411 -2.318099096417427 4.835999999999999
    endloop
  endfacet
  facet normal 0 0 1
    outer loop
      vertex 2.1204675659537315 -2.1204675659537315 4.835999999999999
      vertex 2.318099096417427 -1.902414783835411 4.835999999999999
      vertex 1.3889255825490054 -2.078674030756363 4.835999999999999
    endloop
  endfacet
  facet normal 0 0 1
    outer loop
      vertex 2.318099096417427 -1.902414783835411 4.835999999999999
      vertex 1.5859832104091138 -1.9325261334068424 4.835999999999999
      vertex 1.3889255825490054 -2.078674030756363 4.835999999999999
    endloop
  endfacet
  facet normal 0 0 1
    outer loop
      vertex 2.318099096417427 -1.902414783835411 4.835999999999999
      vertex 1.7677669529663689 -1.7677669529663689 4.835999999999999
      vertex 1.5859832104091138 -1.9325261334068424 4.835999999999999
    endloop
  endfacet
  facet normal 0.6715589710661285 -0.7409511106548144 0
    outer loop
      vertex 1.902414783835411 -2.318099096417427 4.835999999999999
      vertex 2.1204675659537315 -2.1204675659537315 4.669333333333333
      vertex 2.1204675659537315 -2.1204675659537315 4.835999999999999
    endloop
  endfacet
  facet normal 0.7409511106548144 -0.6715589710661285 0
    outer loop
      vertex 2.1204675659537315 -2.1204675659537315 4.669333333333333
      vertex 2.318099096417427 -1.902414783835411 4.669333333333333
      vertex 2.1204675659537315 -2.1204675659537315 4.835999999999999
    endloop
  endfacet
  facet normal 0 0 1
    outer loop
      vertex 2.318099096417427 -1.902414783835411 4.835999999999999
      vertex 2.4934061020612717 -1.666040651500225 4.835999999999999
      vertex 1.7677669529663689 -1.7677669529663689 4.835999999999999
    endloop
  endfacet
  facet normal 0 0 1
    outer loop
      vertex 2.4934061020612717 -1.666040651500225 4.835999999999999
      vertex 1.9325261334068424 -1.5859832104091138 4.835999999999999
      vertex 1.7677669529663689 -1.7677669529663689 4.835999999999999
    endloop
  endfacet
  facet normal 0.7409511106548144 -0.6715589710661285 0
    outer loop
      vertex 2.1204675659537315 -2.1204675659537315 4.835999999999999
      vertex 2.318099096417427 -1.902414783835411 4.669333333333333
      vertex 2.318099096417427 -1.902414783835411 4.835999999999999
    endloop
  endfacet
  facet normal 0.8032075294111297 -0.5956993072828516 0
    outer loop
      vertex 2.318099096417427 -1.902414783835411 4.669333333333333
      vertex 2.4934061020612717 -1.666040651500225 4.669333333333333
      vertex 2.318099096417427 -1.902414783835411 4.835999999999999
    endloop
  endfacet
  facet normal 0 0 1
    outer loop
      vertex 2.4934061020612717 -1.666040651500225 4.835999999999999
      vertex 2.6447002068161964 -1.4136216938495636 4.835999999999999
      vertex 1.9325261334068424 -1.5859832104091138 4.835999999999999
    endloop
  endfacet
  facet normal 0.8032075294111297 -0.5956993072828516 0
    outer loop
      vertex 2.318099096417427 -1.902414783835411 4.835999999999999
      vertex 2.4934061020612717 -1.666040651500225 4.669333333333333
      vertex 2.4934061020612717 -1.666040651500225 4.835999999999999
    endloop
  endfacet
  facet normal 0 0 1
    outer loop
      vertex 2.6447002068161964 -1.4136216938495636 4.835999999999999
      vertex 2.078674030756363 -1.3889255825490054 4.835999999999999
      vertex 1.9325261334068424 -1.5859832104091138 4.835999999999999
    endloop
  endfacet
  facet normal 0 0 1
    outer loop
      vertex 2.6447002068161964 -1.4136216938495636 4.835999999999999
      vertex 2.770524390041828 -1.1475888043642044 4.835999999999999
      vertex 2.078674030756363 -1.3889255825490054 4.835999999999999
    endloop
  endfacet
  facet normal 0 0 1
    outer loop
      vertex 2.770524390041828 -1.1475888043642044 4.835999999999999
      vertex 2.204803160870888 -1.1784918420649941 4.835999999999999
      vertex 2.078674030756363 -1.3889255825490054 4.835999999999999
    endloop
  endfacet
  facet normal 0 0 1
    outer loop
      vertex 2.770524390041828 -1.1475888043642044 4.835999999999999
      vertex 2.309698831278217 -0.9567085809127245 4.835999999999999
      vertex 2.204803160870888 -1.1784918420649941 4.835999999999999
    endloop
  endfacet
  facet normal 0.8577286041339105 -0.5141027539806545 0
    outer loop
      vertex 2.4934061020612717 -1.666040651500225 4.669333333333333
      vertex 2.6447002068161964 -1.4136216938495636 4.669333333333333
      vertex 2.4934061020612717 -1.666040651500225 4.835999999999999
    endloop
  endfacet
  facet normal 0.8577286041339105 -0.5141027539806545 0
    outer loop
      vertex 2.4934061020612717 -1.666040651500225 4.835999999999999
      vertex 2.6447002068161964 -1.4136216938495636 4.669333333333333
      vertex 2.6447002068161964 -1.4136216938495636 4.835999999999999
    endloop
  endfacet
  facet normal 0.903989296708297 -0.4275550858507458 0
    outer loop
      vertex 2.6447002068161964 -1.4136216938495636 4.669333333333333
      vertex 2.770524390041828 -1.1475888043642044 4.669333333333333
      vertex 2.6447002068161964 -1.4136216938495636 4.835999999999999
    endloop
  endfacet
  facet normal 0.903989296708297 -0.4275550858507458 0
    outer loop
      vertex 2.6447002068161964 -1.4136216938495636 4.835999999999999
      vertex 2.770524390041828 -1.1475888043642044 4.669333333333333
      vertex 2.770524390041828 -1.1475888043642044 4.835999999999999
    endloop
  endfacet
  facet normal 0.941544072131021 -0.33688983397385985 0
    outer loop
      vertex 2.770524390041828 -1.1475888043642044 4.669333333333333
      vertex 2.8696669414639473 -0.8705039173364639 4.669333333333333
      vertex 2.770524390041828 -1.1475888043642044 4.835999999999999
    endloop
  endfacet
  facet normal 0 0 1
    outer loop
      vertex 2.8696669414639473 -0.8705039173364639 4.835999999999999
      vertex 2.392350839330522 -0.7257116931361558 4.835999999999999
      vertex 2.309698831278217 -0.9567085809127245 4.835999999999999
    endloop
  endfacet
  facet normal 0 0 1
    outer loop
      vertex 2.770524390041828 -1.1475888043642044 4.835999999999999
      vertex 2.8696669414639473 -0.8705039173364639 4.835999999999999
      vertex 2.309698831278217 -0.9567085809127245 4.835999999999999
    endloop
  endfacet
  facet normal 0 0 1
    outer loop
      vertex 2.9411730095744133 -0.5850357040762901 4.835999999999999
      vertex 2.451963201008076 -0.4877258050403206 4.835999999999999
      vertex 2.392350839330522 -0.7257116931361558 4.835999999999999
    endloop
  endfacet
  facet normal 0 0 1
    outer loop
      vertex 2.8696669414639473 -0.8705039173364639 4.835999999999999
      vertex 2.9411730095744133 -0.5850357040762901 4.835999999999999
      vertex 2.392350839330522 -0.7257116931361558 4.835999999999999
    endloop
  endfacet
  facet normal 0.941544072131021 -0.33688983397385985 0
    outer loop
      vertex 2.770524390041828 -1.1475888043642044 4.835999999999999
      vertex 2.8696669414639473 -0.8705039173364639 4.669333333333333
      vertex 2.8696669414639473 -0.8705039173364639 4.835999999999999
    endloop
  endfacet
  facet normal 0.9700312506799366 -0.24298018994213896 0
    outer loop
      vertex 2.8696669414639473 -0.8705039173364639 4.669333333333333
      vertex 2.9411730095744133 -0.5850357040762901 4.669333333333333
      vertex 2.8696669414639473 -0.8705039173364639 4.835999999999999
    endloop
  endfacet
  facet normal 0.9700312506799366 -0.24298018994213896 0
    outer loop
      vertex 2.8696669414639473 -0.8705039173364639 4.835999999999999
      vertex 2.9411730095744133 -0.5850357040762901 4.669333333333333
      vertex 2.9411730095744133 -0.5850357040762901 4.835999999999999
    endloop
  endfacet
  facet normal 0 0 1
    outer loop
      vertex 2.9843539893627167 -0.2939331978559494 4.835999999999999
      vertex 2.4879618166804924 -0.2450428508239015 4.835999999999999
      vertex 2.451963201008076 -0.4877258050403206 4.835999999999999
    endloop
  endfacet
  facet normal 0 0 1
    outer loop
      vertex 2.9987939968705177 0 4.835999999999999
      vertex 2.5 0 4.835999999999999
      vertex 2.4879618166804924 -0.2450428508239015 4.835999999999999
    endloop
  endfacet
  facet normal 0 0 1
    outer loop
      vertex 2.9411730095744133 -0.5850357040762901 4.835999999999999
      vertex 2.9843539893627167 -0.2939331978559494 4.835999999999999
      vertex 2.451963201008076 -0.4877258050403206 4.835999999999999
    endloop
  endfacet
  facet normal 0.9891765089521348 -0.14673048128206745 0
    outer loop
      vertex 2.9411730095744133 -0.5850357040762901 4.669333333333333
      vertex 2.9843539893627167 -0.2939331978559494 4.669333333333333
      vertex 2.9411730095744133 -0.5850357040762901 4.835999999999999
    endloop
  endfacet
  facet normal 0.9891765089521348 -0.14673048128206745 0
    outer loop
      vertex 2.9411730095744133 -0.5850357040762901 4.835999999999999
      vertex 2.9843539893627167 -0.2939331978559494 4.669333333333333
      vertex 2.9843539893627167 -0.2939331978559494 4.835999999999999
    endloop
  endfacet
  facet normal 0 0 1
    outer loop
      vertex 2.9843539893627167 -0.2939331978559494 4.835999999999999
      vertex 2.9987939968705177 0 4.835999999999999
      vertex 2.4879618166804924 -0.2450428508239015 4.835999999999999
    endloop
  endfacet
  facet normal 0.998795456962152 -0.049067658918742776 0
    outer loop
      vertex 2.9843539893627167 -0.2939331978559494 4.669333333333333
      vertex 2.9987939968705177 0 4.669333333333333
      vertex 2.9843539893627167 -0.2939331978559494 4.835999999999999
    endloop
  endfacet
  facet normal 0.998795456962152 -0.049067658918742776 0
    outer loop
      vertex 2.9843539893627167 -0.2939331978559494 4.835999999999999
      vertex 2.9987939968705177 0 4.669333333333333
      vertex 2.9987939968705177 0 4.835999999999999
    endloop
  endfacet
  facet normal 0 0 1
    outer loop
      vertex 2.1204675659537315 2.1204675659537315 4.835999999999999
      vertex 1.5859832104091138 1.9325261334068424 4.835999999999999
      vertex 1.7677669529663689 1.7677669529663689 4.835999999999999
    endloop
  endfacet
  facet normal 0 0 1
    outer loop
      vertex -1.1475888043642044 2.770524390041828 4.835999999999999
      vertex 0.8705039173364639 2.8696669414639473 4.835999999999999
      vertex 0.5850357040762901 2.9411730095744133 4.835999999999999
    endloop
  endfacet
  facet normal 0.049067658918742776 0.998795456962152 0
    outer loop
      vertex 0 2.9987939968705177 4.669333333333333
      vertex 0 2.9987939968705177 4.835999999999999
      vertex 0.2939331978559494 2.9843539893627167 4.835999999999999
    endloop
  endfacet
  facet normal 0 0 1
    outer loop
      vertex -0.8705039173364639 2.8696669414639473 4.835999999999999
      vertex 0.5850357040762901 2.9411730095744133 4.835999999999999
      vertex 0.2939331978559494 2.9843539893627167 4.835999999999999
    endloop
  endfacet
  facet normal 0 0 1
    outer loop
      vertex -1.4136216938495636 2.6447002068161964 4.835999999999999
      vertex 1.1475888043642044 2.770524390041828 4.835999999999999
      vertex 0.8705039173364639 2.8696669414639473 4.835999999999999
    endloop
  endfacet
  facet normal 0.049067658918742776 0.998795456962152 0
    outer loop
      vertex 0 2.9987939968705177 4.669333333333333
      vertex 0.2939331978559494 2.9843539893627167 4.835999999999999
      vertex 0.2939331978559494 2.9843539893627167 4.669333333333333
    endloop
  endfacet
  facet normal 0 0 1
    outer loop
      vertex -1.666040651500225 2.4934061020612717 4.835999999999999
      vertex 1.4136216938495636 2.6447002068161964 4.835999999999999
      vertex 1.1475888043642044 2.770524390041828 4.835999999999999
    endloop
  endfacet
  facet normal 0.14673048128206745 0.9891765089521348 0
    outer loop
      vertex 0.2939331978559494 2.9843539893627167 4.669333333333333
      vertex 0.2939331978559494 2.9843539893627167 4.835999999999999
      vertex 0.5850357040762901 2.9411730095744133 4.835999999999999
    endloop
  endfacet
  facet normal 0.14673048128206745 0.9891765089521348 0
    outer loop
      vertex 0.2939331978559494 2.9843539893627167 4.669333333333333
      vertex 0.5850357040762901 2.9411730095744133 4.835999999999999
      vertex 0.5850357040762901 2.9411730095744133 4.669333333333333
    endloop
  endfacet
  facet normal 0 0 1
    outer loop
      vertex 1.4136216938495636 2.6447002068161964 4.835999999999999
      vertex 0.4877258050403206 2.451963201008076 4.835999999999999
      vertex 0.7257116931361558 2.392350839330522 4.835999999999999
    endloop
  endfacet
  facet normal 0 0 1
    outer loop
      vertex 1.4136216938495636 2.6447002068161964 4.835999999999999
      vertex 0 2.5 4.835999999999999
      vertex 0.2450428508239015 2.4879618166804924 4.835999999999999
    endloop
  endfacet
  facet normal 0 0 1
    outer loop
      vertex 1.4136216938495636 2.6447002068161964 4.835999999999999
      vertex 0.2450428508239015 2.4879618166804924 4.835999999999999
      vertex 0.4877258050403206 2.451963201008076 4.835999999999999
    endloop
  endfacet
  facet normal 0.24298018994213896 0.9700312506799366 0
    outer loop
      vertex 0.5850357040762901 2.9411730095744133 4.669333333333333
      vertex 0.5850357040762901 2.9411730095744133 4.835999999999999
      vertex 0.8705039173364639 2.8696669414639473 4.835999999999999
    endloop
  endfacet
  facet normal 0.24298018994213896 0.9700312506799366 0
    outer loop
      vertex 0.5850357040762901 2.9411730095744133 4.669333333333333
      vertex 0.8705039173364639 2.8696669414639473 4.835999999999999
      vertex 0.8705039173364639 2.8696669414639473 4.669333333333333
    endloop
  endfacet
  facet normal 0.33688983397385985 0.941544072131021 0
    outer loop
      vertex 0.8705039173364639 2.8696669414639473 4.669333333333333
      vertex 0.8705039173364639 2.8696669414639473 4.835999999999999
      vertex 1.1475888043642044 2.770524390041828 4.835999999999999
    endloop
  endfacet
  facet normal 0 0 1
    outer loop
      vertex 1.666040651500225 2.4934061020612717 4.835999999999999
      vertex 0.7257116931361558 2.392350839330522 4.835999999999999
      vertex 0.9567085809127245 2.309698831278217 4.835999999999999
    endloop
  endfacet
  facet normal 0 0 1
    outer loop
      vertex 1.902414783835411 2.318099096417427 4.835999999999999
      vertex 1.1784918420649941 2.204803160870888 4.835999999999999
      vertex 1.3889255825490054 2.078674030756363 4.835999999999999
    endloop
  endfacet
  facet normal 0 0 1
    outer loop
      vertex 1.666040651500225 2.4934061020612717 4.835999999999999
      vertex 0.9567085809127245 2.309698831278217 4.835999999999999
      vertex 1.1784918420649941 2.204803160870888 4.835999999999999
    endloop
  endfacet
  facet normal 0.4275550858507458 0.903989296708297 0
    outer loop
      vertex 1.1475888043642044 2.770524390041828 4.669333333333333
      vertex 1.1475888043642044 2.770524390041828 4.835999999999999
      vertex 1.4136216938495636 2.6447002068161964 4.835999999999999
    endloop
  endfacet
  facet normal 0.33688983397385985 0.941544072131021 0
    outer loop
      vertex 0.8705039173364639 2.8696669414639473 4.669333333333333
      vertex 1.1475888043642044 2.770524390041828 4.835999999999999
      vertex 1.1475888043642044 2.770524390041828 4.669333333333333
    endloop
  endfacet
  facet normal 0 0 1
    outer loop
      vertex 1.4136216938495636 2.6447002068161964 4.835999999999999
      vertex 0.7257116931361558 2.392350839330522 4.835999999999999
      vertex 1.666040651500225 2.4934061020612717 4.835999999999999
    endloop
  endfacet
  facet normal 0.4275550858507458 0.903989296708297 0
    outer loop
      vertex 1.1475888043642044 2.770524390041828 4.669333333333333
      vertex 1.4136216938495636 2.6447002068161964 4.835999999999999
      vertex 1.4136216938495636 2.6447002068161964 4.669333333333333
    endloop
  endfacet
  facet normal 0.5141027539806545 0.8577286041339105 0
    outer loop
      vertex 1.4136216938495636 2.6447002068161964 4.669333333333333
      vertex 1.4136216938495636 2.6447002068161964 4.835999999999999
      vertex 1.666040651500225 2.4934061020612717 4.835999999999999
    endloop
  endfacet
  facet normal 0 0 1
    outer loop
      vertex 2.1204675659537315 2.1204675659537315 4.835999999999999
      vertex 1.3889255825490054 2.078674030756363 4.835999999999999
      vertex 1.5859832104091138 1.9325261334068424 4.835999999999999
    endloop
  endfacet
  facet normal 0 0 1
    outer loop
      vertex 1.666040651500225 2.4934061020612717 4.835999999999999
      vertex 1.1784918420649941 2.204803160870888 4.835999999999999
      vertex 1.902414783835411 2.318099096417427 4.835999999999999
    endloop
  endfacet
  facet normal 0.5956993072828516 0.8032075294111297 0
    outer loop
      vertex 1.666040651500225 2.4934061020612717 4.669333333333333
      vertex 1.666040651500225 2.4934061020612717 4.835999999999999
      vertex 1.902414783835411 2.318099096417427 4.835999999999999
    endloop
  endfacet
  facet normal 0 0 1
    outer loop
      vertex 1.902414783835411 2.318099096417427 4.835999999999999
      vertex 1.3889255825490054 2.078674030756363 4.835999999999999
      vertex 2.1204675659537315 2.1204675659537315 4.835999999999999
    endloop
  endfacet
  facet normal 0.5956993072828516 0.8032075294111297 0
    outer loop
      vertex 1.666040651500225 2.4934061020612717 4.669333333333333
      vertex 1.902414783835411 2.318099096417427 4.835999999999999
      vertex 1.902414783835411 2.318099096417427 4.669333333333333
    endloop
  endfacet
  facet normal 0.6715589710661285 0.7409511106548144 0
    outer loop
      vertex 1.902414783835411 2.318099096417427 4.669333333333333
      vertex 1.902414783835411 2.318099096417427 4.835999999999999
      vertex 2.1204675659537315 2.1204675659537315 4.835999999999999
    endloop
  endfacet
  facet normal 0.5141027539806545 0.8577286041339105 0
    outer loop
      vertex 1.4136216938495636 2.6447002068161964 4.669333333333333
      vertex 1.666040651500225 2.4934061020612717 4.835999999999999
      vertex 1.666040651500225 2.4934061020612717 4.669333333333333
    endloop
  endfacet
  facet normal 0 0 1
    outer loop
      vertex 2.770524390041828 1.1475888043642044 4.835999999999999
      vertex 2.309698831278217 0.9567085809127245 4.835999999999999
      vertex 2.392350839330522 0.7257116931361558 4.835999999999999
    endloop
  endfacet
  facet normal 0 0 1
    outer loop
      vertex 2.9843539893627167 0.2939331978559494 4.835999999999999
      vertex 2.4879618166804924 0.2450428508239015 4.835999999999999
      vertex 2.5 0 4.835999999999999
    endloop
  endfacet
  facet normal 0 0 1
    outer loop
      vertex 2.9411730095744133 0.5850357040762901 4.835999999999999
      vertex 2.451963201008076 0.4877258050403206 4.835999999999999
      vertex 2.4879618166804924 0.2450428508239015 4.835999999999999
    endloop
  endfacet
  facet normal 0 0 1
    outer loop
      vertex 2.9987939968705177 0 4.835999999999999
      vertex 2.9843539893627167 0.2939331978559494 4.835999999999999
      vertex 2.5 0 4.835999999999999
    endloop
  endfacet
  facet normal 0.998795456962152 0.049067658918742776 0
    outer loop
      vertex 2.9987939968705177 0 4.669333333333333
      vertex 2.9843539893627167 0.2939331978559494 4.669333333333333
      vertex 2.9987939968705177 0 4.835999999999999
    endloop
  endfacet
  facet normal 0.998795456962152 0.049067658918742776 0
    outer loop
      vertex 2.9987939968705177 0 4.835999999999999
      vertex 2.9843539893627167 0.2939331978559494 4.669333333333333
      vertex 2.9843539893627167 0.2939331978559494 4.835999999999999
    endloop
  endfacet
  facet normal 0 0 1
    outer loop
      vertex 2.9843539893627167 0.2939331978559494 4.835999999999999
      vertex 2.9411730095744133 0.5850357040762901 4.835999999999999
      vertex 2.4879618166804924 0.2450428508239015 4.835999999999999
    endloop
  endfacet
  facet normal 0.9891765089521348 0.14673048128206745 0
    outer loop
      vertex 2.9843539893627167 0.2939331978559494 4.669333333333333
      vertex 2.9411730095744133 0.5850357040762901 4.669333333333333
      vertex 2.9843539893627167 0.2939331978559494 4.835999999999999
    endloop
  endfacet
  facet normal 0.9891765089521348 0.14673048128206745 0
    outer loop
      vertex 2.9843539893627167 0.2939331978559494 4.835999999999999
      vertex 2.9411730095744133 0.5850357040762901 4.669333333333333
      vertex 2.9411730095744133 0.5850357040762901 4.835999999999999
    endloop
  endfacet
  facet normal 0 0 1
    outer loop
      vertex 2.8696669414639473 0.8705039173364639 4.835999999999999
      vertex 2.392350839330522 0.7257116931361558 4.835999999999999
      vertex 2.451963201008076 0.4877258050403206 4.835999999999999
    endloop
  endfacet
  facet normal 0 0 1
    outer loop
      vertex 2.8696669414639473 0.8705039173364639 4.835999999999999
      vertex 2.770524390041828 1.1475888043642044 4.835999999999999
      vertex 2.392350839330522 0.7257116931361558 4.835999999999999
    endloop
  endfacet
  facet normal 0 0 1
    outer loop
      vertex 2.9411730095744133 0.5850357040762901 4.835999999999999
      vertex 2.8696669414639473 0.8705039173364639 4.835999999999999
      vertex 2.451963201008076 0.4877258050403206 4.835999999999999
    endloop
  endfacet
  facet normal 0.9700312506799366 0.24298018994213896 0
    outer loop
      vertex 2.9411730095744133 0.5850357040762901 4.669333333333333
      vertex 2.8696669414639473 0.8705039173364639 4.669333333333333
      vertex 2.9411730095744133 0.5850357040762901 4.835999999999999
    endloop
  endfacet
  facet normal 0.941544072131021 0.33688983397385985 0
    outer loop
      vertex 2.8696669414639473 0.8705039173364639 4.669333333333333
      vertex 2.770524390041828 1.1475888043642044 4.669333333333333
      vertex 2.8696669414639473 0.8705039173364639 4.835999999999999
    endloop
  endfacet
  facet normal 0.9700312506799366 0.24298018994213896 0
    outer loop
      vertex 2.9411730095744133 0.5850357040762901 4.835999999999999
      vertex 2.8696669414639473 0.8705039173364639 4.669333333333333
      vertex 2.8696669414639473 0.8705039173364639 4.835999999999999
    endloop
  endfacet
  facet normal 0 0 1
    outer loop
      vertex 2.6447002068161964 1.4136216938495636 4.835999999999999
      vertex 2.204803160870888 1.1784918420649941 4.835999999999999
      vertex 2.309698831278217 0.9567085809127245 4.835999999999999
    endloop
  endfacet
  facet normal 0 0 1
    outer loop
      vertex 2.4934061020612717 1.666040651500225 4.835999999999999
      vertex 2.078674030756363 1.3889255825490054 4.835999999999999
      vertex 2.204803160870888 1.1784918420649941 4.835999999999999
    endloop
  endfacet
  facet normal 0 0 1
    outer loop
      vertex 2.4934061020612717 1.666040651500225 4.835999999999999
      vertex 2.204803160870888 1.1784918420649941 4.835999999999999
      vertex 2.6447002068161964 1.4136216938495636 4.835999999999999
    endloop
  endfacet
  facet normal 0 0 1
    outer loop
      vertex 2.4934061020612717 1.666040651500225 4.835999999999999
      vertex 1.9325261334068424 1.5859832104091138 4.835999999999999
      vertex 2.078674030756363 1.3889255825490054 4.835999999999999
    endloop
  endfacet
  facet normal 0 0 1
    outer loop
      vertex 2.4934061020612717 1.666040651500225 4.835999999999999
      vertex 2.318099096417427 1.902414783835411 4.835999999999999
      vertex 1.9325261334068424 1.5859832104091138 4.835999999999999
    endloop
  endfacet
  facet normal 0 0 1
    outer loop
      vertex 2.318099096417427 1.902414783835411 4.835999999999999
      vertex 1.7677669529663689 1.7677669529663689 4.835999999999999
      vertex 1.9325261334068424 1.5859832104091138 4.835999999999999
    endloop
  endfacet
  facet normal 0 0 1
    outer loop
      vertex 2.318099096417427 1.902414783835411 4.835999999999999
      vertex 2.1204675659537315 2.1204675659537315 4.835999999999999
      vertex 1.7677669529663689 1.7677669529663689 4.835999999999999
    endloop
  endfacet
  facet normal 0.8032075294111297 0.5956993072828516 0
    outer loop
      vertex 2.4934061020612717 1.666040651500225 4.669333333333333
      vertex 2.318099096417427 1.902414783835411 4.669333333333333
      vertex 2.4934061020612717 1.666040651500225 4.835999999999999
    endloop
  endfacet
  facet normal 0.7409511106548144 0.6715589710661285 0
    outer loop
      vertex 2.318099096417427 1.902414783835411 4.669333333333333
      vertex 2.1204675659537315 2.1204675659537315 4.669333333333333
      vertex 2.318099096417427 1.902414783835411 4.835999999999999
    endloop
  endfacet
  facet normal 0.8032075294111297 0.5956993072828516 0
    outer loop
      vertex 2.4934061020612717 1.666040651500225 4.835999999999999
      vertex 2.318099096417427 1.902414783835411 4.669333333333333
      vertex 2.318099096417427 1.902414783835411 4.835999999999999
    endloop
  endfacet
  facet normal 0 0 1
    outer loop
      vertex 2.6447002068161964 1.4136216938495636 4.835999999999999
      vertex 2.309698831278217 0.9567085809127245 4.835999999999999
      vertex 2.770524390041828 1.1475888043642044 4.835999999999999
    endloop
  endfacet
  facet normal 0.903989296708297 0.4275550858507458 0
    outer loop
      vertex 2.6447002068161964 1.4136216938495636 4.669333333333333
      vertex 2.770524390041828 1.1475888043642044 4.835999999999999
      vertex 2.770524390041828 1.1475888043642044 4.669333333333333
    endloop
  endfacet
  facet normal 0.8577286041339105 0.5141027539806545 0
    outer loop
      vertex 2.4934061020612717 1.666040651500225 4.669333333333333
      vertex 2.6447002068161964 1.4136216938495636 4.835999999999999
      vertex 2.6447002068161964 1.4136216938495636 4.669333333333333
    endloop
  endfacet
  facet normal 0.903989296708297 0.4275550858507458 0
    outer loop
      vertex 2.6447002068161964 1.4136216938495636 4.669333333333333
      vertex 2.6447002068161964 1.4136216938495636 4.835999999999999
      vertex 2.770524390041828 1.1475888043642044 4.835999999999999
    endloop
  endfacet
  facet normal 0.941544072131021 0.33688983397385985 0
    outer loop
      vertex 2.8696669414639473 0.8705039173364639 4.835999999999999
      vertex 2.770524390041828 1.1475888043642044 4.669333333333333
      vertex 2.770524390041828 1.1475888043642044 4.835999999999999
    endloop
  endfacet
  facet normal 0.8577286041339105 0.5141027539806545 0
    outer loop
      vertex 2.4934061020612717 1.666040651500225 4.669333333333333
      vertex 2.4934061020612717 1.666040651500225 4.835999999999999
      vertex 2.6447002068161964 1.4136216938495636 4.835999999999999
    endloop
  endfacet
  facet normal 0.6715589710661285 0.7409511106548144 0
    outer loop
      vertex 1.902414783835411 2.318099096417427 4.669333333333333
      vertex 2.1204675659537315 2.1204675659537315 4.835999999999999
      vertex 2.1204675659537315 2.1204675659537315 4.669333333333333
    endloop
  endfacet
  facet normal 0.7409511106548144 0.6715589710661285 0
    outer loop
      vertex 2.318099096417427 1.902414783835411 4.835999999999999
      vertex 2.1204675659537315 2.1204675659537315 4.669333333333333
      vertex 2.1204675659537315 2.1204675659537315 4.835999999999999
    endloop
  endfacet
  facet normal -0.8032075323600966 -0.5956993033066301 0
    outer loop
      vertex -2.7824647128582 -2.283509813249111 0
      vertex -2.9928895086050034 -1.9997848197817802 0.2
      vertex -2.9928895086050034 -1.9997848197817802 0
    endloop
  endfacet
  facet normal -0.8032075323600966 -0.5956993033066301 0
    outer loop
      vertex -2.7824647128582 -2.283509813249111 0
      vertex -2.7824647128582 -2.283509813249111 0.2
      vertex -2.9928895086050034 -1.9997848197817802 0.2
    endloop
  endfacet
  facet normal -0.740951115275269 -0.6715589659682424 0
    outer loop
      vertex -2.545243300497532 -2.545243300497532 0
      vertex -2.7824647128582 -2.283509813249111 0.2
      vertex -2.7824647128582 -2.283509813249111 0
    endloop
  endfacet
  facet normal -0.740951115275269 -0.6715589659682424 0
    outer loop
      vertex -2.545243300497532 -2.545243300497532 0
      vertex -2.545243300497532 -2.545243300497532 0.2
      vertex -2.7824647128582 -2.283509813249111 0.2
    endloop
  endfacet
  facet normal -0.6715589659682424 -0.740951115275269 0
    outer loop
      vertex -2.545243300497532 -2.545243300497532 0
      vertex -2.283509813249111 -2.7824647128582 0
      vertex -2.545243300497532 -2.545243300497532 0.2
    endloop
  endfacet
  facet normal -0.6715589659682424 -0.740951115275269 0
    outer loop
      vertex -2.545243300497532 -2.545243300497532 0.2
      vertex -2.283509813249111 -2.7824647128582 0
      vertex -2.283509813249111 -2.7824647128582 0.2
    endloop
  endfacet
  facet normal -0.5956993033066301 -0.8032075323600966 0
    outer loop
      vertex -2.283509813249111 -2.7824647128582 0
      vertex -1.9997848197817802 -2.9928895086050034 0
      vertex -2.283509813249111 -2.7824647128582 0.2
    endloop
  endfacet
  facet normal -0.5956993033066301 -0.8032075323600966 0
    outer loop
      vertex -2.283509813249111 -2.7824647128582 0.2
      vertex -1.9997848197817802 -2.9928895086050034 0
      vertex -1.9997848197817802 -2.9928895086050034 0.2
    endloop
  endfacet
  facet normal -0.857728612776627 -0.5141027395611534 0
    outer loop
      vertex -3.174491100013256 -1.6968008652329445 0.2
      vertex -2.9928895086050034 -1.9997848197817802 0
      vertex -2.9928895086050034 -1.9997848197817802 0.2
    endloop
  endfacet
  facet normal -0.857728612776627 -0.5141027395611534 0
    outer loop
      vertex -3.174491100013256 -1.6968008652329445 0
      vertex -2.9928895086050034 -1.9997848197817802 0
      vertex -3.174491100013256 -1.6968008652329445 0.2
    endloop
  endfacet
  facet normal -0.9039892956966922 -0.4275550879896043 0
    outer loop
      vertex -3.174491100013256 -1.6968008652329445 0
      vertex -3.174491100013256 -1.6968008652329445 0.2
      vertex -3.325520634651184 -1.3774757385253906 0.2
    endloop
  endfacet
  facet normal -0.9039892956966922 -0.4275550879896043 0
    outer loop
      vertex -3.174491100013256 -1.6968008652329445 0
      vertex -3.325520634651184 -1.3774757385253906 0.2
      vertex -3.325520634651184 -1.3774757385253906 0
    endloop
  endfacet
  facet normal -0.9415440589357078 -0.33688987085228955 0
    outer loop
      vertex -3.325520634651184 -1.3774757385253906 0
      vertex -3.325520634651184 -1.3774757385253906 0.2
      vertex -3.4445235952734947 -1.0448847636580467 0.2
    endloop
  endfacet
  facet normal -0.9415440589357078 -0.33688987085228955 0
    outer loop
      vertex -3.325520634651184 -1.3774757385253906 0
      vertex -3.4445235952734947 -1.0448847636580467 0.2
      vertex -3.4445235952734947 -1.0448847636580467 0
    endloop
  endfacet
  facet normal -0.9700312551758279 -0.24298017199353492 0
    outer loop
      vertex -3.4445235952734947 -1.0448847636580467 0
      vertex -3.530353881418705 -0.7022310420870781 0.2
      vertex -3.530353881418705 -0.7022310420870781 0
    endloop
  endfacet
  facet normal -0.9891765104596154 -0.14673047111945978 0
    outer loop
      vertex -3.530353881418705 -0.7022310420870781 0
      vertex -3.530353881418705 -0.7022310420870781 0.2
      vertex -3.5821849331259727 -0.3528144657611847 0.2
    endloop
  endfacet
  facet normal -0.9891765104596154 -0.14673047111945978 0
    outer loop
      vertex -3.530353881418705 -0.7022310420870781 0
      vertex -3.5821849331259727 -0.3528144657611847 0.2
      vertex -3.5821849331259727 -0.3528144657611847 0
    endloop
  endfacet
  facet normal -0.9987954558768729 -0.04906768101010651 0
    outer loop
      vertex -3.5821849331259727 -0.3528144657611847 0
      vertex -3.5821849331259727 -0.3528144657611847 0.2
      vertex -3.599517598748207 0 0.2
    endloop
  endfacet
  facet normal -0.9987954558768729 -0.04906768101010651 0
    outer loop
      vertex -3.5821849331259727 -0.3528144657611847 0
      vertex -3.599517598748207 0 0.2
      vertex -3.599517598748207 0 0
    endloop
  endfacet
  facet normal -0.9700312551758279 -0.24298017199353492 0
    outer loop
      vertex -3.4445235952734947 -1.0448847636580467 0
      vertex -3.4445235952734947 -1.0448847636580467 0.2
      vertex -3.530353881418705 -0.7022310420870781 0.2
    endloop
  endfacet
  facet normal -0.5141027395611534 -0.857728612776627 0
    outer loop
      vertex -1.6968008652329445 -3.174491100013256 0
      vertex -1.9997848197817802 -2.9928895086050034 0.2
      vertex -1.9997848197817802 -2.9928895086050034 0
    endloop
  endfacet
  facet normal -0.5141027395611534 -0.857728612776627 0
    outer loop
      vertex -1.6968008652329445 -3.174491100013256 0
      vertex -1.6968008652329445 -3.174491100013256 0.2
      vertex -1.9997848197817802 -2.9928895086050034 0.2
    endloop
  endfacet
  facet normal -0.4275550879896043 -0.9039892956966922 0
    outer loop
      vertex -1.6968008652329445 -3.174491100013256 0
      vertex -1.3774757385253906 -3.325520634651184 0
      vertex -1.6968008652329445 -3.174491100013256 0.2
    endloop
  endfacet
  facet normal -0.4275550879896043 -0.9039892956966922 0
    outer loop
      vertex -1.6968008652329445 -3.174491100013256 0.2
      vertex -1.3774757385253906 -3.325520634651184 0
      vertex -1.3774757385253906 -3.325520634651184 0.2
    endloop
  endfacet
  facet normal -0.33688987085228955 -0.9415440589357078 0
    outer loop
      vertex -1.3774757385253906 -3.325520634651184 0
      vertex -1.0448847636580467 -3.4445235952734947 0
      vertex -1.3774757385253906 -3.325520634651184 0.2
    endloop
  endfacet
  facet normal -0.33688987085228955 -0.9415440589357078 0
    outer loop
      vertex -1.3774757385253906 -3.325520634651184 0.2
      vertex -1.0448847636580467 -3.4445235952734947 0
      vertex -1.0448847636580467 -3.4445235952734947 0.2
    endloop
  endfacet
  facet normal -0.24298017199353492 -0.9700312551758279 0
    outer loop
      vertex -1.0448847636580467 -3.4445235952734947 0.2
      vertex -0.7022310420870781 -3.530353881418705 0
      vertex -0.7022310420870781 -3.530353881418705 0.2
    endloop
  endfacet
  facet normal -0.14673047111945978 -0.9891765104596154 0
    outer loop
      vertex -0.7022310420870781 -3.530353881418705 0
      vertex -0.3528144657611847 -3.5821849331259727 0
      vertex -0.7022310420870781 -3.530353881418705 0.2
    endloop
  endfacet
  facet normal -0.24298017199353492 -0.9700312551758279 0
    outer loop
      vertex -1.0448847636580467 -3.4445235952734947 0
      vertex -0.7022310420870781 -3.530353881418705 0
      vertex -1.0448847636580467 -3.4445235952734947 0.2
    endloop
  endfacet
  facet normal -0.14673047111945978 -0.9891765104596154 0
    outer loop
      vertex -0.7022310420870781 -3.530353881418705 0.2
      vertex -0.3528144657611847 -3.5821849331259727 0
      vertex -0.3528144657611847 -3.5821849331259727 0.2
    endloop
  endfacet
  facet normal -0.04906768101010651 -0.9987954558768729 0
    outer loop
      vertex -0.3528144657611847 -3.5821849331259727 0
      vertex 0 -3.599517598748207 0
      vertex -0.3528144657611847 -3.5821849331259727 0.2
    endloop
  endfacet
  facet normal 0 0 -1
    outer loop
      vertex -0.7022310420870781 -3.530353881418705 0
      vertex 1.0448847636580467 -3.4445235952734947 0
      vertex -0.3528144657611847 -3.5821849331259727 0
    endloop
  endfacet
  facet normal -0.04906768101010651 -0.9987954558768729 0
    outer loop
      vertex -0.3528144657611847 -3.5821849331259727 0.2
      vertex 0 -3.599517598748207 0
      vertex 0 -3.599517598748207 0.2
    endloop
  endfacet
  facet normal 0 0 -1
    outer loop
      vertex -1.6968008652329445 -3.174491100013256 0
      vertex 1.9997848197817802 -2.9928895086050034 0
      vertex -1.3774757385253906 -3.325520634651184 0
    endloop
  endfacet
  facet normal 0 0 -1
    outer loop
      vertex -1.3774757385253906 -3.325520634651184 0
      vertex 1.6968008652329445 -3.174491100013256 0
      vertex -1.0448847636580467 -3.4445235952734947 0
    endloop
  endfacet
  facet normal 0 0 -1
    outer loop
      vertex -1.0448847636580467 -3.4445235952734947 0
      vertex 1.3774757385253906 -3.325520634651184 0
      vertex -0.7022310420870781 -3.530353881418705 0
    endloop
  endfacet
  facet normal 0 0 -1
    outer loop
      vertex -2.283509813249111 -2.7824647128582 0
      vertex 2.545243300497532 -2.545243300497532 0
      vertex -1.9997848197817802 -2.9928895086050034 0
    endloop
  endfacet
  facet normal 0 0 -1
    outer loop
      vertex -2.545243300497532 -2.545243300497532 0
      vertex 2.7824647128582 -2.283509813249111 0
      vertex -2.283509813249111 -2.7824647128582 0
    endloop
  endfacet
  facet normal 0 0 -1
    outer loop
      vertex -2.545243300497532 -2.545243300497532 0
      vertex -2.7824647128582 -2.283509813249111 0
      vertex 2.9928895086050034 -1.9997848197817802 0
    endloop
  endfacet
  facet normal 0 0 -1
    outer loop
      vertex -1.6968008652329445 -3.174491100013256 0
      vertex -1.9997848197817802 -2.9928895086050034 0
      vertex 2.283509813249111 -2.7824647128582 0
    endloop
  endfacet
  facet normal 0 0 -1
    outer loop
      vertex -3.174491100013256 -1.6968008652329445 0
      vertex -3.325520634651184 -1.3774757385253906 0
      vertex 3.4445235952734947 -1.0448847636580467 0
    endloop
  endfacet
  facet normal 0 0 -1
    outer loop
      vertex -3.325520634651184 -1.3774757385253906 0
      vertex -3.4445235952734947 -1.0448847636580467 0
      vertex 3.530353881418705 -0.7022310420870781 0
    endloop
  endfacet
  facet normal 0 0 -1
    outer loop
      vertex -3.4445235952734947 -1.0448847636580467 0
      vertex -3.530353881418705 -0.7022310420870781 0
      vertex 3.5821849331259727 -0.3528144657611847 0
    endloop
  endfacet
  facet normal 0 0 -1
    outer loop
      vertex -3.530353881418705 -0.7022310420870781 0
      vertex -3.5821849331259727 -0.3528144657611847 0
      vertex 3.599517598748207 0 0
    endloop
  endfacet
  facet normal 0 0 -1
    outer loop
      vertex -2.7824647128582 -2.283509813249111 0
      vertex -2.9928895086050034 -1.9997848197817802 0
      vertex 3.174491100013256 -1.6968008652329445 0
    endloop
  endfacet
  facet normal 0 0 -1
    outer loop
      vertex -3.174491100013256 -1.6968008652329445 0
      vertex 3.325520634651184 -1.3774757385253906 0
      vertex -2.9928895086050034 -1.9997848197817802 0
    endloop
  endfacet
  facet normal -0.9987954558768729 0.04906768101010651 0
    outer loop
      vertex -3.599517598748207 0 0
      vertex -3.599517598748207 0 0.2
      vertex -3.5821849331259727 0.3528144657611847 0.2
    endloop
  endfacet
  facet normal -0.9987954558768729 0.04906768101010651 0
    outer loop
      vertex -3.599517598748207 0 0
      vertex -3.5821849331259727 0.3528144657611847 0.2
      vertex -3.5821849331259727 0.3528144657611847 0
    endloop
  endfacet
  facet normal -0.9891765104596154 0.14673047111945978 0
    outer loop
      vertex -3.5821849331259727 0.3528144657611847 0
      vertex -3.5821849331259727 0.3528144657611847 0.2
      vertex -3.530353881418705 0.7022310420870781 0.2
    endloop
  endfacet
  facet normal -0.9891765104596154 0.14673047111945978 0
    outer loop
      vertex -3.5821849331259727 0.3528144657611847 0
      vertex -3.530353881418705 0.7022310420870781 0.2
      vertex -3.530353881418705 0.7022310420870781 0
    endloop
  endfacet
  facet normal -0.9700312551758279 0.24298017199353492 0
    outer loop
      vertex -3.530353881418705 0.7022310420870781 0
      vertex -3.530353881418705 0.7022310420870781 0.2
      vertex -3.4445235952734947 1.0448847636580467 0.2
    endloop
  endfacet
  facet normal -0.9700312551758279 0.24298017199353492 0
    outer loop
      vertex -3.530353881418705 0.7022310420870781 0
      vertex -3.4445235952734947 1.0448847636580467 0.2
      vertex -3.4445235952734947 1.0448847636580467 0
    endloop
  endfacet
  facet normal -0.9415440589357078 0.33688987085228955 0
    outer loop
      vertex -3.4445235952734947 1.0448847636580467 0
      vertex -3.4445235952734947 1.0448847636580467 0.2
      vertex -3.325520634651184 1.3774757385253906 0.2
    endloop
  endfacet
  facet normal -0.9415440589357078 0.33688987085228955 0
    outer loop
      vertex -3.4445235952734947 1.0448847636580467 0
      vertex -3.325520634651184 1.3774757385253906 0.2
      vertex -3.325520634651184 1.3774757385253906 0
    endloop
  endfacet
  facet normal -0.9039892956966922 0.4275550879896043 0
    outer loop
      vertex -3.325520634651184 1.3774757385253906 0
      vertex -3.325520634651184 1.3774757385253906 0.2
      vertex -3.174491100013256 1.6968008652329445 0.2
    endloop
  endfacet
  facet normal -0.9039892956966922 0.4275550879896043 0
    outer loop
      vertex -3.325520634651184 1.3774757385253906 0
      vertex -3.174491100013256 1.6968008652329445 0.2
      vertex -3.174491100013256 1.6968008652329445 0
    endloop
  endfacet
  facet normal -0.857728612776627 0.5141027395611534 0
    outer loop
      vertex -3.174491100013256 1.6968008652329445 0
      vertex -3.174491100013256 1.6968008652329445 0.2
      vertex -2.9928895086050034 1.9997848197817802 0.2
    endloop
  endfacet
  facet normal -0.857728612776627 0.5141027395611534 0
    outer loop
      vertex -3.174491100013256 1.6968008652329445 0
      vertex -2.9928895086050034 1.9997848197817802 0.2
      vertex -2.9928895086050034 1.9997848197817802 0
    endloop
  endfacet
  facet normal -0.8032075323600966 0.5956993033066301 0
    outer loop
      vertex -2.9928895086050034 1.9997848197817802 0
      vertex -2.9928895086050034 1.9997848197817802 0.2
      vertex -2.7824647128582 2.283509813249111 0.2
    endloop
  endfacet
  facet normal -0.8032075323600966 0.5956993033066301 0
    outer loop
      vertex -2.9928895086050034 1.9997848197817802 0
      vertex -2.7824647128582 2.283509813249111 0.2
      vertex -2.7824647128582 2.283509813249111 0
    endloop
  endfacet
  facet normal -0.740951115275269 0.6715589659682424 0
    outer loop
      vertex -2.7824647128582 2.283509813249111 0
      vertex -2.7824647128582 2.283509813249111 0.2
      vertex -2.545243300497532 2.545243300497532 0.2
    endloop
  endfacet
  facet normal -0.740951115275269 0.6715589659682424 0
    outer loop
      vertex -2.7824647128582 2.283509813249111 0
      vertex -2.545243300497532 2.545243300497532 0.2
      vertex -2.545243300497532 2.545243300497532 0
    endloop
  endfacet
  facet normal -0.6715589659682424 0.740951115275269 0
    outer loop
      vertex -2.545243300497532 2.545243300497532 0
      vertex -2.545243300497532 2.545243300497532 0.2
      vertex -2.283509813249111 2.7824647128582 0.2
    endloop
  endfacet
  facet normal -0.6715589659682424 0.740951115275269 0
    outer loop
      vertex -2.545243300497532 2.545243300497532 0
      vertex -2.283509813249111 2.7824647128582 0.2
      vertex -2.283509813249111 2.7824647128582 0
    endloop
  endfacet
  facet normal -0.5956993033066301 0.8032075323600966 0
    outer loop
      vertex -2.283509813249111 2.7824647128582 0
      vertex -2.283509813249111 2.7824647128582 0.2
      vertex -1.9997848197817802 2.9928895086050034 0.2
    endloop
  endfacet
  facet normal -0.5956993033066301 0.8032075323600966 0
    outer loop
      vertex -2.283509813249111 2.7824647128582 0
      vertex -1.9997848197817802 2.9928895086050034 0.2
      vertex -1.9997848197817802 2.9928895086050034 0
    endloop
  endfacet
  facet normal 0 0 -1
    outer loop
      vertex -3.5821849331259727 -0.3528144657611847 0
      vertex -3.599517598748207 0 0
      vertex 3.5821849331259727 0.3528144657611847 0
    endloop
  endfacet
  facet normal 0 0 -1
    outer loop
      vertex -3.599517598748207 0 0
      vertex -3.5821849331259727 0.3528144657611847 0
      vertex 3.530353881418705 0.7022310420870781 0
    endloop
  endfacet
  facet normal 0 0 -1
    outer loop
      vertex -3.5821849331259727 0.3528144657611847 0
      vertex -3.530353881418705 0.7022310420870781 0
      vertex 3.4445235952734947 1.0448847636580467 0
    endloop
  endfacet
  facet normal 0 0 -1
    outer loop
      vertex -3.530353881418705 0.7022310420870781 0
      vertex -3.4445235952734947 1.0448847636580467 0
      vertex 3.325520634651184 1.3774757385253906 0
    endloop
  endfacet
  facet normal 0 0 -1
    outer loop
      vertex -3.4445235952734947 1.0448847636580467 0
      vertex -3.325520634651184 1.3774757385253906 0
      vertex 3.174491100013256 1.6968008652329445 0
    endloop
  endfacet
  facet normal 0 0 -1
    outer loop
      vertex -3.325520634651184 1.3774757385253906 0
      vertex -3.174491100013256 1.6968008652329445 0
      vertex 2.9928895086050034 1.9997848197817802 0
    endloop
  endfacet
  facet normal 0 0 -1
    outer loop
      vertex -3.174491100013256 1.6968008652329445 0
      vertex -2.9928895086050034 1.9997848197817802 0
      vertex 2.7824647128582 2.283509813249111 0
    endloop
  endfacet
  facet normal 0 0 -1
    outer loop
      vertex -2.9928895086050034 1.9997848197817802 0
      vertex -2.7824647128582 2.283509813249111 0
      vertex 2.545243300497532 2.545243300497532 0
    endloop
  endfacet
  facet normal 0 0 -1
    outer loop
      vertex -2.7824647128582 2.283509813249111 0
      vertex -2.545243300497532 2.545243300497532 0
      vertex 2.283509813249111 2.7824647128582 0
    endloop
  endfacet
  facet normal -0.5141027395611534 0.857728612776627 0
    outer loop
      vertex -1.9997848197817802 2.9928895086050034 0
      vertex -1.9997848197817802 2.9928895086050034 0.2
      vertex -1.6968008652329445 3.174491100013256 0.2
    endloop
  endfacet
  facet normal -0.5141027395611534 0.857728612776627 0
    outer loop
      vertex -1.9997848197817802 2.9928895086050034 0
      vertex -1.6968008652329445 3.174491100013256 0.2
      vertex -1.6968008652329445 3.174491100013256 0
    endloop
  endfacet
  facet normal -0.4275550879896043 0.9039892956966922 0
    outer loop
      vertex -1.6968008652329445 3.174491100013256 0
      vertex -1.6968008652329445 3.174491100013256 0.2
      vertex -1.3774757385253906 3.325520634651184 0.2
    endloop
  endfacet
  facet normal -0.4275550879896043 0.9039892956966922 0
    outer loop
      vertex -1.6968008652329445 3.174491100013256 0
      vertex -1.3774757385253906 3.325520634651184 0.2
      vertex -1.3774757385253906 3.325520634651184 0
    endloop
  endfacet
  facet normal -0.33688987085228955 0.9415440589357078 0
    outer loop
      vertex -1.3774757385253906 3.325520634651184 0
      vertex -1.3774757385253906 3.325520634651184 0.2
      vertex -1.0448847636580467 3.4445235952734947 0.2
    endloop
  endfacet
  facet normal -0.33688987085228955 0.9415440589357078 0
    outer loop
      vertex -1.3774757385253906 3.325520634651184 0
      vertex -1.0448847636580467 3.4445235952734947 0.2
      vertex -1.0448847636580467 3.4445235952734947 0
    endloop
  endfacet
  facet normal 0 0 -1
    outer loop
      vertex -2.545243300497532 2.545243300497532 0
      vertex -2.283509813249111 2.7824647128582 0
      vertex 1.9997848197817802 2.9928895086050034 0
    endloop
  endfacet
  facet normal 0 0 -1
    outer loop
      vertex -2.283509813249111 2.7824647128582 0
      vertex -1.9997848197817802 2.9928895086050034 0
      vertex 1.6968008652329445 3.174491100013256 0
    endloop
  endfacet
  facet normal 0 0 -1
    outer loop
      vertex -1.9997848197817802 2.9928895086050034 0
      vertex -1.6968008652329445 3.174491100013256 0
      vertex 1.3774757385253906 3.325520634651184 0
    endloop
  endfacet
  facet normal -0.24298017199353492 0.9700312551758279 0
    outer loop
      vertex -1.0448847636580467 3.4445235952734947 0
      vertex -1.0448847636580467 3.4445235952734947 0.2
      vertex -0.7022310420870781 3.530353881418705 0.2
    endloop
  endfacet
  facet normal 0 0 -1
    outer loop
      vertex -1.6968008652329445 3.174491100013256 0
      vertex -1.3774757385253906 3.325520634651184 0
      vertex 1.0448847636580467 3.4445235952734947 0
    endloop
  endfacet
  facet normal 0 0 -1
    outer loop
      vertex -1.3774757385253906 3.325520634651184 0
      vertex -1.0448847636580467 3.4445235952734947 0
      vertex 0.7022310420870781 3.530353881418705 0
    endloop
  endfacet
  facet normal -0.24298017199353492 0.9700312551758279 0
    outer loop
      vertex -1.0448847636580467 3.4445235952734947 0
      vertex -0.7022310420870781 3.530353881418705 0.2
      vertex -0.7022310420870781 3.530353881418705 0
    endloop
  endfacet
  facet normal -0.14673047111945978 0.9891765104596154 0
    outer loop
      vertex -0.7022310420870781 3.530353881418705 0
      vertex -0.7022310420870781 3.530353881418705 0.2
      vertex -0.3528144657611847 3.5821849331259727 0.2
    endloop
  endfacet
  facet normal 0 0 -1
    outer loop
      vertex -1.0448847636580467 3.4445235952734947 0
      vertex -0.7022310420870781 3.530353881418705 0
      vertex 0.3528144657611847 3.5821849331259727 0
    endloop
  endfacet
  facet normal -0.14673047111945978 0.9891765104596154 0
    outer loop
      vertex -0.7022310420870781 3.530353881418705 0
      vertex -0.3528144657611847 3.5821849331259727 0.2
      vertex -0.3528144657611847 3.5821849331259727 0
    endloop
  endfacet
  facet normal 0 0 -1
    outer loop
      vertex -0.7022310420870781 3.530353881418705 0
      vertex -0.3528144657611847 3.5821849331259727 0
      vertex 0 3.599517598748207 0
    endloop
  endfacet
  facet normal -0.04906768101010651 0.9987954558768729 0
    outer loop
      vertex -0.3528144657611847 3.5821849331259727 0
      vertex -0.3528144657611847 3.5821849331259727 0.2
      vertex 0 3.599517598748207 0.2
    endloop
  endfacet
  facet normal 0 0 -1
    outer loop
      vertex -0.7022310420870781 3.530353881418705 0
      vertex 0 3.599517598748207 0
      vertex 0.3528144657611847 3.5821849331259727 0
    endloop
  endfacet
  facet normal -0.04906768101010651 0.9987954558768729 0
    outer loop
      vertex -0.3528144657611847 3.5821849331259727 0
      vertex 0 3.599517598748207 0.2
      vertex 0 3.599517598748207 0
    endloop
  endfacet
  facet normal 0 0 -1
    outer loop
      vertex -0.3528144657611847 -3.5821849331259727 0
      vertex 0.7022310420870781 -3.530353881418705 0
      vertex 0 -3.599517598748207 0
    endloop
  endfacet
  facet normal 0.04906768101010651 -0.9987954558768729 0
    outer loop
      vertex 0 -3.599517598748207 0
      vertex 0.3528144657611847 -3.5821849331259727 0
      vertex 0 -3.599517598748207 0.2
    endloop
  endfacet
  facet normal 0.04906768101010651 -0.9987954558768729 0
    outer loop
      vertex 0 -3.599517598748207 0.2
      vertex 0.3528144657611847 -3.5821849331259727 0
      vertex 0.3528144657611847 -3.5821849331259727 0.2
    endloop
  endfacet
  facet normal 0 0 -1
    outer loop
      vertex 0 -3.599517598748207 0
      vertex 0.7022310420870781 -3.530353881418705 0
      vertex 0.3528144657611847 -3.5821849331259727 0
    endloop
  endfacet
  facet normal 0.14673047111945978 -0.9891765104596154 0
    outer loop
      vertex 0.3528144657611847 -3.5821849331259727 0
      vertex 0.7022310420870781 -3.530353881418705 0
      vertex 0.3528144657611847 -3.5821849331259727 0.2
    endloop
  endfacet
  facet normal 0 0 -1
    outer loop
      vertex -0.3528144657611847 -3.5821849331259727 0
      vertex 1.0448847636580467 -3.4445235952734947 0
      vertex 0.7022310420870781 -3.530353881418705 0
    endloop
  endfacet
  facet normal 0.14673047111945978 -0.9891765104596154 0
    outer loop
      vertex 0.3528144657611847 -3.5821849331259727 0.2
      vertex 0.7022310420870781 -3.530353881418705 0
      vertex 0.7022310420870781 -3.530353881418705 0.2
    endloop
  endfacet
  facet normal 0.24298017199353492 -0.9700312551758279 0
    outer loop
      vertex 0.7022310420870781 -3.530353881418705 0
      vertex 1.0448847636580467 -3.4445235952734947 0
      vertex 0.7022310420870781 -3.530353881418705 0.2
    endloop
  endfacet
  facet normal 0 0 -1
    outer loop
      vertex -0.7022310420870781 -3.530353881418705 0
      vertex 1.3774757385253906 -3.325520634651184 0
      vertex 1.0448847636580467 -3.4445235952734947 0
    endloop
  endfacet
  facet normal 0 0 -1
    outer loop
      vertex -1.0448847636580467 -3.4445235952734947 0
      vertex 1.6968008652329445 -3.174491100013256 0
      vertex 1.3774757385253906 -3.325520634651184 0
    endloop
  endfacet
  facet normal 0.24298017199353492 -0.9700312551758279 0
    outer loop
      vertex 0.7022310420870781 -3.530353881418705 0.2
      vertex 1.0448847636580467 -3.4445235952734947 0
      vertex 1.0448847636580467 -3.4445235952734947 0.2
    endloop
  endfacet
  facet normal 0 0 -1
    outer loop
      vertex -1.3774757385253906 -3.325520634651184 0
      vertex 1.9997848197817802 -2.9928895086050034 0
      vertex 1.6968008652329445 -3.174491100013256 0
    endloop
  endfacet
  facet normal 0 0 -1
    outer loop
      vertex -1.6968008652329445 -3.174491100013256 0
      vertex 2.283509813249111 -2.7824647128582 0
      vertex 1.9997848197817802 -2.9928895086050034 0
    endloop
  endfacet
  facet normal 0 0 -1
    outer loop
      vertex -1.9997848197817802 -2.9928895086050034 0
      vertex 2.545243300497532 -2.545243300497532 0
      vertex 2.283509813249111 -2.7824647128582 0
    endloop
  endfacet
  facet normal 0.33688987085228955 -0.9415440589357078 0
    outer loop
      vertex 1.0448847636580467 -3.4445235952734947 0
      vertex 1.3774757385253906 -3.325520634651184 0
      vertex 1.0448847636580467 -3.4445235952734947 0.2
    endloop
  endfacet
  facet normal 0.33688987085228955 -0.9415440589357078 0
    outer loop
      vertex 1.0448847636580467 -3.4445235952734947 0.2
      vertex 1.3774757385253906 -3.325520634651184 0
      vertex 1.3774757385253906 -3.325520634651184 0.2
    endloop
  endfacet
  facet normal 0.4275550879896043 -0.9039892956966922 0
    outer loop
      vertex 1.3774757385253906 -3.325520634651184 0
      vertex 1.6968008652329445 -3.174491100013256 0
      vertex 1.3774757385253906 -3.325520634651184 0.2
    endloop
  endfacet
  facet normal 0.4275550879896043 -0.9039892956966922 0
    outer loop
      vertex 1.3774757385253906 -3.325520634651184 0.2
      vertex 1.6968008652329445 -3.174491100013256 0
      vertex 1.6968008652329445 -3.174491100013256 0.2
    endloop
  endfacet
  facet normal 0.5141027395611534 -0.857728612776627 0
    outer loop
      vertex 1.6968008652329445 -3.174491100013256 0
      vertex 1.9997848197817802 -2.9928895086050034 0
      vertex 1.6968008652329445 -3.174491100013256 0.2
    endloop
  endfacet
  facet normal 0.5141027395611534 -0.857728612776627 0
    outer loop
      vertex 1.6968008652329445 -3.174491100013256 0.2
      vertex 1.9997848197817802 -2.9928895086050034 0
      vertex 1.9997848197817802 -2.9928895086050034 0.2
    endloop
  endfacet
  facet normal 0 0 -1
    outer loop
      vertex -2.283509813249111 -2.7824647128582 0
      vertex 2.7824647128582 -2.283509813249111 0
      vertex 2.545243300497532 -2.545243300497532 0
    endloop
  endfacet
  facet normal 0 0 -1
    outer loop
      vertex -2.545243300497532 -2.545243300497532 0
      vertex 2.9928895086050034 -1.9997848197817802 0
      vertex 2.7824647128582 -2.283509813249111 0
    endloop
  endfacet
  facet normal 0 0 -1
    outer loop
      vertex -2.7824647128582 -2.283509813249111 0
      vertex 3.174491100013256 -1.6968008652329445 0
      vertex 2.9928895086050034 -1.9997848197817802 0
    endloop
  endfacet
  facet normal 0 0 -1
    outer loop
      vertex -2.9928895086050034 -1.9997848197817802 0
      vertex 3.325520634651184 -1.3774757385253906 0
      vertex 3.174491100013256 -1.6968008652329445 0
    endloop
  endfacet
  facet normal 0 0 -1
    outer loop
      vertex -3.174491100013256 -1.6968008652329445 0
      vertex 3.4445235952734947 -1.0448847636580467 0
      vertex 3.325520634651184 -1.3774757385253906 0
    endloop
  endfacet
  facet normal 0 0 -1
    outer loop
      vertex -3.325520634651184 -1.3774757385253906 0
      vertex 3.530353881418705 -0.7022310420870781 0
      vertex 3.4445235952734947 -1.0448847636580467 0
    endloop
  endfacet
  facet normal 0 0 -1
    outer loop
      vertex -3.4445235952734947 -1.0448847636580467 0
      vertex 3.5821849331259727 -0.3528144657611847 0
      vertex 3.530353881418705 -0.7022310420870781 0
    endloop
  endfacet
  facet normal 0 0 -1
    outer loop
      vertex -3.530353881418705 -0.7022310420870781 0
      vertex 3.599517598748207 0 0
      vertex 3.5821849331259727 -0.3528144657611847 0
    endloop
  endfacet
  facet normal 0.5956993033066301 -0.8032075323600966 0
    outer loop
      vertex 1.9997848197817802 -2.9928895086050034 0
      vertex 2.283509813249111 -2.7824647128582 0
      vertex 1.9997848197817802 -2.9928895086050034 0.2
    endloop
  endfacet
  facet normal 0.5956993033066301 -0.8032075323600966 0
    outer loop
      vertex 1.9997848197817802 -2.9928895086050034 0.2
      vertex 2.283509813249111 -2.7824647128582 0
      vertex 2.283509813249111 -2.7824647128582 0.2
    endloop
  endfacet
  facet normal 0.6715589659682424 -0.740951115275269 0
    outer loop
      vertex 2.283509813249111 -2.7824647128582 0
      vertex 2.545243300497532 -2.545243300497532 0
      vertex 2.283509813249111 -2.7824647128582 0.2
    endloop
  endfacet
  facet normal 0.6715589659682424 -0.740951115275269 0
    outer loop
      vertex 2.283509813249111 -2.7824647128582 0.2
      vertex 2.545243300497532 -2.545243300497532 0
      vertex 2.545243300497532 -2.545243300497532 0.2
    endloop
  endfacet
  facet normal 0.740951115275269 -0.6715589659682424 0
    outer loop
      vertex 2.545243300497532 -2.545243300497532 0
      vertex 2.7824647128582 -2.283509813249111 0
      vertex 2.545243300497532 -2.545243300497532 0.2
    endloop
  endfacet
  facet normal 0.740951115275269 -0.6715589659682424 0
    outer loop
      vertex 2.545243300497532 -2.545243300497532 0.2
      vertex 2.7824647128582 -2.283509813249111 0
      vertex 2.7824647128582 -2.283509813249111 0.2
    endloop
  endfacet
  facet normal 0.8032075323600966 -0.5956993033066301 0
    outer loop
      vertex 2.7824647128582 -2.283509813249111 0
      vertex 2.9928895086050034 -1.9997848197817802 0
      vertex 2.7824647128582 -2.283509813249111 0.2
    endloop
  endfacet
  facet normal 0.8032075323600966 -0.5956993033066301 0
    outer loop
      vertex 2.7824647128582 -2.283509813249111 0.2
      vertex 2.9928895086050034 -1.9997848197817802 0
      vertex 2.9928895086050034 -1.9997848197817802 0.2
    endloop
  endfacet
  facet normal 0.857728612776627 -0.5141027395611534 0
    outer loop
      vertex 2.9928895086050034 -1.9997848197817802 0
      vertex 3.174491100013256 -1.6968008652329445 0
      vertex 2.9928895086050034 -1.9997848197817802 0.2
    endloop
  endfacet
  facet normal 0.857728612776627 -0.5141027395611534 0
    outer loop
      vertex 2.9928895086050034 -1.9997848197817802 0.2
      vertex 3.174491100013256 -1.6968008652329445 0
      vertex 3.174491100013256 -1.6968008652329445 0.2
    endloop
  endfacet
  facet normal 0.9039892956966922 -0.4275550879896043 0
    outer loop
      vertex 3.174491100013256 -1.6968008652329445 0
      vertex 3.325520634651184 -1.3774757385253906 0
      vertex 3.174491100013256 -1.6968008652329445 0.2
    endloop
  endfacet
  facet normal 0.9039892956966922 -0.4275550879896043 0
    outer loop
      vertex 3.174491100013256 -1.6968008652329445 0.2
      vertex 3.325520634651184 -1.3774757385253906 0
      vertex 3.325520634651184 -1.3774757385253906 0.2
    endloop
  endfacet
  facet normal 0.9415440589357078 -0.33688987085228955 0
    outer loop
      vertex 3.325520634651184 -1.3774757385253906 0
      vertex 3.4445235952734947 -1.0448847636580467 0
      vertex 3.325520634651184 -1.3774757385253906 0.2
    endloop
  endfacet
  facet normal 0.9415440589357078 -0.33688987085228955 0
    outer loop
      vertex 3.325520634651184 -1.3774757385253906 0.2
      vertex 3.4445235952734947 -1.0448847636580467 0
      vertex 3.4445235952734947 -1.0448847636580467 0.2
    endloop
  endfacet
  facet normal 0.9700312551758279 -0.24298017199353492 0
    outer loop
      vertex 3.4445235952734947 -1.0448847636580467 0
      vertex 3.530353881418705 -0.7022310420870781 0
      vertex 3.4445235952734947 -1.0448847636580467 0.2
    endloop
  endfacet
  facet normal 0.9700312551758279 -0.24298017199353492 0
    outer loop
      vertex 3.4445235952734947 -1.0448847636580467 0.2
      vertex 3.530353881418705 -0.7022310420870781 0
      vertex 3.530353881418705 -0.7022310420870781 0.2
    endloop
  endfacet
  facet normal 0.9891765104596154 -0.14673047111945978 0
    outer loop
      vertex 3.530353881418705 -0.7022310420870781 0
      vertex 3.5821849331259727 -0.3528144657611847 0
      vertex 3.530353881418705 -0.7022310420870781 0.2
    endloop
  endfacet
  facet normal 0.9891765104596154 -0.14673047111945978 0
    outer loop
      vertex 3.530353881418705 -0.7022310420870781 0.2
      vertex 3.5821849331259727 -0.3528144657611847 0
      vertex 3.5821849331259727 -0.3528144657611847 0.2
    endloop
  endfacet
  facet normal 0.9987954558768729 -0.04906768101010651 0
    outer loop
      vertex 3.5821849331259727 -0.3528144657611847 0
      vertex 3.599517598748207 0 0
      vertex 3.5821849331259727 -0.3528144657611847 0.2
    endloop
  endfacet
  facet normal 0.9987954558768729 -0.04906768101010651 0
    outer loop
      vertex 3.5821849331259727 -0.3528144657611847 0.2
      vertex 3.599517598748207 0 0
      vertex 3.599517598748207 0 0.2
    endloop
  endfacet
  facet normal 0 0 -1
    outer loop
      vertex -3.325520634651184 1.3774757385253906 0
      vertex 2.9928895086050034 1.9997848197817802 0
      vertex 3.174491100013256 1.6968008652329445 0
    endloop
  endfacet
  facet normal 0 0 -1
    outer loop
      vertex -3.174491100013256 1.6968008652329445 0
      vertex 2.7824647128582 2.283509813249111 0
      vertex 2.9928895086050034 1.9997848197817802 0
    endloop
  endfacet
  facet normal 0 0 -1
    outer loop
      vertex -3.5821849331259727 -0.3528144657611847 0
      vertex 3.5821849331259727 0.3528144657611847 0
      vertex 3.599517598748207 0 0
    endloop
  endfacet
  facet normal 0 0 -1
    outer loop
      vertex -3.599517598748207 0 0
      vertex 3.530353881418705 0.7022310420870781 0
      vertex 3.5821849331259727 0.3528144657611847 0
    endloop
  endfacet
  facet normal 0 0 -1
    outer loop
      vertex -3.5821849331259727 0.3528144657611847 0
      vertex 3.4445235952734947 1.0448847636580467 0
      vertex 3.530353881418705 0.7022310420870781 0
    endloop
  endfacet
  facet normal 0 0 -1
    outer loop
      vertex -3.530353881418705 0.7022310420870781 0
      vertex 3.325520634651184 1.3774757385253906 0
      vertex 3.4445235952734947 1.0448847636580467 0
    endloop
  endfacet
  facet normal 0 0 -1
    outer loop
      vertex -3.4445235952734947 1.0448847636580467 0
      vertex 3.174491100013256 1.6968008652329445 0
      vertex 3.325520634651184 1.3774757385253906 0
    endloop
  endfacet
  facet normal 0 0 -1
    outer loop
      vertex -2.283509813249111 2.7824647128582 0
      vertex 1.6968008652329445 3.174491100013256 0
      vertex 1.9997848197817802 2.9928895086050034 0
    endloop
  endfacet
  facet normal 0 0 -1
    outer loop
      vertex -2.9928895086050034 1.9997848197817802 0
      vertex 2.545243300497532 2.545243300497532 0
      vertex 2.7824647128582 2.283509813249111 0
    endloop
  endfacet
  facet normal 0 0 -1
    outer loop
      vertex -2.7824647128582 2.283509813249111 0
      vertex 2.283509813249111 2.7824647128582 0
      vertex 2.545243300497532 2.545243300497532 0
    endloop
  endfacet
  facet normal 0 0 -1
    outer loop
      vertex -2.545243300497532 2.545243300497532 0
      vertex 1.9997848197817802 2.9928895086050034 0
      vertex 2.283509813249111 2.7824647128582 0
    endloop
  endfacet
  facet normal 0 0 -1
    outer loop
      vertex -1.3774757385253906 3.325520634651184 0
      vertex 0.7022310420870781 3.530353881418705 0
      vertex 1.0448847636580467 3.4445235952734947 0
    endloop
  endfacet
  facet normal 0 0 -1
    outer loop
      vertex -1.6968008652329445 3.174491100013256 0
      vertex 1.0448847636580467 3.4445235952734947 0
      vertex 1.3774757385253906 3.325520634651184 0
    endloop
  endfacet
  facet normal 0 0 -1
    outer loop
      vertex -1.9997848197817802 2.9928895086050034 0
      vertex 1.3774757385253906 3.325520634651184 0
      vertex 1.6968008652329445 3.174491100013256 0
    endloop
  endfacet
  facet normal 0 0 -1
    outer loop
      vertex -1.0448847636580467 3.4445235952734947 0
      vertex 0.3528144657611847 3.5821849331259727 0
      vertex 0.7022310420870781 3.530353881418705 0
    endloop
  endfacet
  facet normal 0.04906768101010651 0.9987954558768729 0
    outer loop
      vertex 0 3.599517598748207 0
      vertex 0 3.599517598748207 0.2
      vertex 0.3528144657611847 3.5821849331259727 0.2
    endloop
  endfacet
  facet normal 0.04906768101010651 0.9987954558768729 0
    outer loop
      vertex 0 3.599517598748207 0
      vertex 0.3528144657611847 3.5821849331259727 0.2
      vertex 0.3528144657611847 3.5821849331259727 0
    endloop
  endfacet
  facet normal 0.14673047111945978 0.9891765104596154 0
    outer loop
      vertex 0.3528144657611847 3.5821849331259727 0
      vertex 0.3528144657611847 3.5821849331259727 0.2
      vertex 0.7022310420870781 3.530353881418705 0.2
    endloop
  endfacet
  facet normal 0.24298017199353492 0.9700312551758279 0
    outer loop
      vertex 0.7022310420870781 3.530353881418705 0
      vertex 1.0448847636580467 3.4445235952734947 0.2
      vertex 1.0448847636580467 3.4445235952734947 0
    endloop
  endfacet
  facet normal 0.14673047111945978 0.9891765104596154 0
    outer loop
      vertex 0.3528144657611847 3.5821849331259727 0
      vertex 0.7022310420870781 3.530353881418705 0.2
      vertex 0.7022310420870781 3.530353881418705 0
    endloop
  endfacet
  facet normal 0.24298017199353492 0.9700312551758279 0
    outer loop
      vertex 0.7022310420870781 3.530353881418705 0
      vertex 0.7022310420870781 3.530353881418705 0.2
      vertex 1.0448847636580467 3.4445235952734947 0.2
    endloop
  endfacet
  facet normal 0.33688987085228955 0.9415440589357078 0
    outer loop
      vertex 1.0448847636580467 3.4445235952734947 0
      vertex 1.0448847636580467 3.4445235952734947 0.2
      vertex 1.3774757385253906 3.325520634651184 0.2
    endloop
  endfacet
  facet normal 0.33688987085228955 0.9415440589357078 0
    outer loop
      vertex 1.0448847636580467 3.4445235952734947 0
      vertex 1.3774757385253906 3.325520634651184 0.2
      vertex 1.3774757385253906 3.325520634651184 0
    endloop
  endfacet
  facet normal 0.4275550879896043 0.9039892956966922 0
    outer loop
      vertex 1.3774757385253906 3.325520634651184 0
      vertex 1.3774757385253906 3.325520634651184 0.2
      vertex 1.6968008652329445 3.174491100013256 0.2
    endloop
  endfacet
  facet normal 0.4275550879896043 0.9039892956966922 0
    outer loop
      vertex 1.3774757385253906 3.325520634651184 0
      vertex 1.6968008652329445 3.174491100013256 0.2
      vertex 1.6968008652329445 3.174491100013256 0
    endloop
  endfacet
  facet normal 0.5141027395611534 0.857728612776627 0
    outer loop
      vertex 1.9997848197817802 2.9928895086050034 0.2
      vertex 1.6968008652329445 3.174491100013256 0
      vertex 1.6968008652329445 3.174491100013256 0.2
    endloop
  endfacet
  facet normal 0.5141027395611534 0.857728612776627 0
    outer loop
      vertex 1.9997848197817802 2.9928895086050034 0
      vertex 1.6968008652329445 3.174491100013256 0
      vertex 1.9997848197817802 2.9928895086050034 0.2
    endloop
  endfacet
  facet normal 0.9700312551758279 0.24298017199353492 0
    outer loop
      vertex 3.530353881418705 0.7022310420870781 0.2
      vertex 3.4445235952734947 1.0448847636580467 0
      vertex 3.4445235952734947 1.0448847636580467 0.2
    endloop
  endfacet
  facet normal 0.9987954558768729 0.04906768101010651 0
    outer loop
      vertex 3.599517598748207 0 0
      vertex 3.5821849331259727 0.3528144657611847 0
      vertex 3.599517598748207 0 0.2
    endloop
  endfacet
  facet normal 0.9987954558768729 0.04906768101010651 0
    outer loop
      vertex 3.599517598748207 0 0.2
      vertex 3.5821849331259727 0.3528144657611847 0
      vertex 3.5821849331259727 0.3528144657611847 0.2
    endloop
  endfacet
  facet normal 0.9891765104596154 0.14673047111945978 0
    outer loop
      vertex 3.5821849331259727 0.3528144657611847 0
      vertex 3.530353881418705 0.7022310420870781 0
      vertex 3.5821849331259727 0.3528144657611847 0.2
    endloop
  endfacet
  facet normal 0.9891765104596154 0.14673047111945978 0
    outer loop
      vertex 3.5821849331259727 0.3528144657611847 0.2
      vertex 3.530353881418705 0.7022310420870781 0
      vertex 3.530353881418705 0.7022310420870781 0.2
    endloop
  endfacet
  facet normal 0.9700312551758279 0.24298017199353492 0
    outer loop
      vertex 3.530353881418705 0.7022310420870781 0
      vertex 3.4445235952734947 1.0448847636580467 0
      vertex 3.530353881418705 0.7022310420870781 0.2
    endloop
  endfacet
  facet normal 0.9415440589357078 0.33688987085228955 0
    outer loop
      vertex 3.4445235952734947 1.0448847636580467 0
      vertex 3.325520634651184 1.3774757385253906 0
      vertex 3.4445235952734947 1.0448847636580467 0.2
    endloop
  endfacet
  facet normal 0.9415440589357078 0.33688987085228955 0
    outer loop
      vertex 3.4445235952734947 1.0448847636580467 0.2
      vertex 3.325520634651184 1.3774757385253906 0
      vertex 3.325520634651184 1.3774757385253906 0.2
    endloop
  endfacet
  facet normal 0.9039892956966922 0.4275550879896043 0
    outer loop
      vertex 3.325520634651184 1.3774757385253906 0
      vertex 3.174491100013256 1.6968008652329445 0
      vertex 3.325520634651184 1.3774757385253906 0.2
    endloop
  endfacet
  facet normal 0.9039892956966922 0.4275550879896043 0
    outer loop
      vertex 3.325520634651184 1.3774757385253906 0.2
      vertex 3.174491100013256 1.6968008652329445 0
      vertex 3.174491100013256 1.6968008652329445 0.2
    endloop
  endfacet
  facet normal 0.857728612776627 0.5141027395611534 0
    outer loop
      vertex 2.9928895086050034 1.9997848197817802 0
      vertex 3.174491100013256 1.6968008652329445 0.2
      vertex 3.174491100013256 1.6968008652329445 0
    endloop
  endfacet
  facet normal 0.857728612776627 0.5141027395611534 0
    outer loop
      vertex 2.9928895086050034 1.9997848197817802 0
      vertex 2.9928895086050034 1.9997848197817802 0.2
      vertex 3.174491100013256 1.6968008652329445 0.2
    endloop
  endfacet
  facet normal 0.5956993033066301 0.8032075323600966 0
    outer loop
      vertex 1.9997848197817802 2.9928895086050034 0
      vertex 1.9997848197817802 2.9928895086050034 0.2
      vertex 2.283509813249111 2.7824647128582 0.2
    endloop
  endfacet
  facet normal 0.5956993033066301 0.8032075323600966 0
    outer loop
      vertex 1.9997848197817802 2.9928895086050034 0
      vertex 2.283509813249111 2.7824647128582 0.2
      vertex 2.283509813249111 2.7824647128582 0
    endloop
  endfacet
  facet normal 0.6715589659682424 0.740951115275269 0
    outer loop
      vertex 2.283509813249111 2.7824647128582 0
      vertex 2.283509813249111 2.7824647128582 0.2
      vertex 2.545243300497532 2.545243300497532 0.2
    endloop
  endfacet
  facet normal 0.6715589659682424 0.740951115275269 0
    outer loop
      vertex 2.283509813249111 2.7824647128582 0
      vertex 2.545243300497532 2.545243300497532 0.2
      vertex 2.545243300497532 2.545243300497532 0
    endloop
  endfacet
  facet normal 0.740951115275269 0.6715589659682424 0
    outer loop
      vertex 2.7824647128582 2.283509813249111 0.2
      vertex 2.545243300497532 2.545243300497532 0
      vertex 2.545243300497532 2.545243300497532 0.2
    endloop
  endfacet
  facet normal 0.740951115275269 0.6715589659682424 0
    outer loop
      vertex 2.7824647128582 2.283509813249111 0
      vertex 2.545243300497532 2.545243300497532 0
      vertex 2.7824647128582 2.283509813249111 0.2
    endloop
  endfacet
  facet normal 0.8032075323600966 0.5956993033066301 0
    outer loop
      vertex 2.9928895086050034 1.9997848197817802 0.2
      vertex 2.7824647128582 2.283509813249111 0
      vertex 2.7824647128582 2.283509813249111 0.2
    endloop
  endfacet
  facet normal 0.8032075323600966 0.5956993033066301 0
    outer loop
      vertex 2.9928895086050034 1.9997848197817802 0
      vertex 2.7824647128582 2.283509813249111 0
      vertex 2.9928895086050034 1.9997848197817802 0.2
    endloop
  endfacet
  facet normal -0.8032075269753209 -0.5956993105671595 0
    outer loop
      vertex -3.159383974969387 -2.111032873392105 0.4
      vertex -2.9372532591223717 -2.4105414673686028 0.2
      vertex -2.9372532591223717 -2.4105414673686028 0.4
    endloop
  endfacet
  facet normal 0 0 -1
    outer loop
      vertex -3.159383974969387 -2.111032873392105 0.2
      vertex -2.9928895086050034 -1.9997848197817802 0.2
      vertex -2.9372532591223717 -2.4105414673686028 0.2
    endloop
  endfacet
  facet normal -0.8577286044426964 -0.5141027534654763 0
    outer loop
      vertex -3.159383974969387 -2.111032873392105 0.2
      vertex -3.159383974969387 -2.111032873392105 0.4
      vertex -3.351088099181652 -1.7911938726902008 0.4
    endloop
  endfacet
  facet normal -0.8032075269753209 -0.5956993105671595 0
    outer loop
      vertex -3.159383974969387 -2.111032873392105 0.2
      vertex -2.9372532591223717 -2.4105414673686028 0.2
      vertex -3.159383974969387 -2.111032873392105 0.4
    endloop
  endfacet
  facet normal -0.5956993105671595 -0.8032075269753209 0
    outer loop
      vertex -2.111032873392105 -3.159383974969387 0.2
      vertex -2.4105414673686028 -2.9372532591223717 0.4
      vertex -2.4105414673686028 -2.9372532591223717 0.2
    endloop
  endfacet
  facet normal -0.5956993105671595 -0.8032075269753209 0
    outer loop
      vertex -2.111032873392105 -3.159383974969387 0.2
      vertex -2.111032873392105 -3.159383974969387 0.4
      vertex -2.4105414673686028 -2.9372532591223717 0.4
    endloop
  endfacet
  facet normal -0.5141027534654763 -0.8577286044426964 0
    outer loop
      vertex -2.111032873392105 -3.159383974969387 0.2
      vertex -1.7911938726902008 -3.351088099181652 0.2
      vertex -2.111032873392105 -3.159383974969387 0.4
    endloop
  endfacet
  facet normal -0.7409511209462968 -0.6715589597112277 0
    outer loop
      vertex -2.6868352070450783 -2.6868352070450783 0.2
      vertex -2.9372532591223717 -2.4105414673686028 0.4
      vertex -2.9372532591223717 -2.4105414673686028 0.2
    endloop
  endfacet
  facet normal -0.7409511209462968 -0.6715589597112277 0
    outer loop
      vertex -2.6868352070450783 -2.6868352070450783 0.2
      vertex -2.6868352070450783 -2.6868352070450783 0.4
      vertex -2.9372532591223717 -2.4105414673686028 0.4
    endloop
  endfacet
  facet normal -0.6715589597112277 -0.7409511209462968 0
    outer loop
      vertex -2.6868352070450783 -2.6868352070450783 0.2
      vertex -2.4105414673686028 -2.9372532591223717 0.2
      vertex -2.6868352070450783 -2.6868352070450783 0.4
    endloop
  endfacet
  facet normal -0.6715589597112277 -0.7409511209462968 0
    outer loop
      vertex -2.6868352070450783 -2.6868352070450783 0.4
      vertex -2.4105414673686028 -2.9372532591223717 0.2
      vertex -2.4105414673686028 -2.9372532591223717 0.4
    endloop
  endfacet
  facet normal 0 0 -1
    outer loop
      vertex -2.6868352070450783 -2.6868352070450783 0.2
      vertex -2.7824647128582 -2.283509813249111 0.2
      vertex -2.545243300497532 -2.545243300497532 0.2
    endloop
  endfacet
  facet normal 0 0 -1
    outer loop
      vertex -2.6868352070450783 -2.6868352070450783 0.2
      vertex -2.545243300497532 -2.545243300497532 0.2
      vertex -2.4105414673686028 -2.9372532591223717 0.2
    endloop
  endfacet
  facet normal 0 0 -1
    outer loop
      vertex -2.6868352070450783 -2.6868352070450783 0.2
      vertex -2.9372532591223717 -2.4105414673686028 0.2
      vertex -2.7824647128582 -2.283509813249111 0.2
    endloop
  endfacet
  facet normal 0 0 -1
    outer loop
      vertex -2.9372532591223717 -2.4105414673686028 0.2
      vertex -2.9928895086050034 -1.9997848197817802 0.2
      vertex -2.7824647128582 -2.283509813249111 0.2
    endloop
  endfacet
  facet normal 0 0 -1
    outer loop
      vertex -2.545243300497532 -2.545243300497532 0.2
      vertex -2.283509813249111 -2.7824647128582 0.2
      vertex -2.4105414673686028 -2.9372532591223717 0.2
    endloop
  endfacet
  facet normal 0 0 -1
    outer loop
      vertex -2.111032873392105 -3.159383974969387 0.2
      vertex -2.4105414673686028 -2.9372532591223717 0.2
      vertex -2.283509813249111 -2.7824647128582 0.2
    endloop
  endfacet
  facet normal 0 0 -1
    outer loop
      vertex -2.111032873392105 -3.159383974969387 0.2
      vertex -2.283509813249111 -2.7824647128582 0.2
      vertex -1.9997848197817802 -2.9928895086050034 0.2
    endloop
  endfacet
  facet normal -0.9415440589337208 -0.3368898708578427 0
    outer loop
      vertex -3.510519377887249 -1.4541047364473343 0.2
      vertex -3.510519377887249 -1.4541047364473343 0.4
      vertex -3.6361424699425697 -1.1030117347836494 0.4
    endloop
  endfacet
  facet normal 0 0 -1
    outer loop
      vertex -3.510519377887249 -1.4541047364473343 0.2
      vertex -3.6361424699425697 -1.1030117347836494 0.2
      vertex -3.4445235952734947 -1.0448847636580467 0.2
    endloop
  endfacet
  facet normal -0.9415440589337208 -0.3368898708578427 0
    outer loop
      vertex -3.510519377887249 -1.4541047364473343 0.2
      vertex -3.6361424699425697 -1.1030117347836494 0.4
      vertex -3.6361424699425697 -1.1030117347836494 0.2
    endloop
  endfacet
  facet normal -0.8577286044426964 -0.5141027534654763 0
    outer loop
      vertex -3.159383974969387 -2.111032873392105 0.2
      vertex -3.351088099181652 -1.7911938726902008 0.4
      vertex -3.351088099181652 -1.7911938726902008 0.2
    endloop
  endfacet
  facet normal 0 0 -1
    outer loop
      vertex -3.510519377887249 -1.4541047364473343 0.2
      vertex -3.325520634651184 -1.3774757385253906 0.2
      vertex -3.351088099181652 -1.7911938726902008 0.2
    endloop
  endfacet
  facet normal 0 0 -1
    outer loop
      vertex -3.351088099181652 -1.7911938726902008 0.2
      vertex -3.325520634651184 -1.3774757385253906 0.2
      vertex -3.174491100013256 -1.6968008652329445 0.2
    endloop
  endfacet
  facet normal -0.9039893025276129 -0.4275550735468354 0
    outer loop
      vertex -3.510519377887249 -1.4541047364473343 0.4
      vertex -3.351088099181652 -1.7911938726902008 0.2
      vertex -3.351088099181652 -1.7911938726902008 0.4
    endloop
  endfacet
  facet normal -0.9039893025276129 -0.4275550735468354 0
    outer loop
      vertex -3.510519377887249 -1.4541047364473343 0.2
      vertex -3.351088099181652 -1.7911938726902008 0.2
      vertex -3.510519377887249 -1.4541047364473343 0.4
    endloop
  endfacet
  facet normal 0 0 -1
    outer loop
      vertex -3.159383974969387 -2.111032873392105 0.2
      vertex -3.351088099181652 -1.7911938726902008 0.2
      vertex -3.174491100013256 -1.6968008652329445 0.2
    endloop
  endfacet
  facet normal 0 0 -1
    outer loop
      vertex -3.159383974969387 -2.111032873392105 0.2
      vertex -3.174491100013256 -1.6968008652329445 0.2
      vertex -2.9928895086050034 -1.9997848197817802 0.2
    endloop
  endfacet
  facet normal 0 0 -1
    outer loop
      vertex -3.510519377887249 -1.4541047364473343 0.2
      vertex -3.4445235952734947 -1.0448847636580467 0.2
      vertex -3.325520634651184 -1.3774757385253906 0.2
    endloop
  endfacet
  facet normal 0 0 -1
    outer loop
      vertex -3.6361424699425697 -1.1030117347836494 0.2
      vertex -3.726747490465641 -0.7412962019443512 0.2
      vertex -3.530353881418705 -0.7022310420870781 0.2
    endloop
  endfacet
  facet normal 0 0 -1
    outer loop
      vertex -3.6361424699425697 -1.1030117347836494 0.2
      vertex -3.530353881418705 -0.7022310420870781 0.2
      vertex -3.4445235952734947 -1.0448847636580467 0.2
    endloop
  endfacet
  facet normal -0.9700312555660131 -0.24298017043582854 0
    outer loop
      vertex -3.6361424699425697 -1.1030117347836494 0.2
      vertex -3.6361424699425697 -1.1030117347836494 0.4
      vertex -3.726747490465641 -0.7412962019443512 0.4
    endloop
  endfacet
  facet normal -0.9700312555660131 -0.24298017043582854 0
    outer loop
      vertex -3.6361424699425697 -1.1030117347836494 0.2
      vertex -3.726747490465641 -0.7412962019443512 0.4
      vertex -3.726747490465641 -0.7412962019443512 0.2
    endloop
  endfacet
  facet normal 0 0 -1
    outer loop
      vertex -3.726747490465641 -0.7412962019443512 0.2
      vertex -3.5821849331259727 -0.3528144657611847 0.2
      vertex -3.530353881418705 -0.7022310420870781 0.2
    endloop
  endfacet
  facet normal -0.9891765100797814 -0.14673047368009232 0
    outer loop
      vertex -3.726747490465641 -0.7412962019443512 0.2
      vertex -3.726747490465641 -0.7412962019443512 0.4
      vertex -3.781461924314499 -0.37244144827127457 0.4
    endloop
  endfacet
  facet normal -0.9891765100797814 -0.14673047368009232 0
    outer loop
      vertex -3.726747490465641 -0.7412962019443512 0.2
      vertex -3.781461924314499 -0.37244144827127457 0.4
      vertex -3.781461924314499 -0.37244144827127457 0.2
    endloop
  endfacet
  facet normal -0.9987954562074777 -0.04906767428049048 0
    outer loop
      vertex -3.781461924314499 -0.37244144827127457 0.2
      vertex -3.781461924314499 -0.37244144827127457 0.4
      vertex -3.7997587993741035 0 0.4
    endloop
  endfacet
  facet normal -0.9987954562074777 -0.04906767428049048 0
    outer loop
      vertex -3.781461924314499 -0.37244144827127457 0.2
      vertex -3.7997587993741035 0 0.4
      vertex -3.7997587993741035 0 0.2
    endloop
  endfacet
  facet normal 0 0 -1
    outer loop
      vertex -3.726747490465641 -0.7412962019443512 0.2
      vertex -3.781461924314499 -0.37244144827127457 0.2
      vertex -3.5821849331259727 -0.3528144657611847 0.2
    endloop
  endfacet
  facet normal 0 0 -1
    outer loop
      vertex -3.781461924314499 -0.37244144827127457 0.2
      vertex -3.599517598748207 0 0.2
      vertex -3.5821849331259727 -0.3528144657611847 0.2
    endloop
  endfacet
  facet normal 0 0 -1
    outer loop
      vertex -3.781461924314499 -0.37244144827127457 0.2
      vertex -3.7997587993741035 0 0.2
      vertex -3.599517598748207 0 0.2
    endloop
  endfacet
  facet normal -0.5141027534654763 -0.8577286044426964 0
    outer loop
      vertex -2.111032873392105 -3.159383974969387 0.4
      vertex -1.7911938726902008 -3.351088099181652 0.2
      vertex -1.7911938726902008 -3.351088099181652 0.4
    endloop
  endfacet
  facet normal 0 0 -1
    outer loop
      vertex -2.111032873392105 -3.159383974969387 0.2
      vertex -1.9997848197817802 -2.9928895086050034 0.2
      vertex -1.7911938726902008 -3.351088099181652 0.2
    endloop
  endfacet
  facet normal 0 0 -1
    outer loop
      vertex -1.7911938726902008 -3.351088099181652 0.2
      vertex -1.9997848197817802 -2.9928895086050034 0.2
      vertex -1.6968008652329445 -3.174491100013256 0.2
    endloop
  endfacet
  facet normal 0 0 -1
    outer loop
      vertex -1.7911938726902008 -3.351088099181652 0.2
      vertex -1.3774757385253906 -3.325520634651184 0.2
      vertex -1.4541047364473343 -3.510519377887249 0.2
    endloop
  endfacet
  facet normal 0 0 -1
    outer loop
      vertex -1.7911938726902008 -3.351088099181652 0.2
      vertex -1.6968008652329445 -3.174491100013256 0.2
      vertex -1.3774757385253906 -3.325520634651184 0.2
    endloop
  endfacet
  facet normal -0.4275550735468354 -0.9039893025276129 0
    outer loop
      vertex -1.7911938726902008 -3.351088099181652 0.2
      vertex -1.4541047364473343 -3.510519377887249 0.2
      vertex -1.7911938726902008 -3.351088099181652 0.4
    endloop
  endfacet
  facet normal -0.4275550735468354 -0.9039893025276129 0
    outer loop
      vertex -1.7911938726902008 -3.351088099181652 0.4
      vertex -1.4541047364473343 -3.510519377887249 0.2
      vertex -1.4541047364473343 -3.510519377887249 0.4
    endloop
  endfacet
  facet normal -0.3368898708578427 -0.9415440589337208 0
    outer loop
      vertex -1.4541047364473343 -3.510519377887249 0.2
      vertex -1.1030117347836494 -3.6361424699425697 0.2
      vertex -1.4541047364473343 -3.510519377887249 0.4
    endloop
  endfacet
  facet normal 0 0 -1
    outer loop
      vertex -1.4541047364473343 -3.510519377887249 0.2
      vertex -1.0448847636580467 -3.4445235952734947 0.2
      vertex -1.1030117347836494 -3.6361424699425697 0.2
    endloop
  endfacet
  facet normal -0.3368898708578427 -0.9415440589337208 0
    outer loop
      vertex -1.1030117347836494 -3.6361424699425697 0.2
      vertex -1.1030117347836494 -3.6361424699425697 0.4
      vertex -1.4541047364473343 -3.510519377887249 0.4
    endloop
  endfacet
  facet normal 0 0 -1
    outer loop
      vertex -1.4541047364473343 -3.510519377887249 0.2
      vertex -1.3774757385253906 -3.325520634651184 0.2
      vertex -1.0448847636580467 -3.4445235952734947 0.2
    endloop
  endfacet
  facet normal 0 0 -1
    outer loop
      vertex -1.1030117347836494 -3.6361424699425697 0.2
      vertex -1.0448847636580467 -3.4445235952734947 0.2
      vertex -0.7022310420870781 -3.530353881418705 0.2
    endloop
  endfacet
  facet normal -0.24298017043582854 -0.9700312555660131 0
    outer loop
      vertex -1.1030117347836494 -3.6361424699425697 0.2
      vertex -0.7412962019443512 -3.726747490465641 0.2
      vertex -1.1030117347836494 -3.6361424699425697 0.4
    endloop
  endfacet
  facet normal -0.24298017043582854 -0.9700312555660131 0
    outer loop
      vertex -1.1030117347836494 -3.6361424699425697 0.4
      vertex -0.7412962019443512 -3.726747490465641 0.2
      vertex -0.7412962019443512 -3.726747490465641 0.4
    endloop
  endfacet
  facet normal 0 0 -1
    outer loop
      vertex -1.1030117347836494 -3.6361424699425697 0.2
      vertex -0.3528144657611847 -3.5821849331259727 0.2
      vertex -0.7412962019443512 -3.726747490465641 0.2
    endloop
  endfacet
  facet normal 0 0 -1
    outer loop
      vertex -1.1030117347836494 -3.6361424699425697 0.2
      vertex -0.7022310420870781 -3.530353881418705 0.2
      vertex -0.3528144657611847 -3.5821849331259727 0.2
    endloop
  endfacet
  facet normal -0.14673047368009232 -0.9891765100797814 0
    outer loop
      vertex -0.7412962019443512 -3.726747490465641 0.2
      vertex -0.37244144827127457 -3.781461924314499 0.2
      vertex -0.7412962019443512 -3.726747490465641 0.4
    endloop
  endfacet
  facet normal -0.14673047368009232 -0.9891765100797814 0
    outer loop
      vertex -0.7412962019443512 -3.726747490465641 0.4
      vertex -0.37244144827127457 -3.781461924314499 0.2
      vertex -0.37244144827127457 -3.781461924314499 0.4
    endloop
  endfacet
  facet normal 0 0 -1
    outer loop
      vertex -0.7412962019443512 -3.726747490465641 0.2
      vertex -0.3528144657611847 -3.5821849331259727 0.2
      vertex 0 -3.599517598748207 0.2
    endloop
  endfacet
  facet normal -0.04906767428049048 -0.9987954562074777 0
    outer loop
      vertex -0.37244144827127457 -3.781461924314499 0.2
      vertex 0 -3.7997587993741035 0.2
      vertex -0.37244144827127457 -3.781461924314499 0.4
    endloop
  endfacet
  facet normal -0.04906767428049048 -0.9987954562074777 0
    outer loop
      vertex -0.37244144827127457 -3.781461924314499 0.4
      vertex 0 -3.7997587993741035 0.2
      vertex 0 -3.7997587993741035 0.4
    endloop
  endfacet
  facet normal 0 0 -1
    outer loop
      vertex -0.7412962019443512 -3.726747490465641 0.2
      vertex 0 -3.599517598748207 0.2
      vertex 0.3528144657611847 -3.5821849331259727 0.2
    endloop
  endfacet
  facet normal 0 0 -1
    outer loop
      vertex -0.7412962019443512 -3.726747490465641 0.2
      vertex 1.1030117347836494 -3.6361424699425697 0.2
      vertex -0.37244144827127457 -3.781461924314499 0.2
    endloop
  endfacet
  facet normal -0.9987954562074777 0.04906767428049048 0
    outer loop
      vertex -3.7997587993741035 0 0.2
      vertex -3.7997587993741035 0 0.4
      vertex -3.781461924314499 0.37244144827127457 0.4
    endloop
  endfacet
  facet normal -0.9987954562074777 0.04906767428049048 0
    outer loop
      vertex -3.7997587993741035 0 0.2
      vertex -3.781461924314499 0.37244144827127457 0.4
      vertex -3.781461924314499 0.37244144827127457 0.2
    endloop
  endfacet
  facet normal -0.9891765100797814 0.14673047368009232 0
    outer loop
      vertex -3.781461924314499 0.37244144827127457 0.2
      vertex -3.781461924314499 0.37244144827127457 0.4
      vertex -3.726747490465641 0.7412962019443512 0.4
    endloop
  endfacet
  facet normal 0 0 -1
    outer loop
      vertex -3.7997587993741035 0 0.2
      vertex -3.5821849331259727 0.3528144657611847 0.2
      vertex -3.599517598748207 0 0.2
    endloop
  endfacet
  facet normal 0 0 -1
    outer loop
      vertex -3.7997587993741035 0 0.2
      vertex -3.781461924314499 0.37244144827127457 0.2
      vertex -3.5821849331259727 0.3528144657611847 0.2
    endloop
  endfacet
  facet normal 0 0 -1
    outer loop
      vertex -3.781461924314499 0.37244144827127457 0.2
      vertex -3.530353881418705 0.7022310420870781 0.2
      vertex -3.5821849331259727 0.3528144657611847 0.2
    endloop
  endfacet
  facet normal 0 0 -1
    outer loop
      vertex -3.781461924314499 0.37244144827127457 0.2
      vertex -3.726747490465641 0.7412962019443512 0.2
      vertex -3.530353881418705 0.7022310420870781 0.2
    endloop
  endfacet
  facet normal -0.9891765100797814 0.14673047368009232 0
    outer loop
      vertex -3.781461924314499 0.37244144827127457 0.2
      vertex -3.726747490465641 0.7412962019443512 0.4
      vertex -3.726747490465641 0.7412962019443512 0.2
    endloop
  endfacet
  facet normal 0 0 -1
    outer loop
      vertex -3.726747490465641 0.7412962019443512 0.2
      vertex -3.4445235952734947 1.0448847636580467 0.2
      vertex -3.530353881418705 0.7022310420870781 0.2
    endloop
  endfacet
  facet normal 0 0 -1
    outer loop
      vertex -3.726747490465641 0.7412962019443512 0.2
      vertex -3.6361424699425697 1.1030117347836494 0.2
      vertex -3.4445235952734947 1.0448847636580467 0.2
    endloop
  endfacet
  facet normal -0.9700312555660131 0.24298017043582854 0
    outer loop
      vertex -3.726747490465641 0.7412962019443512 0.2
      vertex -3.726747490465641 0.7412962019443512 0.4
      vertex -3.6361424699425697 1.1030117347836494 0.4
    endloop
  endfacet
  facet normal -0.9700312555660131 0.24298017043582854 0
    outer loop
      vertex -3.726747490465641 0.7412962019443512 0.2
      vertex -3.6361424699425697 1.1030117347836494 0.4
      vertex -3.6361424699425697 1.1030117347836494 0.2
    endloop
  endfacet
  facet normal -0.9415440589337208 0.3368898708578427 0
    outer loop
      vertex -3.6361424699425697 1.1030117347836494 0.2
      vertex -3.6361424699425697 1.1030117347836494 0.4
      vertex -3.510519377887249 1.4541047364473343 0.4
    endloop
  endfacet
  facet normal -0.9415440589337208 0.3368898708578427 0
    outer loop
      vertex -3.6361424699425697 1.1030117347836494 0.2
      vertex -3.510519377887249 1.4541047364473343 0.4
      vertex -3.510519377887249 1.4541047364473343 0.2
    endloop
  endfacet
  facet normal 0 0 -1
    outer loop
      vertex -3.6361424699425697 1.1030117347836494 0.2
      vertex -3.325520634651184 1.3774757385253906 0.2
      vertex -3.4445235952734947 1.0448847636580467 0.2
    endloop
  endfacet
  facet normal 0 0 -1
    outer loop
      vertex -3.6361424699425697 1.1030117347836494 0.2
      vertex -3.510519377887249 1.4541047364473343 0.2
      vertex -3.325520634651184 1.3774757385253906 0.2
    endloop
  endfacet
  facet normal 0 0 -1
    outer loop
      vertex -3.510519377887249 1.4541047364473343 0.2
      vertex -3.174491100013256 1.6968008652329445 0.2
      vertex -3.325520634651184 1.3774757385253906 0.2
    endloop
  endfacet
  facet normal 0 0 -1
    outer loop
      vertex -3.510519377887249 1.4541047364473343 0.2
      vertex -3.351088099181652 1.7911938726902008 0.2
      vertex -3.174491100013256 1.6968008652329445 0.2
    endloop
  endfacet
  facet normal -0.9039893025276129 0.4275550735468354 0
    outer loop
      vertex -3.510519377887249 1.4541047364473343 0.2
      vertex -3.510519377887249 1.4541047364473343 0.4
      vertex -3.351088099181652 1.7911938726902008 0.4
    endloop
  endfacet
  facet normal -0.9039893025276129 0.4275550735468354 0
    outer loop
      vertex -3.510519377887249 1.4541047364473343 0.2
      vertex -3.351088099181652 1.7911938726902008 0.4
      vertex -3.351088099181652 1.7911938726902008 0.2
    endloop
  endfacet
  facet normal -0.8577286044426964 0.5141027534654763 0
    outer loop
      vertex -3.351088099181652 1.7911938726902008 0.2
      vertex -3.351088099181652 1.7911938726902008 0.4
      vertex -3.159383974969387 2.111032873392105 0.4
    endloop
  endfacet
  facet normal 0 0 -1
    outer loop
      vertex -3.351088099181652 1.7911938726902008 0.2
      vertex -2.9928895086050034 1.9997848197817802 0.2
      vertex -3.174491100013256 1.6968008652329445 0.2
    endloop
  endfacet
  facet normal 0 0 -1
    outer loop
      vertex -3.351088099181652 1.7911938726902008 0.2
      vertex -3.159383974969387 2.111032873392105 0.2
      vertex -2.9928895086050034 1.9997848197817802 0.2
    endloop
  endfacet
  facet normal -0.8577286044426964 0.5141027534654763 0
    outer loop
      vertex -3.351088099181652 1.7911938726902008 0.2
      vertex -3.159383974969387 2.111032873392105 0.4
      vertex -3.159383974969387 2.111032873392105 0.2
    endloop
  endfacet
  facet normal -0.8032075269753209 0.5956993105671595 0
    outer loop
      vertex -3.159383974969387 2.111032873392105 0.2
      vertex -3.159383974969387 2.111032873392105 0.4
      vertex -2.9372532591223717 2.4105414673686028 0.4
    endloop
  endfacet
  facet normal -0.8032075269753209 0.5956993105671595 0
    outer loop
      vertex -3.159383974969387 2.111032873392105 0.2
      vertex -2.9372532591223717 2.4105414673686028 0.4
      vertex -2.9372532591223717 2.4105414673686028 0.2
    endloop
  endfacet
  facet normal 0 0 -1
    outer loop
      vertex -2.9928895086050034 1.9997848197817802 0.2
      vertex -3.159383974969387 2.111032873392105 0.2
      vertex -2.7824647128582 2.283509813249111 0.2
    endloop
  endfacet
  facet normal 0 0 -1
    outer loop
      vertex -3.159383974969387 2.111032873392105 0.2
      vertex -2.9372532591223717 2.4105414673686028 0.2
      vertex -2.7824647128582 2.283509813249111 0.2
    endloop
  endfacet
  facet normal 0 0 -1
    outer loop
      vertex -2.9372532591223717 2.4105414673686028 0.2
      vertex -2.545243300497532 2.545243300497532 0.2
      vertex -2.7824647128582 2.283509813249111 0.2
    endloop
  endfacet
  facet normal -0.7409511209462968 0.6715589597112277 0
    outer loop
      vertex -2.9372532591223717 2.4105414673686028 0.2
      vertex -2.9372532591223717 2.4105414673686028 0.4
      vertex -2.6868352070450783 2.6868352070450783 0.4
    endloop
  endfacet
  facet normal -0.7409511209462968 0.6715589597112277 0
    outer loop
      vertex -2.9372532591223717 2.4105414673686028 0.2
      vertex -2.6868352070450783 2.6868352070450783 0.4
      vertex -2.6868352070450783 2.6868352070450783 0.2
    endloop
  endfacet
  facet normal 0 0 -1
    outer loop
      vertex -2.9372532591223717 2.4105414673686028 0.2
      vertex -2.6868352070450783 2.6868352070450783 0.2
      vertex -2.545243300497532 2.545243300497532 0.2
    endloop
  endfacet
  facet normal 0 0 -1
    outer loop
      vertex -2.6868352070450783 2.6868352070450783 0.2
      vertex -2.283509813249111 2.7824647128582 0.2
      vertex -2.545243300497532 2.545243300497532 0.2
    endloop
  endfacet
  facet normal -0.6715589597112277 0.7409511209462968 0
    outer loop
      vertex -2.6868352070450783 2.6868352070450783 0.2
      vertex -2.6868352070450783 2.6868352070450783 0.4
      vertex -2.4105414673686028 2.9372532591223717 0.4
    endloop
  endfacet
  facet normal -0.6715589597112277 0.7409511209462968 0
    outer loop
      vertex -2.6868352070450783 2.6868352070450783 0.2
      vertex -2.4105414673686028 2.9372532591223717 0.4
      vertex -2.4105414673686028 2.9372532591223717 0.2
    endloop
  endfacet
  facet normal 0 0 -1
    outer loop
      vertex -2.6868352070450783 2.6868352070450783 0.2
      vertex -2.4105414673686028 2.9372532591223717 0.2
      vertex -2.283509813249111 2.7824647128582 0.2
    endloop
  endfacet
  facet normal 0 0 -1
    outer loop
      vertex -2.4105414673686028 2.9372532591223717 0.2
      vertex -1.9997848197817802 2.9928895086050034 0.2
      vertex -2.283509813249111 2.7824647128582 0.2
    endloop
  endfacet
  facet normal -0.5956993105671595 0.8032075269753209 0
    outer loop
      vertex -2.4105414673686028 2.9372532591223717 0.2
      vertex -2.4105414673686028 2.9372532591223717 0.4
      vertex -2.111032873392105 3.159383974969387 0.4
    endloop
  endfacet
  facet normal 0 0 -1
    outer loop
      vertex -2.4105414673686028 2.9372532591223717 0.2
      vertex -2.111032873392105 3.159383974969387 0.2
      vertex -1.9997848197817802 2.9928895086050034 0.2
    endloop
  endfacet
  facet normal -0.5956993105671595 0.8032075269753209 0
    outer loop
      vertex -2.4105414673686028 2.9372532591223717 0.2
      vertex -2.111032873392105 3.159383974969387 0.4
      vertex -2.111032873392105 3.159383974969387 0.2
    endloop
  endfacet
  facet normal -0.5141027534654763 0.8577286044426964 0
    outer loop
      vertex -2.111032873392105 3.159383974969387 0.2
      vertex -2.111032873392105 3.159383974969387 0.4
      vertex -1.7911938726902008 3.351088099181652 0.4
    endloop
  endfacet
  facet normal 0 0 -1
    outer loop
      vertex -2.111032873392105 3.159383974969387 0.2
      vertex -1.6968008652329445 3.174491100013256 0.2
      vertex -1.9997848197817802 2.9928895086050034 0.2
    endloop
  endfacet
  facet normal 0 0 -1
    outer loop
      vertex -2.111032873392105 3.159383974969387 0.2
      vertex -1.7911938726902008 3.351088099181652 0.2
      vertex -1.3774757385253906 3.325520634651184 0.2
    endloop
  endfacet
  facet normal -0.5141027534654763 0.8577286044426964 0
    outer loop
      vertex -2.111032873392105 3.159383974969387 0.2
      vertex -1.7911938726902008 3.351088099181652 0.4
      vertex -1.7911938726902008 3.351088099181652 0.2
    endloop
  endfacet
  facet normal 0 0 -1
    outer loop
      vertex -2.111032873392105 3.159383974969387 0.2
      vertex -1.3774757385253906 3.325520634651184 0.2
      vertex -1.6968008652329445 3.174491100013256 0.2
    endloop
  endfacet
  facet normal -0.4275550735468354 0.9039893025276129 0
    outer loop
      vertex -1.7911938726902008 3.351088099181652 0.2
      vertex -1.7911938726902008 3.351088099181652 0.4
      vertex -1.4541047364473343 3.510519377887249 0.4
    endloop
  endfacet
  facet normal -0.4275550735468354 0.9039893025276129 0
    outer loop
      vertex -1.7911938726902008 3.351088099181652 0.2
      vertex -1.4541047364473343 3.510519377887249 0.4
      vertex -1.4541047364473343 3.510519377887249 0.2
    endloop
  endfacet
  facet normal 0 0 -1
    outer loop
      vertex -1.7911938726902008 3.351088099181652 0.2
      vertex -1.0448847636580467 3.4445235952734947 0.2
      vertex -1.3774757385253906 3.325520634651184 0.2
    endloop
  endfacet
  facet normal 0 0 -1
    outer loop
      vertex -1.7911938726902008 3.351088099181652 0.2
      vertex -1.4541047364473343 3.510519377887249 0.2
      vertex -1.0448847636580467 3.4445235952734947 0.2
    endloop
  endfacet
  facet normal 0 0 -1
    outer loop
      vertex -1.0448847636580467 3.4445235952734947 0.2
      vertex -1.4541047364473343 3.510519377887249 0.2
      vertex -0.7022310420870781 3.530353881418705 0.2
    endloop
  endfacet
  facet normal -0.3368898708578427 0.9415440589337208 0
    outer loop
      vertex -1.4541047364473343 3.510519377887249 0.2
      vertex -1.4541047364473343 3.510519377887249 0.4
      vertex -1.1030117347836494 3.6361424699425697 0.4
    endloop
  endfacet
  facet normal -0.3368898708578427 0.9415440589337208 0
    outer loop
      vertex -1.4541047364473343 3.510519377887249 0.2
      vertex -1.1030117347836494 3.6361424699425697 0.4
      vertex -1.1030117347836494 3.6361424699425697 0.2
    endloop
  endfacet
  facet normal 0 0 -1
    outer loop
      vertex -1.4541047364473343 3.510519377887249 0.2
      vertex -0.3528144657611847 3.5821849331259727 0.2
      vertex -0.7022310420870781 3.530353881418705 0.2
    endloop
  endfacet
  facet normal -0.24298017043582854 0.9700312555660131 0
    outer loop
      vertex -1.1030117347836494 3.6361424699425697 0.2
      vertex -1.1030117347836494 3.6361424699425697 0.4
      vertex -0.7412962019443512 3.726747490465641 0.4
    endloop
  endfacet
  facet normal -0.24298017043582854 0.9700312555660131 0
    outer loop
      vertex -1.1030117347836494 3.6361424699425697 0.2
      vertex -0.7412962019443512 3.726747490465641 0.4
      vertex -0.7412962019443512 3.726747490465641 0.2
    endloop
  endfacet
  facet normal 0 0 -1
    outer loop
      vertex -1.4541047364473343 3.510519377887249 0.2
      vertex -1.1030117347836494 3.6361424699425697 0.2
      vertex 0.7412962019443512 3.726747490465641 0.2
    endloop
  endfacet
  facet normal -0.14673047368009232 0.9891765100797814 0
    outer loop
      vertex -0.7412962019443512 3.726747490465641 0.2
      vertex -0.7412962019443512 3.726747490465641 0.4
      vertex -0.37244144827127457 3.781461924314499 0.4
    endloop
  endfacet
  facet normal 0 0 -1
    outer loop
      vertex -1.1030117347836494 3.6361424699425697 0.2
      vertex -0.7412962019443512 3.726747490465641 0.2
      vertex 0.37244144827127457 3.781461924314499 0.2
    endloop
  endfacet
  facet normal 0 0 -1
    outer loop
      vertex -1.4541047364473343 3.510519377887249 0.2
      vertex 0.7412962019443512 3.726747490465641 0.2
      vertex -0.3528144657611847 3.5821849331259727 0.2
    endloop
  endfacet
  facet normal 0 0 -1
    outer loop
      vertex -0.7412962019443512 3.726747490465641 0.2
      vertex -0.37244144827127457 3.781461924314499 0.2
      vertex 0 3.7997587993741035 0.2
    endloop
  endfacet
  facet normal -0.14673047368009232 0.9891765100797814 0
    outer loop
      vertex -0.7412962019443512 3.726747490465641 0.2
      vertex -0.37244144827127457 3.781461924314499 0.4
      vertex -0.37244144827127457 3.781461924314499 0.2
    endloop
  endfacet
  facet normal 0 0 -1
    outer loop
      vertex -0.7412962019443512 3.726747490465641 0.2
      vertex 0 3.7997587993741035 0.2
      vertex 0.37244144827127457 3.781461924314499 0.2
    endloop
  endfacet
  facet normal -0.04906767428049048 0.9987954562074777 0
    outer loop
      vertex -0.37244144827127457 3.781461924314499 0.2
      vertex -0.37244144827127457 3.781461924314499 0.4
      vertex 0 3.7997587993741035 0.4
    endloop
  endfacet
  facet normal -0.04906767428049048 0.9987954562074777 0
    outer loop
      vertex -0.37244144827127457 3.781461924314499 0.2
      vertex 0 3.7997587993741035 0.4
      vertex 0 3.7997587993741035 0.2
    endloop
  endfacet
  facet normal 0 0 -1
    outer loop
      vertex -0.37244144827127457 -3.781461924314499 0.2
      vertex 0.7412962019443512 -3.726747490465641 0.2
      vertex 0 -3.7997587993741035 0.2
    endloop
  endfacet
  facet normal 0.04906767428049048 -0.9987954562074777 0
    outer loop
      vertex 0 -3.7997587993741035 0.2
      vertex 0.37244144827127457 -3.781461924314499 0.2
      vertex 0 -3.7997587993741035 0.4
    endloop
  endfacet
  facet normal 0.04906767428049048 -0.9987954562074777 0
    outer loop
      vertex 0.37244144827127457 -3.781461924314499 0.2
      vertex 0.37244144827127457 -3.781461924314499 0.4
      vertex 0 -3.7997587993741035 0.4
    endloop
  endfacet
  facet normal 0 0 -1
    outer loop
      vertex 0 -3.7997587993741035 0.2
      vertex 0.7412962019443512 -3.726747490465641 0.2
      vertex 0.37244144827127457 -3.781461924314499 0.2
    endloop
  endfacet
  facet normal 0.14673047368009232 -0.9891765100797814 0
    outer loop
      vertex 0.37244144827127457 -3.781461924314499 0.2
      vertex 0.7412962019443512 -3.726747490465641 0.2
      vertex 0.37244144827127457 -3.781461924314499 0.4
    endloop
  endfacet
  facet normal 0 0 -1
    outer loop
      vertex -0.7412962019443512 -3.726747490465641 0.2
      vertex 0.3528144657611847 -3.5821849331259727 0.2
      vertex 1.4541047364473343 -3.510519377887249 0.2
    endloop
  endfacet
  facet normal 0 0 -1
    outer loop
      vertex -0.37244144827127457 -3.781461924314499 0.2
      vertex 1.1030117347836494 -3.6361424699425697 0.2
      vertex 0.7412962019443512 -3.726747490465641 0.2
    endloop
  endfacet
  facet normal 0 0 -1
    outer loop
      vertex -0.7412962019443512 -3.726747490465641 0.2
      vertex 1.4541047364473343 -3.510519377887249 0.2
      vertex 1.1030117347836494 -3.6361424699425697 0.2
    endloop
  endfacet
  facet normal 0.14673047368009232 -0.9891765100797814 0
    outer loop
      vertex 0.37244144827127457 -3.781461924314499 0.4
      vertex 0.7412962019443512 -3.726747490465641 0.2
      vertex 0.7412962019443512 -3.726747490465641 0.4
    endloop
  endfacet
  facet normal 0 0 -1
    outer loop
      vertex 0.3528144657611847 -3.5821849331259727 0.2
      vertex 0.7022310420870781 -3.530353881418705 0.2
      vertex 1.4541047364473343 -3.510519377887249 0.2
    endloop
  endfacet
  facet normal 0.24298017043582854 -0.9700312555660131 0
    outer loop
      vertex 0.7412962019443512 -3.726747490465641 0.2
      vertex 1.1030117347836494 -3.6361424699425697 0.2
      vertex 0.7412962019443512 -3.726747490465641 0.4
    endloop
  endfacet
  facet normal 0.24298017043582854 -0.9700312555660131 0
    outer loop
      vertex 0.7412962019443512 -3.726747490465641 0.4
      vertex 1.1030117347836494 -3.6361424699425697 0.2
      vertex 1.1030117347836494 -3.6361424699425697 0.4
    endloop
  endfacet
  facet normal 0.3368898708578427 -0.9415440589337208 0
    outer loop
      vertex 1.1030117347836494 -3.6361424699425697 0.2
      vertex 1.4541047364473343 -3.510519377887249 0.2
      vertex 1.1030117347836494 -3.6361424699425697 0.4
    endloop
  endfacet
  facet normal 0.3368898708578427 -0.9415440589337208 0
    outer loop
      vertex 1.4541047364473343 -3.510519377887249 0.2
      vertex 1.4541047364473343 -3.510519377887249 0.4
      vertex 1.1030117347836494 -3.6361424699425697 0.4
    endloop
  endfacet
  facet normal 0 0 -1
    outer loop
      vertex 0.7022310420870781 -3.530353881418705 0.2
      vertex 1.0448847636580467 -3.4445235952734947 0.2
      vertex 1.4541047364473343 -3.510519377887249 0.2
    endloop
  endfacet
  facet normal 0 0 -1
    outer loop
      vertex 1.4541047364473343 -3.510519377887249 0.2
      vertex 1.0448847636580467 -3.4445235952734947 0.2
      vertex 1.7911938726902008 -3.351088099181652 0.2
    endloop
  endfacet
  facet normal 0 0 -1
    outer loop
      vertex 1.0448847636580467 -3.4445235952734947 0.2
      vertex 1.3774757385253906 -3.325520634651184 0.2
      vertex 1.7911938726902008 -3.351088099181652 0.2
    endloop
  endfacet
  facet normal 0.4275550735468354 -0.9039893025276129 0
    outer loop
      vertex 1.4541047364473343 -3.510519377887249 0.2
      vertex 1.7911938726902008 -3.351088099181652 0.2
      vertex 1.4541047364473343 -3.510519377887249 0.4
    endloop
  endfacet
  facet normal 0.4275550735468354 -0.9039893025276129 0
    outer loop
      vertex 1.4541047364473343 -3.510519377887249 0.4
      vertex 1.7911938726902008 -3.351088099181652 0.2
      vertex 1.7911938726902008 -3.351088099181652 0.4
    endloop
  endfacet
  facet normal 0 0 -1
    outer loop
      vertex 1.3774757385253906 -3.325520634651184 0.2
      vertex 1.6968008652329445 -3.174491100013256 0.2
      vertex 2.111032873392105 -3.159383974969387 0.2
    endloop
  endfacet
  facet normal 0 0 -1
    outer loop
      vertex 1.3774757385253906 -3.325520634651184 0.2
      vertex 2.111032873392105 -3.159383974969387 0.2
      vertex 1.7911938726902008 -3.351088099181652 0.2
    endloop
  endfacet
  facet normal 0.5141027534654763 -0.8577286044426964 0
    outer loop
      vertex 1.7911938726902008 -3.351088099181652 0.2
      vertex 2.111032873392105 -3.159383974969387 0.2
      vertex 1.7911938726902008 -3.351088099181652 0.4
    endloop
  endfacet
  facet normal 0 0 -1
    outer loop
      vertex 1.6968008652329445 -3.174491100013256 0.2
      vertex 1.9997848197817802 -2.9928895086050034 0.2
      vertex 2.111032873392105 -3.159383974969387 0.2
    endloop
  endfacet
  facet normal 0 0 -1
    outer loop
      vertex 1.9997848197817802 -2.9928895086050034 0.2
      vertex 2.4105414673686028 -2.9372532591223717 0.2
      vertex 2.111032873392105 -3.159383974969387 0.2
    endloop
  endfacet
  facet normal 0.5141027534654763 -0.8577286044426964 0
    outer loop
      vertex 1.7911938726902008 -3.351088099181652 0.4
      vertex 2.111032873392105 -3.159383974969387 0.2
      vertex 2.111032873392105 -3.159383974969387 0.4
    endloop
  endfacet
  facet normal 0.5956993105671595 -0.8032075269753209 0
    outer loop
      vertex 2.111032873392105 -3.159383974969387 0.2
      vertex 2.4105414673686028 -2.9372532591223717 0.2
      vertex 2.111032873392105 -3.159383974969387 0.4
    endloop
  endfacet
  facet normal 0.5956993105671595 -0.8032075269753209 0
    outer loop
      vertex 2.111032873392105 -3.159383974969387 0.4
      vertex 2.4105414673686028 -2.9372532591223717 0.2
      vertex 2.4105414673686028 -2.9372532591223717 0.4
    endloop
  endfacet
  facet normal 0 0 -1
    outer loop
      vertex 1.9997848197817802 -2.9928895086050034 0.2
      vertex 2.283509813249111 -2.7824647128582 0.2
      vertex 2.4105414673686028 -2.9372532591223717 0.2
    endloop
  endfacet
  facet normal 0 0 -1
    outer loop
      vertex 2.283509813249111 -2.7824647128582 0.2
      vertex 2.6868352070450783 -2.6868352070450783 0.2
      vertex 2.4105414673686028 -2.9372532591223717 0.2
    endloop
  endfacet
  facet normal 0.6715589597112277 -0.7409511209462968 0
    outer loop
      vertex 2.4105414673686028 -2.9372532591223717 0.2
      vertex 2.6868352070450783 -2.6868352070450783 0.2
      vertex 2.4105414673686028 -2.9372532591223717 0.4
    endloop
  endfacet
  facet normal 0.6715589597112277 -0.7409511209462968 0
    outer loop
      vertex 2.4105414673686028 -2.9372532591223717 0.4
      vertex 2.6868352070450783 -2.6868352070450783 0.2
      vertex 2.6868352070450783 -2.6868352070450783 0.4
    endloop
  endfacet
  facet normal 0 0 -1
    outer loop
      vertex 2.283509813249111 -2.7824647128582 0.2
      vertex 2.545243300497532 -2.545243300497532 0.2
      vertex 2.6868352070450783 -2.6868352070450783 0.2
    endloop
  endfacet
  facet normal 0 0 -1
    outer loop
      vertex 2.545243300497532 -2.545243300497532 0.2
      vertex 2.9372532591223717 -2.4105414673686028 0.2
      vertex 2.6868352070450783 -2.6868352070450783 0.2
    endloop
  endfacet
  facet normal 0.7409511209462968 -0.6715589597112277 0
    outer loop
      vertex 2.6868352070450783 -2.6868352070450783 0.2
      vertex 2.9372532591223717 -2.4105414673686028 0.2
      vertex 2.6868352070450783 -2.6868352070450783 0.4
    endloop
  endfacet
  facet normal 0.7409511209462968 -0.6715589597112277 0
    outer loop
      vertex 2.6868352070450783 -2.6868352070450783 0.4
      vertex 2.9372532591223717 -2.4105414673686028 0.2
      vertex 2.9372532591223717 -2.4105414673686028 0.4
    endloop
  endfacet
  facet normal 0 0 -1
    outer loop
      vertex 2.545243300497532 -2.545243300497532 0.2
      vertex 2.7824647128582 -2.283509813249111 0.2
      vertex 2.9372532591223717 -2.4105414673686028 0.2
    endloop
  endfacet
  facet normal 0 0 -1
    outer loop
      vertex 2.7824647128582 -2.283509813249111 0.2
      vertex 3.159383974969387 -2.111032873392105 0.2
      vertex 2.9372532591223717 -2.4105414673686028 0.2
    endloop
  endfacet
  facet normal 0 0 -1
    outer loop
      vertex 2.7824647128582 -2.283509813249111 0.2
      vertex 2.9928895086050034 -1.9997848197817802 0.2
      vertex 3.159383974969387 -2.111032873392105 0.2
    endloop
  endfacet
  facet normal 0.8032075269753209 -0.5956993105671595 0
    outer loop
      vertex 2.9372532591223717 -2.4105414673686028 0.2
      vertex 3.159383974969387 -2.111032873392105 0.2
      vertex 2.9372532591223717 -2.4105414673686028 0.4
    endloop
  endfacet
  facet normal 0.8032075269753209 -0.5956993105671595 0
    outer loop
      vertex 2.9372532591223717 -2.4105414673686028 0.4
      vertex 3.159383974969387 -2.111032873392105 0.2
      vertex 3.159383974969387 -2.111032873392105 0.4
    endloop
  endfacet
  facet normal 0.8577286044426964 -0.5141027534654763 0
    outer loop
      vertex 3.159383974969387 -2.111032873392105 0.2
      vertex 3.351088099181652 -1.7911938726902008 0.2
      vertex 3.159383974969387 -2.111032873392105 0.4
    endloop
  endfacet
  facet normal 0 0 -1
    outer loop
      vertex 3.159383974969387 -2.111032873392105 0.2
      vertex 2.9928895086050034 -1.9997848197817802 0.2
      vertex 3.351088099181652 -1.7911938726902008 0.2
    endloop
  endfacet
  facet normal 0 0 -1
    outer loop
      vertex 2.9928895086050034 -1.9997848197817802 0.2
      vertex 3.174491100013256 -1.6968008652329445 0.2
      vertex 3.351088099181652 -1.7911938726902008 0.2
    endloop
  endfacet
  facet normal 0.8577286044426964 -0.5141027534654763 0
    outer loop
      vertex 3.159383974969387 -2.111032873392105 0.4
      vertex 3.351088099181652 -1.7911938726902008 0.2
      vertex 3.351088099181652 -1.7911938726902008 0.4
    endloop
  endfacet
  facet normal 0 0 -1
    outer loop
      vertex 3.174491100013256 -1.6968008652329445 0.2
      vertex 3.510519377887249 -1.4541047364473343 0.2
      vertex 3.351088099181652 -1.7911938726902008 0.2
    endloop
  endfacet
  facet normal 0 0 -1
    outer loop
      vertex 3.174491100013256 -1.6968008652329445 0.2
      vertex 3.325520634651184 -1.3774757385253906 0.2
      vertex 3.510519377887249 -1.4541047364473343 0.2
    endloop
  endfacet
  facet normal 0.9039893025276129 -0.4275550735468354 0
    outer loop
      vertex 3.351088099181652 -1.7911938726902008 0.2
      vertex 3.510519377887249 -1.4541047364473343 0.2
      vertex 3.351088099181652 -1.7911938726902008 0.4
    endloop
  endfacet
  facet normal 0.9039893025276129 -0.4275550735468354 0
    outer loop
      vertex 3.351088099181652 -1.7911938726902008 0.4
      vertex 3.510519377887249 -1.4541047364473343 0.2
      vertex 3.510519377887249 -1.4541047364473343 0.4
    endloop
  endfacet
  facet normal 0 0 -1
    outer loop
      vertex 3.325520634651184 -1.3774757385253906 0.2
      vertex 3.6361424699425697 -1.1030117347836494 0.2
      vertex 3.510519377887249 -1.4541047364473343 0.2
    endloop
  endfacet
  facet normal 0 0 -1
    outer loop
      vertex 3.325520634651184 -1.3774757385253906 0.2
      vertex 3.4445235952734947 -1.0448847636580467 0.2
      vertex 3.6361424699425697 -1.1030117347836494 0.2
    endloop
  endfacet
  facet normal 0.9415440589337208 -0.3368898708578427 0
    outer loop
      vertex 3.510519377887249 -1.4541047364473343 0.2
      vertex 3.6361424699425697 -1.1030117347836494 0.2
      vertex 3.510519377887249 -1.4541047364473343 0.4
    endloop
  endfacet
  facet normal 0.9415440589337208 -0.3368898708578427 0
    outer loop
      vertex 3.6361424699425697 -1.1030117347836494 0.2
      vertex 3.6361424699425697 -1.1030117347836494 0.4
      vertex 3.510519377887249 -1.4541047364473343 0.4
    endloop
  endfacet
  facet normal 0 0 -1
    outer loop
      vertex 3.4445235952734947 -1.0448847636580467 0.2
      vertex 3.726747490465641 -0.7412962019443512 0.2
      vertex 3.6361424699425697 -1.1030117347836494 0.2
    endloop
  endfacet
  facet normal 0 0 -1
    outer loop
      vertex 3.4445235952734947 -1.0448847636580467 0.2
      vertex 3.530353881418705 -0.7022310420870781 0.2
      vertex 3.726747490465641 -0.7412962019443512 0.2
    endloop
  endfacet
  facet normal 0.9700312555660131 -0.24298017043582854 0
    outer loop
      vertex 3.6361424699425697 -1.1030117347836494 0.2
      vertex 3.726747490465641 -0.7412962019443512 0.2
      vertex 3.6361424699425697 -1.1030117347836494 0.4
    endloop
  endfacet
  facet normal 0.9700312555660131 -0.24298017043582854 0
    outer loop
      vertex 3.6361424699425697 -1.1030117347836494 0.4
      vertex 3.726747490465641 -0.7412962019443512 0.2
      vertex 3.726747490465641 -0.7412962019443512 0.4
    endloop
  endfacet
  facet normal 0 0 -1
    outer loop
      vertex 3.530353881418705 -0.7022310420870781 0.2
      vertex 3.781461924314499 -0.37244144827127457 0.2
      vertex 3.726747490465641 -0.7412962019443512 0.2
    endloop
  endfacet
  facet normal 0.9891765100797814 -0.14673047368009232 0
    outer loop
      vertex 3.726747490465641 -0.7412962019443512 0.2
      vertex 3.781461924314499 -0.37244144827127457 0.2
      vertex 3.726747490465641 -0.7412962019443512 0.4
    endloop
  endfacet
  facet normal 0 0 -1
    outer loop
      vertex 3.530353881418705 -0.7022310420870781 0.2
      vertex 3.5821849331259727 -0.3528144657611847 0.2
      vertex 3.781461924314499 -0.37244144827127457 0.2
    endloop
  endfacet
  facet normal 0 0 -1
    outer loop
      vertex 3.5821849331259727 -0.3528144657611847 0.2
      vertex 3.7997587993741035 0 0.2
      vertex 3.781461924314499 -0.37244144827127457 0.2
    endloop
  endfacet
  facet normal 0 0 -1
    outer loop
      vertex 3.5821849331259727 -0.3528144657611847 0.2
      vertex 3.599517598748207 0 0.2
      vertex 3.7997587993741035 0 0.2
    endloop
  endfacet
  facet normal 0.9891765100797814 -0.14673047368009232 0
    outer loop
      vertex 3.726747490465641 -0.7412962019443512 0.4
      vertex 3.781461924314499 -0.37244144827127457 0.2
      vertex 3.781461924314499 -0.37244144827127457 0.4
    endloop
  endfacet
  facet normal 0.9987954562074777 -0.04906767428049048 0
    outer loop
      vertex 3.781461924314499 -0.37244144827127457 0.2
      vertex 3.7997587993741035 0 0.2
      vertex 3.781461924314499 -0.37244144827127457 0.4
    endloop
  endfacet
  facet normal 0.9987954562074777 -0.04906767428049048 0
    outer loop
      vertex 3.781461924314499 -0.37244144827127457 0.4
      vertex 3.7997587993741035 0 0.2
      vertex 3.7997587993741035 0 0.4
    endloop
  endfacet
  facet normal 0 0 -1
    outer loop
      vertex -1.1030117347836494 3.6361424699425697 0.2
      vertex 0.37244144827127457 3.781461924314499 0.2
      vertex 0.7412962019443512 3.726747490465641 0.2
    endloop
  endfacet
  facet normal 0 0 -1
    outer loop
      vertex -0.3528144657611847 3.5821849331259727 0.2
      vertex 0.7412962019443512 3.726747490465641 0.2
      vertex 0 3.599517598748207 0.2
    endloop
  endfacet
  facet normal 0.04906767428049048 0.9987954562074777 0
    outer loop
      vertex 0 3.7997587993741035 0.2
      vertex 0 3.7997587993741035 0.4
      vertex 0.37244144827127457 3.781461924314499 0.4
    endloop
  endfacet
  facet normal 0.04906767428049048 0.9987954562074777 0
    outer loop
      vertex 0 3.7997587993741035 0.2
      vertex 0.37244144827127457 3.781461924314499 0.4
      vertex 0.37244144827127457 3.781461924314499 0.2
    endloop
  endfacet
  facet normal 0 0 -1
    outer loop
      vertex 0 3.599517598748207 0.2
      vertex 0.7412962019443512 3.726747490465641 0.2
      vertex 0.3528144657611847 3.5821849331259727 0.2
    endloop
  endfacet
  facet normal 0.14673047368009232 0.9891765100797814 0
    outer loop
      vertex 0.37244144827127457 3.781461924314499 0.2
      vertex 0.37244144827127457 3.781461924314499 0.4
      vertex 0.7412962019443512 3.726747490465641 0.4
    endloop
  endfacet
  facet normal 0 0 -1
    outer loop
      vertex 0.3528144657611847 3.5821849331259727 0.2
      vertex 1.1030117347836494 3.6361424699425697 0.2
      vertex 0.7022310420870781 3.530353881418705 0.2
    endloop
  endfacet
  facet normal 0 0 -1
    outer loop
      vertex 0.3528144657611847 3.5821849331259727 0.2
      vertex 0.7412962019443512 3.726747490465641 0.2
      vertex 1.1030117347836494 3.6361424699425697 0.2
    endloop
  endfacet
  facet normal 0.14673047368009232 0.9891765100797814 0
    outer loop
      vertex 0.37244144827127457 3.781461924314499 0.2
      vertex 0.7412962019443512 3.726747490465641 0.4
      vertex 0.7412962019443512 3.726747490465641 0.2
    endloop
  endfacet
  facet normal 0 0 -1
    outer loop
      vertex 0.7022310420870781 3.530353881418705 0.2
      vertex 1.1030117347836494 3.6361424699425697 0.2
      vertex 1.0448847636580467 3.4445235952734947 0.2
    endloop
  endfacet
  facet normal 0.24298017043582854 0.9700312555660131 0
    outer loop
      vertex 0.7412962019443512 3.726747490465641 0.2
      vertex 0.7412962019443512 3.726747490465641 0.4
      vertex 1.1030117347836494 3.6361424699425697 0.4
    endloop
  endfacet
  facet normal 0.24298017043582854 0.9700312555660131 0
    outer loop
      vertex 0.7412962019443512 3.726747490465641 0.2
      vertex 1.1030117347836494 3.6361424699425697 0.4
      vertex 1.1030117347836494 3.6361424699425697 0.2
    endloop
  endfacet
  facet normal 0 0 -1
    outer loop
      vertex 1.0448847636580467 3.4445235952734947 0.2
      vertex 1.4541047364473343 3.510519377887249 0.2
      vertex 1.3774757385253906 3.325520634651184 0.2
    endloop
  endfacet
  facet normal 0 0 -1
    outer loop
      vertex 1.0448847636580467 3.4445235952734947 0.2
      vertex 1.1030117347836494 3.6361424699425697 0.2
      vertex 1.4541047364473343 3.510519377887249 0.2
    endloop
  endfacet
  facet normal 0.3368898708578427 0.9415440589337208 0
    outer loop
      vertex 1.1030117347836494 3.6361424699425697 0.2
      vertex 1.1030117347836494 3.6361424699425697 0.4
      vertex 1.4541047364473343 3.510519377887249 0.4
    endloop
  endfacet
  facet normal 0.3368898708578427 0.9415440589337208 0
    outer loop
      vertex 1.1030117347836494 3.6361424699425697 0.2
      vertex 1.4541047364473343 3.510519377887249 0.4
      vertex 1.4541047364473343 3.510519377887249 0.2
    endloop
  endfacet
  facet normal 0 0 -1
    outer loop
      vertex 1.3774757385253906 3.325520634651184 0.2
      vertex 1.7911938726902008 3.351088099181652 0.2
      vertex 1.6968008652329445 3.174491100013256 0.2
    endloop
  endfacet
  facet normal 0 0 -1
    outer loop
      vertex 1.3774757385253906 3.325520634651184 0.2
      vertex 1.4541047364473343 3.510519377887249 0.2
      vertex 1.7911938726902008 3.351088099181652 0.2
    endloop
  endfacet
  facet normal 0.4275550735468354 0.9039893025276129 0
    outer loop
      vertex 1.4541047364473343 3.510519377887249 0.2
      vertex 1.4541047364473343 3.510519377887249 0.4
      vertex 1.7911938726902008 3.351088099181652 0.4
    endloop
  endfacet
  facet normal 0.4275550735468354 0.9039893025276129 0
    outer loop
      vertex 1.4541047364473343 3.510519377887249 0.2
      vertex 1.7911938726902008 3.351088099181652 0.4
      vertex 1.7911938726902008 3.351088099181652 0.2
    endloop
  endfacet
  facet normal 0 0 -1
    outer loop
      vertex 1.9997848197817802 2.9928895086050034 0.2
      vertex 1.6968008652329445 3.174491100013256 0.2
      vertex 1.7911938726902008 3.351088099181652 0.2
    endloop
  endfacet
  facet normal 0 0 -1
    outer loop
      vertex 1.9997848197817802 2.9928895086050034 0.2
      vertex 1.7911938726902008 3.351088099181652 0.2
      vertex 2.111032873392105 3.159383974969387 0.2
    endloop
  endfacet
  facet normal 0.5141027534654763 0.8577286044426964 0
    outer loop
      vertex 1.7911938726902008 3.351088099181652 0.2
      vertex 1.7911938726902008 3.351088099181652 0.4
      vertex 2.111032873392105 3.159383974969387 0.4
    endloop
  endfacet
  facet normal 0 0 -1
    outer loop
      vertex 3.599517598748207 0 0.2
      vertex 3.781461924314499 0.37244144827127457 0.2
      vertex 3.7997587993741035 0 0.2
    endloop
  endfacet
  facet normal 0 0 -1
    outer loop
      vertex 3.599517598748207 0 0.2
      vertex 3.5821849331259727 0.3528144657611847 0.2
      vertex 3.781461924314499 0.37244144827127457 0.2
    endloop
  endfacet
  facet normal 0 0 -1
    outer loop
      vertex 3.5821849331259727 0.3528144657611847 0.2
      vertex 3.726747490465641 0.7412962019443512 0.2
      vertex 3.781461924314499 0.37244144827127457 0.2
    endloop
  endfacet
  facet normal 0.9987954562074777 0.04906767428049048 0
    outer loop
      vertex 3.7997587993741035 0 0.2
      vertex 3.781461924314499 0.37244144827127457 0.2
      vertex 3.7997587993741035 0 0.4
    endloop
  endfacet
  facet normal 0.9987954562074777 0.04906767428049048 0
    outer loop
      vertex 3.781461924314499 0.37244144827127457 0.2
      vertex 3.781461924314499 0.37244144827127457 0.4
      vertex 3.7997587993741035 0 0.4
    endloop
  endfacet
  facet normal 0.9891765100797814 0.14673047368009232 0
    outer loop
      vertex 3.781461924314499 0.37244144827127457 0.2
      vertex 3.726747490465641 0.7412962019443512 0.2
      vertex 3.781461924314499 0.37244144827127457 0.4
    endloop
  endfacet
  facet normal 0 0 -1
    outer loop
      vertex 3.5821849331259727 0.3528144657611847 0.2
      vertex 3.530353881418705 0.7022310420870781 0.2
      vertex 3.726747490465641 0.7412962019443512 0.2
    endloop
  endfacet
  facet normal 0.9891765100797814 0.14673047368009232 0
    outer loop
      vertex 3.781461924314499 0.37244144827127457 0.4
      vertex 3.726747490465641 0.7412962019443512 0.2
      vertex 3.726747490465641 0.7412962019443512 0.4
    endloop
  endfacet
  facet normal 0 0 -1
    outer loop
      vertex 3.530353881418705 0.7022310420870781 0.2
      vertex 3.4445235952734947 1.0448847636580467 0.2
      vertex 3.6361424699425697 1.1030117347836494 0.2
    endloop
  endfacet
  facet normal 0 0 -1
    outer loop
      vertex 3.530353881418705 0.7022310420870781 0.2
      vertex 3.6361424699425697 1.1030117347836494 0.2
      vertex 3.726747490465641 0.7412962019443512 0.2
    endloop
  endfacet
  facet normal 0.9700312555660131 0.24298017043582854 0
    outer loop
      vertex 3.726747490465641 0.7412962019443512 0.2
      vertex 3.6361424699425697 1.1030117347836494 0.2
      vertex 3.726747490465641 0.7412962019443512 0.4
    endloop
  endfacet
  facet normal 0.9700312555660131 0.24298017043582854 0
    outer loop
      vertex 3.726747490465641 0.7412962019443512 0.4
      vertex 3.6361424699425697 1.1030117347836494 0.2
      vertex 3.6361424699425697 1.1030117347836494 0.4
    endloop
  endfacet
  facet normal 0 0 -1
    outer loop
      vertex 3.4445235952734947 1.0448847636580467 0.2
      vertex 3.325520634651184 1.3774757385253906 0.2
      vertex 3.510519377887249 1.4541047364473343 0.2
    endloop
  endfacet
  facet normal 0 0 -1
    outer loop
      vertex 2.9928895086050034 1.9997848197817802 0.2
      vertex 3.159383974969387 2.111032873392105 0.2
      vertex 3.174491100013256 1.6968008652329445 0.2
    endloop
  endfacet
  facet normal 0 0 -1
    outer loop
      vertex 3.174491100013256 1.6968008652329445 0.2
      vertex 3.159383974969387 2.111032873392105 0.2
      vertex 3.351088099181652 1.7911938726902008 0.2
    endloop
  endfacet
  facet normal 0 0 -1
    outer loop
      vertex 3.325520634651184 1.3774757385253906 0.2
      vertex 3.174491100013256 1.6968008652329445 0.2
      vertex 3.351088099181652 1.7911938726902008 0.2
    endloop
  endfacet
  facet normal 0 0 -1
    outer loop
      vertex 3.325520634651184 1.3774757385253906 0.2
      vertex 3.351088099181652 1.7911938726902008 0.2
      vertex 3.510519377887249 1.4541047364473343 0.2
    endloop
  endfacet
  facet normal 0.9039893025276129 0.4275550735468354 0
    outer loop
      vertex 3.351088099181652 1.7911938726902008 0.2
      vertex 3.510519377887249 1.4541047364473343 0.4
      vertex 3.510519377887249 1.4541047364473343 0.2
    endloop
  endfacet
  facet normal 0.9039893025276129 0.4275550735468354 0
    outer loop
      vertex 3.351088099181652 1.7911938726902008 0.2
      vertex 3.351088099181652 1.7911938726902008 0.4
      vertex 3.510519377887249 1.4541047364473343 0.4
    endloop
  endfacet
  facet normal 0.8577286044426964 0.5141027534654763 0
    outer loop
      vertex 3.351088099181652 1.7911938726902008 0.2
      vertex 3.159383974969387 2.111032873392105 0.2
      vertex 3.351088099181652 1.7911938726902008 0.4
    endloop
  endfacet
  facet normal 0 0 -1
    outer loop
      vertex 3.4445235952734947 1.0448847636580467 0.2
      vertex 3.510519377887249 1.4541047364473343 0.2
      vertex 3.6361424699425697 1.1030117347836494 0.2
    endloop
  endfacet
  facet normal 0.9415440589337208 0.3368898708578427 0
    outer loop
      vertex 3.6361424699425697 1.1030117347836494 0.2
      vertex 3.510519377887249 1.4541047364473343 0.2
      vertex 3.6361424699425697 1.1030117347836494 0.4
    endloop
  endfacet
  facet normal 0.9415440589337208 0.3368898708578427 0
    outer loop
      vertex 3.510519377887249 1.4541047364473343 0.2
      vertex 3.510519377887249 1.4541047364473343 0.4
      vertex 3.6361424699425697 1.1030117347836494 0.4
    endloop
  endfacet
  facet normal 0 0 -1
    outer loop
      vertex 1.9997848197817802 2.9928895086050034 0.2
      vertex 2.111032873392105 3.159383974969387 0.2
      vertex 2.283509813249111 2.7824647128582 0.2
    endloop
  endfacet
  facet normal 0 0 -1
    outer loop
      vertex 2.283509813249111 2.7824647128582 0.2
      vertex 2.111032873392105 3.159383974969387 0.2
      vertex 2.4105414673686028 2.9372532591223717 0.2
    endloop
  endfacet
  facet normal 0 0 -1
    outer loop
      vertex 2.283509813249111 2.7824647128582 0.2
      vertex 2.4105414673686028 2.9372532591223717 0.2
      vertex 2.545243300497532 2.545243300497532 0.2
    endloop
  endfacet
  facet normal 0 0 -1
    outer loop
      vertex 2.9928895086050034 1.9997848197817802 0.2
      vertex 2.7824647128582 2.283509813249111 0.2
      vertex 2.9372532591223717 2.4105414673686028 0.2
    endloop
  endfacet
  facet normal 0 0 -1
    outer loop
      vertex 2.7824647128582 2.283509813249111 0.2
      vertex 2.6868352070450783 2.6868352070450783 0.2
      vertex 2.9372532591223717 2.4105414673686028 0.2
    endloop
  endfacet
  facet normal 0 0 -1
    outer loop
      vertex 2.4105414673686028 2.9372532591223717 0.2
      vertex 2.6868352070450783 2.6868352070450783 0.2
      vertex 2.545243300497532 2.545243300497532 0.2
    endloop
  endfacet
  facet normal 0 0 -1
    outer loop
      vertex 2.7824647128582 2.283509813249111 0.2
      vertex 2.545243300497532 2.545243300497532 0.2
      vertex 2.6868352070450783 2.6868352070450783 0.2
    endloop
  endfacet
  facet normal 0.6715589597112277 0.7409511209462968 0
    outer loop
      vertex 2.4105414673686028 2.9372532591223717 0.2
      vertex 2.4105414673686028 2.9372532591223717 0.4
      vertex 2.6868352070450783 2.6868352070450783 0.4
    endloop
  endfacet
  facet normal 0.6715589597112277 0.7409511209462968 0
    outer loop
      vertex 2.4105414673686028 2.9372532591223717 0.2
      vertex 2.6868352070450783 2.6868352070450783 0.4
      vertex 2.6868352070450783 2.6868352070450783 0.2
    endloop
  endfacet
  facet normal 0.7409511209462968 0.6715589597112277 0
    outer loop
      vertex 2.9372532591223717 2.4105414673686028 0.4
      vertex 2.6868352070450783 2.6868352070450783 0.2
      vertex 2.6868352070450783 2.6868352070450783 0.4
    endloop
  endfacet
  facet normal 0.7409511209462968 0.6715589597112277 0
    outer loop
      vertex 2.9372532591223717 2.4105414673686028 0.2
      vertex 2.6868352070450783 2.6868352070450783 0.2
      vertex 2.9372532591223717 2.4105414673686028 0.4
    endloop
  endfacet
  facet normal 0.5141027534654763 0.8577286044426964 0
    outer loop
      vertex 1.7911938726902008 3.351088099181652 0.2
      vertex 2.111032873392105 3.159383974969387 0.4
      vertex 2.111032873392105 3.159383974969387 0.2
    endloop
  endfacet
  facet normal 0.5956993105671595 0.8032075269753209 0
    outer loop
      vertex 2.4105414673686028 2.9372532591223717 0.4
      vertex 2.111032873392105 3.159383974969387 0.2
      vertex 2.111032873392105 3.159383974969387 0.4
    endloop
  endfacet
  facet normal 0.5956993105671595 0.8032075269753209 0
    outer loop
      vertex 2.4105414673686028 2.9372532591223717 0.2
      vertex 2.111032873392105 3.159383974969387 0.2
      vertex 2.4105414673686028 2.9372532591223717 0.4
    endloop
  endfacet
  facet normal 0 0 -1
    outer loop
      vertex 2.9928895086050034 1.9997848197817802 0.2
      vertex 2.9372532591223717 2.4105414673686028 0.2
      vertex 3.159383974969387 2.111032873392105 0.2
    endloop
  endfacet
  facet normal 0.8032075269753209 0.5956993105671595 0
    outer loop
      vertex 2.9372532591223717 2.4105414673686028 0.2
      vertex 3.159383974969387 2.111032873392105 0.4
      vertex 3.159383974969387 2.111032873392105 0.2
    endloop
  endfacet
  facet normal 0.8577286044426964 0.5141027534654763 0
    outer loop
      vertex 3.351088099181652 1.7911938726902008 0.4
      vertex 3.159383974969387 2.111032873392105 0.2
      vertex 3.159383974969387 2.111032873392105 0.4
    endloop
  endfacet
  facet normal 0.8032075269753209 0.5956993105671595 0
    outer loop
      vertex 2.9372532591223717 2.4105414673686028 0.2
      vertex 2.9372532591223717 2.4105414673686028 0.4
      vertex 3.159383974969387 2.111032873392105 0.4
    endloop
  endfacet
  facet normal 0 0 -1
    outer loop
      vertex -3.325878449210181 -2.2222809320784087 0.4
      vertex -3.351088099181652 -1.7911938726902008 0.4
      vertex -3.159383974969387 -2.111032873392105 0.4
    endloop
  endfacet
  facet normal 0 0 -1
    outer loop
      vertex -3.092041813450948 -2.537573136654582 0.4
      vertex -3.325878449210181 -2.2222809320784087 0.4
      vertex -3.159383974969387 -2.111032873392105 0.4
    endloop
  endfacet
  facet normal 0 0 -1
    outer loop
      vertex -3.092041813450948 -2.537573136654582 0.4
      vertex -3.159383974969387 -2.111032873392105 0.4
      vertex -2.9372532591223717 -2.4105414673686028 0.4
    endloop
  endfacet
  facet normal -0.7409511253549595 -0.6715589548470181 0
    outer loop
      vertex -3.092041813450948 -2.537573136654582 0.4
      vertex -2.8284271247461903 -2.8284271247461903 0.4
      vertex -3.092041813450948 -2.537573136654582 3.835999999999999
    endloop
  endfacet
  facet normal -0.8032075314806452 -0.5956993044924329 -2.8451255391679815e-18
    outer loop
      vertex -3.092041813450948 -2.537573136654582 0.4
      vertex -3.325878449210181 -2.2222809320784087 3.835999999999999
      vertex -3.325878449210181 -2.2222809320784087 0.4
    endloop
  endfacet
  facet normal 0 0 -1
    outer loop
      vertex -2.537573136654582 -3.092041813450948 0.4
      vertex -2.4105414673686028 -2.9372532591223717 0.4
      vertex -2.2222809320784087 -3.325878449210181 0.4
    endloop
  endfacet
  facet normal 0 0 -1
    outer loop
      vertex -2.2222809320784087 -3.325878449210181 0.4
      vertex -2.111032873392105 -3.159383974969387 0.4
      vertex -1.8855869473039906 -3.52768505739342 0.4
    endloop
  endfacet
  facet normal 0 0 -1
    outer loop
      vertex -2.2222809320784087 -3.325878449210181 0.4
      vertex -2.4105414673686028 -2.9372532591223717 0.4
      vertex -2.111032873392105 -3.159383974969387 0.4
    endloop
  endfacet
  facet normal -0.5956993044924329 -0.8032075314806452 0
    outer loop
      vertex -2.537573136654582 -3.092041813450948 0.4
      vertex -2.2222809320784087 -3.325878449210181 0.4
      vertex -2.537573136654582 -3.092041813450948 3.835999999999999
    endloop
  endfacet
  facet normal -0.5141027441932221 -0.8577286100002719 0
    outer loop
      vertex -2.2222809320784087 -3.325878449210181 0.4
      vertex -1.8855869473039906 -3.52768505739342 0.4
      vertex -2.2222809320784087 -3.325878449210181 3.835999999999999
    endloop
  endfacet
  facet normal 0 0 -1
    outer loop
      vertex -3.092041813450948 -2.537573136654582 0.4
      vertex -2.9372532591223717 -2.4105414673686028 0.4
      vertex -2.8284271247461903 -2.8284271247461903 0.4
    endloop
  endfacet
  facet normal 0 0 -1
    outer loop
      vertex -2.8284271247461903 -2.8284271247461903 0.4
      vertex -2.9372532591223717 -2.4105414673686028 0.4
      vertex -2.6868352070450783 -2.6868352070450783 0.4
    endloop
  endfacet
  facet normal 0 0 -1
    outer loop
      vertex -2.537573136654582 -3.092041813450948 0.4
      vertex -2.8284271247461903 -2.8284271247461903 0.4
      vertex -2.6868352070450783 -2.6868352070450783 0.4
    endloop
  endfacet
  facet normal 0 0 -1
    outer loop
      vertex -2.537573136654582 -3.092041813450948 0.4
      vertex -2.6868352070450783 -2.6868352070450783 0.4
      vertex -2.4105414673686028 -2.9372532591223717 0.4
    endloop
  endfacet
  facet normal -0.6715589548470181 -0.7409511253549595 -4.802343300713163e-18
    outer loop
      vertex -2.537573136654582 -3.092041813450948 0.4
      vertex -2.8284271247461903 -2.8284271247461903 3.835999999999999
      vertex -2.8284271247461903 -2.8284271247461903 0.4
    endloop
  endfacet
  facet normal -0.8577286100002719 -0.5141027441932221 0
    outer loop
      vertex -3.325878449210181 -2.2222809320784087 0.4
      vertex -3.325878449210181 -2.2222809320784087 3.835999999999999
      vertex -3.52768505739342 -1.8855869473039906 3.835999999999999
    endloop
  endfacet
  facet normal -0.8032075314806452 -0.5956993044924329 0
    outer loop
      vertex -3.092041813450948 -2.537573136654582 0.4
      vertex -3.092041813450948 -2.537573136654582 3.835999999999999
      vertex -3.325878449210181 -2.2222809320784087 3.835999999999999
    endloop
  endfacet
  facet normal -0.6715589548470181 -0.7409511253549595 0
    outer loop
      vertex -2.537573136654582 -3.092041813450948 0.4
      vertex -2.537573136654582 -3.092041813450948 3.835999999999999
      vertex -2.8284271247461903 -2.8284271247461903 3.835999999999999
    endloop
  endfacet
  facet normal -0.5956993044924329 -0.8032075314806452 0
    outer loop
      vertex -2.2222809320784087 -3.325878449210181 0.4
      vertex -2.2222809320784087 -3.325878449210181 3.835999999999999
      vertex -2.537573136654582 -3.092041813450948 3.835999999999999
    endloop
  endfacet
  facet normal -0.7409511253549595 -0.6715589548470181 0
    outer loop
      vertex -2.8284271247461903 -2.8284271247461903 0.4
      vertex -2.8284271247461903 -2.8284271247461903 3.835999999999999
      vertex -3.092041813450948 -2.537573136654582 3.835999999999999
    endloop
  endfacet
  facet normal 0 0 -1
    outer loop
      vertex -3.52768505739342 -1.8855869473039906 0.4
      vertex -3.695518130045147 -1.5307337294603591 0.4
      vertex -3.6361424699425697 -1.1030117347836494 0.4
    endloop
  endfacet
  facet normal 0 0 -1
    outer loop
      vertex -3.695518130045147 -1.5307337294603591 0.4
      vertex -3.8277613429288353 -1.1611387090178493 0.4
      vertex -3.726747490465641 -0.7412962019443512 0.4
    endloop
  endfacet
  facet normal 0 0 -1
    outer loop
      vertex -3.52768505739342 -1.8855869473039906 0.4
      vertex -3.6361424699425697 -1.1030117347836494 0.4
      vertex -3.510519377887249 -1.4541047364473343 0.4
    endloop
  endfacet
  facet normal 0 0 -1
    outer loop
      vertex -3.695518130045147 -1.5307337294603591 0.4
      vertex -3.726747490465641 -0.7412962019443512 0.4
      vertex -3.6361424699425697 -1.1030117347836494 0.4
    endloop
  endfacet
  facet normal 0 0 -1
    outer loop
      vertex -3.325878449210181 -2.2222809320784087 0.4
      vertex -3.52768505739342 -1.8855869473039906 0.4
      vertex -3.351088099181652 -1.7911938726902008 0.4
    endloop
  endfacet
  facet normal 0 0 -1
    outer loop
      vertex -3.52768505739342 -1.8855869473039906 0.4
      vertex -3.510519377887249 -1.4541047364473343 0.4
      vertex -3.351088099181652 -1.7911938726902008 0.4
    endloop
  endfacet
  facet normal -0.9039892931234436 -0.4275550934302819 1.3261559588529657e-18
    outer loop
      vertex -3.52768505739342 -1.8855869473039906 0.4
      vertex -3.695518130045147 -1.5307337294603591 3.835999999999999
      vertex -3.695518130045147 -1.5307337294603591 0.4
    endloop
  endfacet
  facet normal -0.941544065183021 -0.3368898533922197 -6.969139309409872e-19
    outer loop
      vertex -3.695518130045147 -1.5307337294603591 0.4
      vertex -3.8277613429288353 -1.1611387090178493 3.835999999999999
      vertex -3.8277613429288353 -1.1611387090178493 0.4
    endloop
  endfacet
  facet normal -0.8577286100002719 -0.5141027441932221 1.6325837897555641e-18
    outer loop
      vertex -3.325878449210181 -2.2222809320784087 0.4
      vertex -3.52768505739342 -1.8855869473039906 3.835999999999999
      vertex -3.52768505739342 -1.8855869473039906 0.4
    endloop
  endfacet
  facet normal 0 0 -1
    outer loop
      vertex -3.8277613429288353 -1.1611387090178493 0.4
      vertex -3.781461924314499 -0.37244144827127457 0.4
      vertex -3.726747490465641 -0.7412962019443512 0.4
    endloop
  endfacet
  facet normal 0 0 -1
    outer loop
      vertex -3.8277613429288353 -1.1611387090178493 0.4
      vertex -3.7997587993741035 0 0.4
      vertex -3.781461924314499 -0.37244144827127457 0.4
    endloop
  endfacet
  facet normal 0 0 -1
    outer loop
      vertex -3.8277613429288353 -1.1611387090178493 0.4
      vertex -3.9231411216129217 -0.780361288064513 0.4
      vertex -3.8277613429288353 1.1611387090178493 0.4
    endloop
  endfacet
  facet normal 0 0 -1
    outer loop
      vertex -3.9231411216129217 -0.780361288064513 0.4
      vertex -3.9807389066887877 -0.3920685613182424 0.4
      vertex -3.9231411216129217 0.780361288064513 0.4
    endloop
  endfacet
  facet normal -0.970031253194544 -0.24298017990326412 -1.1535912278128489e-18
    outer loop
      vertex -3.8277613429288353 -1.1611387090178493 0.4
      vertex -3.9231411216129217 -0.780361288064513 3.835999999999999
      vertex -3.9231411216129217 -0.780361288064513 0.4
    endloop
  endfacet
  facet normal -0.9891765099647809 -0.1467304744553624 -5.500865869581691e-19
    outer loop
      vertex -3.9231411216129217 -0.780361288064513 0.4
      vertex -3.9807389066887877 -0.3920685613182424 3.835999999999999
      vertex -3.9807389066887877 -0.3920685613182424 0.4
    endloop
  endfacet
  facet normal -0.9987954562051725 -0.04906767432741759 7.929063282225729e-20
    outer loop
      vertex -3.9807389066887877 -0.3920685613182424 0.4
      vertex -4 0 3.835999999999999
      vertex -4 0 0.4
    endloop
  endfacet
  facet normal -0.9039892931234436 -0.4275550934302819 0
    outer loop
      vertex -3.52768505739342 -1.8855869473039906 0.4
      vertex -3.52768505739342 -1.8855869473039906 3.835999999999999
      vertex -3.695518130045147 -1.5307337294603591 3.835999999999999
    endloop
  endfacet
  facet normal -0.970031253194544 -0.24298017990326412 0
    outer loop
      vertex -3.8277613429288353 -1.1611387090178493 0.4
      vertex -3.8277613429288353 -1.1611387090178493 3.835999999999999
      vertex -3.9231411216129217 -0.780361288064513 3.835999999999999
    endloop
  endfacet
  facet normal -0.941544065183021 -0.3368898533922197 0
    outer loop
      vertex -3.695518130045147 -1.5307337294603591 0.4
      vertex -3.695518130045147 -1.5307337294603591 3.835999999999999
      vertex -3.8277613429288353 -1.1611387090178493 3.835999999999999
    endloop
  endfacet
  facet normal -0.9891765099647809 -0.1467304744553624 0
    outer loop
      vertex -3.9231411216129217 -0.780361288064513 0.4
      vertex -3.9231411216129217 -0.780361288064513 3.835999999999999
      vertex -3.9807389066887877 -0.3920685613182424 3.835999999999999
    endloop
  endfacet
  facet normal -0.9987954562051725 -0.04906767432741759 0
    outer loop
      vertex -3.9807389066887877 -0.3920685613182424 0.4
      vertex -3.9807389066887877 -0.3920685613182424 3.835999999999999
      vertex -4 0 3.835999999999999
    endloop
  endfacet
  facet normal 0 0 -1
    outer loop
      vertex -1.8855869473039906 -3.52768505739342 0.4
      vertex -1.7911938726902008 -3.351088099181652 0.4
      vertex -1.5307337294603591 -3.695518130045147 0.4
    endloop
  endfacet
  facet normal 0 0 -1
    outer loop
      vertex -1.5307337294603591 -3.695518130045147 0.4
      vertex -1.7911938726902008 -3.351088099181652 0.4
      vertex -1.4541047364473343 -3.510519377887249 0.4
    endloop
  endfacet
  facet normal 0 0 -1
    outer loop
      vertex -2.111032873392105 -3.159383974969387 0.4
      vertex -1.7911938726902008 -3.351088099181652 0.4
      vertex -1.8855869473039906 -3.52768505739342 0.4
    endloop
  endfacet
  facet normal 0 0 -1
    outer loop
      vertex -1.5307337294603591 -3.695518130045147 0.4
      vertex -1.4541047364473343 -3.510519377887249 0.4
      vertex -1.1611387090178493 -3.8277613429288353 0.4
    endloop
  endfacet
  facet normal 0 0 -1
    outer loop
      vertex -1.1611387090178493 -3.8277613429288353 0.4
      vertex -1.1030117347836494 -3.6361424699425697 0.4
      vertex -0.780361288064513 -3.9231411216129217 0.4
    endloop
  endfacet
  facet normal 0 0 -1
    outer loop
      vertex -1.4541047364473343 -3.510519377887249 0.4
      vertex -1.1030117347836494 -3.6361424699425697 0.4
      vertex -1.1611387090178493 -3.8277613429288353 0.4
    endloop
  endfacet
  facet normal -0.4275550934302819 -0.9039892931234436 0
    outer loop
      vertex -1.8855869473039906 -3.52768505739342 0.4
      vertex -1.5307337294603591 -3.695518130045147 0.4
      vertex -1.8855869473039906 -3.52768505739342 3.835999999999999
    endloop
  endfacet
  facet normal -0.3368898533922197 -0.941544065183021 0
    outer loop
      vertex -1.5307337294603591 -3.695518130045147 0.4
      vertex -1.1611387090178493 -3.8277613429288353 0.4
      vertex -1.5307337294603591 -3.695518130045147 3.835999999999999
    endloop
  endfacet
  facet normal -0.24298017990326412 -0.970031253194544 0
    outer loop
      vertex -1.1611387090178493 -3.8277613429288353 0.4
      vertex -0.780361288064513 -3.9231411216129217 0.4
      vertex -1.1611387090178493 -3.8277613429288353 3.835999999999999
    endloop
  endfacet
  facet normal 0 0 -1
    outer loop
      vertex -1.1030117347836494 -3.6361424699425697 0.4
      vertex -0.7412962019443512 -3.726747490465641 0.4
      vertex -0.780361288064513 -3.9231411216129217 0.4
    endloop
  endfacet
  facet normal 0 0 -1
    outer loop
      vertex -0.780361288064513 -3.9231411216129217 0.4
      vertex -0.7412962019443512 -3.726747490465641 0.4
      vertex -0.3920685613182424 -3.9807389066887877 0.4
    endloop
  endfacet
  facet normal 0 0 -1
    outer loop
      vertex -0.7412962019443512 -3.726747490465641 0.4
      vertex -0.37244144827127457 -3.781461924314499 0.4
      vertex -0.3920685613182424 -3.9807389066887877 0.4
    endloop
  endfacet
  facet normal 0 0 -1
    outer loop
      vertex -0.3920685613182424 -3.9807389066887877 0.4
      vertex -0.37244144827127457 -3.781461924314499 0.4
      vertex 0 -4 0.4
    endloop
  endfacet
  facet normal 0 0 -1
    outer loop
      vertex -0.37244144827127457 -3.781461924314499 0.4
      vertex 0 -3.7997587993741035 0.4
      vertex 0 -4 0.4
    endloop
  endfacet
  facet normal -0.1467304744553624 -0.9891765099647809 0
    outer loop
      vertex -0.780361288064513 -3.9231411216129217 0.4
      vertex -0.3920685613182424 -3.9807389066887877 0.4
      vertex -0.780361288064513 -3.9231411216129217 3.835999999999999
    endloop
  endfacet
  facet normal -0.04906767432741759 -0.9987954562051725 0
    outer loop
      vertex -0.3920685613182424 -3.9807389066887877 0.4
      vertex 0 -4 0.4
      vertex -0.3920685613182424 -3.9807389066887877 3.835999999999999
    endloop
  endfacet
  facet normal -0.4275550934302819 -0.9039892931234436 0
    outer loop
      vertex -1.5307337294603591 -3.695518130045147 0.4
      vertex -1.5307337294603591 -3.695518130045147 3.835999999999999
      vertex -1.8855869473039906 -3.52768505739342 3.835999999999999
    endloop
  endfacet
  facet normal -0.5141027441932221 -0.8577286100002719 0
    outer loop
      vertex -1.8855869473039906 -3.52768505739342 0.4
      vertex -1.8855869473039906 -3.52768505739342 3.835999999999999
      vertex -2.2222809320784087 -3.325878449210181 3.835999999999999
    endloop
  endfacet
  facet normal -0.3368898533922197 -0.941544065183021 0
    outer loop
      vertex -1.1611387090178493 -3.8277613429288353 0.4
      vertex -1.1611387090178493 -3.8277613429288353 3.835999999999999
      vertex -1.5307337294603591 -3.695518130045147 3.835999999999999
    endloop
  endfacet
  facet normal -0.24298017990326412 -0.970031253194544 0
    outer loop
      vertex -0.780361288064513 -3.9231411216129217 0.4
      vertex -0.780361288064513 -3.9231411216129217 3.835999999999999
      vertex -1.1611387090178493 -3.8277613429288353 3.835999999999999
    endloop
  endfacet
  facet normal -0.1467304744553624 -0.9891765099647809 0
    outer loop
      vertex -0.3920685613182424 -3.9807389066887877 0.4
      vertex -0.3920685613182424 -3.9807389066887877 3.835999999999999
      vertex -0.780361288064513 -3.9231411216129217 3.835999999999999
    endloop
  endfacet
  facet normal -0.04906767432741759 -0.9987954562051725 7.929063282225729e-20
    outer loop
      vertex -0.3920685613182424 -3.9807389066887877 3.835999999999999
      vertex 0 -4 0.4
      vertex 0 -4 3.835999999999999
    endloop
  endfacet
  facet normal 0 0 1
    outer loop
      vertex -3.325878449210181 -2.2222809320784087 3.835999999999999
      vertex -3.314234897494316 -2.2145009636878967 3.835999999999999
      vertex -3.52768505739342 -1.8855869473039906 3.835999999999999
    endloop
  endfacet
  facet normal 0 0 1
    outer loop
      vertex -3.092041813450948 -2.537573136654582 3.835999999999999
      vertex -3.0812168791890144 -2.52868939191103 3.835999999999999
      vertex -3.325878449210181 -2.2222809320784087 3.835999999999999
    endloop
  endfacet
  facet normal 0 0 1
    outer loop
      vertex -3.0812168791890144 -2.52868939191103 3.835999999999999
      vertex -3.314234897494316 -2.2145009636878967 3.835999999999999
      vertex -3.325878449210181 -2.2222809320784087 3.835999999999999
    endloop
  endfacet
  facet normal 0 0 1
    outer loop
      vertex -2.537573136654582 -3.092041813450948 3.835999999999999
      vertex -2.52868939191103 -3.0812168791890144 3.835999999999999
      vertex -2.8284271247461903 -2.8284271247461903 3.835999999999999
    endloop
  endfacet
  facet normal 0 0 1
    outer loop
      vertex -2.537573136654582 -3.092041813450948 3.835999999999999
      vertex -2.2145009636878967 -3.314234897494316 3.835999999999999
      vertex -2.52868939191103 -3.0812168791890144 3.835999999999999
    endloop
  endfacet
  facet normal 0 0 1
    outer loop
      vertex -2.537573136654582 -3.092041813450948 3.835999999999999
      vertex -2.2222809320784087 -3.325878449210181 3.835999999999999
      vertex -2.2145009636878967 -3.314234897494316 3.835999999999999
    endloop
  endfacet
  facet normal 0 0 1
    outer loop
      vertex -2.2222809320784087 -3.325878449210181 3.835999999999999
      vertex -1.8789857029914856 -3.515335015952587 3.835999999999999
      vertex -2.2145009636878967 -3.314234897494316 3.835999999999999
    endloop
  endfacet
  facet normal 0 0 1
    outer loop
      vertex -3.092041813450948 -2.537573136654582 3.835999999999999
      vertex -2.8185250982642174 -2.8185250982642174 3.835999999999999
      vertex -3.0812168791890144 -2.52868939191103 3.835999999999999
    endloop
  endfacet
  facet normal 0 0 1
    outer loop
      vertex -3.092041813450948 -2.537573136654582 3.835999999999999
      vertex -2.8284271247461903 -2.8284271247461903 3.835999999999999
      vertex -2.8185250982642174 -2.8185250982642174 3.835999999999999
    endloop
  endfacet
  facet normal 0 0 1
    outer loop
      vertex -2.52868939191103 -3.0812168791890144 3.835999999999999
      vertex -2.8185250982642174 -2.8185250982642174 3.835999999999999
      vertex -2.8284271247461903 -2.8284271247461903 3.835999999999999
    endloop
  endfacet
  facet normal 0 0 1
    outer loop
      vertex -3.52768505739342 -1.8855869473039906 3.835999999999999
      vertex -3.515335015952587 -1.8789857029914856 3.835999999999999
      vertex -3.695518130045147 -1.5307337294603591 3.835999999999999
    endloop
  endfacet
  facet normal 0 0 1
    outer loop
      vertex -3.515335015952587 -1.8789857029914856 3.835999999999999
      vertex -3.6825805231928825 -1.5253747627139091 3.835999999999999
      vertex -3.695518130045147 -1.5307337294603591 3.835999999999999
    endloop
  endfacet
  facet normal 0 0 1
    outer loop
      vertex -3.6825805231928825 -1.5253747627139091 3.835999999999999
      vertex -3.81436076015234 -1.1570736840367317 3.835999999999999
      vertex -3.8277613429288353 -1.1611387090178493 3.835999999999999
    endloop
  endfacet
  facet normal 0 0 1
    outer loop
      vertex -3.8277613429288353 -1.1611387090178493 3.835999999999999
      vertex -3.81436076015234 -1.1570736840367317 3.835999999999999
      vertex -3.9231411216129217 -0.780361288064513 3.835999999999999
    endloop
  endfacet
  facet normal 0 0 1
    outer loop
      vertex -3.695518130045147 -1.5307337294603591 3.835999999999999
      vertex -3.6825805231928825 -1.5253747627139091 3.835999999999999
      vertex -3.8277613429288353 -1.1611387090178493 3.835999999999999
    endloop
  endfacet
  facet normal 0 0 1
    outer loop
      vertex -3.314234897494316 -2.2145009636878967 3.835999999999999
      vertex -3.515335015952587 -1.8789857029914856 3.835999999999999
      vertex -3.52768505739342 -1.8855869473039906 3.835999999999999
    endloop
  endfacet
  facet normal 0 0 1
    outer loop
      vertex -3.81436076015234 -1.1570736840367317 3.835999999999999
      vertex -3.909406617283821 -0.7776293456554413 3.835999999999999
      vertex -3.9231411216129217 -0.780361288064513 3.835999999999999
    endloop
  endfacet
  facet normal 0 0 1
    outer loop
      vertex -3.9231411216129217 -0.780361288064513 3.835999999999999
      vertex -3.909406617283821 -0.7776293456554413 3.835999999999999
      vertex -3.9807389066887877 -0.3920685613182424 3.835999999999999
    endloop
  endfacet
  facet normal 0 0 1
    outer loop
      vertex -3.909406617283821 -0.7776293456554413 3.835999999999999
      vertex -3.966802768409252 -0.3906959444284439 3.835999999999999
      vertex -3.9807389066887877 -0.3920685613182424 3.835999999999999
    endloop
  endfacet
  facet normal 0 0 1
    outer loop
      vertex -3.9807389066887877 -0.3920685613182424 3.835999999999999
      vertex -3.966802768409252 -0.3906959444284439 3.835999999999999
      vertex -4 0 3.835999999999999
    endloop
  endfacet
  facet normal 0 0 1
    outer loop
      vertex -3.966802768409252 -0.3906959444284439 3.835999999999999
      vertex -3.985996425151825 0 3.835999999999999
      vertex -4 0 3.835999999999999
    endloop
  endfacet
  facet normal 0 0 1
    outer loop
      vertex -1.8855869473039906 -3.52768505739342 3.835999999999999
      vertex -1.5253747627139091 -3.6825805231928825 3.835999999999999
      vertex -1.8789857029914856 -3.515335015952587 3.835999999999999
    endloop
  endfacet
  facet normal 0 0 1
    outer loop
      vertex -1.8855869473039906 -3.52768505739342 3.835999999999999
      vertex -1.5307337294603591 -3.695518130045147 3.835999999999999
      vertex -1.5253747627139091 -3.6825805231928825 3.835999999999999
    endloop
  endfacet
  facet normal 0 0 1
    outer loop
      vertex -2.2222809320784087 -3.325878449210181 3.835999999999999
      vertex -1.8855869473039906 -3.52768505739342 3.835999999999999
      vertex -1.8789857029914856 -3.515335015952587 3.835999999999999
    endloop
  endfacet
  facet normal 0 0 1
    outer loop
      vertex -1.5307337294603591 -3.695518130045147 3.835999999999999
      vertex -1.1611387090178493 -3.8277613429288353 3.835999999999999
      vertex -1.1570736840367317 -3.81436076015234 3.835999999999999
    endloop
  endfacet
  facet normal 0 0 1
    outer loop
      vertex -1.5307337294603591 -3.695518130045147 3.835999999999999
      vertex -1.1570736840367317 -3.81436076015234 3.835999999999999
      vertex -1.5253747627139091 -3.6825805231928825 3.835999999999999
    endloop
  endfacet
  facet normal 0 0 1
    outer loop
      vertex -1.1611387090178493 -3.8277613429288353 3.835999999999999
      vertex -0.7776293456554413 -3.909406617283821 3.835999999999999
      vertex -1.1570736840367317 -3.81436076015234 3.835999999999999
    endloop
  endfacet
  facet normal 0 0 1
    outer loop
      vertex -1.1611387090178493 -3.8277613429288353 3.835999999999999
      vertex -0.780361288064513 -3.9231411216129217 3.835999999999999
      vertex -0.7776293456554413 -3.909406617283821 3.835999999999999
    endloop
  endfacet
  facet normal 0 0 1
    outer loop
      vertex -0.780361288064513 -3.9231411216129217 3.835999999999999
      vertex -0.3906959444284439 -3.966802768409252 3.835999999999999
      vertex -0.7776293456554413 -3.909406617283821 3.835999999999999
    endloop
  endfacet
  facet normal 0 0 1
    outer loop
      vertex -0.780361288064513 -3.9231411216129217 3.835999999999999
      vertex -0.3920685613182424 -3.9807389066887877 3.835999999999999
      vertex -0.3906959444284439 -3.966802768409252 3.835999999999999
    endloop
  endfacet
  facet normal 0 0 1
    outer loop
      vertex -0.3920685613182424 -3.9807389066887877 3.835999999999999
      vertex 0 -3.985996425151825 3.835999999999999
      vertex -0.3906959444284439 -3.966802768409252 3.835999999999999
    endloop
  endfacet
  facet normal 0 0 1
    outer loop
      vertex -0.3920685613182424 -3.9807389066887877 3.835999999999999
      vertex 0 -4 3.835999999999999
      vertex 0 -3.985996425151825 3.835999999999999
    endloop
  endfacet
  facet normal 0 0 -1
    outer loop
      vertex -3.9807389066887877 -0.3920685613182424 0.4
      vertex -4 0 0.4
      vertex -3.9807389066887877 0.3920685613182424 0.4
    endloop
  endfacet
  facet normal 0 0 -1
    outer loop
      vertex -3.8277613429288353 -1.1611387090178493 0.4
      vertex -3.8277613429288353 1.1611387090178493 0.4
      vertex -3.7997587993741035 0 0.4
    endloop
  endfacet
  facet normal 0 0 -1
    outer loop
      vertex -3.9807389066887877 -0.3920685613182424 0.4
      vertex -3.9807389066887877 0.3920685613182424 0.4
      vertex -3.9231411216129217 0.780361288064513 0.4
    endloop
  endfacet
  facet normal 0 0 -1
    outer loop
      vertex -3.9231411216129217 -0.780361288064513 0.4
      vertex -3.9231411216129217 0.780361288064513 0.4
      vertex -3.8277613429288353 1.1611387090178493 0.4
    endloop
  endfacet
  facet normal 0 0 -1
    outer loop
      vertex -3.7997587993741035 0 0.4
      vertex -3.8277613429288353 1.1611387090178493 0.4
      vertex -3.781461924314499 0.37244144827127457 0.4
    endloop
  endfacet
  facet normal 0 0 -1
    outer loop
      vertex -3.781461924314499 0.37244144827127457 0.4
      vertex -3.8277613429288353 1.1611387090178493 0.4
      vertex -3.726747490465641 0.7412962019443512 0.4
    endloop
  endfacet
  facet normal -0.9987954562051725 0.04906767432741759 -7.929063282225729e-20
    outer loop
      vertex -4 0 0.4
      vertex -3.9807389066887877 0.3920685613182424 3.835999999999999
      vertex -3.9807389066887877 0.3920685613182424 0.4
    endloop
  endfacet
  facet normal -0.9891765099647809 0.1467304744553624 5.500865869581691e-19
    outer loop
      vertex -3.9807389066887877 0.3920685613182424 0.4
      vertex -3.9231411216129217 0.780361288064513 3.835999999999999
      vertex -3.9231411216129217 0.780361288064513 0.4
    endloop
  endfacet
  facet normal 0 0 -1
    outer loop
      vertex -3.726747490465641 0.7412962019443512 0.4
      vertex -3.8277613429288353 1.1611387090178493 0.4
      vertex -3.695518130045147 1.5307337294603591 0.4
    endloop
  endfacet
  facet normal 0 0 -1
    outer loop
      vertex -3.726747490465641 0.7412962019443512 0.4
      vertex -3.695518130045147 1.5307337294603591 0.4
      vertex -3.6361424699425697 1.1030117347836494 0.4
    endloop
  endfacet
  facet normal 0 0 -1
    outer loop
      vertex -3.6361424699425697 1.1030117347836494 0.4
      vertex -3.695518130045147 1.5307337294603591 0.4
      vertex -3.510519377887249 1.4541047364473343 0.4
    endloop
  endfacet
  facet normal 0 0 -1
    outer loop
      vertex -3.510519377887249 1.4541047364473343 0.4
      vertex -3.695518130045147 1.5307337294603591 0.4
      vertex -3.52768505739342 1.8855869473039906 0.4
    endloop
  endfacet
  facet normal 0 0 -1
    outer loop
      vertex -3.510519377887249 1.4541047364473343 0.4
      vertex -3.52768505739342 1.8855869473039906 0.4
      vertex -3.351088099181652 1.7911938726902008 0.4
    endloop
  endfacet
  facet normal 0 0 -1
    outer loop
      vertex -3.52768505739342 1.8855869473039906 0.4
      vertex -3.159383974969387 2.111032873392105 0.4
      vertex -3.351088099181652 1.7911938726902008 0.4
    endloop
  endfacet
  facet normal -0.970031253194544 0.24298017990326412 1.1535912278128489e-18
    outer loop
      vertex -3.9231411216129217 0.780361288064513 0.4
      vertex -3.8277613429288353 1.1611387090178493 3.835999999999999
      vertex -3.8277613429288353 1.1611387090178493 0.4
    endloop
  endfacet
  facet normal -0.941544065183021 0.3368898533922197 6.969139309409872e-19
    outer loop
      vertex -3.8277613429288353 1.1611387090178493 0.4
      vertex -3.695518130045147 1.5307337294603591 3.835999999999999
      vertex -3.695518130045147 1.5307337294603591 0.4
    endloop
  endfacet
  facet normal -0.9039892931234436 0.4275550934302819 -1.3261559588529657e-18
    outer loop
      vertex -3.695518130045147 1.5307337294603591 0.4
      vertex -3.52768505739342 1.8855869473039906 3.835999999999999
      vertex -3.52768505739342 1.8855869473039906 0.4
    endloop
  endfacet
  facet normal -0.9987954562051725 0.04906767432741759 0
    outer loop
      vertex -4 0 0.4
      vertex -4 0 3.835999999999999
      vertex -3.9807389066887877 0.3920685613182424 3.835999999999999
    endloop
  endfacet
  facet normal -0.9891765099647809 0.1467304744553624 0
    outer loop
      vertex -3.9807389066887877 0.3920685613182424 0.4
      vertex -3.9807389066887877 0.3920685613182424 3.835999999999999
      vertex -3.9231411216129217 0.780361288064513 3.835999999999999
    endloop
  endfacet
  facet normal -0.970031253194544 0.24298017990326412 0
    outer loop
      vertex -3.9231411216129217 0.780361288064513 0.4
      vertex -3.9231411216129217 0.780361288064513 3.835999999999999
      vertex -3.8277613429288353 1.1611387090178493 3.835999999999999
    endloop
  endfacet
  facet normal -0.941544065183021 0.3368898533922197 0
    outer loop
      vertex -3.8277613429288353 1.1611387090178493 0.4
      vertex -3.8277613429288353 1.1611387090178493 3.835999999999999
      vertex -3.695518130045147 1.5307337294603591 3.835999999999999
    endloop
  endfacet
  facet normal -0.9039892931234436 0.4275550934302819 0
    outer loop
      vertex -3.695518130045147 1.5307337294603591 0.4
      vertex -3.695518130045147 1.5307337294603591 3.835999999999999
      vertex -3.52768505739342 1.8855869473039906 3.835999999999999
    endloop
  endfacet
  facet normal -0.8577286100002719 0.5141027441932221 0
    outer loop
      vertex -3.52768505739342 1.8855869473039906 0.4
      vertex -3.52768505739342 1.8855869473039906 3.835999999999999
      vertex -3.325878449210181 2.2222809320784087 3.835999999999999
    endloop
  endfacet
  facet normal 0 0 -1
    outer loop
      vertex -3.52768505739342 1.8855869473039906 0.4
      vertex -3.325878449210181 2.2222809320784087 0.4
      vertex -3.159383974969387 2.111032873392105 0.4
    endloop
  endfacet
  facet normal 0 0 -1
    outer loop
      vertex -3.325878449210181 2.2222809320784087 0.4
      vertex -2.9372532591223717 2.4105414673686028 0.4
      vertex -3.159383974969387 2.111032873392105 0.4
    endloop
  endfacet
  facet normal 0 0 -1
    outer loop
      vertex -3.325878449210181 2.2222809320784087 0.4
      vertex -3.092041813450948 2.537573136654582 0.4
      vertex -2.9372532591223717 2.4105414673686028 0.4
    endloop
  endfacet
  facet normal -0.8577286100002719 0.5141027441932221 -1.6325837897555641e-18
    outer loop
      vertex -3.52768505739342 1.8855869473039906 0.4
      vertex -3.325878449210181 2.2222809320784087 3.835999999999999
      vertex -3.325878449210181 2.2222809320784087 0.4
    endloop
  endfacet
  facet normal -0.8032075314806452 0.5956993044924329 2.8451255391679815e-18
    outer loop
      vertex -3.325878449210181 2.2222809320784087 0.4
      vertex -3.092041813450948 2.537573136654582 3.835999999999999
      vertex -3.092041813450948 2.537573136654582 0.4
    endloop
  endfacet
  facet normal 0 0 -1
    outer loop
      vertex -3.092041813450948 2.537573136654582 0.4
      vertex -2.6868352070450783 2.6868352070450783 0.4
      vertex -2.9372532591223717 2.4105414673686028 0.4
    endloop
  endfacet
  facet normal 0 0 -1
    outer loop
      vertex -3.092041813450948 2.537573136654582 0.4
      vertex -2.8284271247461903 2.8284271247461903 0.4
      vertex -2.6868352070450783 2.6868352070450783 0.4
    endloop
  endfacet
  facet normal 0 0 -1
    outer loop
      vertex -2.8284271247461903 2.8284271247461903 0.4
      vertex -2.4105414673686028 2.9372532591223717 0.4
      vertex -2.6868352070450783 2.6868352070450783 0.4
    endloop
  endfacet
  facet normal 0 0 -1
    outer loop
      vertex -2.8284271247461903 2.8284271247461903 0.4
      vertex -2.537573136654582 3.092041813450948 0.4
      vertex -2.4105414673686028 2.9372532591223717 0.4
    endloop
  endfacet
  facet normal -0.7409511253549595 0.6715589548470181 4.802343300713163e-18
    outer loop
      vertex -3.092041813450948 2.537573136654582 0.4
      vertex -2.8284271247461903 2.8284271247461903 3.835999999999999
      vertex -2.8284271247461903 2.8284271247461903 0.4
    endloop
  endfacet
  facet normal 0 0 -1
    outer loop
      vertex -2.4105414673686028 2.9372532591223717 0.4
      vertex -2.537573136654582 3.092041813450948 0.4
      vertex -2.111032873392105 3.159383974969387 0.4
    endloop
  endfacet
  facet normal 0 0 -1
    outer loop
      vertex -2.537573136654582 3.092041813450948 0.4
      vertex -2.2222809320784087 3.325878449210181 0.4
      vertex -2.111032873392105 3.159383974969387 0.4
    endloop
  endfacet
  facet normal 0 0 -1
    outer loop
      vertex -2.111032873392105 3.159383974969387 0.4
      vertex -2.2222809320784087 3.325878449210181 0.4
      vertex -1.7911938726902008 3.351088099181652 0.4
    endloop
  endfacet
  facet normal -0.6715589548470181 0.7409511253549595 4.802343300713163e-18
    outer loop
      vertex -2.8284271247461903 2.8284271247461903 0.4
      vertex -2.537573136654582 3.092041813450948 3.835999999999999
      vertex -2.537573136654582 3.092041813450948 0.4
    endloop
  endfacet
  facet normal -0.5956993044924329 0.8032075314806452 2.8451255391679815e-18
    outer loop
      vertex -2.537573136654582 3.092041813450948 0.4
      vertex -2.2222809320784087 3.325878449210181 3.835999999999999
      vertex -2.2222809320784087 3.325878449210181 0.4
    endloop
  endfacet
  facet normal -0.8032075314806452 0.5956993044924329 0
    outer loop
      vertex -3.325878449210181 2.2222809320784087 0.4
      vertex -3.325878449210181 2.2222809320784087 3.835999999999999
      vertex -3.092041813450948 2.537573136654582 3.835999999999999
    endloop
  endfacet
  facet normal -0.7409511253549595 0.6715589548470181 0
    outer loop
      vertex -3.092041813450948 2.537573136654582 0.4
      vertex -3.092041813450948 2.537573136654582 3.835999999999999
      vertex -2.8284271247461903 2.8284271247461903 3.835999999999999
    endloop
  endfacet
  facet normal -0.6715589548470181 0.7409511253549595 0
    outer loop
      vertex -2.8284271247461903 2.8284271247461903 0.4
      vertex -2.8284271247461903 2.8284271247461903 3.835999999999999
      vertex -2.537573136654582 3.092041813450948 3.835999999999999
    endloop
  endfacet
  facet normal -0.5956993044924329 0.8032075314806452 0
    outer loop
      vertex -2.537573136654582 3.092041813450948 0.4
      vertex -2.537573136654582 3.092041813450948 3.835999999999999
      vertex -2.2222809320784087 3.325878449210181 3.835999999999999
    endloop
  endfacet
  facet normal -0.5141027441932221 0.8577286100002719 0
    outer loop
      vertex -2.2222809320784087 3.325878449210181 0.4
      vertex -2.2222809320784087 3.325878449210181 3.835999999999999
      vertex -1.8855869473039906 3.52768505739342 3.835999999999999
    endloop
  endfacet
  facet normal 0 0 -1
    outer loop
      vertex -2.2222809320784087 3.325878449210181 0.4
      vertex -1.8855869473039906 3.52768505739342 0.4
      vertex -1.7911938726902008 3.351088099181652 0.4
    endloop
  endfacet
  facet normal 0 0 -1
    outer loop
      vertex -1.7911938726902008 3.351088099181652 0.4
      vertex -1.8855869473039906 3.52768505739342 0.4
      vertex -1.4541047364473343 3.510519377887249 0.4
    endloop
  endfacet
  facet normal 0 0 -1
    outer loop
      vertex -1.8855869473039906 3.52768505739342 0.4
      vertex -1.5307337294603591 3.695518130045147 0.4
      vertex -1.4541047364473343 3.510519377887249 0.4
    endloop
  endfacet
  facet normal 0 0 -1
    outer loop
      vertex -1.5307337294603591 3.695518130045147 0.4
      vertex -1.1030117347836494 3.6361424699425697 0.4
      vertex -1.4541047364473343 3.510519377887249 0.4
    endloop
  endfacet
  facet normal 0 0 -1
    outer loop
      vertex -1.5307337294603591 3.695518130045147 0.4
      vertex -1.1611387090178493 3.8277613429288353 0.4
      vertex -1.1030117347836494 3.6361424699425697 0.4
    endloop
  endfacet
  facet normal 0 0 -1
    outer loop
      vertex -1.1030117347836494 3.6361424699425697 0.4
      vertex -1.1611387090178493 3.8277613429288353 0.4
      vertex -0.7412962019443512 3.726747490465641 0.4
    endloop
  endfacet
  facet normal -0.5141027441932221 0.8577286100002719 -1.6325837897555641e-18
    outer loop
      vertex -2.2222809320784087 3.325878449210181 0.4
      vertex -1.8855869473039906 3.52768505739342 3.835999999999999
      vertex -1.8855869473039906 3.52768505739342 0.4
    endloop
  endfacet
  facet normal -0.4275550934302819 0.9039892931234436 -1.3261559588529657e-18
    outer loop
      vertex -1.8855869473039906 3.52768505739342 0.4
      vertex -1.5307337294603591 3.695518130045147 3.835999999999999
      vertex -1.5307337294603591 3.695518130045147 0.4
    endloop
  endfacet
  facet normal -0.3368898533922197 0.941544065183021 6.969139309409872e-19
    outer loop
      vertex -1.5307337294603591 3.695518130045147 0.4
      vertex -1.1611387090178493 3.8277613429288353 3.835999999999999
      vertex -1.1611387090178493 3.8277613429288353 0.4
    endloop
  endfacet
  facet normal 0 0 -1
    outer loop
      vertex -1.1611387090178493 3.8277613429288353 0.4
      vertex -0.780361288064513 3.9231411216129217 0.4
      vertex -0.7412962019443512 3.726747490465641 0.4
    endloop
  endfacet
  facet normal 0 0 -1
    outer loop
      vertex -0.780361288064513 3.9231411216129217 0.4
      vertex -0.37244144827127457 3.781461924314499 0.4
      vertex -0.7412962019443512 3.726747490465641 0.4
    endloop
  endfacet
  facet normal 0 0 -1
    outer loop
      vertex -0.780361288064513 3.9231411216129217 0.4
      vertex -0.3920685613182424 3.9807389066887877 0.4
      vertex -0.37244144827127457 3.781461924314499 0.4
    endloop
  endfacet
  facet normal 0 0 -1
    outer loop
      vertex -0.3920685613182424 3.9807389066887877 0.4
      vertex 0 3.7997587993741035 0.4
      vertex -0.37244144827127457 3.781461924314499 0.4
    endloop
  endfacet
  facet normal 0 0 -1
    outer loop
      vertex -0.3920685613182424 3.9807389066887877 0.4
      vertex 0 4 0.4
      vertex 0 3.7997587993741035 0.4
    endloop
  endfacet
  facet normal -0.24298017990326412 0.970031253194544 1.1535912278128489e-18
    outer loop
      vertex -1.1611387090178493 3.8277613429288353 0.4
      vertex -0.780361288064513 3.9231411216129217 3.835999999999999
      vertex -0.780361288064513 3.9231411216129217 0.4
    endloop
  endfacet
  facet normal -0.1467304744553624 0.9891765099647809 5.500865869581691e-19
    outer loop
      vertex -0.780361288064513 3.9231411216129217 0.4
      vertex -0.3920685613182424 3.9807389066887877 3.835999999999999
      vertex -0.3920685613182424 3.9807389066887877 0.4
    endloop
  endfacet
  facet normal -0.04906767432741759 0.9987954562051725 -7.929063282225729e-20
    outer loop
      vertex -0.3920685613182424 3.9807389066887877 0.4
      vertex 0 4 3.835999999999999
      vertex 0 4 0.4
    endloop
  endfacet
  facet normal -0.4275550934302819 0.9039892931234436 0
    outer loop
      vertex -1.8855869473039906 3.52768505739342 0.4
      vertex -1.8855869473039906 3.52768505739342 3.835999999999999
      vertex -1.5307337294603591 3.695518130045147 3.835999999999999
    endloop
  endfacet
  facet normal -0.3368898533922197 0.941544065183021 0
    outer loop
      vertex -1.5307337294603591 3.695518130045147 0.4
      vertex -1.5307337294603591 3.695518130045147 3.835999999999999
      vertex -1.1611387090178493 3.8277613429288353 3.835999999999999
    endloop
  endfacet
  facet normal -0.24298017990326412 0.970031253194544 0
    outer loop
      vertex -1.1611387090178493 3.8277613429288353 0.4
      vertex -1.1611387090178493 3.8277613429288353 3.835999999999999
      vertex -0.780361288064513 3.9231411216129217 3.835999999999999
    endloop
  endfacet
  facet normal -0.1467304744553624 0.9891765099647809 0
    outer loop
      vertex -0.780361288064513 3.9231411216129217 0.4
      vertex -0.780361288064513 3.9231411216129217 3.835999999999999
      vertex -0.3920685613182424 3.9807389066887877 3.835999999999999
    endloop
  endfacet
  facet normal -0.04906767432741759 0.9987954562051725 0
    outer loop
      vertex -0.3920685613182424 3.9807389066887877 0.4
      vertex -0.3920685613182424 3.9807389066887877 3.835999999999999
      vertex 0 4 3.835999999999999
    endloop
  endfacet
  facet normal 0 0 1
    outer loop
      vertex -4 0 3.835999999999999
      vertex -3.985996425151825 0 3.835999999999999
      vertex -3.9807389066887877 0.3920685613182424 3.835999999999999
    endloop
  endfacet
  facet normal 0 0 1
    outer loop
      vertex -3.985996425151825 0 3.835999999999999
      vertex -3.966802768409252 0.3906959444284439 3.835999999999999
      vertex -3.9807389066887877 0.3920685613182424 3.835999999999999
    endloop
  endfacet
  facet normal 0 0 1
    outer loop
      vertex -3.9807389066887877 0.3920685613182424 3.835999999999999
      vertex -3.966802768409252 0.3906959444284439 3.835999999999999
      vertex -3.9231411216129217 0.780361288064513 3.835999999999999
    endloop
  endfacet
  facet normal 0 0 1
    outer loop
      vertex -3.966802768409252 0.3906959444284439 3.835999999999999
      vertex -3.909406617283821 0.7776293456554413 3.835999999999999
      vertex -3.9231411216129217 0.780361288064513 3.835999999999999
    endloop
  endfacet
  facet normal 0 0 1
    outer loop
      vertex -3.9231411216129217 0.780361288064513 3.835999999999999
      vertex -3.909406617283821 0.7776293456554413 3.835999999999999
      vertex -3.8277613429288353 1.1611387090178493 3.835999999999999
    endloop
  endfacet
  facet normal 0 0 1
    outer loop
      vertex -3.909406617283821 0.7776293456554413 3.835999999999999
      vertex -3.81436076015234 1.1570736840367317 3.835999999999999
      vertex -3.8277613429288353 1.1611387090178493 3.835999999999999
    endloop
  endfacet
  facet normal 0 0 1
    outer loop
      vertex -3.8277613429288353 1.1611387090178493 3.835999999999999
      vertex -3.81436076015234 1.1570736840367317 3.835999999999999
      vertex -3.695518130045147 1.5307337294603591 3.835999999999999
    endloop
  endfacet
  facet normal 0 0 1
    outer loop
      vertex -3.81436076015234 1.1570736840367317 3.835999999999999
      vertex -3.6825805231928825 1.5253747627139091 3.835999999999999
      vertex -3.695518130045147 1.5307337294603591 3.835999999999999
    endloop
  endfacet
  facet normal 0 0 1
    outer loop
      vertex -3.695518130045147 1.5307337294603591 3.835999999999999
      vertex -3.6825805231928825 1.5253747627139091 3.835999999999999
      vertex -3.52768505739342 1.8855869473039906 3.835999999999999
    endloop
  endfacet
  facet normal 0 0 1
    outer loop
      vertex -3.6825805231928825 1.5253747627139091 3.835999999999999
      vertex -3.515335015952587 1.8789857029914856 3.835999999999999
      vertex -3.52768505739342 1.8855869473039906 3.835999999999999
    endloop
  endfacet
  facet normal 0 0 1
    outer loop
      vertex -3.52768505739342 1.8855869473039906 3.835999999999999
      vertex -3.515335015952587 1.8789857029914856 3.835999999999999
      vertex -3.325878449210181 2.2222809320784087 3.835999999999999
    endloop
  endfacet
  facet normal 0 0 1
    outer loop
      vertex -3.515335015952587 1.8789857029914856 3.835999999999999
      vertex -3.314234897494316 2.2145009636878967 3.835999999999999
      vertex -3.325878449210181 2.2222809320784087 3.835999999999999
    endloop
  endfacet
  facet normal 0 0 1
    outer loop
      vertex -3.314234897494316 2.2145009636878967 3.835999999999999
      vertex -3.092041813450948 2.537573136654582 3.835999999999999
      vertex -3.325878449210181 2.2222809320784087 3.835999999999999
    endloop
  endfacet
  facet normal 0 0 1
    outer loop
      vertex -3.314234897494316 2.2145009636878967 3.835999999999999
      vertex -3.0812168791890144 2.52868939191103 3.835999999999999
      vertex -3.092041813450948 2.537573136654582 3.835999999999999
    endloop
  endfacet
  facet normal 0 0 1
    outer loop
      vertex -3.0812168791890144 2.52868939191103 3.835999999999999
      vertex -2.8284271247461903 2.8284271247461903 3.835999999999999
      vertex -3.092041813450948 2.537573136654582 3.835999999999999
    endloop
  endfacet
  facet normal 0 0 1
    outer loop
      vertex -3.0812168791890144 2.52868939191103 3.835999999999999
      vertex -2.8185250982642174 2.8185250982642174 3.835999999999999
      vertex -2.8284271247461903 2.8284271247461903 3.835999999999999
    endloop
  endfacet
  facet normal 0 0 1
    outer loop
      vertex -2.8284271247461903 2.8284271247461903 3.835999999999999
      vertex -2.8185250982642174 2.8185250982642174 3.835999999999999
      vertex -2.537573136654582 3.092041813450948 3.835999999999999
    endloop
  endfacet
  facet normal 0 0 1
    outer loop
      vertex -2.8185250982642174 2.8185250982642174 3.835999999999999
      vertex -2.52868939191103 3.0812168791890144 3.835999999999999
      vertex -2.537573136654582 3.092041813450948 3.835999999999999
    endloop
  endfacet
  facet normal 0 0 1
    outer loop
      vertex -2.537573136654582 3.092041813450948 3.835999999999999
      vertex -2.52868939191103 3.0812168791890144 3.835999999999999
      vertex -2.2222809320784087 3.325878449210181 3.835999999999999
    endloop
  endfacet
  facet normal 0 0 1
    outer loop
      vertex -2.52868939191103 3.0812168791890144 3.835999999999999
      vertex -2.2145009636878967 3.314234897494316 3.835999999999999
      vertex -2.2222809320784087 3.325878449210181 3.835999999999999
    endloop
  endfacet
  facet normal 0 0 1
    outer loop
      vertex -2.2222809320784087 3.325878449210181 3.835999999999999
      vertex -2.2145009636878967 3.314234897494316 3.835999999999999
      vertex -1.8855869473039906 3.52768505739342 3.835999999999999
    endloop
  endfacet
  facet normal 0 0 1
    outer loop
      vertex -2.2145009636878967 3.314234897494316 3.835999999999999
      vertex -1.8789857029914856 3.515335015952587 3.835999999999999
      vertex -1.8855869473039906 3.52768505739342 3.835999999999999
    endloop
  endfacet
  facet normal 0 0 1
    outer loop
      vertex -1.8789857029914856 3.515335015952587 3.835999999999999
      vertex -1.5307337294603591 3.695518130045147 3.835999999999999
      vertex -1.8855869473039906 3.52768505739342 3.835999999999999
    endloop
  endfacet
  facet normal 0 0 1
    outer loop
      vertex -1.8789857029914856 3.515335015952587 3.835999999999999
      vertex -1.5253747627139091 3.6825805231928825 3.835999999999999
      vertex -1.5307337294603591 3.695518130045147 3.835999999999999
    endloop
  endfacet
  facet normal 0 0 1
    outer loop
      vertex -1.5253747627139091 3.6825805231928825 3.835999999999999
      vertex -1.1611387090178493 3.8277613429288353 3.835999999999999
      vertex -1.5307337294603591 3.695518130045147 3.835999999999999
    endloop
  endfacet
  facet normal 0 0 1
    outer loop
      vertex -1.5253747627139091 3.6825805231928825 3.835999999999999
      vertex -1.1570736840367317 3.81436076015234 3.835999999999999
      vertex -1.1611387090178493 3.8277613429288353 3.835999999999999
    endloop
  endfacet
  facet normal 0 0 1
    outer loop
      vertex -1.1570736840367317 3.81436076015234 3.835999999999999
      vertex -0.780361288064513 3.9231411216129217 3.835999999999999
      vertex -1.1611387090178493 3.8277613429288353 3.835999999999999
    endloop
  endfacet
  facet normal 0 0 1
    outer loop
      vertex -1.1570736840367317 3.81436076015234 3.835999999999999
      vertex -0.7776293456554413 3.909406617283821 3.835999999999999
      vertex -0.780361288064513 3.9231411216129217 3.835999999999999
    endloop
  endfacet
  facet normal 0 0 1
    outer loop
      vertex -0.7776293456554413 3.909406617283821 3.835999999999999
      vertex -0.3920685613182424 3.9807389066887877 3.835999999999999
      vertex -0.780361288064513 3.9231411216129217 3.835999999999999
    endloop
  endfacet
  facet normal 0 0 1
    outer loop
      vertex -0.7776293456554413 3.909406617283821 3.835999999999999
      vertex -0.3906959444284439 3.966802768409252 3.835999999999999
      vertex -0.3920685613182424 3.9807389066887877 3.835999999999999
    endloop
  endfacet
  facet normal 0 0 1
    outer loop
      vertex -0.3906959444284439 3.966802768409252 3.835999999999999
      vertex 0 4 3.835999999999999
      vertex -0.3920685613182424 3.9807389066887877 3.835999999999999
    endloop
  endfacet
  facet normal 0 0 1
    outer loop
      vertex -0.3906959444284439 3.966802768409252 3.835999999999999
      vertex 0 3.985996425151825 3.835999999999999
      vertex 0 4 3.835999999999999
    endloop
  endfacet
  facet normal 0 0 -1
    outer loop
      vertex 0 -4 0.4
      vertex 0 -3.7997587993741035 0.4
      vertex 0.3920685613182424 -3.9807389066887877 0.4
    endloop
  endfacet
  facet normal 0 0 -1
    outer loop
      vertex 0 -3.7997587993741035 0.4
      vertex 0.37244144827127457 -3.781461924314499 0.4
      vertex 0.3920685613182424 -3.9807389066887877 0.4
    endloop
  endfacet
  facet normal 0 0 -1
    outer loop
      vertex 0.37244144827127457 -3.781461924314499 0.4
      vertex 0.780361288064513 -3.9231411216129217 0.4
      vertex 0.3920685613182424 -3.9807389066887877 0.4
    endloop
  endfacet
  facet normal 0 0 -1
    outer loop
      vertex 0.37244144827127457 -3.781461924314499 0.4
      vertex 0.7412962019443512 -3.726747490465641 0.4
      vertex 0.780361288064513 -3.9231411216129217 0.4
    endloop
  endfacet
  facet normal 0 0 -1
    outer loop
      vertex 0.7412962019443512 -3.726747490465641 0.4
      vertex 1.1611387090178493 -3.8277613429288353 0.4
      vertex 0.780361288064513 -3.9231411216129217 0.4
    endloop
  endfacet
  facet normal 0.04906767432741759 -0.9987954562051725 0
    outer loop
      vertex 0 -4 0.4
      vertex 0.3920685613182424 -3.9807389066887877 0.4
      vertex 0 -4 3.835999999999999
    endloop
  endfacet
  facet normal 0.1467304744553624 -0.9891765099647809 0
    outer loop
      vertex 0.3920685613182424 -3.9807389066887877 0.4
      vertex 0.780361288064513 -3.9231411216129217 0.4
      vertex 0.3920685613182424 -3.9807389066887877 3.835999999999999
    endloop
  endfacet
  facet normal 0.24298017990326412 -0.970031253194544 0
    outer loop
      vertex 0.780361288064513 -3.9231411216129217 0.4
      vertex 1.1611387090178493 -3.8277613429288353 0.4
      vertex 0.780361288064513 -3.9231411216129217 3.835999999999999
    endloop
  endfacet
  facet normal 0 0 -1
    outer loop
      vertex 0.7412962019443512 -3.726747490465641 0.4
      vertex 1.1030117347836494 -3.6361424699425697 0.4
      vertex 1.1611387090178493 -3.8277613429288353 0.4
    endloop
  endfacet
  facet normal 0 0 -1
    outer loop
      vertex 1.1611387090178493 -3.8277613429288353 0.4
      vertex 1.1030117347836494 -3.6361424699425697 0.4
      vertex 1.5307337294603591 -3.695518130045147 0.4
    endloop
  endfacet
  facet normal 0 0 -1
    outer loop
      vertex 1.1030117347836494 -3.6361424699425697 0.4
      vertex 1.4541047364473343 -3.510519377887249 0.4
      vertex 1.5307337294603591 -3.695518130045147 0.4
    endloop
  endfacet
  facet normal 0 0 -1
    outer loop
      vertex 1.4541047364473343 -3.510519377887249 0.4
      vertex 1.8855869473039906 -3.52768505739342 0.4
      vertex 1.5307337294603591 -3.695518130045147 0.4
    endloop
  endfacet
  facet normal 0 0 -1
    outer loop
      vertex 1.4541047364473343 -3.510519377887249 0.4
      vertex 1.7911938726902008 -3.351088099181652 0.4
      vertex 1.8855869473039906 -3.52768505739342 0.4
    endloop
  endfacet
  facet normal 0 0 -1
    outer loop
      vertex 1.8855869473039906 -3.52768505739342 0.4
      vertex 1.7911938726902008 -3.351088099181652 0.4
      vertex 2.2222809320784087 -3.325878449210181 0.4
    endloop
  endfacet
  facet normal 0.3368898533922197 -0.941544065183021 0
    outer loop
      vertex 1.1611387090178493 -3.8277613429288353 0.4
      vertex 1.5307337294603591 -3.695518130045147 0.4
      vertex 1.1611387090178493 -3.8277613429288353 3.835999999999999
    endloop
  endfacet
  facet normal 0.4275550934302819 -0.9039892931234436 0
    outer loop
      vertex 1.5307337294603591 -3.695518130045147 0.4
      vertex 1.8855869473039906 -3.52768505739342 0.4
      vertex 1.5307337294603591 -3.695518130045147 3.835999999999999
    endloop
  endfacet
  facet normal 0.5141027441932221 -0.8577286100002719 0
    outer loop
      vertex 1.8855869473039906 -3.52768505739342 0.4
      vertex 2.2222809320784087 -3.325878449210181 0.4
      vertex 1.8855869473039906 -3.52768505739342 3.835999999999999
    endloop
  endfacet
  facet normal 0.04906767432741759 -0.9987954562051725 0
    outer loop
      vertex 0.3920685613182424 -3.9807389066887877 0.4
      vertex 0.3920685613182424 -3.9807389066887877 3.835999999999999
      vertex 0 -4 3.835999999999999
    endloop
  endfacet
  facet normal 0.1467304744553624 -0.9891765099647809 0
    outer loop
      vertex 0.780361288064513 -3.9231411216129217 0.4
      vertex 0.780361288064513 -3.9231411216129217 3.835999999999999
      vertex 0.3920685613182424 -3.9807389066887877 3.835999999999999
    endloop
  endfacet
  facet normal 0.24298017990326412 -0.970031253194544 0
    outer loop
      vertex 1.1611387090178493 -3.8277613429288353 0.4
      vertex 1.1611387090178493 -3.8277613429288353 3.835999999999999
      vertex 0.780361288064513 -3.9231411216129217 3.835999999999999
    endloop
  endfacet
  facet normal 0.3368898533922197 -0.941544065183021 0
    outer loop
      vertex 1.5307337294603591 -3.695518130045147 0.4
      vertex 1.5307337294603591 -3.695518130045147 3.835999999999999
      vertex 1.1611387090178493 -3.8277613429288353 3.835999999999999
    endloop
  endfacet
  facet normal 0.4275550934302819 -0.9039892931234436 0
    outer loop
      vertex 1.8855869473039906 -3.52768505739342 0.4
      vertex 1.8855869473039906 -3.52768505739342 3.835999999999999
      vertex 1.5307337294603591 -3.695518130045147 3.835999999999999
    endloop
  endfacet
  facet normal 0 0 -1
    outer loop
      vertex 1.7911938726902008 -3.351088099181652 0.4
      vertex 2.111032873392105 -3.159383974969387 0.4
      vertex 2.2222809320784087 -3.325878449210181 0.4
    endloop
  endfacet
  facet normal 0 0 -1
    outer loop
      vertex 2.2222809320784087 -3.325878449210181 0.4
      vertex 2.111032873392105 -3.159383974969387 0.4
      vertex 2.537573136654582 -3.092041813450948 0.4
    endloop
  endfacet
  facet normal 0 0 -1
    outer loop
      vertex 2.111032873392105 -3.159383974969387 0.4
      vertex 2.4105414673686028 -2.9372532591223717 0.4
      vertex 2.537573136654582 -3.092041813450948 0.4
    endloop
  endfacet
  facet normal 0.5956993044924329 -0.8032075314806452 0
    outer loop
      vertex 2.2222809320784087 -3.325878449210181 0.4
      vertex 2.537573136654582 -3.092041813450948 0.4
      vertex 2.2222809320784087 -3.325878449210181 3.835999999999999
    endloop
  endfacet
  facet normal 0.6715589548470181 -0.7409511253549595 0
    outer loop
      vertex 2.537573136654582 -3.092041813450948 0.4
      vertex 2.8284271247461903 -2.8284271247461903 0.4
      vertex 2.537573136654582 -3.092041813450948 3.835999999999999
    endloop
  endfacet
  facet normal 0 0 -1
    outer loop
      vertex 2.537573136654582 -3.092041813450948 0.4
      vertex 2.4105414673686028 -2.9372532591223717 0.4
      vertex 2.8284271247461903 -2.8284271247461903 0.4
    endloop
  endfacet
  facet normal 0 0 -1
    outer loop
      vertex 2.4105414673686028 -2.9372532591223717 0.4
      vertex 2.6868352070450783 -2.6868352070450783 0.4
      vertex 2.8284271247461903 -2.8284271247461903 0.4
    endloop
  endfacet
  facet normal 0 0 -1
    outer loop
      vertex 2.6868352070450783 -2.6868352070450783 0.4
      vertex 3.092041813450948 -2.537573136654582 0.4
      vertex 2.8284271247461903 -2.8284271247461903 0.4
    endloop
  endfacet
  facet normal 0 0 -1
    outer loop
      vertex 2.6868352070450783 -2.6868352070450783 0.4
      vertex 2.9372532591223717 -2.4105414673686028 0.4
      vertex 3.092041813450948 -2.537573136654582 0.4
    endloop
  endfacet
  facet normal 0.7409511253549595 -0.6715589548470181 0
    outer loop
      vertex 2.8284271247461903 -2.8284271247461903 0.4
      vertex 3.092041813450948 -2.537573136654582 0.4
      vertex 2.8284271247461903 -2.8284271247461903 3.835999999999999
    endloop
  endfacet
  facet normal 0 0 -1
    outer loop
      vertex 2.9372532591223717 -2.4105414673686028 0.4
      vertex 3.325878449210181 -2.2222809320784087 0.4
      vertex 3.092041813450948 -2.537573136654582 0.4
    endloop
  endfacet
  facet normal 0 0 -1
    outer loop
      vertex 2.9372532591223717 -2.4105414673686028 0.4
      vertex 3.159383974969387 -2.111032873392105 0.4
      vertex 3.325878449210181 -2.2222809320784087 0.4
    endloop
  endfacet
  facet normal 0 0 -1
    outer loop
      vertex 3.159383974969387 -2.111032873392105 0.4
      vertex 3.52768505739342 -1.8855869473039906 0.4
      vertex 3.325878449210181 -2.2222809320784087 0.4
    endloop
  endfacet
  facet normal 0.8032075314806452 -0.5956993044924329 0
    outer loop
      vertex 3.092041813450948 -2.537573136654582 0.4
      vertex 3.325878449210181 -2.2222809320784087 0.4
      vertex 3.092041813450948 -2.537573136654582 3.835999999999999
    endloop
  endfacet
  facet normal 0.8577286100002719 -0.5141027441932221 0
    outer loop
      vertex 3.325878449210181 -2.2222809320784087 0.4
      vertex 3.52768505739342 -1.8855869473039906 0.4
      vertex 3.325878449210181 -2.2222809320784087 3.835999999999999
    endloop
  endfacet
  facet normal 0.5141027441932221 -0.8577286100002719 0
    outer loop
      vertex 2.2222809320784087 -3.325878449210181 0.4
      vertex 2.2222809320784087 -3.325878449210181 3.835999999999999
      vertex 1.8855869473039906 -3.52768505739342 3.835999999999999
    endloop
  endfacet
  facet normal 0.5956993044924329 -0.8032075314806452 0
    outer loop
      vertex 2.537573136654582 -3.092041813450948 0.4
      vertex 2.537573136654582 -3.092041813450948 3.835999999999999
      vertex 2.2222809320784087 -3.325878449210181 3.835999999999999
    endloop
  endfacet
  facet normal 0.6715589548470181 -0.7409511253549595 0
    outer loop
      vertex 2.8284271247461903 -2.8284271247461903 0.4
      vertex 2.8284271247461903 -2.8284271247461903 3.835999999999999
      vertex 2.537573136654582 -3.092041813450948 3.835999999999999
    endloop
  endfacet
  facet normal 0.7409511253549595 -0.6715589548470181 0
    outer loop
      vertex 3.092041813450948 -2.537573136654582 0.4
      vertex 3.092041813450948 -2.537573136654582 3.835999999999999
      vertex 2.8284271247461903 -2.8284271247461903 3.835999999999999
    endloop
  endfacet
  facet normal 0.8032075314806452 -0.5956993044924329 0
    outer loop
      vertex 3.325878449210181 -2.2222809320784087 0.4
      vertex 3.325878449210181 -2.2222809320784087 3.835999999999999
      vertex 3.092041813450948 -2.537573136654582 3.835999999999999
    endloop
  endfacet
  facet normal 0 0 -1
    outer loop
      vertex 3.159383974969387 -2.111032873392105 0.4
      vertex 3.351088099181652 -1.7911938726902008 0.4
      vertex 3.52768505739342 -1.8855869473039906 0.4
    endloop
  endfacet
  facet normal 0 0 -1
    outer loop
      vertex 3.351088099181652 -1.7911938726902008 0.4
      vertex 3.510519377887249 -1.4541047364473343 0.4
      vertex 3.52768505739342 -1.8855869473039906 0.4
    endloop
  endfacet
  facet normal 0 0 -1
    outer loop
      vertex 3.52768505739342 -1.8855869473039906 0.4
      vertex 3.510519377887249 -1.4541047364473343 0.4
      vertex 3.695518130045147 -1.5307337294603591 0.4
    endloop
  endfacet
  facet normal 0 0 -1
    outer loop
      vertex 3.695518130045147 -1.5307337294603591 0.4
      vertex 3.510519377887249 -1.4541047364473343 0.4
      vertex 3.6361424699425697 -1.1030117347836494 0.4
    endloop
  endfacet
  facet normal 0 0 -1
    outer loop
      vertex 3.695518130045147 -1.5307337294603591 0.4
      vertex 3.6361424699425697 -1.1030117347836494 0.4
      vertex 3.726747490465641 -0.7412962019443512 0.4
    endloop
  endfacet
  facet normal 0 0 -1
    outer loop
      vertex 3.695518130045147 -1.5307337294603591 0.4
      vertex 3.726747490465641 -0.7412962019443512 0.4
      vertex 3.8277613429288353 -1.1611387090178493 0.4
    endloop
  endfacet
  facet normal 0.9039892931234436 -0.4275550934302819 0
    outer loop
      vertex 3.52768505739342 -1.8855869473039906 0.4
      vertex 3.695518130045147 -1.5307337294603591 0.4
      vertex 3.52768505739342 -1.8855869473039906 3.835999999999999
    endloop
  endfacet
  facet normal 0.941544065183021 -0.3368898533922197 0
    outer loop
      vertex 3.695518130045147 -1.5307337294603591 0.4
      vertex 3.8277613429288353 -1.1611387090178493 0.4
      vertex 3.695518130045147 -1.5307337294603591 3.835999999999999
    endloop
  endfacet
  facet normal 0.970031253194544 -0.24298017990326412 0
    outer loop
      vertex 3.8277613429288353 -1.1611387090178493 0.4
      vertex 3.9231411216129217 -0.780361288064513 0.4
      vertex 3.8277613429288353 -1.1611387090178493 3.835999999999999
    endloop
  endfacet
  facet normal 0 0 -1
    outer loop
      vertex 3.8277613429288353 -1.1611387090178493 0.4
      vertex 3.726747490465641 -0.7412962019443512 0.4
      vertex 3.781461924314499 -0.37244144827127457 0.4
    endloop
  endfacet
  facet normal 0 0 -1
    outer loop
      vertex 3.8277613429288353 -1.1611387090178493 0.4
      vertex 3.781461924314499 -0.37244144827127457 0.4
      vertex 3.7997587993741035 0 0.4
    endloop
  endfacet
  facet normal 0 0 -1
    outer loop
      vertex 3.8277613429288353 -1.1611387090178493 0.4
      vertex 3.9231411216129217 0.780361288064513 0.4
      vertex 3.9231411216129217 -0.780361288064513 0.4
    endloop
  endfacet
  facet normal 0 0 -1
    outer loop
      vertex 3.9231411216129217 -0.780361288064513 0.4
      vertex 3.9807389066887877 0.3920685613182424 0.4
      vertex 3.9807389066887877 -0.3920685613182424 0.4
    endloop
  endfacet
  facet normal 0.9891765099647809 -0.1467304744553624 0
    outer loop
      vertex 3.9231411216129217 -0.780361288064513 0.4
      vertex 3.9807389066887877 -0.3920685613182424 0.4
      vertex 3.9231411216129217 -0.780361288064513 3.835999999999999
    endloop
  endfacet
  facet normal 0.9987954562051725 -0.04906767432741759 0
    outer loop
      vertex 3.9807389066887877 -0.3920685613182424 0.4
      vertex 4 0 0.4
      vertex 3.9807389066887877 -0.3920685613182424 3.835999999999999
    endloop
  endfacet
  facet normal 0.8577286100002719 -0.5141027441932221 0
    outer loop
      vertex 3.52768505739342 -1.8855869473039906 0.4
      vertex 3.52768505739342 -1.8855869473039906 3.835999999999999
      vertex 3.325878449210181 -2.2222809320784087 3.835999999999999
    endloop
  endfacet
  facet normal 0.9039892931234436 -0.4275550934302819 0
    outer loop
      vertex 3.695518130045147 -1.5307337294603591 0.4
      vertex 3.695518130045147 -1.5307337294603591 3.835999999999999
      vertex 3.52768505739342 -1.8855869473039906 3.835999999999999
    endloop
  endfacet
  facet normal 0.941544065183021 -0.3368898533922197 0
    outer loop
      vertex 3.8277613429288353 -1.1611387090178493 0.4
      vertex 3.8277613429288353 -1.1611387090178493 3.835999999999999
      vertex 3.695518130045147 -1.5307337294603591 3.835999999999999
    endloop
  endfacet
  facet normal 0.970031253194544 -0.24298017990326412 0
    outer loop
      vertex 3.9231411216129217 -0.780361288064513 0.4
      vertex 3.9231411216129217 -0.780361288064513 3.835999999999999
      vertex 3.8277613429288353 -1.1611387090178493 3.835999999999999
    endloop
  endfacet
  facet normal 0.9891765099647809 -0.1467304744553624 0
    outer loop
      vertex 3.9807389066887877 -0.3920685613182424 0.4
      vertex 3.9807389066887877 -0.3920685613182424 3.835999999999999
      vertex 3.9231411216129217 -0.780361288064513 3.835999999999999
    endloop
  endfacet
  facet normal 0.9987954562051725 -0.04906767432741759 -7.929063282225729e-20
    outer loop
      vertex 3.9807389066887877 -0.3920685613182424 3.835999999999999
      vertex 4 0 0.4
      vertex 4 0 3.835999999999999
    endloop
  endfacet
  facet normal 0 0 1
    outer loop
      vertex 0 -4 3.835999999999999
      vertex 0.3906959444284439 -3.966802768409252 3.835999999999999
      vertex 0 -3.985996425151825 3.835999999999999
    endloop
  endfacet
  facet normal 0 0 1
    outer loop
      vertex 0 -4 3.835999999999999
      vertex 0.3920685613182424 -3.9807389066887877 3.835999999999999
      vertex 0.3906959444284439 -3.966802768409252 3.835999999999999
    endloop
  endfacet
  facet normal 0 0 1
    outer loop
      vertex 0.3920685613182424 -3.9807389066887877 3.835999999999999
      vertex 0.7776293456554413 -3.909406617283821 3.835999999999999
      vertex 0.3906959444284439 -3.966802768409252 3.835999999999999
    endloop
  endfacet
  facet normal 0 0 1
    outer loop
      vertex 0.3920685613182424 -3.9807389066887877 3.835999999999999
      vertex 0.780361288064513 -3.9231411216129217 3.835999999999999
      vertex 0.7776293456554413 -3.909406617283821 3.835999999999999
    endloop
  endfacet
  facet normal 0 0 1
    outer loop
      vertex 0.780361288064513 -3.9231411216129217 3.835999999999999
      vertex 1.1570736840367317 -3.81436076015234 3.835999999999999
      vertex 0.7776293456554413 -3.909406617283821 3.835999999999999
    endloop
  endfacet
  facet normal 0 0 1
    outer loop
      vertex 0.780361288064513 -3.9231411216129217 3.835999999999999
      vertex 1.1611387090178493 -3.8277613429288353 3.835999999999999
      vertex 1.1570736840367317 -3.81436076015234 3.835999999999999
    endloop
  endfacet
  facet normal 0 0 1
    outer loop
      vertex 1.1611387090178493 -3.8277613429288353 3.835999999999999
      vertex 1.5253747627139091 -3.6825805231928825 3.835999999999999
      vertex 1.1570736840367317 -3.81436076015234 3.835999999999999
    endloop
  endfacet
  facet normal 0 0 1
    outer loop
      vertex 1.1611387090178493 -3.8277613429288353 3.835999999999999
      vertex 1.5307337294603591 -3.695518130045147 3.835999999999999
      vertex 1.5253747627139091 -3.6825805231928825 3.835999999999999
    endloop
  endfacet
  facet normal 0 0 1
    outer loop
      vertex 1.5307337294603591 -3.695518130045147 3.835999999999999
      vertex 1.8789857029914856 -3.515335015952587 3.835999999999999
      vertex 1.5253747627139091 -3.6825805231928825 3.835999999999999
    endloop
  endfacet
  facet normal 0 0 1
    outer loop
      vertex 1.5307337294603591 -3.695518130045147 3.835999999999999
      vertex 1.8855869473039906 -3.52768505739342 3.835999999999999
      vertex 1.8789857029914856 -3.515335015952587 3.835999999999999
    endloop
  endfacet
  facet normal 0 0 1
    outer loop
      vertex 1.8855869473039906 -3.52768505739342 3.835999999999999
      vertex 2.2145009636878967 -3.314234897494316 3.835999999999999
      vertex 1.8789857029914856 -3.515335015952587 3.835999999999999
    endloop
  endfacet
  facet normal 0 0 1
    outer loop
      vertex 1.8855869473039906 -3.52768505739342 3.835999999999999
      vertex 2.2222809320784087 -3.325878449210181 3.835999999999999
      vertex 2.2145009636878967 -3.314234897494316 3.835999999999999
    endloop
  endfacet
  facet normal 0 0 1
    outer loop
      vertex 2.2145009636878967 -3.314234897494316 3.835999999999999
      vertex 2.2222809320784087 -3.325878449210181 3.835999999999999
      vertex 2.52868939191103 -3.0812168791890144 3.835999999999999
    endloop
  endfacet
  facet normal 0 0 1
    outer loop
      vertex 2.2222809320784087 -3.325878449210181 3.835999999999999
      vertex 2.537573136654582 -3.092041813450948 3.835999999999999
      vertex 2.52868939191103 -3.0812168791890144 3.835999999999999
    endloop
  endfacet
  facet normal 0 0 1
    outer loop
      vertex 2.52868939191103 -3.0812168791890144 3.835999999999999
      vertex 2.537573136654582 -3.092041813450948 3.835999999999999
      vertex 2.8185250982642174 -2.8185250982642174 3.835999999999999
    endloop
  endfacet
  facet normal 0 0 1
    outer loop
      vertex 2.537573136654582 -3.092041813450948 3.835999999999999
      vertex 2.8284271247461903 -2.8284271247461903 3.835999999999999
      vertex 2.8185250982642174 -2.8185250982642174 3.835999999999999
    endloop
  endfacet
  facet normal 0 0 1
    outer loop
      vertex 2.8185250982642174 -2.8185250982642174 3.835999999999999
      vertex 2.8284271247461903 -2.8284271247461903 3.835999999999999
      vertex 3.0812168791890144 -2.52868939191103 3.835999999999999
    endloop
  endfacet
  facet normal 0 0 1
    outer loop
      vertex 2.8284271247461903 -2.8284271247461903 3.835999999999999
      vertex 3.092041813450948 -2.537573136654582 3.835999999999999
      vertex 3.0812168791890144 -2.52868939191103 3.835999999999999
    endloop
  endfacet
  facet normal 0 0 1
    outer loop
      vertex 3.092041813450948 -2.537573136654582 3.835999999999999
      vertex 3.314234897494316 -2.2145009636878967 3.835999999999999
      vertex 3.0812168791890144 -2.52868939191103 3.835999999999999
    endloop
  endfacet
  facet normal 0 0 1
    outer loop
      vertex 3.092041813450948 -2.537573136654582 3.835999999999999
      vertex 3.325878449210181 -2.2222809320784087 3.835999999999999
      vertex 3.314234897494316 -2.2145009636878967 3.835999999999999
    endloop
  endfacet
  facet normal 0 0 1
    outer loop
      vertex 3.325878449210181 -2.2222809320784087 3.835999999999999
      vertex 3.515335015952587 -1.8789857029914856 3.835999999999999
      vertex 3.314234897494316 -2.2145009636878967 3.835999999999999
    endloop
  endfacet
  facet normal 0 0 1
    outer loop
      vertex 3.325878449210181 -2.2222809320784087 3.835999999999999
      vertex 3.52768505739342 -1.8855869473039906 3.835999999999999
      vertex 3.515335015952587 -1.8789857029914856 3.835999999999999
    endloop
  endfacet
  facet normal 0 0 1
    outer loop
      vertex 3.515335015952587 -1.8789857029914856 3.835999999999999
      vertex 3.52768505739342 -1.8855869473039906 3.835999999999999
      vertex 3.6825805231928825 -1.5253747627139091 3.835999999999999
    endloop
  endfacet
  facet normal 0 0 1
    outer loop
      vertex 3.52768505739342 -1.8855869473039906 3.835999999999999
      vertex 3.695518130045147 -1.5307337294603591 3.835999999999999
      vertex 3.6825805231928825 -1.5253747627139091 3.835999999999999
    endloop
  endfacet
  facet normal 0 0 1
    outer loop
      vertex 3.6825805231928825 -1.5253747627139091 3.835999999999999
      vertex 3.695518130045147 -1.5307337294603591 3.835999999999999
      vertex 3.81436076015234 -1.1570736840367317 3.835999999999999
    endloop
  endfacet
  facet normal 0 0 1
    outer loop
      vertex 3.695518130045147 -1.5307337294603591 3.835999999999999
      vertex 3.8277613429288353 -1.1611387090178493 3.835999999999999
      vertex 3.81436076015234 -1.1570736840367317 3.835999999999999
    endloop
  endfacet
  facet normal 0 0 1
    outer loop
      vertex 3.81436076015234 -1.1570736840367317 3.835999999999999
      vertex 3.8277613429288353 -1.1611387090178493 3.835999999999999
      vertex 3.909406617283821 -0.7776293456554413 3.835999999999999
    endloop
  endfacet
  facet normal 0 0 1
    outer loop
      vertex 3.8277613429288353 -1.1611387090178493 3.835999999999999
      vertex 3.9231411216129217 -0.780361288064513 3.835999999999999
      vertex 3.909406617283821 -0.7776293456554413 3.835999999999999
    endloop
  endfacet
  facet normal 0 0 1
    outer loop
      vertex 3.909406617283821 -0.7776293456554413 3.835999999999999
      vertex 3.9231411216129217 -0.780361288064513 3.835999999999999
      vertex 3.966802768409252 -0.3906959444284439 3.835999999999999
    endloop
  endfacet
  facet normal 0 0 1
    outer loop
      vertex 3.9231411216129217 -0.780361288064513 3.835999999999999
      vertex 3.9807389066887877 -0.3920685613182424 3.835999999999999
      vertex 3.966802768409252 -0.3906959444284439 3.835999999999999
    endloop
  endfacet
  facet normal 0 0 1
    outer loop
      vertex 3.966802768409252 -0.3906959444284439 3.835999999999999
      vertex 3.9807389066887877 -0.3920685613182424 3.835999999999999
      vertex 3.985996425151825 0 3.835999999999999
    endloop
  endfacet
  facet normal 0 0 1
    outer loop
      vertex 3.9807389066887877 -0.3920685613182424 3.835999999999999
      vertex 4 0 3.835999999999999
      vertex 3.985996425151825 0 3.835999999999999
    endloop
  endfacet
  facet normal 0 0 -1
    outer loop
      vertex 0 3.7997587993741035 0.4
      vertex 0 4 0.4
      vertex 0.37244144827127457 3.781461924314499 0.4
    endloop
  endfacet
  facet normal 0 0 -1
    outer loop
      vertex 0 4 0.4
      vertex 0.3920685613182424 3.9807389066887877 0.4
      vertex 0.37244144827127457 3.781461924314499 0.4
    endloop
  endfacet
  facet normal 0 0 -1
    outer loop
      vertex 0.37244144827127457 3.781461924314499 0.4
      vertex 0.3920685613182424 3.9807389066887877 0.4
      vertex 0.7412962019443512 3.726747490465641 0.4
    endloop
  endfacet
  facet normal 0 0 -1
    outer loop
      vertex 0.3920685613182424 3.9807389066887877 0.4
      vertex 0.780361288064513 3.9231411216129217 0.4
      vertex 0.7412962019443512 3.726747490465641 0.4
    endloop
  endfacet
  facet normal 0 0 -1
    outer loop
      vertex 0.7412962019443512 3.726747490465641 0.4
      vertex 0.780361288064513 3.9231411216129217 0.4
      vertex 1.1030117347836494 3.6361424699425697 0.4
    endloop
  endfacet
  facet normal 0.04906767432741759 0.9987954562051725 7.929063282225729e-20
    outer loop
      vertex 0 4 0.4
      vertex 0.3920685613182424 3.9807389066887877 3.835999999999999
      vertex 0.3920685613182424 3.9807389066887877 0.4
    endloop
  endfacet
  facet normal 0.1467304744553624 0.9891765099647809 -5.500865869581691e-19
    outer loop
      vertex 0.3920685613182424 3.9807389066887877 0.4
      vertex 0.780361288064513 3.9231411216129217 3.835999999999999
      vertex 0.780361288064513 3.9231411216129217 0.4
    endloop
  endfacet
  facet normal 0 0 -1
    outer loop
      vertex 1.1030117347836494 3.6361424699425697 0.4
      vertex 1.1611387090178493 3.8277613429288353 0.4
      vertex 1.4541047364473343 3.510519377887249 0.4
    endloop
  endfacet
  facet normal 0 0 -1
    outer loop
      vertex 0.780361288064513 3.9231411216129217 0.4
      vertex 1.1611387090178493 3.8277613429288353 0.4
      vertex 1.1030117347836494 3.6361424699425697 0.4
    endloop
  endfacet
  facet normal 0 0 -1
    outer loop
      vertex 1.1611387090178493 3.8277613429288353 0.4
      vertex 1.5307337294603591 3.695518130045147 0.4
      vertex 1.4541047364473343 3.510519377887249 0.4
    endloop
  endfacet
  facet normal 0 0 -1
    outer loop
      vertex 1.7911938726902008 3.351088099181652 0.4
      vertex 1.8855869473039906 3.52768505739342 0.4
      vertex 2.111032873392105 3.159383974969387 0.4
    endloop
  endfacet
  facet normal 0 0 -1
    outer loop
      vertex 1.4541047364473343 3.510519377887249 0.4
      vertex 1.5307337294603591 3.695518130045147 0.4
      vertex 1.7911938726902008 3.351088099181652 0.4
    endloop
  endfacet
  facet normal 0 0 -1
    outer loop
      vertex 1.7911938726902008 3.351088099181652 0.4
      vertex 1.5307337294603591 3.695518130045147 0.4
      vertex 1.8855869473039906 3.52768505739342 0.4
    endloop
  endfacet
  facet normal 0.24298017990326412 0.970031253194544 -1.1535912278128489e-18
    outer loop
      vertex 0.780361288064513 3.9231411216129217 0.4
      vertex 1.1611387090178493 3.8277613429288353 3.835999999999999
      vertex 1.1611387090178493 3.8277613429288353 0.4
    endloop
  endfacet
  facet normal 0.3368898533922197 0.941544065183021 -6.969139309409872e-19
    outer loop
      vertex 1.1611387090178493 3.8277613429288353 0.4
      vertex 1.5307337294603591 3.695518130045147 3.835999999999999
      vertex 1.5307337294603591 3.695518130045147 0.4
    endloop
  endfacet
  facet normal 0.4275550934302819 0.9039892931234436 1.3261559588529657e-18
    outer loop
      vertex 1.5307337294603591 3.695518130045147 0.4
      vertex 1.8855869473039906 3.52768505739342 3.835999999999999
      vertex 1.8855869473039906 3.52768505739342 0.4
    endloop
  endfacet
  facet normal 0.04906767432741759 0.9987954562051725 0
    outer loop
      vertex 0 4 0.4
      vertex 0 4 3.835999999999999
      vertex 0.3920685613182424 3.9807389066887877 3.835999999999999
    endloop
  endfacet
  facet normal 0.1467304744553624 0.9891765099647809 0
    outer loop
      vertex 0.3920685613182424 3.9807389066887877 0.4
      vertex 0.3920685613182424 3.9807389066887877 3.835999999999999
      vertex 0.780361288064513 3.9231411216129217 3.835999999999999
    endloop
  endfacet
  facet normal 0.24298017990326412 0.970031253194544 0
    outer loop
      vertex 0.780361288064513 3.9231411216129217 0.4
      vertex 0.780361288064513 3.9231411216129217 3.835999999999999
      vertex 1.1611387090178493 3.8277613429288353 3.835999999999999
    endloop
  endfacet
  facet normal 0.3368898533922197 0.941544065183021 0
    outer loop
      vertex 1.1611387090178493 3.8277613429288353 0.4
      vertex 1.1611387090178493 3.8277613429288353 3.835999999999999
      vertex 1.5307337294603591 3.695518130045147 3.835999999999999
    endloop
  endfacet
  facet normal 0.5141027441932221 0.8577286100002719 0
    outer loop
      vertex 1.8855869473039906 3.52768505739342 0.4
      vertex 1.8855869473039906 3.52768505739342 3.835999999999999
      vertex 2.2222809320784087 3.325878449210181 3.835999999999999
    endloop
  endfacet
  facet normal 0.4275550934302819 0.9039892931234436 0
    outer loop
      vertex 1.5307337294603591 3.695518130045147 0.4
      vertex 1.5307337294603591 3.695518130045147 3.835999999999999
      vertex 1.8855869473039906 3.52768505739342 3.835999999999999
    endloop
  endfacet
  facet normal 0 0 -1
    outer loop
      vertex 3.8277613429288353 -1.1611387090178493 0.4
      vertex 3.7997587993741035 0 0.4
      vertex 3.8277613429288353 1.1611387090178493 0.4
    endloop
  endfacet
  facet normal 0 0 -1
    outer loop
      vertex 3.9807389066887877 -0.3920685613182424 0.4
      vertex 3.9807389066887877 0.3920685613182424 0.4
      vertex 4 0 0.4
    endloop
  endfacet
  facet normal 0 0 -1
    outer loop
      vertex 3.9231411216129217 -0.780361288064513 0.4
      vertex 3.9231411216129217 0.780361288064513 0.4
      vertex 3.9807389066887877 0.3920685613182424 0.4
    endloop
  endfacet
  facet normal 0 0 -1
    outer loop
      vertex 3.8277613429288353 -1.1611387090178493 0.4
      vertex 3.8277613429288353 1.1611387090178493 0.4
      vertex 3.9231411216129217 0.780361288064513 0.4
    endloop
  endfacet
  facet normal 0 0 -1
    outer loop
      vertex 3.7997587993741035 0 0.4
      vertex 3.781461924314499 0.37244144827127457 0.4
      vertex 3.8277613429288353 1.1611387090178493 0.4
    endloop
  endfacet
  facet normal 0 0 -1
    outer loop
      vertex 3.781461924314499 0.37244144827127457 0.4
      vertex 3.726747490465641 0.7412962019443512 0.4
      vertex 3.8277613429288353 1.1611387090178493 0.4
    endloop
  endfacet
  facet normal 0.9987954562051725 0.04906767432741759 0
    outer loop
      vertex 4 0 0.4
      vertex 3.9807389066887877 0.3920685613182424 0.4
      vertex 4 0 3.835999999999999
    endloop
  endfacet
  facet normal 0.9891765099647809 0.1467304744553624 0
    outer loop
      vertex 3.9807389066887877 0.3920685613182424 0.4
      vertex 3.9231411216129217 0.780361288064513 0.4
      vertex 3.9807389066887877 0.3920685613182424 3.835999999999999
    endloop
  endfacet
  facet normal 0.970031253194544 0.24298017990326412 0
    outer loop
      vertex 3.9231411216129217 0.780361288064513 0.4
      vertex 3.8277613429288353 1.1611387090178493 0.4
      vertex 3.9231411216129217 0.780361288064513 3.835999999999999
    endloop
  endfacet
  facet normal 0 0 -1
    outer loop
      vertex 3.351088099181652 1.7911938726902008 0.4
      vertex 3.52768505739342 1.8855869473039906 0.4
      vertex 3.510519377887249 1.4541047364473343 0.4
    endloop
  endfacet
  facet normal 0 0 -1
    outer loop
      vertex 3.351088099181652 1.7911938726902008 0.4
      vertex 3.325878449210181 2.2222809320784087 0.4
      vertex 3.52768505739342 1.8855869473039906 0.4
    endloop
  endfacet
  facet normal 0 0 -1
    outer loop
      vertex 3.726747490465641 0.7412962019443512 0.4
      vertex 3.6361424699425697 1.1030117347836494 0.4
      vertex 3.695518130045147 1.5307337294603591 0.4
    endloop
  endfacet
  facet normal 0 0 -1
    outer loop
      vertex 3.6361424699425697 1.1030117347836494 0.4
      vertex 3.510519377887249 1.4541047364473343 0.4
      vertex 3.52768505739342 1.8855869473039906 0.4
    endloop
  endfacet
  facet normal 0 0 -1
    outer loop
      vertex 3.726747490465641 0.7412962019443512 0.4
      vertex 3.695518130045147 1.5307337294603591 0.4
      vertex 3.8277613429288353 1.1611387090178493 0.4
    endloop
  endfacet
  facet normal 0 0 -1
    outer loop
      vertex 3.6361424699425697 1.1030117347836494 0.4
      vertex 3.52768505739342 1.8855869473039906 0.4
      vertex 3.695518130045147 1.5307337294603591 0.4
    endloop
  endfacet
  facet normal 0.8577286100002719 0.5141027441932221 0
    outer loop
      vertex 3.52768505739342 1.8855869473039906 0.4
      vertex 3.325878449210181 2.2222809320784087 0.4
      vertex 3.52768505739342 1.8855869473039906 3.835999999999999
    endloop
  endfacet
  facet normal 0.941544065183021 0.3368898533922197 0
    outer loop
      vertex 3.8277613429288353 1.1611387090178493 0.4
      vertex 3.695518130045147 1.5307337294603591 0.4
      vertex 3.8277613429288353 1.1611387090178493 3.835999999999999
    endloop
  endfacet
  facet normal 0.9039892931234436 0.4275550934302819 0
    outer loop
      vertex 3.695518130045147 1.5307337294603591 0.4
      vertex 3.52768505739342 1.8855869473039906 0.4
      vertex 3.695518130045147 1.5307337294603591 3.835999999999999
    endloop
  endfacet
  facet normal 0.9987954562051725 0.04906767432741759 0
    outer loop
      vertex 3.9807389066887877 0.3920685613182424 0.4
      vertex 3.9807389066887877 0.3920685613182424 3.835999999999999
      vertex 4 0 3.835999999999999
    endloop
  endfacet
  facet normal 0.9891765099647809 0.1467304744553624 0
    outer loop
      vertex 3.9231411216129217 0.780361288064513 0.4
      vertex 3.9231411216129217 0.780361288064513 3.835999999999999
      vertex 3.9807389066887877 0.3920685613182424 3.835999999999999
    endloop
  endfacet
  facet normal 0.941544065183021 0.3368898533922197 0
    outer loop
      vertex 3.695518130045147 1.5307337294603591 0.4
      vertex 3.695518130045147 1.5307337294603591 3.835999999999999
      vertex 3.8277613429288353 1.1611387090178493 3.835999999999999
    endloop
  endfacet
  facet normal 0.970031253194544 0.24298017990326412 0
    outer loop
      vertex 3.8277613429288353 1.1611387090178493 0.4
      vertex 3.8277613429288353 1.1611387090178493 3.835999999999999
      vertex 3.9231411216129217 0.780361288064513 3.835999999999999
    endloop
  endfacet
  facet normal 0.9039892931234436 0.4275550934302819 0
    outer loop
      vertex 3.52768505739342 1.8855869473039906 0.4
      vertex 3.52768505739342 1.8855869473039906 3.835999999999999
      vertex 3.695518130045147 1.5307337294603591 3.835999999999999
    endloop
  endfacet
  facet normal 0 0 -1
    outer loop
      vertex 2.4105414673686028 2.9372532591223717 0.4
      vertex 2.537573136654582 3.092041813450948 0.4
      vertex 2.6868352070450783 2.6868352070450783 0.4
    endloop
  endfacet
  facet normal 0 0 -1
    outer loop
      vertex 2.6868352070450783 2.6868352070450783 0.4
      vertex 2.537573136654582 3.092041813450948 0.4
      vertex 2.8284271247461903 2.8284271247461903 0.4
    endloop
  endfacet
  facet normal 0 0 -1
    outer loop
      vertex 2.9372532591223717 2.4105414673686028 0.4
      vertex 2.6868352070450783 2.6868352070450783 0.4
      vertex 2.8284271247461903 2.8284271247461903 0.4
    endloop
  endfacet
  facet normal 0 0 -1
    outer loop
      vertex 2.9372532591223717 2.4105414673686028 0.4
      vertex 2.8284271247461903 2.8284271247461903 0.4
      vertex 3.092041813450948 2.537573136654582 0.4
    endloop
  endfacet
  facet normal 0.6715589548470181 0.7409511253549595 0
    outer loop
      vertex 2.8284271247461903 2.8284271247461903 0.4
      vertex 2.537573136654582 3.092041813450948 0.4
      vertex 2.8284271247461903 2.8284271247461903 3.835999999999999
    endloop
  endfacet
  facet normal 0 0 -1
    outer loop
      vertex 2.4105414673686028 2.9372532591223717 0.4
      vertex 2.111032873392105 3.159383974969387 0.4
      vertex 2.2222809320784087 3.325878449210181 0.4
    endloop
  endfacet
  facet normal 0 0 -1
    outer loop
      vertex 1.8855869473039906 3.52768505739342 0.4
      vertex 2.2222809320784087 3.325878449210181 0.4
      vertex 2.111032873392105 3.159383974969387 0.4
    endloop
  endfacet
  facet normal 0 0 -1
    outer loop
      vertex 2.4105414673686028 2.9372532591223717 0.4
      vertex 2.2222809320784087 3.325878449210181 0.4
      vertex 2.537573136654582 3.092041813450948 0.4
    endloop
  endfacet
  facet normal 0.5141027441932221 0.8577286100002719 1.6325837897555641e-18
    outer loop
      vertex 1.8855869473039906 3.52768505739342 0.4
      vertex 2.2222809320784087 3.325878449210181 3.835999999999999
      vertex 2.2222809320784087 3.325878449210181 0.4
    endloop
  endfacet
  facet normal 0.5956993044924329 0.8032075314806452 -2.8451255391679815e-18
    outer loop
      vertex 2.2222809320784087 3.325878449210181 0.4
      vertex 2.537573136654582 3.092041813450948 3.835999999999999
      vertex 2.537573136654582 3.092041813450948 0.4
    endloop
  endfacet
  facet normal 0 0 -1
    outer loop
      vertex 2.9372532591223717 2.4105414673686028 0.4
      vertex 3.092041813450948 2.537573136654582 0.4
      vertex 3.159383974969387 2.111032873392105 0.4
    endloop
  endfacet
  facet normal 0 0 -1
    outer loop
      vertex 3.159383974969387 2.111032873392105 0.4
      vertex 3.092041813450948 2.537573136654582 0.4
      vertex 3.325878449210181 2.2222809320784087 0.4
    endloop
  endfacet
  facet normal 0 0 -1
    outer loop
      vertex 3.351088099181652 1.7911938726902008 0.4
      vertex 3.159383974969387 2.111032873392105 0.4
      vertex 3.325878449210181 2.2222809320784087 0.4
    endloop
  endfacet
  facet normal 0.8032075314806452 0.5956993044924329 0
    outer loop
      vertex 3.325878449210181 2.2222809320784087 0.4
      vertex 3.092041813450948 2.537573136654582 0.4
      vertex 3.325878449210181 2.2222809320784087 3.835999999999999
    endloop
  endfacet
  facet normal 0.7409511253549595 0.6715589548470181 -4.802343300713163e-18
    outer loop
      vertex 2.8284271247461903 2.8284271247461903 0.4
      vertex 3.092041813450948 2.537573136654582 3.835999999999999
      vertex 3.092041813450948 2.537573136654582 0.4
    endloop
  endfacet
  facet normal 0.7409511253549595 0.6715589548470181 0
    outer loop
      vertex 2.8284271247461903 2.8284271247461903 0.4
      vertex 2.8284271247461903 2.8284271247461903 3.835999999999999
      vertex 3.092041813450948 2.537573136654582 3.835999999999999
    endloop
  endfacet
  facet normal 0.5956993044924329 0.8032075314806452 0
    outer loop
      vertex 2.2222809320784087 3.325878449210181 0.4
      vertex 2.2222809320784087 3.325878449210181 3.835999999999999
      vertex 2.537573136654582 3.092041813450948 3.835999999999999
    endloop
  endfacet
  facet normal 0.6715589548470181 0.7409511253549595 0
    outer loop
      vertex 2.537573136654582 3.092041813450948 0.4
      vertex 2.537573136654582 3.092041813450948 3.835999999999999
      vertex 2.8284271247461903 2.8284271247461903 3.835999999999999
    endloop
  endfacet
  facet normal 0.8032075314806452 0.5956993044924329 0
    outer loop
      vertex 3.092041813450948 2.537573136654582 0.4
      vertex 3.092041813450948 2.537573136654582 3.835999999999999
      vertex 3.325878449210181 2.2222809320784087 3.835999999999999
    endloop
  endfacet
  facet normal 0.8577286100002719 0.5141027441932221 0
    outer loop
      vertex 3.325878449210181 2.2222809320784087 0.4
      vertex 3.325878449210181 2.2222809320784087 3.835999999999999
      vertex 3.52768505739342 1.8855869473039906 3.835999999999999
    endloop
  endfacet
  facet normal 0 0 1
    outer loop
      vertex 0 3.985996425151825 3.835999999999999
      vertex 0.3920685613182424 3.9807389066887877 3.835999999999999
      vertex 0 4 3.835999999999999
    endloop
  endfacet
  facet normal 0 0 1
    outer loop
      vertex 0 3.985996425151825 3.835999999999999
      vertex 0.3906959444284439 3.966802768409252 3.835999999999999
      vertex 0.3920685613182424 3.9807389066887877 3.835999999999999
    endloop
  endfacet
  facet normal 0 0 1
    outer loop
      vertex 0.3906959444284439 3.966802768409252 3.835999999999999
      vertex 0.780361288064513 3.9231411216129217 3.835999999999999
      vertex 0.3920685613182424 3.9807389066887877 3.835999999999999
    endloop
  endfacet
  facet normal 0 0 1
    outer loop
      vertex 0.3906959444284439 3.966802768409252 3.835999999999999
      vertex 0.7776293456554413 3.909406617283821 3.835999999999999
      vertex 0.780361288064513 3.9231411216129217 3.835999999999999
    endloop
  endfacet
  facet normal 0 0 1
    outer loop
      vertex 0.7776293456554413 3.909406617283821 3.835999999999999
      vertex 1.1611387090178493 3.8277613429288353 3.835999999999999
      vertex 0.780361288064513 3.9231411216129217 3.835999999999999
    endloop
  endfacet
  facet normal 0 0 1
    outer loop
      vertex 0.7776293456554413 3.909406617283821 3.835999999999999
      vertex 1.1570736840367317 3.81436076015234 3.835999999999999
      vertex 1.1611387090178493 3.8277613429288353 3.835999999999999
    endloop
  endfacet
  facet normal 0 0 1
    outer loop
      vertex 1.1570736840367317 3.81436076015234 3.835999999999999
      vertex 1.5253747627139091 3.6825805231928825 3.835999999999999
      vertex 1.5307337294603591 3.695518130045147 3.835999999999999
    endloop
  endfacet
  facet normal 0 0 1
    outer loop
      vertex 1.1570736840367317 3.81436076015234 3.835999999999999
      vertex 1.5307337294603591 3.695518130045147 3.835999999999999
      vertex 1.1611387090178493 3.8277613429288353 3.835999999999999
    endloop
  endfacet
  facet normal 0 0 1
    outer loop
      vertex 1.8789857029914856 3.515335015952587 3.835999999999999
      vertex 2.2222809320784087 3.325878449210181 3.835999999999999
      vertex 1.8855869473039906 3.52768505739342 3.835999999999999
    endloop
  endfacet
  facet normal 0 0 1
    outer loop
      vertex 1.5253747627139091 3.6825805231928825 3.835999999999999
      vertex 1.8855869473039906 3.52768505739342 3.835999999999999
      vertex 1.5307337294603591 3.695518130045147 3.835999999999999
    endloop
  endfacet
  facet normal 0 0 1
    outer loop
      vertex 1.5253747627139091 3.6825805231928825 3.835999999999999
      vertex 1.8789857029914856 3.515335015952587 3.835999999999999
      vertex 1.8855869473039906 3.52768505739342 3.835999999999999
    endloop
  endfacet
  facet normal 0 0 1
    outer loop
      vertex 3.985996425151825 0 3.835999999999999
      vertex 4 0 3.835999999999999
      vertex 3.966802768409252 0.3906959444284439 3.835999999999999
    endloop
  endfacet
  facet normal 0 0 1
    outer loop
      vertex 4 0 3.835999999999999
      vertex 3.9807389066887877 0.3920685613182424 3.835999999999999
      vertex 3.966802768409252 0.3906959444284439 3.835999999999999
    endloop
  endfacet
  facet normal 0 0 1
    outer loop
      vertex 3.966802768409252 0.3906959444284439 3.835999999999999
      vertex 3.9807389066887877 0.3920685613182424 3.835999999999999
      vertex 3.909406617283821 0.7776293456554413 3.835999999999999
    endloop
  endfacet
  facet normal 0 0 1
    outer loop
      vertex 3.9807389066887877 0.3920685613182424 3.835999999999999
      vertex 3.9231411216129217 0.780361288064513 3.835999999999999
      vertex 3.909406617283821 0.7776293456554413 3.835999999999999
    endloop
  endfacet
  facet normal 0 0 1
    outer loop
      vertex 3.909406617283821 0.7776293456554413 3.835999999999999
      vertex 3.9231411216129217 0.780361288064513 3.835999999999999
      vertex 3.81436076015234 1.1570736840367317 3.835999999999999
    endloop
  endfacet
  facet normal 0 0 1
    outer loop
      vertex 3.515335015952587 1.8789857029914856 3.835999999999999
      vertex 3.52768505739342 1.8855869473039906 3.835999999999999
      vertex 3.314234897494316 2.2145009636878967 3.835999999999999
    endloop
  endfacet
  facet normal 0 0 1
    outer loop
      vertex 3.8277613429288353 1.1611387090178493 3.835999999999999
      vertex 3.695518130045147 1.5307337294603591 3.835999999999999
      vertex 3.6825805231928825 1.5253747627139091 3.835999999999999
    endloop
  endfacet
  facet normal 0 0 1
    outer loop
      vertex 3.9231411216129217 0.780361288064513 3.835999999999999
      vertex 3.8277613429288353 1.1611387090178493 3.835999999999999
      vertex 3.81436076015234 1.1570736840367317 3.835999999999999
    endloop
  endfacet
  facet normal 0 0 1
    outer loop
      vertex 3.81436076015234 1.1570736840367317 3.835999999999999
      vertex 3.8277613429288353 1.1611387090178493 3.835999999999999
      vertex 3.6825805231928825 1.5253747627139091 3.835999999999999
    endloop
  endfacet
  facet normal 0 0 1
    outer loop
      vertex 3.6825805231928825 1.5253747627139091 3.835999999999999
      vertex 3.695518130045147 1.5307337294603591 3.835999999999999
      vertex 3.515335015952587 1.8789857029914856 3.835999999999999
    endloop
  endfacet
  facet normal 0 0 1
    outer loop
      vertex 3.695518130045147 1.5307337294603591 3.835999999999999
      vertex 3.52768505739342 1.8855869473039906 3.835999999999999
      vertex 3.515335015952587 1.8789857029914856 3.835999999999999
    endloop
  endfacet
  facet normal 0 0 1
    outer loop
      vertex 2.8185250982642174 2.8185250982642174 3.835999999999999
      vertex 2.8284271247461903 2.8284271247461903 3.835999999999999
      vertex 2.52868939191103 3.0812168791890144 3.835999999999999
    endloop
  endfacet
  facet normal 0 0 1
    outer loop
      vertex 2.8185250982642174 2.8185250982642174 3.835999999999999
      vertex 3.092041813450948 2.537573136654582 3.835999999999999
      vertex 2.8284271247461903 2.8284271247461903 3.835999999999999
    endloop
  endfacet
  facet normal 0 0 1
    outer loop
      vertex 2.8185250982642174 2.8185250982642174 3.835999999999999
      vertex 3.0812168791890144 2.52868939191103 3.835999999999999
      vertex 3.092041813450948 2.537573136654582 3.835999999999999
    endloop
  endfacet
  facet normal 0 0 1
    outer loop
      vertex 1.8789857029914856 3.515335015952587 3.835999999999999
      vertex 2.2145009636878967 3.314234897494316 3.835999999999999
      vertex 2.2222809320784087 3.325878449210181 3.835999999999999
    endloop
  endfacet
  facet normal 0 0 1
    outer loop
      vertex 2.2145009636878967 3.314234897494316 3.835999999999999
      vertex 2.537573136654582 3.092041813450948 3.835999999999999
      vertex 2.2222809320784087 3.325878449210181 3.835999999999999
    endloop
  endfacet
  facet normal 0 0 1
    outer loop
      vertex 2.2145009636878967 3.314234897494316 3.835999999999999
      vertex 2.52868939191103 3.0812168791890144 3.835999999999999
      vertex 2.537573136654582 3.092041813450948 3.835999999999999
    endloop
  endfacet
  facet normal 0 0 1
    outer loop
      vertex 2.8284271247461903 2.8284271247461903 3.835999999999999
      vertex 2.537573136654582 3.092041813450948 3.835999999999999
      vertex 2.52868939191103 3.0812168791890144 3.835999999999999
    endloop
  endfacet
  facet normal 0 0 1
    outer loop
      vertex 3.314234897494316 2.2145009636878967 3.835999999999999
      vertex 3.325878449210181 2.2222809320784087 3.835999999999999
      vertex 3.0812168791890144 2.52868939191103 3.835999999999999
    endloop
  endfacet
  facet normal 0 0 1
    outer loop
      vertex 3.325878449210181 2.2222809320784087 3.835999999999999
      vertex 3.092041813450948 2.537573136654582 3.835999999999999
      vertex 3.0812168791890144 2.52868939191103 3.835999999999999
    endloop
  endfacet
  facet normal 0 0 1
    outer loop
      vertex 3.52768505739342 1.8855869473039906 3.835999999999999
      vertex 3.325878449210181 2.2222809320784087 3.835999999999999
      vertex 3.314234897494316 2.2145009636878967 3.835999999999999
    endloop
  endfacet
  facet normal -0.8577286100002717 -0.5141027441932225 0
    outer loop
      vertex -2.078674030756363 -1.3889255825490054 7.026
      vertex -2.204803160870888 -1.1784918420649941 4.835999999999999
      vertex -2.078674030756363 -1.3889255825490054 4.835999999999999
    endloop
  endfacet
  facet normal -0.9039892931234436 -0.42755509343028164 0
    outer loop
      vertex -2.204803160870888 -1.1784918420649941 7.026
      vertex -2.309698831278217 -0.9567085809127245 4.835999999999999
      vertex -2.204803160870888 -1.1784918420649941 4.835999999999999
    endloop
  endfacet
  facet normal -0.9415440651830211 -0.33688985339221883 0
    outer loop
      vertex -2.309698831278217 -0.9567085809127245 7.026
      vertex -2.392350839330522 -0.7257116931361558 4.835999999999999
      vertex -2.309698831278217 -0.9567085809127245 4.835999999999999
    endloop
  endfacet
  facet normal -0.9700312531945438 -0.24298017990326456 0
    outer loop
      vertex -2.392350839330522 -0.7257116931361558 7.026
      vertex -2.451963201008076 -0.4877258050403206 4.835999999999999
      vertex -2.392350839330522 -0.7257116931361558 4.835999999999999
    endloop
  endfacet
  facet normal -0.9891765099647808 -0.14673047445536286 0
    outer loop
      vertex -2.451963201008076 -0.4877258050403206 7.026
      vertex -2.4879618166804924 -0.2450428508239015 4.835999999999999
      vertex -2.451963201008076 -0.4877258050403206 4.835999999999999
    endloop
  endfacet
  facet normal -0.9987954562051725 -0.04906767432741713 0
    outer loop
      vertex -2.4879618166804924 -0.2450428508239015 7.026
      vertex -2.5 0 4.835999999999999
      vertex -2.4879618166804924 -0.2450428508239015 4.835999999999999
    endloop
  endfacet
  facet normal -0.9039892931234436 -0.42755509343028164 1.2102257048207649e-18
    outer loop
      vertex -2.204803160870888 -1.1784918420649941 7.026
      vertex -2.309698831278217 -0.9567085809127245 7.026
      vertex -2.309698831278217 -0.9567085809127245 4.835999999999999
    endloop
  endfacet
  facet normal -0.8032075314806453 -0.595699304492433 -3.080986174843275e-18
    outer loop
      vertex -1.9325261334068424 -1.5859832104091138 7.026
      vertex -2.078674030756363 -1.3889255825490054 7.026
      vertex -2.078674030756363 -1.3889255825490054 4.835999999999999
    endloop
  endfacet
  facet normal -0.8577286100002717 -0.5141027441932225 -2.272485849571616e-18
    outer loop
      vertex -2.078674030756363 -1.3889255825490054 7.026
      vertex -2.204803160870888 -1.1784918420649941 7.026
      vertex -2.204803160870888 -1.1784918420649941 4.835999999999999
    endloop
  endfacet
  facet normal 0 0 1
    outer loop
      vertex -2.204803160870888 -1.1784918420649941 7.026
      vertex -2.300460035953104 -0.9528817465890737 7.026
      vertex -2.309698831278217 -0.9567085809127245 7.026
    endloop
  endfacet
  facet normal 0 0 1
    outer loop
      vertex -1.9325261334068424 -1.5859832104091138 7.026
      vertex -2.0703593346333378 -1.3833698802188095 7.026
      vertex -2.078674030756363 -1.3889255825490054 7.026
    endloop
  endfacet
  facet normal 0 0 1
    outer loop
      vertex -2.078674030756363 -1.3889255825490054 7.026
      vertex -2.0703593346333378 -1.3833698802188095 7.026
      vertex -2.1959839482274046 -1.1737778746967342 7.026
    endloop
  endfacet
  facet normal 0 0 1
    outer loop
      vertex -2.078674030756363 -1.3889255825490054 7.026
      vertex -2.1959839482274046 -1.1737778746967342 7.026
      vertex -2.204803160870888 -1.1784918420649941 7.026
    endloop
  endfacet
  facet normal 0 0 1
    outer loop
      vertex -2.204803160870888 -1.1784918420649941 7.026
      vertex -2.1959839482274046 -1.1737778746967342 7.026
      vertex -2.300460035953104 -0.9528817465890737 7.026
    endloop
  endfacet
  facet normal -0.9415440651830211 -0.33688985339221883 -2.5471669995436907e-18
    outer loop
      vertex -2.309698831278217 -0.9567085809127245 7.026
      vertex -2.392350839330522 -0.7257116931361558 7.026
      vertex -2.392350839330522 -0.7257116931361558 4.835999999999999
    endloop
  endfacet
  facet normal -0.9700312531945438 -0.24298017990326456 -2.6301060075072284e-19
    outer loop
      vertex -2.392350839330522 -0.7257116931361558 7.026
      vertex -2.451963201008076 -0.4877258050403206 7.026
      vertex -2.451963201008076 -0.4877258050403206 4.835999999999999
    endloop
  endfacet
  facet normal -0.9891765099647808 -0.14673047445536286 -1.6072259898279064e-18
    outer loop
      vertex -2.451963201008076 -0.4877258050403206 7.026
      vertex -2.4879618166804924 -0.2450428508239015 7.026
      vertex -2.4879618166804924 -0.2450428508239015 4.835999999999999
    endloop
  endfacet
  facet normal -0.9987954562051724 -0.04906767432741713 -3.1741509617989467e-19
    outer loop
      vertex -2.4879618166804924 -0.2450428508239015 7.026
      vertex -2.5 0 7.016
      vertex -2.5 0 4.835999999999999
    endloop
  endfacet
  facet normal 0 0 1
    outer loop
      vertex -2.309698831278217 -0.9567085809127245 7.026
      vertex -2.300460035953104 -0.9528817465890737 7.026
      vertex -2.3827814359732002 -0.7228088463636112 7.026
    endloop
  endfacet
  facet normal 0 0 1
    outer loop
      vertex -2.309698831278217 -0.9567085809127245 7.026
      vertex -2.3827814359732002 -0.7228088463636112 7.026
      vertex -2.392350839330522 -0.7257116931361558 7.026
    endloop
  endfacet
  facet normal 0 0 1
    outer loop
      vertex -2.392350839330522 -0.7257116931361558 7.026
      vertex -2.3827814359732002 -0.7228088463636112 7.026
      vertex -2.442155348204044 -0.48577490182015937 7.026
    endloop
  endfacet
  facet normal 0 0 1
    outer loop
      vertex -2.392350839330522 -0.7257116931361558 7.026
      vertex -2.442155348204044 -0.48577490182015937 7.026
      vertex -2.451963201008076 -0.4877258050403206 7.026
    endloop
  endfacet
  facet normal 0 0 1
    outer loop
      vertex -2.451963201008076 -0.4877258050403206 7.026
      vertex -2.442155348204044 -0.48577490182015937 7.026
      vertex -2.4780099694137707 -0.24406267942060592 7.026
    endloop
  endfacet
  facet normal 0 0 1
    outer loop
      vertex -2.451963201008076 -0.4877258050403206 7.026
      vertex -2.4780099694137707 -0.24406267942060592 7.026
      vertex -2.4879618166804924 -0.2450428508239015 7.026
    endloop
  endfacet
  facet normal 0 0 1
    outer loop
      vertex -2.4879618166804924 -0.2450428508239015 7.026
      vertex -2.4780099694137707 -0.24406267942060592 7.026
      vertex -2.49 0 7.026
    endloop
  endfacet
  facet normal -0.9987954562051724 -0.04906767432741713 0
    outer loop
      vertex -2.5 0 7.016
      vertex -2.4879618166804924 -0.2450428508239015 7.026
      vertex -2.5 0 7.026
    endloop
  endfacet
  facet normal 0 0 1
    outer loop
      vertex -2.4879618166804924 -0.2450428508239015 7.026
      vertex -2.49 0 7.026
      vertex -2.5 0 7.026
    endloop
  endfacet
  facet normal -0.595699304492433 -0.8032075314806453 0
    outer loop
      vertex -1.3889255825490054 -2.078674030756363 7.026
      vertex -1.5859832104091138 -1.9325261334068424 4.835999999999999
      vertex -1.3889255825490054 -2.078674030756363 4.835999999999999
    endloop
  endfacet
  facet normal -0.42755509343028164 -0.9039892931234436 0
    outer loop
      vertex -0.9567085809127245 -2.309698831278217 7.026
      vertex -1.1784918420649941 -2.204803160870888 4.835999999999999
      vertex -0.9567085809127245 -2.309698831278217 4.835999999999999
    endloop
  endfacet
  facet normal -0.5141027441932225 -0.8577286100002717 0
    outer loop
      vertex -1.1784918420649941 -2.204803160870888 7.026
      vertex -1.3889255825490054 -2.078674030756363 4.835999999999999
      vertex -1.1784918420649941 -2.204803160870888 4.835999999999999
    endloop
  endfacet
  facet normal -0.33688985339221883 -0.9415440651830211 0
    outer loop
      vertex -0.7257116931361558 -2.392350839330522 7.026
      vertex -0.9567085809127245 -2.309698831278217 4.835999999999999
      vertex -0.7257116931361558 -2.392350839330522 4.835999999999999
    endloop
  endfacet
  facet normal -0.24298017990326456 -0.9700312531945438 0
    outer loop
      vertex -0.4877258050403206 -2.451963201008076 7.026
      vertex -0.7257116931361558 -2.392350839330522 4.835999999999999
      vertex -0.4877258050403206 -2.451963201008076 4.835999999999999
    endloop
  endfacet
  facet normal -0.14673047445536286 -0.9891765099647808 0
    outer loop
      vertex -0.2450428508239015 -2.4879618166804924 7.026
      vertex -0.4877258050403206 -2.451963201008076 4.835999999999999
      vertex -0.2450428508239015 -2.4879618166804924 4.835999999999999
    endloop
  endfacet
  facet normal -0.04906767432741713 -0.9987954562051725 0
    outer loop
      vertex 0 -2.5 7.026
      vertex -0.2450428508239015 -2.4879618166804924 4.835999999999999
      vertex 0 -2.5 4.835999999999999
    endloop
  endfacet
  facet normal -0.5141027441932225 -0.8577286100002717 0
    outer loop
      vertex -1.3889255825490054 -2.078674030756363 7.026
      vertex -1.3889255825490054 -2.078674030756363 4.835999999999999
      vertex -1.1784918420649941 -2.204803160870888 7.026
    endloop
  endfacet
  facet normal -0.42755509343028164 -0.9039892931234436 0
    outer loop
      vertex -1.1784918420649941 -2.204803160870888 7.026
      vertex -1.1784918420649941 -2.204803160870888 4.835999999999999
      vertex -0.9567085809127245 -2.309698831278217 7.026
    endloop
  endfacet
  facet normal 0 0 1
    outer loop
      vertex -1.5796392775674775 -1.9247960288732153 7.026
      vertex -1.3889255825490054 -2.078674030756363 7.026
      vertex -1.3833698802188095 -2.0703593346333378 7.026
    endloop
  endfacet
  facet normal 0 0 1
    outer loop
      vertex -1.3889255825490054 -2.078674030756363 7.026
      vertex -1.1784918420649941 -2.204803160870888 7.026
      vertex -1.3833698802188095 -2.0703593346333378 7.026
    endloop
  endfacet
  facet normal 0 0 1
    outer loop
      vertex -1.1737778746967342 -2.1959839482274046 7.026
      vertex -0.9567085809127245 -2.309698831278217 7.026
      vertex -0.9528817465890737 -2.300460035953104 7.026
    endloop
  endfacet
  facet normal 0 0 1
    outer loop
      vertex -1.3833698802188095 -2.0703593346333378 7.026
      vertex -1.1784918420649941 -2.204803160870888 7.026
      vertex -1.1737778746967342 -2.1959839482274046 7.026
    endloop
  endfacet
  facet normal 0 0 1
    outer loop
      vertex -1.1784918420649941 -2.204803160870888 7.026
      vertex -0.9567085809127245 -2.309698831278217 7.026
      vertex -1.1737778746967342 -2.1959839482274046 7.026
    endloop
  endfacet
  facet normal -0.33688985339221883 -0.9415440651830211 0
    outer loop
      vertex -0.9567085809127245 -2.309698831278217 7.026
      vertex -0.9567085809127245 -2.309698831278217 4.835999999999999
      vertex -0.7257116931361558 -2.392350839330522 7.026
    endloop
  endfacet
  facet normal -0.24298017990326456 -0.9700312531945438 0
    outer loop
      vertex -0.7257116931361558 -2.392350839330522 7.026
      vertex -0.7257116931361558 -2.392350839330522 4.835999999999999
      vertex -0.4877258050403206 -2.451963201008076 7.026
    endloop
  endfacet
  facet normal -0.14673047445536286 -0.9891765099647808 0
    outer loop
      vertex -0.4877258050403206 -2.451963201008076 7.026
      vertex -0.4877258050403206 -2.451963201008076 4.835999999999999
      vertex -0.2450428508239015 -2.4879618166804924 7.026
    endloop
  endfacet
  facet normal -0.04906767432741713 -0.9987954562051725 0
    outer loop
      vertex -0.2450428508239015 -2.4879618166804924 7.026
      vertex -0.2450428508239015 -2.4879618166804924 4.835999999999999
      vertex 0 -2.5 7.026
    endloop
  endfacet
  facet normal 0 0 1
    outer loop
      vertex -0.9567085809127245 -2.309698831278217 7.026
      vertex -0.7257116931361558 -2.392350839330522 7.026
      vertex -0.9528817465890737 -2.300460035953104 7.026
    endloop
  endfacet
  facet normal 0 0 1
    outer loop
      vertex -0.9528817465890737 -2.300460035953104 7.026
      vertex -0.7257116931361558 -2.392350839330522 7.026
      vertex -0.7228088463636112 -2.3827814359732002 7.026
    endloop
  endfacet
  facet normal 0 0 1
    outer loop
      vertex -0.7257116931361558 -2.392350839330522 7.026
      vertex -0.4877258050403206 -2.451963201008076 7.026
      vertex -0.7228088463636112 -2.3827814359732002 7.026
    endloop
  endfacet
  facet normal 0 0 1
    outer loop
      vertex -0.7228088463636112 -2.3827814359732002 7.026
      vertex -0.4877258050403206 -2.451963201008076 7.026
      vertex -0.48577490182015937 -2.442155348204044 7.026
    endloop
  endfacet
  facet normal 0 0 1
    outer loop
      vertex -0.4877258050403206 -2.451963201008076 7.026
      vertex -0.2450428508239015 -2.4879618166804924 7.026
      vertex -0.48577490182015937 -2.442155348204044 7.026
    endloop
  endfacet
  facet normal 0 0 1
    outer loop
      vertex -0.48577490182015937 -2.442155348204044 7.026
      vertex -0.2450428508239015 -2.4879618166804924 7.026
      vertex -0.24406267942060592 -2.4780099694137707 7.026
    endloop
  endfacet
  facet normal 0 0 1
    outer loop
      vertex -0.2450428508239015 -2.4879618166804924 7.026
      vertex 0 -2.5 7.026
      vertex -0.24406267942060592 -2.4780099694137707 7.026
    endloop
  endfacet
  facet normal 0 0 1
    outer loop
      vertex -0.24406267942060592 -2.4780099694137707 7.026
      vertex 0 -2.5 7.026
      vertex 0 -2.49 7.026
    endloop
  endfacet
  facet normal -0.8032075314806453 -0.595699304492433 0
    outer loop
      vertex -1.9325261334068424 -1.5859832104091138 7.026
      vertex -2.078674030756363 -1.3889255825490054 4.835999999999999
      vertex -1.9325261334068424 -1.5859832104091138 4.835999999999999
    endloop
  endfacet
  facet normal -0.7409511253549591 -0.6715589548470184 0
    outer loop
      vertex -1.7677669529663689 -1.7677669529663689 7.026
      vertex -1.9325261334068424 -1.5859832104091138 4.835999999999999
      vertex -1.7677669529663689 -1.7677669529663689 4.835999999999999
    endloop
  endfacet
  facet normal -0.6715589548470184 -0.7409511253549591 0
    outer loop
      vertex -1.5859832104091138 -1.9325261334068424 7.026
      vertex -1.7677669529663689 -1.7677669529663689 4.835999999999999
      vertex -1.5859832104091138 -1.9325261334068424 4.835999999999999
    endloop
  endfacet
  facet normal -0.7409511253549591 -0.6715589548470184 0
    outer loop
      vertex -1.9325261334068424 -1.5859832104091138 7.026
      vertex -1.9325261334068424 -1.5859832104091138 4.835999999999999
      vertex -1.7677669529663689 -1.7677669529663689 7.026
    endloop
  endfacet
  facet normal -0.6715589548470184 -0.7409511253549591 1.5605035790114727e-18
    outer loop
      vertex -1.5859832104091138 -1.9325261334068424 7.026
      vertex -1.7677669529663689 -1.7677669529663689 7.026
      vertex -1.7677669529663689 -1.7677669529663689 4.835999999999999
    endloop
  endfacet
  facet normal -0.595699304492433 -0.8032075314806453 0
    outer loop
      vertex -1.5859832104091138 -1.9325261334068424 7.026
      vertex -1.5859832104091138 -1.9325261334068424 4.835999999999999
      vertex -1.3889255825490054 -2.078674030756363 7.026
    endloop
  endfacet
  facet normal 0 0 1
    outer loop
      vertex -1.9325261334068424 -1.5859832104091138 7.026
      vertex -1.7677669529663689 -1.7677669529663689 7.026
      vertex -1.9247960288732153 -1.5796392775674775 7.026
    endloop
  endfacet
  facet normal 0 0 1
    outer loop
      vertex -1.9325261334068424 -1.5859832104091138 7.026
      vertex -1.9247960288732153 -1.5796392775674775 7.026
      vertex -2.0703593346333378 -1.3833698802188095 7.026
    endloop
  endfacet
  facet normal 0 0 1
    outer loop
      vertex -1.9247960288732153 -1.5796392775674775 7.026
      vertex -1.7677669529663689 -1.7677669529663689 7.026
      vertex -1.7606958851545036 -1.7606958851545036 7.026
    endloop
  endfacet
  facet normal 0 0 1
    outer loop
      vertex -1.5859832104091138 -1.9325261334068424 7.026
      vertex -1.7606958851545036 -1.7606958851545036 7.026
      vertex -1.7677669529663689 -1.7677669529663689 7.026
    endloop
  endfacet
  facet normal 0 0 1
    outer loop
      vertex -1.5859832104091138 -1.9325261334068424 7.026
      vertex -1.5796392775674775 -1.9247960288732153 7.026
      vertex -1.7606958851545036 -1.7606958851545036 7.026
    endloop
  endfacet
  facet normal 0 0 1
    outer loop
      vertex -1.5859832104091138 -1.9325261334068424 7.026
      vertex -1.3889255825490054 -2.078674030756363 7.026
      vertex -1.5796392775674775 -1.9247960288732153 7.026
    endloop
  endfacet
  facet normal -0.9987954562051724 0.04906767432741713 0
    outer loop
      vertex -2.5 0 7.016
      vertex -2.4879618166804924 0.2450428508239015 4.835999999999999
      vertex -2.5 0 4.835999999999999
    endloop
  endfacet
  facet normal -0.9891765099647808 0.14673047445536286 0
    outer loop
      vertex -2.4879618166804924 0.2450428508239015 7.026
      vertex -2.451963201008076 0.4877258050403206 4.835999999999999
      vertex -2.4879618166804924 0.2450428508239015 4.835999999999999
    endloop
  endfacet
  facet normal -0.9700312531945438 0.24298017990326456 0
    outer loop
      vertex -2.451963201008076 0.4877258050403206 7.026
      vertex -2.392350839330522 0.7257116931361558 4.835999999999999
      vertex -2.451963201008076 0.4877258050403206 4.835999999999999
    endloop
  endfacet
  facet normal -0.9415440651830211 0.33688985339221883 0
    outer loop
      vertex -2.392350839330522 0.7257116931361558 7.026
      vertex -2.309698831278217 0.9567085809127245 4.835999999999999
      vertex -2.392350839330522 0.7257116931361558 4.835999999999999
    endloop
  endfacet
  facet normal -0.9039892931234436 0.42755509343028164 0
    outer loop
      vertex -2.309698831278217 0.9567085809127245 7.026
      vertex -2.204803160870888 1.1784918420649941 4.835999999999999
      vertex -2.309698831278217 0.9567085809127245 4.835999999999999
    endloop
  endfacet
  facet normal -0.8577286100002717 0.5141027441932225 0
    outer loop
      vertex -2.204803160870888 1.1784918420649941 7.026
      vertex -2.078674030756363 1.3889255825490054 4.835999999999999
      vertex -2.204803160870888 1.1784918420649941 4.835999999999999
    endloop
  endfacet
  facet normal -0.8032075314806453 0.595699304492433 0
    outer loop
      vertex -2.078674030756363 1.3889255825490054 7.026
      vertex -1.9325261334068424 1.5859832104091138 4.835999999999999
      vertex -2.078674030756363 1.3889255825490054 4.835999999999999
    endloop
  endfacet
  facet normal -0.9987954562051725 0.04906767432741713 3.159657121790733e-19
    outer loop
      vertex -2.5 0 7.016
      vertex -2.4879618166804924 0.2450428508239015 7.026
      vertex -2.4879618166804924 0.2450428508239015 4.835999999999999
    endloop
  endfacet
  facet normal -0.9891765099647808 0.14673047445536286 1.6072259898279064e-18
    outer loop
      vertex -2.4879618166804924 0.2450428508239015 7.026
      vertex -2.451963201008076 0.4877258050403206 7.026
      vertex -2.451963201008076 0.4877258050403206 4.835999999999999
    endloop
  endfacet
  facet normal -0.9700312531945438 0.24298017990326456 2.6301060075072284e-19
    outer loop
      vertex -2.451963201008076 0.4877258050403206 7.026
      vertex -2.392350839330522 0.7257116931361558 7.026
      vertex -2.392350839330522 0.7257116931361558 4.835999999999999
    endloop
  endfacet
  facet normal -0.9415440651830211 0.33688985339221883 2.5471669995436907e-18
    outer loop
      vertex -2.392350839330522 0.7257116931361558 7.026
      vertex -2.309698831278217 0.9567085809127245 7.026
      vertex -2.309698831278217 0.9567085809127245 4.835999999999999
    endloop
  endfacet
  facet normal -0.9987954562051724 0.04906767432741713 0
    outer loop
      vertex -2.5 0 7.016
      vertex -2.5 0 7.026
      vertex -2.4879618166804924 0.2450428508239015 7.026
    endloop
  endfacet
  facet normal 0 0 1
    outer loop
      vertex -2.5 0 7.026
      vertex -2.49 0 7.026
      vertex -2.4780099694137707 0.24406267942060592 7.026
    endloop
  endfacet
  facet normal 0 0 1
    outer loop
      vertex -2.5 0 7.026
      vertex -2.4780099694137707 0.24406267942060592 7.026
      vertex -2.4879618166804924 0.2450428508239015 7.026
    endloop
  endfacet
  facet normal 0 0 1
    outer loop
      vertex -2.4879618166804924 0.2450428508239015 7.026
      vertex -2.4780099694137707 0.24406267942060592 7.026
      vertex -2.442155348204044 0.48577490182015937 7.026
    endloop
  endfacet
  facet normal 0 0 1
    outer loop
      vertex -2.4879618166804924 0.2450428508239015 7.026
      vertex -2.442155348204044 0.48577490182015937 7.026
      vertex -2.451963201008076 0.4877258050403206 7.026
    endloop
  endfacet
  facet normal 0 0 1
    outer loop
      vertex -2.451963201008076 0.4877258050403206 7.026
      vertex -2.442155348204044 0.48577490182015937 7.026
      vertex -2.3827814359732002 0.7228088463636112 7.026
    endloop
  endfacet
  facet normal 0 0 1
    outer loop
      vertex -2.451963201008076 0.4877258050403206 7.026
      vertex -2.3827814359732002 0.7228088463636112 7.026
      vertex -2.392350839330522 0.7257116931361558 7.026
    endloop
  endfacet
  facet normal 0 0 1
    outer loop
      vertex -2.392350839330522 0.7257116931361558 7.026
      vertex -2.3827814359732002 0.7228088463636112 7.026
      vertex -2.300460035953104 0.9528817465890737 7.026
    endloop
  endfacet
  facet normal 0 0 1
    outer loop
      vertex -2.392350839330522 0.7257116931361558 7.026
      vertex -2.300460035953104 0.9528817465890737 7.026
      vertex -2.309698831278217 0.9567085809127245 7.026
    endloop
  endfacet
  facet normal -0.9039892931234436 0.42755509343028164 -1.2102257048207649e-18
    outer loop
      vertex -2.309698831278217 0.9567085809127245 7.026
      vertex -2.204803160870888 1.1784918420649941 7.026
      vertex -2.204803160870888 1.1784918420649941 4.835999999999999
    endloop
  endfacet
  facet normal -0.8577286100002717 0.5141027441932225 2.272485849571616e-18
    outer loop
      vertex -2.204803160870888 1.1784918420649941 7.026
      vertex -2.078674030756363 1.3889255825490054 7.026
      vertex -2.078674030756363 1.3889255825490054 4.835999999999999
    endloop
  endfacet
  facet normal 0 0 1
    outer loop
      vertex -2.309698831278217 0.9567085809127245 7.026
      vertex -2.300460035953104 0.9528817465890737 7.026
      vertex -2.1959839482274046 1.1737778746967342 7.026
    endloop
  endfacet
  facet normal 0 0 1
    outer loop
      vertex -2.309698831278217 0.9567085809127245 7.026
      vertex -2.1959839482274046 1.1737778746967342 7.026
      vertex -2.204803160870888 1.1784918420649941 7.026
    endloop
  endfacet
  facet normal 0 0 1
    outer loop
      vertex -2.204803160870888 1.1784918420649941 7.026
      vertex -2.1959839482274046 1.1737778746967342 7.026
      vertex -2.0703593346333378 1.3833698802188095 7.026
    endloop
  endfacet
  facet normal 0 0 1
    outer loop
      vertex -2.204803160870888 1.1784918420649941 7.026
      vertex -2.0703593346333378 1.3833698802188095 7.026
      vertex -2.078674030756363 1.3889255825490054 7.026
    endloop
  endfacet
  facet normal 0 0 1
    outer loop
      vertex -2.0703593346333378 1.3833698802188095 7.026
      vertex -1.9247960288732153 1.5796392775674775 7.026
      vertex -2.078674030756363 1.3889255825490054 7.026
    endloop
  endfacet
  facet normal -0.7409511253549591 0.6715589548470184 0
    outer loop
      vertex -1.9325261334068424 1.5859832104091138 7.026
      vertex -1.7677669529663689 1.7677669529663689 4.835999999999999
      vertex -1.9325261334068424 1.5859832104091138 4.835999999999999
    endloop
  endfacet
  facet normal -0.6715589548470184 0.7409511253549591 0
    outer loop
      vertex -1.7677669529663689 1.7677669529663689 7.026
      vertex -1.5859832104091138 1.9325261334068424 4.835999999999999
      vertex -1.7677669529663689 1.7677669529663689 4.835999999999999
    endloop
  endfacet
  facet normal -0.595699304492433 0.8032075314806453 0
    outer loop
      vertex -1.5859832104091138 1.9325261334068424 7.026
      vertex -1.3889255825490054 2.078674030756363 4.835999999999999
      vertex -1.5859832104091138 1.9325261334068424 4.835999999999999
    endloop
  endfacet
  facet normal -0.8032075314806453 0.595699304492433 3.080986174843275e-18
    outer loop
      vertex -2.078674030756363 1.3889255825490054 7.026
      vertex -1.9325261334068424 1.5859832104091138 7.026
      vertex -1.9325261334068424 1.5859832104091138 4.835999999999999
    endloop
  endfacet
  facet normal -0.7409511253549591 0.6715589548470184 -1.5605035790114727e-18
    outer loop
      vertex -1.9325261334068424 1.5859832104091138 7.026
      vertex -1.7677669529663689 1.7677669529663689 7.026
      vertex -1.7677669529663689 1.7677669529663689 4.835999999999999
    endloop
  endfacet
  facet normal -0.6715589548470184 0.7409511253549591 -1.5605035790114727e-18
    outer loop
      vertex -1.7677669529663689 1.7677669529663689 7.026
      vertex -1.5859832104091138 1.9325261334068424 7.026
      vertex -1.5859832104091138 1.9325261334068424 4.835999999999999
    endloop
  endfacet
  facet normal 0 0 1
    outer loop
      vertex -2.078674030756363 1.3889255825490054 7.026
      vertex -1.9247960288732153 1.5796392775674775 7.026
      vertex -1.9325261334068424 1.5859832104091138 7.026
    endloop
  endfacet
  facet normal 0 0 1
    outer loop
      vertex -1.9247960288732153 1.5796392775674775 7.026
      vertex -1.7606958851545036 1.7606958851545036 7.026
      vertex -1.9325261334068424 1.5859832104091138 7.026
    endloop
  endfacet
  facet normal 0 0 1
    outer loop
      vertex -1.9325261334068424 1.5859832104091138 7.026
      vertex -1.7606958851545036 1.7606958851545036 7.026
      vertex -1.7677669529663689 1.7677669529663689 7.026
    endloop
  endfacet
  facet normal 0 0 1
    outer loop
      vertex -1.7677669529663689 1.7677669529663689 7.026
      vertex -1.7606958851545036 1.7606958851545036 7.026
      vertex -1.5796392775674775 1.9247960288732153 7.026
    endloop
  endfacet
  facet normal 0 0 1
    outer loop
      vertex -1.7677669529663689 1.7677669529663689 7.026
      vertex -1.5796392775674775 1.9247960288732153 7.026
      vertex -1.5859832104091138 1.9325261334068424 7.026
    endloop
  endfacet
  facet normal 0 0 1
    outer loop
      vertex -1.5859832104091138 1.9325261334068424 7.026
      vertex -1.5796392775674775 1.9247960288732153 7.026
      vertex -1.3833698802188095 2.0703593346333378 7.026
    endloop
  endfacet
  facet normal -0.5141027441932225 0.8577286100002717 0
    outer loop
      vertex -1.3889255825490054 2.078674030756363 7.026
      vertex -1.1784918420649941 2.204803160870888 4.835999999999999
      vertex -1.3889255825490054 2.078674030756363 4.835999999999999
    endloop
  endfacet
  facet normal -0.42755509343028164 0.9039892931234436 0
    outer loop
      vertex -1.1784918420649941 2.204803160870888 7.026
      vertex -0.9567085809127245 2.309698831278217 4.835999999999999
      vertex -1.1784918420649941 2.204803160870888 4.835999999999999
    endloop
  endfacet
  facet normal -0.33688985339221883 0.9415440651830211 0
    outer loop
      vertex -0.9567085809127245 2.309698831278217 7.026
      vertex -0.7257116931361558 2.392350839330522 4.835999999999999
      vertex -0.9567085809127245 2.309698831278217 4.835999999999999
    endloop
  endfacet
  facet normal -0.24298017990326456 0.9700312531945438 0
    outer loop
      vertex -0.7257116931361558 2.392350839330522 7.026
      vertex -0.4877258050403206 2.451963201008076 4.835999999999999
      vertex -0.7257116931361558 2.392350839330522 4.835999999999999
    endloop
  endfacet
  facet normal -0.14673047445536286 0.9891765099647808 0
    outer loop
      vertex -0.4877258050403206 2.451963201008076 7.026
      vertex -0.2450428508239015 2.4879618166804924 4.835999999999999
      vertex -0.4877258050403206 2.451963201008076 4.835999999999999
    endloop
  endfacet
  facet normal -0.04906767432741713 0.9987954562051725 0
    outer loop
      vertex -0.2450428508239015 2.4879618166804924 7.026
      vertex 0 2.5 4.835999999999999
      vertex -0.2450428508239015 2.4879618166804924 4.835999999999999
    endloop
  endfacet
  facet normal -0.595699304492433 0.8032075314806453 3.080986174843275e-18
    outer loop
      vertex -1.5859832104091138 1.9325261334068424 7.026
      vertex -1.3889255825490054 2.078674030756363 7.026
      vertex -1.3889255825490054 2.078674030756363 4.835999999999999
    endloop
  endfacet
  facet normal -0.5141027441932225 0.8577286100002717 2.272485849571616e-18
    outer loop
      vertex -1.3889255825490054 2.078674030756363 7.026
      vertex -1.1784918420649941 2.204803160870888 7.026
      vertex -1.1784918420649941 2.204803160870888 4.835999999999999
    endloop
  endfacet
  facet normal -0.42755509343028164 0.9039892931234436 -1.2102257048207649e-18
    outer loop
      vertex -1.1784918420649941 2.204803160870888 7.026
      vertex -0.9567085809127245 2.309698831278217 7.026
      vertex -0.9567085809127245 2.309698831278217 4.835999999999999
    endloop
  endfacet
  facet normal 0 0 1
    outer loop
      vertex -1.5859832104091138 1.9325261334068424 7.026
      vertex -1.3833698802188095 2.0703593346333378 7.026
      vertex -1.3889255825490054 2.078674030756363 7.026
    endloop
  endfacet
  facet normal 0 0 1
    outer loop
      vertex -1.3889255825490054 2.078674030756363 7.026
      vertex -1.3833698802188095 2.0703593346333378 7.026
      vertex -1.1737778746967342 2.1959839482274046 7.026
    endloop
  endfacet
  facet normal 0 0 1
    outer loop
      vertex -1.3889255825490054 2.078674030756363 7.026
      vertex -1.1737778746967342 2.1959839482274046 7.026
      vertex -1.1784918420649941 2.204803160870888 7.026
    endloop
  endfacet
  facet normal 0 0 1
    outer loop
      vertex -1.1737778746967342 2.1959839482274046 7.026
      vertex -0.9528817465890737 2.300460035953104 7.026
      vertex -1.1784918420649941 2.204803160870888 7.026
    endloop
  endfacet
  facet normal 0 0 1
    outer loop
      vertex -1.1784918420649941 2.204803160870888 7.026
      vertex -0.9528817465890737 2.300460035953104 7.026
      vertex -0.9567085809127245 2.309698831278217 7.026
    endloop
  endfacet
  facet normal -0.33688985339221883 0.9415440651830211 2.5471669995436907e-18
    outer loop
      vertex -0.9567085809127245 2.309698831278217 7.026
      vertex -0.7257116931361558 2.392350839330522 7.026
      vertex -0.7257116931361558 2.392350839330522 4.835999999999999
    endloop
  endfacet
  facet normal -0.24298017990326456 0.9700312531945438 2.6301060075072284e-19
    outer loop
      vertex -0.7257116931361558 2.392350839330522 7.026
      vertex -0.4877258050403206 2.451963201008076 7.026
      vertex -0.4877258050403206 2.451963201008076 4.835999999999999
    endloop
  endfacet
  facet normal -0.14673047445536286 0.9891765099647808 1.6072259898279064e-18
    outer loop
      vertex -0.4877258050403206 2.451963201008076 7.026
      vertex -0.2450428508239015 2.4879618166804924 7.026
      vertex -0.2450428508239015 2.4879618166804924 4.835999999999999
    endloop
  endfacet
  facet normal -0.04906767432741713 0.9987954562051725 3.159657121790733e-19
    outer loop
      vertex -0.2450428508239015 2.4879618166804924 7.026
      vertex 0 2.5 7.026
      vertex 0 2.5 4.835999999999999
    endloop
  endfacet
  facet normal 0 0 1
    outer loop
      vertex -0.9528817465890737 2.300460035953104 7.026
      vertex -0.7228088463636112 2.3827814359732002 7.026
      vertex -0.9567085809127245 2.309698831278217 7.026
    endloop
  endfacet
  facet normal 0 0 1
    outer loop
      vertex -0.9567085809127245 2.309698831278217 7.026
      vertex -0.7228088463636112 2.3827814359732002 7.026
      vertex -0.7257116931361558 2.392350839330522 7.026
    endloop
  endfacet
  facet normal 0 0 1
    outer loop
      vertex -0.7228088463636112 2.3827814359732002 7.026
      vertex -0.48577490182015937 2.442155348204044 7.026
      vertex -0.7257116931361558 2.392350839330522 7.026
    endloop
  endfacet
  facet normal 0 0 1
    outer loop
      vertex -0.7257116931361558 2.392350839330522 7.026
      vertex -0.48577490182015937 2.442155348204044 7.026
      vertex -0.4877258050403206 2.451963201008076 7.026
    endloop
  endfacet
  facet normal 0 0 1
    outer loop
      vertex -0.48577490182015937 2.442155348204044 7.026
      vertex -0.24406267942060592 2.4780099694137707 7.026
      vertex -0.4877258050403206 2.451963201008076 7.026
    endloop
  endfacet
  facet normal 0 0 1
    outer loop
      vertex -0.4877258050403206 2.451963201008076 7.026
      vertex -0.24406267942060592 2.4780099694137707 7.026
      vertex -0.2450428508239015 2.4879618166804924 7.026
    endloop
  endfacet
  facet normal 0 0 1
    outer loop
      vertex -0.24406267942060592 2.4780099694137707 7.026
      vertex 0 2.49 7.026
      vertex -0.2450428508239015 2.4879618166804924 7.026
    endloop
  endfacet
  facet normal 0 0 1
    outer loop
      vertex -0.2450428508239015 2.4879618166804924 7.026
      vertex 0 2.49 7.026
      vertex 0 2.5 7.026
    endloop
  endfacet
  facet normal 0.04906767432741713 -0.9987954562051725 0
    outer loop
      vertex 0.2450428508239015 -2.4879618166804924 7.026
      vertex 0 -2.5 4.835999999999999
      vertex 0.2450428508239015 -2.4879618166804924 4.835999999999999
    endloop
  endfacet
  facet normal 0.14673047445536286 -0.9891765099647808 0
    outer loop
      vertex 0.4877258050403206 -2.451963201008076 7.026
      vertex 0.2450428508239015 -2.4879618166804924 4.835999999999999
      vertex 0.4877258050403206 -2.451963201008076 4.835999999999999
    endloop
  endfacet
  facet normal 0.24298017990326456 -0.9700312531945438 0
    outer loop
      vertex 0.7257116931361558 -2.392350839330522 7.026
      vertex 0.4877258050403206 -2.451963201008076 4.835999999999999
      vertex 0.7257116931361558 -2.392350839330522 4.835999999999999
    endloop
  endfacet
  facet normal 0.33688985339221883 -0.9415440651830211 0
    outer loop
      vertex 0.9567085809127245 -2.309698831278217 7.026
      vertex 0.7257116931361558 -2.392350839330522 4.835999999999999
      vertex 0.9567085809127245 -2.309698831278217 4.835999999999999
    endloop
  endfacet
  facet normal 0.42755509343028164 -0.9039892931234436 0
    outer loop
      vertex 1.1784918420649941 -2.204803160870888 7.026
      vertex 0.9567085809127245 -2.309698831278217 4.835999999999999
      vertex 1.1784918420649941 -2.204803160870888 4.835999999999999
    endloop
  endfacet
  facet normal 0.5141027441932225 -0.8577286100002717 0
    outer loop
      vertex 1.3889255825490054 -2.078674030756363 7.026
      vertex 1.1784918420649941 -2.204803160870888 4.835999999999999
      vertex 1.3889255825490054 -2.078674030756363 4.835999999999999
    endloop
  endfacet
  facet normal 0.04906767432741713 -0.9987954562051725 0
    outer loop
      vertex 0 -2.5 7.026
      vertex 0 -2.5 4.835999999999999
      vertex 0.2450428508239015 -2.4879618166804924 7.026
    endloop
  endfacet
  facet normal 0.14673047445536286 -0.9891765099647808 0
    outer loop
      vertex 0.2450428508239015 -2.4879618166804924 7.026
      vertex 0.2450428508239015 -2.4879618166804924 4.835999999999999
      vertex 0.4877258050403206 -2.451963201008076 7.026
    endloop
  endfacet
  facet normal 0.24298017990326456 -0.9700312531945438 0
    outer loop
      vertex 0.4877258050403206 -2.451963201008076 7.026
      vertex 0.4877258050403206 -2.451963201008076 4.835999999999999
      vertex 0.7257116931361558 -2.392350839330522 7.026
    endloop
  endfacet
  facet normal 0.33688985339221883 -0.9415440651830211 0
    outer loop
      vertex 0.7257116931361558 -2.392350839330522 7.026
      vertex 0.7257116931361558 -2.392350839330522 4.835999999999999
      vertex 0.9567085809127245 -2.309698831278217 7.026
    endloop
  endfacet
  facet normal 0 0 1
    outer loop
      vertex 0 -2.5 7.026
      vertex 0.2450428508239015 -2.4879618166804924 7.026
      vertex 0 -2.49 7.026
    endloop
  endfacet
  facet normal 0 0 1
    outer loop
      vertex 0 -2.49 7.026
      vertex 0.2450428508239015 -2.4879618166804924 7.026
      vertex 0.24406267942060592 -2.4780099694137707 7.026
    endloop
  endfacet
  facet normal 0 0 1
    outer loop
      vertex 0.2450428508239015 -2.4879618166804924 7.026
      vertex 0.4877258050403206 -2.451963201008076 7.026
      vertex 0.24406267942060592 -2.4780099694137707 7.026
    endloop
  endfacet
  facet normal 0 0 1
    outer loop
      vertex 0.24406267942060592 -2.4780099694137707 7.026
      vertex 0.4877258050403206 -2.451963201008076 7.026
      vertex 0.48577490182015937 -2.442155348204044 7.026
    endloop
  endfacet
  facet normal 0 0 1
    outer loop
      vertex 0.4877258050403206 -2.451963201008076 7.026
      vertex 0.7257116931361558 -2.392350839330522 7.026
      vertex 0.48577490182015937 -2.442155348204044 7.026
    endloop
  endfacet
  facet normal 0 0 1
    outer loop
      vertex 0.48577490182015937 -2.442155348204044 7.026
      vertex 0.7257116931361558 -2.392350839330522 7.026
      vertex 0.7228088463636112 -2.3827814359732002 7.026
    endloop
  endfacet
  facet normal 0 0 1
    outer loop
      vertex 0.7257116931361558 -2.392350839330522 7.026
      vertex 0.9567085809127245 -2.309698831278217 7.026
      vertex 0.7228088463636112 -2.3827814359732002 7.026
    endloop
  endfacet
  facet normal 0 0 1
    outer loop
      vertex 0.7228088463636112 -2.3827814359732002 7.026
      vertex 0.9567085809127245 -2.309698831278217 7.026
      vertex 0.9528817465890737 -2.300460035953104 7.026
    endloop
  endfacet
  facet normal 0.42755509343028164 -0.9039892931234436 0
    outer loop
      vertex 0.9567085809127245 -2.309698831278217 7.026
      vertex 0.9567085809127245 -2.309698831278217 4.835999999999999
      vertex 1.1784918420649941 -2.204803160870888 7.026
    endloop
  endfacet
  facet normal 0.5141027441932225 -0.8577286100002717 0
    outer loop
      vertex 1.1784918420649941 -2.204803160870888 7.026
      vertex 1.1784918420649941 -2.204803160870888 4.835999999999999
      vertex 1.3889255825490054 -2.078674030756363 7.026
    endloop
  endfacet
  facet normal 0.595699304492433 -0.8032075314806453 0
    outer loop
      vertex 1.3889255825490054 -2.078674030756363 7.026
      vertex 1.3889255825490054 -2.078674030756363 4.835999999999999
      vertex 1.5859832104091138 -1.9325261334068424 7.026
    endloop
  endfacet
  facet normal 0 0 1
    outer loop
      vertex 0.9567085809127245 -2.309698831278217 7.026
      vertex 1.1784918420649941 -2.204803160870888 7.026
      vertex 0.9528817465890737 -2.300460035953104 7.026
    endloop
  endfacet
  facet normal 0 0 1
    outer loop
      vertex 0.9528817465890737 -2.300460035953104 7.026
      vertex 1.1784918420649941 -2.204803160870888 7.026
      vertex 1.1737778746967342 -2.1959839482274046 7.026
    endloop
  endfacet
  facet normal 0 0 1
    outer loop
      vertex 1.1784918420649941 -2.204803160870888 7.026
      vertex 1.3889255825490054 -2.078674030756363 7.026
      vertex 1.1737778746967342 -2.1959839482274046 7.026
    endloop
  endfacet
  facet normal 0 0 1
    outer loop
      vertex 1.1737778746967342 -2.1959839482274046 7.026
      vertex 1.3889255825490054 -2.078674030756363 7.026
      vertex 1.3833698802188095 -2.0703593346333378 7.026
    endloop
  endfacet
  facet normal 0 0 1
    outer loop
      vertex 1.3833698802188095 -2.0703593346333378 7.026
      vertex 1.3889255825490054 -2.078674030756363 7.026
      vertex 1.5859832104091138 -1.9325261334068424 7.026
    endloop
  endfacet
  facet normal 0.595699304492433 -0.8032075314806453 0
    outer loop
      vertex 1.5859832104091138 -1.9325261334068424 7.026
      vertex 1.3889255825490054 -2.078674030756363 4.835999999999999
      vertex 1.5859832104091138 -1.9325261334068424 4.835999999999999
    endloop
  endfacet
  facet normal 0.6715589548470184 -0.7409511253549591 0
    outer loop
      vertex 1.7677669529663689 -1.7677669529663689 7.026
      vertex 1.5859832104091138 -1.9325261334068424 4.835999999999999
      vertex 1.7677669529663689 -1.7677669529663689 4.835999999999999
    endloop
  endfacet
  facet normal 0.7409511253549591 -0.6715589548470184 0
    outer loop
      vertex 1.9325261334068424 -1.5859832104091138 7.026
      vertex 1.7677669529663689 -1.7677669529663689 4.835999999999999
      vertex 1.9325261334068424 -1.5859832104091138 4.835999999999999
    endloop
  endfacet
  facet normal 0.6715589548470184 -0.7409511253549591 0
    outer loop
      vertex 1.5859832104091138 -1.9325261334068424 7.026
      vertex 1.5859832104091138 -1.9325261334068424 4.835999999999999
      vertex 1.7677669529663689 -1.7677669529663689 7.026
    endloop
  endfacet
  facet normal 0.7409511253549591 -0.6715589548470184 0
    outer loop
      vertex 1.7677669529663689 -1.7677669529663689 7.026
      vertex 1.7677669529663689 -1.7677669529663689 4.835999999999999
      vertex 1.9325261334068424 -1.5859832104091138 7.026
    endloop
  endfacet
  facet normal 0.8032075314806453 -0.595699304492433 0
    outer loop
      vertex 1.9325261334068424 -1.5859832104091138 7.026
      vertex 1.9325261334068424 -1.5859832104091138 4.835999999999999
      vertex 2.078674030756363 -1.3889255825490054 7.026
    endloop
  endfacet
  facet normal 0 0 1
    outer loop
      vertex 1.3833698802188095 -2.0703593346333378 7.026
      vertex 1.5859832104091138 -1.9325261334068424 7.026
      vertex 1.5796392775674775 -1.9247960288732153 7.026
    endloop
  endfacet
  facet normal 0 0 1
    outer loop
      vertex 1.5796392775674775 -1.9247960288732153 7.026
      vertex 1.5859832104091138 -1.9325261334068424 7.026
      vertex 1.7677669529663689 -1.7677669529663689 7.026
    endloop
  endfacet
  facet normal 0 0 1
    outer loop
      vertex 1.5796392775674775 -1.9247960288732153 7.026
      vertex 1.7677669529663689 -1.7677669529663689 7.026
      vertex 1.7606958851545036 -1.7606958851545036 7.026
    endloop
  endfacet
  facet normal 0 0 1
    outer loop
      vertex 1.7606958851545036 -1.7606958851545036 7.026
      vertex 1.7677669529663689 -1.7677669529663689 7.026
      vertex 1.9325261334068424 -1.5859832104091138 7.026
    endloop
  endfacet
  facet normal 0 0 1
    outer loop
      vertex 1.7606958851545036 -1.7606958851545036 7.026
      vertex 1.9325261334068424 -1.5859832104091138 7.026
      vertex 1.9247960288732153 -1.5796392775674775 7.026
    endloop
  endfacet
  facet normal 0 0 1
    outer loop
      vertex 1.9325261334068424 -1.5859832104091138 7.026
      vertex 2.078674030756363 -1.3889255825490054 7.026
      vertex 1.9247960288732153 -1.5796392775674775 7.026
    endloop
  endfacet
  facet normal 0.8032075314806453 -0.595699304492433 0
    outer loop
      vertex 2.078674030756363 -1.3889255825490054 7.026
      vertex 1.9325261334068424 -1.5859832104091138 4.835999999999999
      vertex 2.078674030756363 -1.3889255825490054 4.835999999999999
    endloop
  endfacet
  facet normal 0.8577286100002717 -0.5141027441932225 0
    outer loop
      vertex 2.204803160870888 -1.1784918420649941 7.026
      vertex 2.078674030756363 -1.3889255825490054 4.835999999999999
      vertex 2.204803160870888 -1.1784918420649941 4.835999999999999
    endloop
  endfacet
  facet normal 0.9039892931234436 -0.42755509343028164 0
    outer loop
      vertex 2.309698831278217 -0.9567085809127245 7.026
      vertex 2.204803160870888 -1.1784918420649941 4.835999999999999
      vertex 2.309698831278217 -0.9567085809127245 4.835999999999999
    endloop
  endfacet
  facet normal 0.9415440651830211 -0.33688985339221883 0
    outer loop
      vertex 2.392350839330522 -0.7257116931361558 7.026
      vertex 2.309698831278217 -0.9567085809127245 4.835999999999999
      vertex 2.392350839330522 -0.7257116931361558 4.835999999999999
    endloop
  endfacet
  facet normal 0.9700312531945438 -0.24298017990326456 0
    outer loop
      vertex 2.451963201008076 -0.4877258050403206 7.026
      vertex 2.392350839330522 -0.7257116931361558 4.835999999999999
      vertex 2.451963201008076 -0.4877258050403206 4.835999999999999
    endloop
  endfacet
  facet normal 0.9891765099647808 -0.14673047445536286 0
    outer loop
      vertex 2.4879618166804924 -0.2450428508239015 7.026
      vertex 2.451963201008076 -0.4877258050403206 4.835999999999999
      vertex 2.4879618166804924 -0.2450428508239015 4.835999999999999
    endloop
  endfacet
  facet normal 0.9987954562051725 -0.04906767432741713 0
    outer loop
      vertex 2.5 0 7.026
      vertex 2.4879618166804924 -0.2450428508239015 4.835999999999999
      vertex 2.5 0 4.835999999999999
    endloop
  endfacet
  facet normal 0.8577286100002717 -0.5141027441932225 0
    outer loop
      vertex 2.078674030756363 -1.3889255825490054 7.026
      vertex 2.078674030756363 -1.3889255825490054 4.835999999999999
      vertex 2.204803160870888 -1.1784918420649941 7.026
    endloop
  endfacet
  facet normal 0.9039892931234436 -0.42755509343028164 0
    outer loop
      vertex 2.204803160870888 -1.1784918420649941 7.026
      vertex 2.204803160870888 -1.1784918420649941 4.835999999999999
      vertex 2.309698831278217 -0.9567085809127245 7.026
    endloop
  endfacet
  facet normal 0 0 1
    outer loop
      vertex 1.9247960288732153 -1.5796392775674775 7.026
      vertex 2.078674030756363 -1.3889255825490054 7.026
      vertex 2.0703593346333378 -1.3833698802188095 7.026
    endloop
  endfacet
  facet normal 0 0 1
    outer loop
      vertex 2.078674030756363 -1.3889255825490054 7.026
      vertex 2.204803160870888 -1.1784918420649941 7.026
      vertex 2.0703593346333378 -1.3833698802188095 7.026
    endloop
  endfacet
  facet normal 0 0 1
    outer loop
      vertex 2.0703593346333378 -1.3833698802188095 7.026
      vertex 2.204803160870888 -1.1784918420649941 7.026
      vertex 2.1959839482274046 -1.1737778746967342 7.026
    endloop
  endfacet
  facet normal 0 0 1
    outer loop
      vertex 2.1959839482274046 -1.1737778746967342 7.026
      vertex 2.204803160870888 -1.1784918420649941 7.026
      vertex 2.309698831278217 -0.9567085809127245 7.026
    endloop
  endfacet
  facet normal 0 0 1
    outer loop
      vertex 2.1959839482274046 -1.1737778746967342 7.026
      vertex 2.309698831278217 -0.9567085809127245 7.026
      vertex 2.300460035953104 -0.9528817465890737 7.026
    endloop
  endfacet
  facet normal 0.9415440651830211 -0.33688985339221883 0
    outer loop
      vertex 2.309698831278217 -0.9567085809127245 7.026
      vertex 2.309698831278217 -0.9567085809127245 4.835999999999999
      vertex 2.392350839330522 -0.7257116931361558 7.026
    endloop
  endfacet
  facet normal 0.9700312531945438 -0.24298017990326456 0
    outer loop
      vertex 2.392350839330522 -0.7257116931361558 7.026
      vertex 2.392350839330522 -0.7257116931361558 4.835999999999999
      vertex 2.451963201008076 -0.4877258050403206 7.026
    endloop
  endfacet
  facet normal 0.9891765099647808 -0.14673047445536286 0
    outer loop
      vertex 2.451963201008076 -0.4877258050403206 7.026
      vertex 2.451963201008076 -0.4877258050403206 4.835999999999999
      vertex 2.4879618166804924 -0.2450428508239015 7.026
    endloop
  endfacet
  facet normal 0.9987954562051725 -0.04906767432741713 0
    outer loop
      vertex 2.4879618166804924 -0.2450428508239015 7.026
      vertex 2.4879618166804924 -0.2450428508239015 4.835999999999999
      vertex 2.5 0 7.026
    endloop
  endfacet
  facet normal 0 0 1
    outer loop
      vertex 2.300460035953104 -0.9528817465890737 7.026
      vertex 2.309698831278217 -0.9567085809127245 7.026
      vertex 2.392350839330522 -0.7257116931361558 7.026
    endloop
  endfacet
  facet normal 0 0 1
    outer loop
      vertex 2.300460035953104 -0.9528817465890737 7.026
      vertex 2.392350839330522 -0.7257116931361558 7.026
      vertex 2.3827814359732002 -0.7228088463636112 7.026
    endloop
  endfacet
  facet normal 0 0 1
    outer loop
      vertex 2.3827814359732002 -0.7228088463636112 7.026
      vertex 2.392350839330522 -0.7257116931361558 7.026
      vertex 2.451963201008076 -0.4877258050403206 7.026
    endloop
  endfacet
  facet normal 0 0 1
    outer loop
      vertex 2.3827814359732002 -0.7228088463636112 7.026
      vertex 2.451963201008076 -0.4877258050403206 7.026
      vertex 2.442155348204044 -0.48577490182015937 7.026
    endloop
  endfacet
  facet normal 0 0 1
    outer loop
      vertex 2.442155348204044 -0.48577490182015937 7.026
      vertex 2.451963201008076 -0.4877258050403206 7.026
      vertex 2.4879618166804924 -0.2450428508239015 7.026
    endloop
  endfacet
  facet normal 0 0 1
    outer loop
      vertex 2.442155348204044 -0.48577490182015937 7.026
      vertex 2.4879618166804924 -0.2450428508239015 7.026
      vertex 2.4780099694137707 -0.24406267942060592 7.026
    endloop
  endfacet
  facet normal 0 0 1
    outer loop
      vertex 2.4780099694137707 -0.24406267942060592 7.026
      vertex 2.4879618166804924 -0.2450428508239015 7.026
      vertex 2.5 0 7.026
    endloop
  endfacet
  facet normal 0 0 1
    outer loop
      vertex 2.4780099694137707 -0.24406267942060592 7.026
      vertex 2.5 0 7.026
      vertex 2.49 0 7.026
    endloop
  endfacet
  facet normal 0.6715589548470184 0.7409511253549591 0
    outer loop
      vertex 1.5859832104091138 1.9325261334068424 7.026
      vertex 1.7677669529663689 1.7677669529663689 4.835999999999999
      vertex 1.5859832104091138 1.9325261334068424 4.835999999999999
    endloop
  endfacet
  facet normal 0.7409511253549591 0.6715589548470184 0
    outer loop
      vertex 1.7677669529663689 1.7677669529663689 7.026
      vertex 1.9325261334068424 1.5859832104091138 4.835999999999999
      vertex 1.7677669529663689 1.7677669529663689 4.835999999999999
    endloop
  endfacet
  facet normal 0.8032075314806453 0.595699304492433 0
    outer loop
      vertex 1.9325261334068424 1.5859832104091138 7.026
      vertex 2.078674030756363 1.3889255825490054 4.835999999999999
      vertex 1.9325261334068424 1.5859832104091138 4.835999999999999
    endloop
  endfacet
  facet normal 0.595699304492433 0.8032075314806453 -3.080986174843275e-18
    outer loop
      vertex 1.3889255825490054 2.078674030756363 7.026
      vertex 1.5859832104091138 1.9325261334068424 7.026
      vertex 1.5859832104091138 1.9325261334068424 4.835999999999999
    endloop
  endfacet
  facet normal 0.6715589548470184 0.7409511253549591 0
    outer loop
      vertex 1.7677669529663689 1.7677669529663689 7.026
      vertex 1.7677669529663689 1.7677669529663689 4.835999999999999
      vertex 1.5859832104091138 1.9325261334068424 7.026
    endloop
  endfacet
  facet normal 0.7409511253549591 0.6715589548470184 1.5605035790114727e-18
    outer loop
      vertex 1.7677669529663689 1.7677669529663689 7.026
      vertex 1.9325261334068424 1.5859832104091138 7.026
      vertex 1.9325261334068424 1.5859832104091138 4.835999999999999
    endloop
  endfacet
  facet normal 0 0 1
    outer loop
      vertex 1.3889255825490054 2.078674030756363 7.026
      vertex 1.5796392775674775 1.9247960288732153 7.026
      vertex 1.5859832104091138 1.9325261334068424 7.026
    endloop
  endfacet
  facet normal 0 0 1
    outer loop
      vertex 1.7606958851545036 1.7606958851545036 7.026
      vertex 1.5859832104091138 1.9325261334068424 7.026
      vertex 1.5796392775674775 1.9247960288732153 7.026
    endloop
  endfacet
  facet normal 0 0 1
    outer loop
      vertex 1.7606958851545036 1.7606958851545036 7.026
      vertex 1.7677669529663689 1.7677669529663689 7.026
      vertex 1.5859832104091138 1.9325261334068424 7.026
    endloop
  endfacet
  facet normal 0 0 1
    outer loop
      vertex 1.7606958851545036 1.7606958851545036 7.026
      vertex 1.9247960288732153 1.5796392775674775 7.026
      vertex 1.7677669529663689 1.7677669529663689 7.026
    endloop
  endfacet
  facet normal 0 0 1
    outer loop
      vertex 2.0703593346333378 1.3833698802188095 7.026
      vertex 1.9325261334068424 1.5859832104091138 7.026
      vertex 1.9247960288732153 1.5796392775674775 7.026
    endloop
  endfacet
  facet normal 0 0 1
    outer loop
      vertex 1.7677669529663689 1.7677669529663689 7.026
      vertex 1.9247960288732153 1.5796392775674775 7.026
      vertex 1.9325261334068424 1.5859832104091138 7.026
    endloop
  endfacet
  facet normal 0.04906767432741713 0.9987954562051725 0
    outer loop
      vertex 0 2.5 7.026
      vertex 0.2450428508239015 2.4879618166804924 4.835999999999999
      vertex 0 2.5 4.835999999999999
    endloop
  endfacet
  facet normal 0.14673047445536286 0.9891765099647808 0
    outer loop
      vertex 0.2450428508239015 2.4879618166804924 7.026
      vertex 0.4877258050403206 2.451963201008076 4.835999999999999
      vertex 0.2450428508239015 2.4879618166804924 4.835999999999999
    endloop
  endfacet
  facet normal 0.24298017990326456 0.9700312531945438 0
    outer loop
      vertex 0.4877258050403206 2.451963201008076 7.026
      vertex 0.7257116931361558 2.392350839330522 4.835999999999999
      vertex 0.4877258050403206 2.451963201008076 4.835999999999999
    endloop
  endfacet
  facet normal 0.33688985339221883 0.9415440651830211 0
    outer loop
      vertex 0.7257116931361558 2.392350839330522 7.026
      vertex 0.9567085809127245 2.309698831278217 4.835999999999999
      vertex 0.7257116931361558 2.392350839330522 4.835999999999999
    endloop
  endfacet
  facet normal 0.5141027441932225 0.8577286100002717 0
    outer loop
      vertex 1.1784918420649941 2.204803160870888 7.026
      vertex 1.3889255825490054 2.078674030756363 4.835999999999999
      vertex 1.1784918420649941 2.204803160870888 4.835999999999999
    endloop
  endfacet
  facet normal 0.42755509343028164 0.9039892931234436 0
    outer loop
      vertex 0.9567085809127245 2.309698831278217 7.026
      vertex 1.1784918420649941 2.204803160870888 4.835999999999999
      vertex 0.9567085809127245 2.309698831278217 4.835999999999999
    endloop
  endfacet
  facet normal 0.595699304492433 0.8032075314806453 0
    outer loop
      vertex 1.3889255825490054 2.078674030756363 7.026
      vertex 1.5859832104091138 1.9325261334068424 4.835999999999999
      vertex 1.3889255825490054 2.078674030756363 4.835999999999999
    endloop
  endfacet
  facet normal 0.04906767432741713 0.9987954562051725 -3.159657121790733e-19
    outer loop
      vertex 0 2.5 7.026
      vertex 0.2450428508239015 2.4879618166804924 7.026
      vertex 0.2450428508239015 2.4879618166804924 4.835999999999999
    endloop
  endfacet
  facet normal 0.14673047445536286 0.9891765099647808 -1.6072259898279064e-18
    outer loop
      vertex 0.2450428508239015 2.4879618166804924 7.026
      vertex 0.4877258050403206 2.451963201008076 7.026
      vertex 0.4877258050403206 2.451963201008076 4.835999999999999
    endloop
  endfacet
  facet normal 0.24298017990326456 0.9700312531945438 -2.6301060075072284e-19
    outer loop
      vertex 0.4877258050403206 2.451963201008076 7.026
      vertex 0.7257116931361558 2.392350839330522 7.026
      vertex 0.7257116931361558 2.392350839330522 4.835999999999999
    endloop
  endfacet
  facet normal 0.33688985339221883 0.9415440651830211 -2.5471669995436907e-18
    outer loop
      vertex 0.7257116931361558 2.392350839330522 7.026
      vertex 0.9567085809127245 2.309698831278217 7.026
      vertex 0.9567085809127245 2.309698831278217 4.835999999999999
    endloop
  endfacet
  facet normal 0 0 1
    outer loop
      vertex 0 2.49 7.026
      vertex 0.24406267942060592 2.4780099694137707 7.026
      vertex 0 2.5 7.026
    endloop
  endfacet
  facet normal 0 0 1
    outer loop
      vertex 0 2.5 7.026
      vertex 0.24406267942060592 2.4780099694137707 7.026
      vertex 0.2450428508239015 2.4879618166804924 7.026
    endloop
  endfacet
  facet normal 0 0 1
    outer loop
      vertex 0.24406267942060592 2.4780099694137707 7.026
      vertex 0.48577490182015937 2.442155348204044 7.026
      vertex 0.2450428508239015 2.4879618166804924 7.026
    endloop
  endfacet
  facet normal 0 0 1
    outer loop
      vertex 0.2450428508239015 2.4879618166804924 7.026
      vertex 0.48577490182015937 2.442155348204044 7.026
      vertex 0.4877258050403206 2.451963201008076 7.026
    endloop
  endfacet
  facet normal 0 0 1
    outer loop
      vertex 0.48577490182015937 2.442155348204044 7.026
      vertex 0.7228088463636112 2.3827814359732002 7.026
      vertex 0.4877258050403206 2.451963201008076 7.026
    endloop
  endfacet
  facet normal 0 0 1
    outer loop
      vertex 0.4877258050403206 2.451963201008076 7.026
      vertex 0.7228088463636112 2.3827814359732002 7.026
      vertex 0.7257116931361558 2.392350839330522 7.026
    endloop
  endfacet
  facet normal 0 0 1
    outer loop
      vertex 0.7228088463636112 2.3827814359732002 7.026
      vertex 0.9528817465890737 2.300460035953104 7.026
      vertex 0.7257116931361558 2.392350839330522 7.026
    endloop
  endfacet
  facet normal 0 0 1
    outer loop
      vertex 0.7257116931361558 2.392350839330522 7.026
      vertex 0.9528817465890737 2.300460035953104 7.026
      vertex 0.9567085809127245 2.309698831278217 7.026
    endloop
  endfacet
  facet normal 0.42755509343028164 0.9039892931234436 1.2102257048207649e-18
    outer loop
      vertex 0.9567085809127245 2.309698831278217 7.026
      vertex 1.1784918420649941 2.204803160870888 7.026
      vertex 1.1784918420649941 2.204803160870888 4.835999999999999
    endloop
  endfacet
  facet normal 0.5141027441932225 0.8577286100002717 -2.272485849571616e-18
    outer loop
      vertex 1.1784918420649941 2.204803160870888 7.026
      vertex 1.3889255825490054 2.078674030756363 7.026
      vertex 1.3889255825490054 2.078674030756363 4.835999999999999
    endloop
  endfacet
  facet normal 0 0 1
    outer loop
      vertex 0.9567085809127245 2.309698831278217 7.026
      vertex 1.1737778746967342 2.1959839482274046 7.026
      vertex 1.1784918420649941 2.204803160870888 7.026
    endloop
  endfacet
  facet normal 0 0 1
    outer loop
      vertex 1.1737778746967342 2.1959839482274046 7.026
      vertex 1.3833698802188095 2.0703593346333378 7.026
      vertex 1.1784918420649941 2.204803160870888 7.026
    endloop
  endfacet
  facet normal 0 0 1
    outer loop
      vertex 0.9528817465890737 2.300460035953104 7.026
      vertex 1.1737778746967342 2.1959839482274046 7.026
      vertex 0.9567085809127245 2.309698831278217 7.026
    endloop
  endfacet
  facet normal 0 0 1
    outer loop
      vertex 1.1784918420649941 2.204803160870888 7.026
      vertex 1.3833698802188095 2.0703593346333378 7.026
      vertex 1.3889255825490054 2.078674030756363 7.026
    endloop
  endfacet
  facet normal 0 0 1
    outer loop
      vertex 1.3833698802188095 2.0703593346333378 7.026
      vertex 1.5796392775674775 1.9247960288732153 7.026
      vertex 1.3889255825490054 2.078674030756363 7.026
    endloop
  endfacet
  facet normal 0.9987954562051725 0.04906767432741713 0
    outer loop
      vertex 2.4879618166804924 0.2450428508239015 7.026
      vertex 2.5 0 4.835999999999999
      vertex 2.4879618166804924 0.2450428508239015 4.835999999999999
    endloop
  endfacet
  facet normal 0.9891765099647808 0.14673047445536286 0
    outer loop
      vertex 2.451963201008076 0.4877258050403206 7.026
      vertex 2.4879618166804924 0.2450428508239015 4.835999999999999
      vertex 2.451963201008076 0.4877258050403206 4.835999999999999
    endloop
  endfacet
  facet normal 0.9700312531945438 0.24298017990326456 0
    outer loop
      vertex 2.392350839330522 0.7257116931361558 7.026
      vertex 2.451963201008076 0.4877258050403206 4.835999999999999
      vertex 2.392350839330522 0.7257116931361558 4.835999999999999
    endloop
  endfacet
  facet normal 0.9415440651830211 0.33688985339221883 0
    outer loop
      vertex 2.309698831278217 0.9567085809127245 7.026
      vertex 2.392350839330522 0.7257116931361558 4.835999999999999
      vertex 2.309698831278217 0.9567085809127245 4.835999999999999
    endloop
  endfacet
  facet normal 0.9039892931234436 0.42755509343028164 0
    outer loop
      vertex 2.204803160870888 1.1784918420649941 7.026
      vertex 2.309698831278217 0.9567085809127245 4.835999999999999
      vertex 2.204803160870888 1.1784918420649941 4.835999999999999
    endloop
  endfacet
  facet normal 0.8577286100002717 0.5141027441932225 0
    outer loop
      vertex 2.078674030756363 1.3889255825490054 7.026
      vertex 2.204803160870888 1.1784918420649941 4.835999999999999
      vertex 2.078674030756363 1.3889255825490054 4.835999999999999
    endloop
  endfacet
  facet normal 0.9987954562051725 0.04906767432741713 0
    outer loop
      vertex 2.5 0 7.026
      vertex 2.5 0 4.835999999999999
      vertex 2.4879618166804924 0.2450428508239015 7.026
    endloop
  endfacet
  facet normal 0.9891765099647808 0.14673047445536286 0
    outer loop
      vertex 2.4879618166804924 0.2450428508239015 7.026
      vertex 2.4879618166804924 0.2450428508239015 4.835999999999999
      vertex 2.451963201008076 0.4877258050403206 7.026
    endloop
  endfacet
  facet normal 0.9700312531945438 0.24298017990326456 0
    outer loop
      vertex 2.451963201008076 0.4877258050403206 7.026
      vertex 2.451963201008076 0.4877258050403206 4.835999999999999
      vertex 2.392350839330522 0.7257116931361558 7.026
    endloop
  endfacet
  facet normal 0.9415440651830211 0.33688985339221883 0
    outer loop
      vertex 2.392350839330522 0.7257116931361558 7.026
      vertex 2.392350839330522 0.7257116931361558 4.835999999999999
      vertex 2.309698831278217 0.9567085809127245 7.026
    endloop
  endfacet
  facet normal 0 0 1
    outer loop
      vertex 2.49 0 7.026
      vertex 2.5 0 7.026
      vertex 2.4879618166804924 0.2450428508239015 7.026
    endloop
  endfacet
  facet normal 0 0 1
    outer loop
      vertex 2.49 0 7.026
      vertex 2.4879618166804924 0.2450428508239015 7.026
      vertex 2.4780099694137707 0.24406267942060592 7.026
    endloop
  endfacet
  facet normal 0 0 1
    outer loop
      vertex 2.4780099694137707 0.24406267942060592 7.026
      vertex 2.4879618166804924 0.2450428508239015 7.026
      vertex 2.451963201008076 0.4877258050403206 7.026
    endloop
  endfacet
  facet normal 0 0 1
    outer loop
      vertex 2.4780099694137707 0.24406267942060592 7.026
      vertex 2.451963201008076 0.4877258050403206 7.026
      vertex 2.442155348204044 0.48577490182015937 7.026
    endloop
  endfacet
  facet normal 0 0 1
    outer loop
      vertex 2.442155348204044 0.48577490182015937 7.026
      vertex 2.451963201008076 0.4877258050403206 7.026
      vertex 2.392350839330522 0.7257116931361558 7.026
    endloop
  endfacet
  facet normal 0 0 1
    outer loop
      vertex 2.442155348204044 0.48577490182015937 7.026
      vertex 2.392350839330522 0.7257116931361558 7.026
      vertex 2.3827814359732002 0.7228088463636112 7.026
    endloop
  endfacet
  facet normal 0 0 1
    outer loop
      vertex 2.3827814359732002 0.7228088463636112 7.026
      vertex 2.392350839330522 0.7257116931361558 7.026
      vertex 2.309698831278217 0.9567085809127245 7.026
    endloop
  endfacet
  facet normal 0 0 1
    outer loop
      vertex 2.3827814359732002 0.7228088463636112 7.026
      vertex 2.309698831278217 0.9567085809127245 7.026
      vertex 2.300460035953104 0.9528817465890737 7.026
    endloop
  endfacet
  facet normal 0.8577286100002717 0.5141027441932225 0
    outer loop
      vertex 2.204803160870888 1.1784918420649941 7.026
      vertex 2.204803160870888 1.1784918420649941 4.835999999999999
      vertex 2.078674030756363 1.3889255825490054 7.026
    endloop
  endfacet
  facet normal 0.8032075314806453 0.595699304492433 0
    outer loop
      vertex 2.078674030756363 1.3889255825490054 7.026
      vertex 2.078674030756363 1.3889255825490054 4.835999999999999
      vertex 1.9325261334068424 1.5859832104091138 7.026
    endloop
  endfacet
  facet normal 0.9039892931234436 0.42755509343028164 0
    outer loop
      vertex 2.309698831278217 0.9567085809127245 7.026
      vertex 2.309698831278217 0.9567085809127245 4.835999999999999
      vertex 2.204803160870888 1.1784918420649941 7.026
    endloop
  endfacet
  facet normal 0 0 1
    outer loop
      vertex 2.300460035953104 0.9528817465890737 7.026
      vertex 2.204803160870888 1.1784918420649941 7.026
      vertex 2.1959839482274046 1.1737778746967342 7.026
    endloop
  endfacet
  facet normal 0 0 1
    outer loop
      vertex 2.1959839482274046 1.1737778746967342 7.026
      vertex 2.204803160870888 1.1784918420649941 7.026
      vertex 2.078674030756363 1.3889255825490054 7.026
    endloop
  endfacet
  facet normal 0 0 1
    outer loop
      vertex 2.1959839482274046 1.1737778746967342 7.026
      vertex 2.078674030756363 1.3889255825490054 7.026
      vertex 2.0703593346333378 1.3833698802188095 7.026
    endloop
  endfacet
  facet normal 0 0 1
    outer loop
      vertex 2.0703593346333378 1.3833698802188095 7.026
      vertex 2.078674030756363 1.3889255825490054 7.026
      vertex 1.9325261334068424 1.5859832104091138 7.026
    endloop
  endfacet
  facet normal 0 0 1
    outer loop
      vertex 2.300460035953104 0.9528817465890737 7.026
      vertex 2.309698831278217 0.9567085809127245 7.026
      vertex 2.204803160870888 1.1784918420649941 7.026
    endloop
  endfacet
  facet normal -0.639602057560634 -0.3025092438137913 0.7066805256772055
    outer loop
      vertex -2.1959839482274046 -1.1737778746967342 7.026
      vertex -1.76384252869671 -0.9427934736519953 7.516
      vertex -2.300460035953104 -0.9528817465890737 7.026
    endloop
  endfacet
  facet normal -0.6661732898343399 -0.23836061448964518 0.7066805256772053
    outer loop
      vertex -2.300460035953104 -0.9528817465890737 7.026
      vertex -1.8477590650225735 -0.7653668647301796 7.516
      vertex -2.3827814359732002 -0.7228088463636112 7.026
    endloop
  endfacet
  facet normal -0.6863289091595777 -0.171916442146797 0.7066805256772054
    outer loop
      vertex -2.3827814359732002 -0.7228088463636112 7.026
      vertex -1.9138806714644176 -0.5805693545089247 7.516
      vertex -2.442155348204044 -0.48577490182015937 7.026
    endloop
  endfacet
  facet normal -0.66617328983434 -0.23836061448964518 0.7066805256772053
    outer loop
      vertex -2.3827814359732002 -0.7228088463636112 7.026
      vertex -1.8477590650225735 -0.7653668647301796 7.516
      vertex -1.9138806714644176 -0.5805693545089247 7.516
    endloop
  endfacet
  facet normal -0.6998748059040626 -0.1038166204869895 0.7066805256772053
    outer loop
      vertex -2.442155348204044 -0.48577490182015937 7.026
      vertex -1.9615705608064609 -0.3901806440322565 7.516
      vertex -2.4780099694137707 -0.24406267942060592 7.026
    endloop
  endfacet
  facet normal -0.7066805256772053 -0.03471698801995146 0.7066805256772054
    outer loop
      vertex -2.4780099694137707 -0.24406267942060592 7.026
      vertex -1.9903694533443939 -0.1960342806591212 7.516
      vertex -2.49 0 7.026
    endloop
  endfacet
  facet normal -0.6998748059040625 -0.10381662048698874 0.7066805256772054
    outer loop
      vertex -2.4780099694137707 -0.24406267942060592 7.026
      vertex -1.9615705608064609 -0.3901806440322565 7.516
      vertex -1.9903694533443939 -0.1960342806591212 7.516
    endloop
  endfacet
  facet normal -0.6863289091595776 -0.17191644214679738 0.7066805256772053
    outer loop
      vertex -2.442155348204044 -0.48577490182015937 7.026
      vertex -1.9138806714644176 -0.5805693545089247 7.516
      vertex -1.9615705608064609 -0.3901806440322565 7.516
    endloop
  endfacet
  facet normal -0.7066805256772053 -0.034716988019951905 0.7066805256772054
    outer loop
      vertex -1.9903694533443939 -0.1960342806591212 7.516
      vertex -2 0 7.516
      vertex -2.49 0 7.026
    endloop
  endfacet
  facet normal -0.3637445437516392 -0.6068711078305675 0.7066805256772055
    outer loop
      vertex -1.3833698802188095 -2.0703593346333378 7.026
      vertex -1.1737778746967342 -2.1959839482274046 7.026
      vertex -0.9427934736519953 -1.76384252869671 7.516
    endloop
  endfacet
  facet normal -0.30250924381379135 -0.6396020575606342 0.7066805256772053
    outer loop
      vertex -1.1737778746967342 -2.1959839482274046 7.026
      vertex -0.9528817465890737 -2.300460035953104 7.026
      vertex -0.7653668647301796 -1.8477590650225735 7.516
    endloop
  endfacet
  facet normal -0.23836061448964518 -0.6661732898343399 0.7066805256772053
    outer loop
      vertex -0.9528817465890737 -2.300460035953104 7.026
      vertex -0.7228088463636112 -2.3827814359732002 7.026
      vertex -0.5805693545089247 -1.9138806714644176 7.516
    endloop
  endfacet
  facet normal -0.23836061448964513 -0.66617328983434 0.7066805256772053
    outer loop
      vertex -0.9528817465890737 -2.300460035953104 7.026
      vertex -0.5805693545089247 -1.9138806714644176 7.516
      vertex -0.7653668647301796 -1.8477590650225735 7.516
    endloop
  endfacet
  facet normal -0.171916442146797 -0.6863289091595777 0.7066805256772052
    outer loop
      vertex -0.7228088463636112 -2.3827814359732002 7.026
      vertex -0.48577490182015937 -2.442155348204044 7.026
      vertex -0.3901806440322565 -1.9615705608064609 7.516
    endloop
  endfacet
  facet normal -0.17191644214679735 -0.6863289091595774 0.7066805256772053
    outer loop
      vertex -0.7228088463636112 -2.3827814359732002 7.026
      vertex -0.3901806440322565 -1.9615705608064609 7.516
      vertex -0.5805693545089247 -1.9138806714644176 7.516
    endloop
  endfacet
  facet normal -0.10381662048698947 -0.6998748059040624 0.7066805256772053
    outer loop
      vertex -0.48577490182015937 -2.442155348204044 7.026
      vertex -0.24406267942060592 -2.4780099694137707 7.026
      vertex -0.1960342806591212 -1.9903694533443939 7.516
    endloop
  endfacet
  facet normal -0.10381662048698884 -0.6998748059040626 0.7066805256772053
    outer loop
      vertex -0.48577490182015937 -2.442155348204044 7.026
      vertex -0.1960342806591212 -1.9903694533443939 7.516
      vertex -0.3901806440322565 -1.9615705608064609 7.516
    endloop
  endfacet
  facet normal -0.03471698801995147 -0.7066805256772054 0.7066805256772054
    outer loop
      vertex -0.24406267942060592 -2.4780099694137707 7.026
      vertex 0 -2.49 7.026
      vertex 0 -2 7.516
    endloop
  endfacet
  facet normal -0.03471698801995198 -0.7066805256772052 0.7066805256772054
    outer loop
      vertex -0.24406267942060592 -2.4780099694137707 7.026
      vertex 0 -2 7.516
      vertex -0.1960342806591212 -1.9903694533443939 7.516
    endloop
  endfacet
  facet normal -0.5242472094901063 -0.47514997418754557 0.7066805256772053
    outer loop
      vertex -1.9247960288732153 -1.5796392775674775 7.026
      vertex -1.7606958851545036 -1.7606958851545036 7.026
      vertex -1.4142135623730951 -1.4142135623730951 7.516
    endloop
  endfacet
  facet normal -0.47514997418754557 -0.5242472094901063 0.7066805256772054
    outer loop
      vertex -1.5796392775674775 -1.9247960288732153 7.026
      vertex -1.268786568327291 -1.546020906725474 7.516
      vertex -1.7606958851545036 -1.7606958851545036 7.026
    endloop
  endfacet
  facet normal -0.5682956575826016 -0.421476784890161 0.7066805256772054
    outer loop
      vertex -1.9247960288732153 -1.5796392775674775 7.026
      vertex -1.546020906725474 -1.268786568327291 7.516
      vertex -2.0703593346333378 -1.3833698802188095 7.026
    endloop
  endfacet
  facet normal -0.5682956575826013 -0.42147678489016166 0.7066805256772052
    outer loop
      vertex -2.0703593346333378 -1.3833698802188095 7.026
      vertex -1.546020906725474 -1.268786568327291 7.516
      vertex -1.6629392246050905 -1.1111404660392044 7.516
    endloop
  endfacet
  facet normal -0.6068711078305676 -0.36374454375163934 0.7066805256772053
    outer loop
      vertex -2.0703593346333378 -1.3833698802188095 7.026
      vertex -1.6629392246050905 -1.1111404660392044 7.516
      vertex -2.1959839482274046 -1.1737778746967342 7.026
    endloop
  endfacet
  facet normal -0.606871107830568 -0.36374454375163845 0.7066805256772055
    outer loop
      vertex -2.1959839482274046 -1.1737778746967342 7.026
      vertex -1.6629392246050905 -1.1111404660392044 7.516
      vertex -1.76384252869671 -0.9427934736519953 7.516
    endloop
  endfacet
  facet normal -0.5242472094901065 -0.47514997418754545 0.7066805256772055
    outer loop
      vertex -1.9247960288732153 -1.5796392775674775 7.026
      vertex -1.4142135623730951 -1.4142135623730951 7.516
      vertex -1.546020906725474 -1.268786568327291 7.516
    endloop
  endfacet
  facet normal -0.4214767848901611 -0.5682956575826017 0.7066805256772053
    outer loop
      vertex -1.5796392775674775 -1.9247960288732153 7.026
      vertex -1.3833698802188095 -2.0703593346333378 7.026
      vertex -1.1111404660392044 -1.6629392246050905 7.516
    endloop
  endfacet
  facet normal -0.47514997418754534 -0.5242472094901066 0.7066805256772054
    outer loop
      vertex -1.7606958851545036 -1.7606958851545036 7.026
      vertex -1.268786568327291 -1.546020906725474 7.516
      vertex -1.4142135623730951 -1.4142135623730951 7.516
    endloop
  endfacet
  facet normal -0.4214767848901613 -0.5682956575826014 0.7066805256772054
    outer loop
      vertex -1.5796392775674775 -1.9247960288732153 7.026
      vertex -1.1111404660392044 -1.6629392246050905 7.516
      vertex -1.268786568327291 -1.546020906725474 7.516
    endloop
  endfacet
  facet normal -0.36374454375163845 -0.6068711078305682 0.7066805256772053
    outer loop
      vertex -1.3833698802188095 -2.0703593346333378 7.026
      vertex -0.9427934736519953 -1.76384252869671 7.516
      vertex -1.1111404660392044 -1.6629392246050905 7.516
    endloop
  endfacet
  facet normal -0.6396020575606338 -0.30250924381379213 0.7066805256772053
    outer loop
      vertex -2.300460035953104 -0.9528817465890737 7.026
      vertex -1.76384252869671 -0.9427934736519953 7.516
      vertex -1.8477590650225735 -0.7653668647301796 7.516
    endloop
  endfacet
  facet normal 0 0 1
    outer loop
      vertex -1.9138806714644176 -0.5805693545089247 7.516
      vertex -1.8477590650225735 -0.7653668647301796 7.516
      vertex -1.9138806714644176 0.5805693545089247 7.516
    endloop
  endfacet
  facet normal 0 0 1
    outer loop
      vertex -1.76384252869671 -0.9427934736519953 7.516
      vertex -1.8477590650225735 0.7653668647301796 7.516
      vertex -1.8477590650225735 -0.7653668647301796 7.516
    endloop
  endfacet
  facet normal 0 0 1
    outer loop
      vertex -1.9138806714644176 -0.5805693545089247 7.516
      vertex -1.9615705608064609 0.3901806440322565 7.516
      vertex -1.9615705608064609 -0.3901806440322565 7.516
    endloop
  endfacet
  facet normal 0 0 1
    outer loop
      vertex -1.9615705608064609 -0.3901806440322565 7.516
      vertex -1.9903694533443939 0.1960342806591212 7.516
      vertex -1.9903694533443939 -0.1960342806591212 7.516
    endloop
  endfacet
  facet normal 0 0 1
    outer loop
      vertex -1.76384252869671 -0.9427934736519953 7.516
      vertex -1.6629392246050905 -1.1111404660392044 7.516
      vertex -1.76384252869671 0.9427934736519953 7.516
    endloop
  endfacet
  facet normal 0 0 1
    outer loop
      vertex -1.546020906725474 -1.268786568327291 7.516
      vertex -1.6629392246050905 1.1111404660392044 7.516
      vertex -1.6629392246050905 -1.1111404660392044 7.516
    endloop
  endfacet
  facet normal 0 0 1
    outer loop
      vertex -1.4142135623730951 -1.4142135623730951 7.516
      vertex -1.546020906725474 1.268786568327291 7.516
      vertex -1.546020906725474 -1.268786568327291 7.516
    endloop
  endfacet
  facet normal 0 0 1
    outer loop
      vertex -1.4142135623730951 -1.4142135623730951 7.516
      vertex -1.268786568327291 -1.546020906725474 7.516
      vertex -1.4142135623730951 1.4142135623730951 7.516
    endloop
  endfacet
  facet normal 0 0 1
    outer loop
      vertex -1.268786568327291 -1.546020906725474 7.516
      vertex -1.1111404660392044 -1.6629392246050905 7.516
      vertex -1.268786568327291 1.546020906725474 7.516
    endloop
  endfacet
  facet normal 0 0 1
    outer loop
      vertex -1.1111404660392044 -1.6629392246050905 7.516
      vertex -0.9427934736519953 -1.76384252869671 7.516
      vertex -1.1111404660392044 1.6629392246050905 7.516
    endloop
  endfacet
  facet normal -0.302509243813792 -0.6396020575606336 0.7066805256772055
    outer loop
      vertex -1.1737778746967342 -2.1959839482274046 7.026
      vertex -0.7653668647301796 -1.8477590650225735 7.516
      vertex -0.9427934736519953 -1.76384252869671 7.516
    endloop
  endfacet
  facet normal 0 0 1
    outer loop
      vertex -0.9427934736519953 -1.76384252869671 7.516
      vertex -0.7653668647301796 -1.8477590650225735 7.516
      vertex -0.9427934736519953 1.76384252869671 7.516
    endloop
  endfacet
  facet normal 0 0 1
    outer loop
      vertex -0.7653668647301796 -1.8477590650225735 7.516
      vertex -0.5805693545089247 -1.9138806714644176 7.516
      vertex -0.7653668647301796 1.8477590650225735 7.516
    endloop
  endfacet
  facet normal 0 0 1
    outer loop
      vertex -0.5805693545089247 -1.9138806714644176 7.516
      vertex -0.3901806440322565 -1.9615705608064609 7.516
      vertex -0.5805693545089247 1.9138806714644176 7.516
    endloop
  endfacet
  facet normal 0 0 1
    outer loop
      vertex -0.3901806440322565 -1.9615705608064609 7.516
      vertex -0.1960342806591212 -1.9903694533443939 7.516
      vertex -0.3901806440322565 1.9615705608064609 7.516
    endloop
  endfacet
  facet normal 0 0 1
    outer loop
      vertex -0.1960342806591212 -1.9903694533443939 7.516
      vertex 0 -2 7.516
      vertex -0.1960342806591212 1.9903694533443939 7.516
    endloop
  endfacet
  facet normal -0.7066805256772054 0.03471698801995147 0.7066805256772054
    outer loop
      vertex -2.49 0 7.026
      vertex -2 0 7.516
      vertex -2.4780099694137707 0.24406267942060592 7.026
    endloop
  endfacet
  facet normal -0.6998748059040624 0.10381662048698947 0.7066805256772054
    outer loop
      vertex -2.4780099694137707 0.24406267942060592 7.026
      vertex -1.9903694533443939 0.1960342806591212 7.516
      vertex -2.442155348204044 0.48577490182015937 7.026
    endloop
  endfacet
  facet normal -0.7066805256772052 0.034716988019951996 0.7066805256772054
    outer loop
      vertex -2.4780099694137707 0.24406267942060592 7.026
      vertex -2 0 7.516
      vertex -1.9903694533443939 0.1960342806591212 7.516
    endloop
  endfacet
  facet normal -0.6998748059040627 0.10381662048698886 0.7066805256772053
    outer loop
      vertex -2.442155348204044 0.48577490182015937 7.026
      vertex -1.9903694533443939 0.1960342806591212 7.516
      vertex -1.9615705608064609 0.3901806440322565 7.516
    endloop
  endfacet
  facet normal -0.6863289091595777 0.171916442146797 0.7066805256772052
    outer loop
      vertex -2.442155348204044 0.48577490182015937 7.026
      vertex -1.9615705608064609 0.3901806440322565 7.516
      vertex -2.3827814359732002 0.7228088463636112 7.026
    endloop
  endfacet
  facet normal -0.6863289091595776 0.1719164421467974 0.7066805256772053
    outer loop
      vertex -1.9615705608064609 0.3901806440322565 7.516
      vertex -1.9138806714644176 0.5805693545089247 7.516
      vertex -2.3827814359732002 0.7228088463636112 7.026
    endloop
  endfacet
  facet normal -0.6661732898343399 0.23836061448964527 0.7066805256772054
    outer loop
      vertex -1.9138806714644176 0.5805693545089247 7.516
      vertex -2.300460035953104 0.9528817465890737 7.026
      vertex -2.3827814359732002 0.7228088463636112 7.026
    endloop
  endfacet
  facet normal -0.6396020575606342 0.30250924381379135 0.7066805256772054
    outer loop
      vertex -2.300460035953104 0.9528817465890737 7.026
      vertex -1.8477590650225735 0.7653668647301796 7.516
      vertex -2.1959839482274046 1.1737778746967342 7.026
    endloop
  endfacet
  facet normal -0.66617328983434 0.23836061448964524 0.7066805256772053
    outer loop
      vertex -1.9138806714644176 0.5805693545089247 7.516
      vertex -1.8477590650225735 0.7653668647301796 7.516
      vertex -2.300460035953104 0.9528817465890737 7.026
    endloop
  endfacet
  facet normal -0.6068711078305675 0.3637445437516392 0.7066805256772055
    outer loop
      vertex -2.1959839482274046 1.1737778746967342 7.026
      vertex -1.76384252869671 0.9427934736519953 7.516
      vertex -2.0703593346333378 1.3833698802188095 7.026
    endloop
  endfacet
  facet normal 0 0 1
    outer loop
      vertex -1.9903694533443939 -0.1960342806591212 7.516
      vertex -1.9903694533443939 0.1960342806591212 7.516
      vertex -2 0 7.516
    endloop
  endfacet
  facet normal 0 0 1
    outer loop
      vertex -1.9615705608064609 -0.3901806440322565 7.516
      vertex -1.9615705608064609 0.3901806440322565 7.516
      vertex -1.9903694533443939 0.1960342806591212 7.516
    endloop
  endfacet
  facet normal 0 0 1
    outer loop
      vertex -1.9138806714644176 -0.5805693545089247 7.516
      vertex -1.9138806714644176 0.5805693545089247 7.516
      vertex -1.9615705608064609 0.3901806440322565 7.516
    endloop
  endfacet
  facet normal 0 0 1
    outer loop
      vertex -1.8477590650225735 -0.7653668647301796 7.516
      vertex -1.8477590650225735 0.7653668647301796 7.516
      vertex -1.9138806714644176 0.5805693545089247 7.516
    endloop
  endfacet
  facet normal 0 0 1
    outer loop
      vertex -1.76384252869671 -0.9427934736519953 7.516
      vertex -1.76384252869671 0.9427934736519953 7.516
      vertex -1.8477590650225735 0.7653668647301796 7.516
    endloop
  endfacet
  facet normal 0 0 1
    outer loop
      vertex -1.6629392246050905 -1.1111404660392044 7.516
      vertex -1.6629392246050905 1.1111404660392044 7.516
      vertex -1.76384252869671 0.9427934736519953 7.516
    endloop
  endfacet
  facet normal 0 0 1
    outer loop
      vertex -1.546020906725474 -1.268786568327291 7.516
      vertex -1.546020906725474 1.268786568327291 7.516
      vertex -1.6629392246050905 1.1111404660392044 7.516
    endloop
  endfacet
  facet normal -0.6396020575606337 0.30250924381379196 0.7066805256772056
    outer loop
      vertex -2.1959839482274046 1.1737778746967342 7.026
      vertex -1.8477590650225735 0.7653668647301796 7.516
      vertex -1.76384252869671 0.9427934736519953 7.516
    endloop
  endfacet
  facet normal 0 0 1
    outer loop
      vertex -1.4142135623730951 -1.4142135623730951 7.516
      vertex -1.4142135623730951 1.4142135623730951 7.516
      vertex -1.546020906725474 1.268786568327291 7.516
    endloop
  endfacet
  facet normal 0 0 1
    outer loop
      vertex -1.268786568327291 -1.546020906725474 7.516
      vertex -1.268786568327291 1.546020906725474 7.516
      vertex -1.4142135623730951 1.4142135623730951 7.516
    endloop
  endfacet
  facet normal 0 0 1
    outer loop
      vertex -1.1111404660392044 -1.6629392246050905 7.516
      vertex -1.1111404660392044 1.6629392246050905 7.516
      vertex -1.268786568327291 1.546020906725474 7.516
    endloop
  endfacet
  facet normal -0.6068711078305683 0.3637445437516385 0.7066805256772053
    outer loop
      vertex -1.76384252869671 0.9427934736519953 7.516
      vertex -1.6629392246050905 1.1111404660392044 7.516
      vertex -2.0703593346333378 1.3833698802188095 7.026
    endloop
  endfacet
  facet normal -0.5682956575826018 0.421476784890161 0.7066805256772053
    outer loop
      vertex -1.6629392246050905 1.1111404660392044 7.516
      vertex -1.9247960288732153 1.5796392775674775 7.026
      vertex -2.0703593346333378 1.3833698802188095 7.026
    endloop
  endfacet
  facet normal -0.5682956575826014 0.42147678489016144 0.7066805256772054
    outer loop
      vertex -1.6629392246050905 1.1111404660392044 7.516
      vertex -1.546020906725474 1.268786568327291 7.516
      vertex -1.9247960288732153 1.5796392775674775 7.026
    endloop
  endfacet
  facet normal -0.5242472094901067 0.47514997418754545 0.7066805256772053
    outer loop
      vertex -1.7606958851545036 1.7606958851545036 7.026
      vertex -1.546020906725474 1.268786568327291 7.516
      vertex -1.4142135623730951 1.4142135623730951 7.516
    endloop
  endfacet
  facet normal -0.5242472094901063 0.47514997418754557 0.7066805256772054
    outer loop
      vertex -1.9247960288732153 1.5796392775674775 7.026
      vertex -1.546020906725474 1.268786568327291 7.516
      vertex -1.7606958851545036 1.7606958851545036 7.026
    endloop
  endfacet
  facet normal -0.47514997418754557 0.5242472094901063 0.7066805256772053
    outer loop
      vertex -1.7606958851545036 1.7606958851545036 7.026
      vertex -1.4142135623730951 1.4142135623730951 7.516
      vertex -1.5796392775674775 1.9247960288732153 7.026
    endloop
  endfacet
  facet normal -0.47514997418754534 0.5242472094901065 0.7066805256772054
    outer loop
      vertex -1.4142135623730951 1.4142135623730951 7.516
      vertex -1.268786568327291 1.546020906725474 7.516
      vertex -1.5796392775674775 1.9247960288732153 7.026
    endloop
  endfacet
  facet normal -0.4214767848901611 0.5682956575826016 0.7066805256772054
    outer loop
      vertex -1.268786568327291 1.546020906725474 7.516
      vertex -1.3833698802188095 2.0703593346333378 7.026
      vertex -1.5796392775674775 1.9247960288732153 7.026
    endloop
  endfacet
  facet normal -0.42147678489016144 0.5682956575826014 0.7066805256772053
    outer loop
      vertex -1.268786568327291 1.546020906725474 7.516
      vertex -1.1111404660392044 1.6629392246050905 7.516
      vertex -1.3833698802188095 2.0703593346333378 7.026
    endloop
  endfacet
  facet normal -0.36374454375163934 0.6068711078305676 0.7066805256772053
    outer loop
      vertex -1.3833698802188095 2.0703593346333378 7.026
      vertex -1.1111404660392044 1.6629392246050905 7.516
      vertex -1.1737778746967342 2.1959839482274046 7.026
    endloop
  endfacet
  facet normal -0.36374454375163834 0.6068711078305681 0.7066805256772056
    outer loop
      vertex -1.1111404660392044 1.6629392246050905 7.516
      vertex -0.9427934736519953 1.76384252869671 7.516
      vertex -1.1737778746967342 2.1959839482274046 7.026
    endloop
  endfacet
  facet normal 0 0 1
    outer loop
      vertex -0.9427934736519953 -1.76384252869671 7.516
      vertex -0.9427934736519953 1.76384252869671 7.516
      vertex -1.1111404660392044 1.6629392246050905 7.516
    endloop
  endfacet
  facet normal 0 0 1
    outer loop
      vertex -0.7653668647301796 -1.8477590650225735 7.516
      vertex -0.7653668647301796 1.8477590650225735 7.516
      vertex -0.9427934736519953 1.76384252869671 7.516
    endloop
  endfacet
  facet normal 0 0 1
    outer loop
      vertex -0.5805693545089247 -1.9138806714644176 7.516
      vertex -0.5805693545089247 1.9138806714644176 7.516
      vertex -0.7653668647301796 1.8477590650225735 7.516
    endloop
  endfacet
  facet normal 0 0 1
    outer loop
      vertex -0.3901806440322565 -1.9615705608064609 7.516
      vertex -0.3901806440322565 1.9615705608064609 7.516
      vertex -0.5805693545089247 1.9138806714644176 7.516
    endloop
  endfacet
  facet normal 0 0 1
    outer loop
      vertex -0.1960342806591212 -1.9903694533443939 7.516
      vertex -0.1960342806591212 1.9903694533443939 7.516
      vertex -0.3901806440322565 1.9615705608064609 7.516
    endloop
  endfacet
  facet normal 0 0 1
    outer loop
      vertex -0.1960342806591212 1.9903694533443939 7.516
      vertex 0 -2 7.516
      vertex 0 2 7.516
    endloop
  endfacet
  facet normal -0.3025092438137921 0.6396020575606338 0.7066805256772053
    outer loop
      vertex -0.9427934736519953 1.76384252869671 7.516
      vertex -0.7653668647301796 1.8477590650225735 7.516
      vertex -0.9528817465890737 2.300460035953104 7.026
    endloop
  endfacet
  facet normal -0.3025092438137913 0.639602057560634 0.7066805256772055
    outer loop
      vertex -0.9427934736519953 1.76384252869671 7.516
      vertex -0.9528817465890737 2.300460035953104 7.026
      vertex -1.1737778746967342 2.1959839482274046 7.026
    endloop
  endfacet
  facet normal -0.23836061448964527 0.6661732898343399 0.7066805256772053
    outer loop
      vertex -0.7653668647301796 1.8477590650225735 7.516
      vertex -0.7228088463636112 2.3827814359732002 7.026
      vertex -0.9528817465890737 2.300460035953104 7.026
    endloop
  endfacet
  facet normal -0.171916442146797 0.6863289091595777 0.7066805256772054
    outer loop
      vertex -0.7228088463636112 2.3827814359732002 7.026
      vertex -0.5805693545089247 1.9138806714644176 7.516
      vertex -0.48577490182015937 2.442155348204044 7.026
    endloop
  endfacet
  facet normal -0.23836061448964524 0.66617328983434 0.7066805256772053
    outer loop
      vertex -0.7653668647301796 1.8477590650225735 7.516
      vertex -0.5805693545089247 1.9138806714644176 7.516
      vertex -0.7228088463636112 2.3827814359732002 7.026
    endloop
  endfacet
  facet normal -0.17191644214679738 0.6863289091595777 0.7066805256772053
    outer loop
      vertex -0.48577490182015937 2.442155348204044 7.026
      vertex -0.5805693545089247 1.9138806714644176 7.516
      vertex -0.3901806440322565 1.9615705608064609 7.516
    endloop
  endfacet
  facet normal -0.10381662048698873 0.6998748059040625 0.7066805256772054
    outer loop
      vertex -0.24406267942060592 2.4780099694137707 7.026
      vertex -0.3901806440322565 1.9615705608064609 7.516
      vertex -0.1960342806591212 1.9903694533443939 7.516
    endloop
  endfacet
  facet normal -0.1038166204869895 0.6998748059040626 0.7066805256772053
    outer loop
      vertex -0.48577490182015937 2.442155348204044 7.026
      vertex -0.3901806440322565 1.9615705608064609 7.516
      vertex -0.24406267942060592 2.4780099694137707 7.026
    endloop
  endfacet
  facet normal -0.034716988019951905 0.7066805256772053 0.7066805256772053
    outer loop
      vertex -0.1960342806591212 1.9903694533443939 7.516
      vertex 0 2 7.516
      vertex 0 2.49 7.026
    endloop
  endfacet
  facet normal -0.03471698801995146 0.7066805256772053 0.7066805256772054
    outer loop
      vertex -0.24406267942060592 2.4780099694137707 7.026
      vertex -0.1960342806591212 1.9903694533443939 7.516
      vertex 0 2.49 7.026
    endloop
  endfacet
  facet normal 0.03471698801995146 -0.7066805256772053 0.7066805256772054
    outer loop
      vertex 0 -2.49 7.026
      vertex 0.24406267942060592 -2.4780099694137707 7.026
      vertex 0.1960342806591212 -1.9903694533443939 7.516
    endloop
  endfacet
  facet normal 0.034716988019951954 -0.7066805256772053 0.7066805256772053
    outer loop
      vertex 0 -2.49 7.026
      vertex 0.1960342806591212 -1.9903694533443939 7.516
      vertex 0 -2 7.516
    endloop
  endfacet
  facet normal 0.1038166204869895 -0.6998748059040626 0.7066805256772053
    outer loop
      vertex 0.24406267942060592 -2.4780099694137707 7.026
      vertex 0.48577490182015937 -2.442155348204044 7.026
      vertex 0.3901806440322565 -1.9615705608064609 7.516
    endloop
  endfacet
  facet normal 0.10381662048698873 -0.6998748059040625 0.7066805256772054
    outer loop
      vertex 0.24406267942060592 -2.4780099694137707 7.026
      vertex 0.3901806440322565 -1.9615705608064609 7.516
      vertex 0.1960342806591212 -1.9903694533443939 7.516
    endloop
  endfacet
  facet normal 0.17191644214679738 -0.6863289091595777 0.7066805256772053
    outer loop
      vertex 0.48577490182015937 -2.442155348204044 7.026
      vertex 0.5805693545089247 -1.9138806714644176 7.516
      vertex 0.3901806440322565 -1.9615705608064609 7.516
    endloop
  endfacet
  facet normal 0.171916442146797 -0.6863289091595777 0.7066805256772054
    outer loop
      vertex 0.48577490182015937 -2.442155348204044 7.026
      vertex 0.7228088463636112 -2.3827814359732002 7.026
      vertex 0.5805693545089247 -1.9138806714644176 7.516
    endloop
  endfacet
  facet normal 0.23836061448964524 -0.66617328983434 0.7066805256772053
    outer loop
      vertex 0.5805693545089247 -1.9138806714644176 7.516
      vertex 0.7228088463636112 -2.3827814359732002 7.026
      vertex 0.7653668647301796 -1.8477590650225735 7.516
    endloop
  endfacet
  facet normal 0.23836061448964518 -0.6661732898343399 0.7066805256772053
    outer loop
      vertex 0.7228088463636112 -2.3827814359732002 7.026
      vertex 0.9528817465890737 -2.300460035953104 7.026
      vertex 0.7653668647301796 -1.8477590650225735 7.516
    endloop
  endfacet
  facet normal 0.3025092438137913 -0.639602057560634 0.7066805256772055
    outer loop
      vertex 0.9528817465890737 -2.300460035953104 7.026
      vertex 1.1737778746967342 -2.1959839482274046 7.026
      vertex 0.9427934736519953 -1.76384252869671 7.516
    endloop
  endfacet
  facet normal 0.3025092438137922 -0.6396020575606338 0.7066805256772053
    outer loop
      vertex 0.9528817465890737 -2.300460035953104 7.026
      vertex 0.9427934736519953 -1.76384252869671 7.516
      vertex 0.7653668647301796 -1.8477590650225735 7.516
    endloop
  endfacet
  facet normal 0 0 1
    outer loop
      vertex 0 -2 7.516
      vertex 0.1960342806591212 -1.9903694533443939 7.516
      vertex 0 2 7.516
    endloop
  endfacet
  facet normal 0 0 1
    outer loop
      vertex 0.1960342806591212 -1.9903694533443939 7.516
      vertex 0.3901806440322565 -1.9615705608064609 7.516
      vertex 0.1960342806591212 1.9903694533443939 7.516
    endloop
  endfacet
  facet normal 0 0 1
    outer loop
      vertex 0.3901806440322565 -1.9615705608064609 7.516
      vertex 0.5805693545089247 -1.9138806714644176 7.516
      vertex 0.3901806440322565 1.9615705608064609 7.516
    endloop
  endfacet
  facet normal 0 0 1
    outer loop
      vertex 0.5805693545089247 -1.9138806714644176 7.516
      vertex 0.7653668647301796 -1.8477590650225735 7.516
      vertex 0.5805693545089247 1.9138806714644176 7.516
    endloop
  endfacet
  facet normal 0 0 1
    outer loop
      vertex 0.7653668647301796 -1.8477590650225735 7.516
      vertex 0.9427934736519953 -1.76384252869671 7.516
      vertex 0.7653668647301796 1.8477590650225735 7.516
    endloop
  endfacet
  facet normal 0 0 1
    outer loop
      vertex 0.9427934736519953 -1.76384252869671 7.516
      vertex 1.1111404660392044 -1.6629392246050905 7.516
      vertex 0.9427934736519953 1.76384252869671 7.516
    endloop
  endfacet
  facet normal 0.36374454375163934 -0.6068711078305676 0.7066805256772052
    outer loop
      vertex 1.1737778746967342 -2.1959839482274046 7.026
      vertex 1.3833698802188095 -2.0703593346333378 7.026
      vertex 1.1111404660392044 -1.6629392246050905 7.516
    endloop
  endfacet
  facet normal 0.3637445437516383 -0.6068711078305681 0.7066805256772056
    outer loop
      vertex 1.1737778746967342 -2.1959839482274046 7.026
      vertex 1.1111404660392044 -1.6629392246050905 7.516
      vertex 0.9427934736519953 -1.76384252869671 7.516
    endloop
  endfacet
  facet normal 0.421476784890161 -0.5682956575826016 0.7066805256772054
    outer loop
      vertex 1.3833698802188095 -2.0703593346333378 7.026
      vertex 1.5796392775674775 -1.9247960288732153 7.026
      vertex 1.268786568327291 -1.546020906725474 7.516
    endloop
  endfacet
  facet normal 0.42147678489016144 -0.5682956575826014 0.7066805256772052
    outer loop
      vertex 1.1111404660392044 -1.6629392246050905 7.516
      vertex 1.3833698802188095 -2.0703593346333378 7.026
      vertex 1.268786568327291 -1.546020906725474 7.516
    endloop
  endfacet
  facet normal 0.47514997418754545 -0.5242472094901065 0.7066805256772054
    outer loop
      vertex 1.5796392775674775 -1.9247960288732153 7.026
      vertex 1.4142135623730951 -1.4142135623730951 7.516
      vertex 1.268786568327291 -1.546020906725474 7.516
    endloop
  endfacet
  facet normal 0.47514997418754557 -0.5242472094901063 0.7066805256772053
    outer loop
      vertex 1.5796392775674775 -1.9247960288732153 7.026
      vertex 1.7606958851545036 -1.7606958851545036 7.026
      vertex 1.4142135623730951 -1.4142135623730951 7.516
    endloop
  endfacet
  facet normal 0.5242472094901063 -0.47514997418754557 0.7066805256772054
    outer loop
      vertex 1.7606958851545036 -1.7606958851545036 7.026
      vertex 1.9247960288732153 -1.5796392775674775 7.026
      vertex 1.546020906725474 -1.268786568327291 7.516
    endloop
  endfacet
  facet normal 0.5242472094901067 -0.47514997418754545 0.7066805256772053
    outer loop
      vertex 1.7606958851545036 -1.7606958851545036 7.026
      vertex 1.546020906725474 -1.268786568327291 7.516
      vertex 1.4142135623730951 -1.4142135623730951 7.516
    endloop
  endfacet
  facet normal 0.5682956575826013 -0.4214767848901614 0.7066805256772054
    outer loop
      vertex 1.546020906725474 -1.268786568327291 7.516
      vertex 1.9247960288732153 -1.5796392775674775 7.026
      vertex 1.6629392246050905 -1.1111404660392044 7.516
    endloop
  endfacet
  facet normal 0.5682956575826017 -0.4214767848901611 0.7066805256772053
    outer loop
      vertex 1.9247960288732153 -1.5796392775674775 7.026
      vertex 2.0703593346333378 -1.3833698802188095 7.026
      vertex 1.6629392246050905 -1.1111404660392044 7.516
    endloop
  endfacet
  facet normal 0.6068711078305683 -0.3637445437516384 0.7066805256772052
    outer loop
      vertex 2.0703593346333378 -1.3833698802188095 7.026
      vertex 1.76384252869671 -0.9427934736519953 7.516
      vertex 1.6629392246050905 -1.1111404660392044 7.516
    endloop
  endfacet
  facet normal 0 0 1
    outer loop
      vertex 1.1111404660392044 -1.6629392246050905 7.516
      vertex 1.268786568327291 -1.546020906725474 7.516
      vertex 1.1111404660392044 1.6629392246050905 7.516
    endloop
  endfacet
  facet normal 0 0 1
    outer loop
      vertex 1.268786568327291 -1.546020906725474 7.516
      vertex 1.4142135623730951 -1.4142135623730951 7.516
      vertex 1.268786568327291 1.546020906725474 7.516
    endloop
  endfacet
  facet normal 0 0 1
    outer loop
      vertex 1.4142135623730951 -1.4142135623730951 7.516
      vertex 1.546020906725474 -1.268786568327291 7.516
      vertex 1.4142135623730951 1.4142135623730951 7.516
    endloop
  endfacet
  facet normal 0.6396020575606337 -0.302509243813792 0.7066805256772055
    outer loop
      vertex 1.76384252869671 -0.9427934736519953 7.516
      vertex 2.1959839482274046 -1.1737778746967342 7.026
      vertex 1.8477590650225735 -0.7653668647301796 7.516
    endloop
  endfacet
  facet normal 0 0 1
    outer loop
      vertex 1.546020906725474 -1.268786568327291 7.516
      vertex 1.6629392246050905 -1.1111404660392044 7.516
      vertex 1.546020906725474 1.268786568327291 7.516
    endloop
  endfacet
  facet normal 0 0 1
    outer loop
      vertex 1.6629392246050905 -1.1111404660392044 7.516
      vertex 1.76384252869671 -0.9427934736519953 7.516
      vertex 1.6629392246050905 1.1111404660392044 7.516
    endloop
  endfacet
  facet normal 0 0 1
    outer loop
      vertex 1.76384252869671 -0.9427934736519953 7.516
      vertex 1.8477590650225735 -0.7653668647301796 7.516
      vertex 1.76384252869671 0.9427934736519953 7.516
    endloop
  endfacet
  facet normal 0 0 1
    outer loop
      vertex 1.8477590650225735 -0.7653668647301796 7.516
      vertex 1.9138806714644176 -0.5805693545089247 7.516
      vertex 1.8477590650225735 0.7653668647301796 7.516
    endloop
  endfacet
  facet normal 0 0 1
    outer loop
      vertex 1.9138806714644176 -0.5805693545089247 7.516
      vertex 1.9615705608064609 -0.3901806440322565 7.516
      vertex 1.9138806714644176 0.5805693545089247 7.516
    endloop
  endfacet
  facet normal 0 0 1
    outer loop
      vertex 1.9615705608064609 -0.3901806440322565 7.516
      vertex 1.9903694533443939 -0.1960342806591212 7.516
      vertex 1.9615705608064609 0.3901806440322565 7.516
    endloop
  endfacet
  facet normal 0.6068711078305675 -0.3637445437516392 0.7066805256772055
    outer loop
      vertex 2.0703593346333378 -1.3833698802188095 7.026
      vertex 2.1959839482274046 -1.1737778746967342 7.026
      vertex 1.76384252869671 -0.9427934736519953 7.516
    endloop
  endfacet
  facet normal 0.6396020575606342 -0.3025092438137913 0.7066805256772053
    outer loop
      vertex 1.8477590650225735 -0.7653668647301796 7.516
      vertex 2.1959839482274046 -1.1737778746967342 7.026
      vertex 2.300460035953104 -0.9528817465890737 7.026
    endloop
  endfacet
  facet normal 0.6661732898343399 -0.23836061448964518 0.7066805256772053
    outer loop
      vertex 2.300460035953104 -0.9528817465890737 7.026
      vertex 2.3827814359732002 -0.7228088463636112 7.026
      vertex 1.9138806714644176 -0.5805693545089247 7.516
    endloop
  endfacet
  facet normal 0.66617328983434 -0.23836061448964524 0.7066805256772053
    outer loop
      vertex 1.8477590650225735 -0.7653668647301796 7.516
      vertex 2.300460035953104 -0.9528817465890737 7.026
      vertex 1.9138806714644176 -0.5805693545089247 7.516
    endloop
  endfacet
  facet normal 0.6863289091595774 -0.17191644214679738 0.7066805256772053
    outer loop
      vertex 2.3827814359732002 -0.7228088463636112 7.026
      vertex 1.9615705608064609 -0.3901806440322565 7.516
      vertex 1.9138806714644176 -0.5805693545089247 7.516
    endloop
  endfacet
  facet normal 0.6863289091595778 -0.17191644214679702 0.7066805256772053
    outer loop
      vertex 2.3827814359732002 -0.7228088463636112 7.026
      vertex 2.442155348204044 -0.48577490182015937 7.026
      vertex 1.9615705608064609 -0.3901806440322565 7.516
    endloop
  endfacet
  facet normal 0.6998748059040627 -0.10381662048698886 0.7066805256772053
    outer loop
      vertex 2.442155348204044 -0.48577490182015937 7.026
      vertex 1.9903694533443939 -0.1960342806591212 7.516
      vertex 1.9615705608064609 -0.3901806440322565 7.516
    endloop
  endfacet
  facet normal 0.7066805256772052 -0.034716988019951996 0.7066805256772054
    outer loop
      vertex 2.4780099694137707 -0.24406267942060592 7.026
      vertex 2 0 7.516
      vertex 1.9903694533443939 -0.1960342806591212 7.516
    endloop
  endfacet
  facet normal 0.6998748059040624 -0.10381662048698947 0.7066805256772053
    outer loop
      vertex 2.442155348204044 -0.48577490182015937 7.026
      vertex 2.4780099694137707 -0.24406267942060592 7.026
      vertex 1.9903694533443939 -0.1960342806591212 7.516
    endloop
  endfacet
  facet normal 0.7066805256772054 -0.03471698801995147 0.7066805256772054
    outer loop
      vertex 2.4780099694137707 -0.24406267942060592 7.026
      vertex 2.49 0 7.026
      vertex 2 0 7.516
    endloop
  endfacet
  facet normal 0 0 1
    outer loop
      vertex 0.1960342806591212 -1.9903694533443939 7.516
      vertex 0.1960342806591212 1.9903694533443939 7.516
      vertex 0 2 7.516
    endloop
  endfacet
  facet normal 0 0 1
    outer loop
      vertex 0.3901806440322565 -1.9615705608064609 7.516
      vertex 0.3901806440322565 1.9615705608064609 7.516
      vertex 0.1960342806591212 1.9903694533443939 7.516
    endloop
  endfacet
  facet normal 0 0 1
    outer loop
      vertex 0.5805693545089247 -1.9138806714644176 7.516
      vertex 0.5805693545089247 1.9138806714644176 7.516
      vertex 0.3901806440322565 1.9615705608064609 7.516
    endloop
  endfacet
  facet normal 0 0 1
    outer loop
      vertex 0.7653668647301796 -1.8477590650225735 7.516
      vertex 0.7653668647301796 1.8477590650225735 7.516
      vertex 0.5805693545089247 1.9138806714644176 7.516
    endloop
  endfacet
  facet normal 0 0 1
    outer loop
      vertex 0.9427934736519953 -1.76384252869671 7.516
      vertex 0.9427934736519953 1.76384252869671 7.516
      vertex 0.7653668647301796 1.8477590650225735 7.516
    endloop
  endfacet
  facet normal 0.302509243813792 0.6396020575606337 0.7066805256772055
    outer loop
      vertex 0.7653668647301796 1.8477590650225735 7.516
      vertex 0.9427934736519953 1.76384252869671 7.516
      vertex 1.1737778746967342 2.1959839482274046 7.026
    endloop
  endfacet
  facet normal 0 0 1
    outer loop
      vertex 1.1111404660392044 -1.6629392246050905 7.516
      vertex 1.1111404660392044 1.6629392246050905 7.516
      vertex 0.9427934736519953 1.76384252869671 7.516
    endloop
  endfacet
  facet normal 0 0 1
    outer loop
      vertex 1.268786568327291 -1.546020906725474 7.516
      vertex 1.268786568327291 1.546020906725474 7.516
      vertex 1.1111404660392044 1.6629392246050905 7.516
    endloop
  endfacet
  facet normal 0 0 1
    outer loop
      vertex 1.4142135623730951 -1.4142135623730951 7.516
      vertex 1.4142135623730951 1.4142135623730951 7.516
      vertex 1.268786568327291 1.546020906725474 7.516
    endloop
  endfacet
  facet normal 0 0 1
    outer loop
      vertex 1.546020906725474 -1.268786568327291 7.516
      vertex 1.546020906725474 1.268786568327291 7.516
      vertex 1.4142135623730951 1.4142135623730951 7.516
    endloop
  endfacet
  facet normal 0 0 1
    outer loop
      vertex 1.6629392246050905 -1.1111404660392044 7.516
      vertex 1.6629392246050905 1.1111404660392044 7.516
      vertex 1.546020906725474 1.268786568327291 7.516
    endloop
  endfacet
  facet normal 0 0 1
    outer loop
      vertex 1.76384252869671 -0.9427934736519953 7.516
      vertex 1.76384252869671 0.9427934736519953 7.516
      vertex 1.6629392246050905 1.1111404660392044 7.516
    endloop
  endfacet
  facet normal 0 0 1
    outer loop
      vertex 1.9903694533443939 -0.1960342806591212 7.516
      vertex 2 0 7.516
      vertex 1.9903694533443939 0.1960342806591212 7.516
    endloop
  endfacet
  facet normal 0 0 1
    outer loop
      vertex 1.9903694533443939 -0.1960342806591212 7.516
      vertex 1.9903694533443939 0.1960342806591212 7.516
      vertex 1.9615705608064609 0.3901806440322565 7.516
    endloop
  endfacet
  facet normal 0 0 1
    outer loop
      vertex 1.9615705608064609 -0.3901806440322565 7.516
      vertex 1.9615705608064609 0.3901806440322565 7.516
      vertex 1.9138806714644176 0.5805693545089247 7.516
    endloop
  endfacet
  facet normal 0 0 1
    outer loop
      vertex 1.8477590650225735 -0.7653668647301796 7.516
      vertex 1.8477590650225735 0.7653668647301796 7.516
      vertex 1.76384252869671 0.9427934736519953 7.516
    endloop
  endfacet
  facet normal 0 0 1
    outer loop
      vertex 1.9138806714644176 -0.5805693545089247 7.516
      vertex 1.9138806714644176 0.5805693545089247 7.516
      vertex 1.8477590650225735 0.7653668647301796 7.516
    endloop
  endfacet
  facet normal 0.6396020575606338 0.3025092438137921 0.7066805256772053
    outer loop
      vertex 1.8477590650225735 0.7653668647301796 7.516
      vertex 2.300460035953104 0.9528817465890737 7.026
      vertex 1.76384252869671 0.9427934736519953 7.516
    endloop
  endfacet
  facet normal 0.3637445437516385 0.6068711078305683 0.7066805256772053
    outer loop
      vertex 0.9427934736519953 1.76384252869671 7.516
      vertex 1.1111404660392044 1.6629392246050905 7.516
      vertex 1.3833698802188095 2.0703593346333378 7.026
    endloop
  endfacet
  facet normal 0.4214767848901614 0.5682956575826013 0.7066805256772054
    outer loop
      vertex 1.1111404660392044 1.6629392246050905 7.516
      vertex 1.268786568327291 1.546020906725474 7.516
      vertex 1.5796392775674775 1.9247960288732153 7.026
    endloop
  endfacet
  facet normal 0.47514997418754534 0.5242472094901066 0.7066805256772054
    outer loop
      vertex 1.7606958851545036 1.7606958851545036 7.026
      vertex 1.268786568327291 1.546020906725474 7.516
      vertex 1.4142135623730951 1.4142135623730951 7.516
    endloop
  endfacet
  facet normal 0.4214767848901611 0.5682956575826018 0.7066805256772053
    outer loop
      vertex 1.1111404660392044 1.6629392246050905 7.516
      vertex 1.5796392775674775 1.9247960288732153 7.026
      vertex 1.3833698802188095 2.0703593346333378 7.026
    endloop
  endfacet
  facet normal 0.5242472094901065 0.47514997418754534 0.7066805256772054
    outer loop
      vertex 1.546020906725474 1.268786568327291 7.516
      vertex 1.9247960288732153 1.5796392775674775 7.026
      vertex 1.4142135623730951 1.4142135623730951 7.516
    endloop
  endfacet
  facet normal 0.6068711078305676 0.3637445437516395 0.7066805256772053
    outer loop
      vertex 1.6629392246050905 1.1111404660392044 7.516
      vertex 2.1959839482274046 1.1737778746967342 7.026
      vertex 2.0703593346333378 1.3833698802188095 7.026
    endloop
  endfacet
  facet normal 0.6068711078305681 0.36374454375163834 0.7066805256772055
    outer loop
      vertex 1.6629392246050905 1.1111404660392044 7.516
      vertex 1.76384252869671 0.9427934736519953 7.516
      vertex 2.1959839482274046 1.1737778746967342 7.026
    endloop
  endfacet
  facet normal 0.5682956575826016 0.42147678489016116 0.7066805256772054
    outer loop
      vertex 1.546020906725474 1.268786568327291 7.516
      vertex 2.0703593346333378 1.3833698802188095 7.026
      vertex 1.9247960288732153 1.5796392775674775 7.026
    endloop
  endfacet
  facet normal 0.5682956575826014 0.42147678489016144 0.7066805256772053
    outer loop
      vertex 1.6629392246050905 1.1111404660392044 7.516
      vertex 2.0703593346333378 1.3833698802188095 7.026
      vertex 1.546020906725474 1.268786568327291 7.516
    endloop
  endfacet
  facet normal 0.47514997418754557 0.5242472094901063 0.7066805256772054
    outer loop
      vertex 1.7606958851545036 1.7606958851545036 7.026
      vertex 1.5796392775674775 1.9247960288732153 7.026
      vertex 1.268786568327291 1.546020906725474 7.516
    endloop
  endfacet
  facet normal 0.5242472094901063 0.47514997418754557 0.7066805256772053
    outer loop
      vertex 1.7606958851545036 1.7606958851545036 7.026
      vertex 1.4142135623730951 1.4142135623730951 7.516
      vertex 1.9247960288732153 1.5796392775674775 7.026
    endloop
  endfacet
  facet normal 0.03471698801995198 0.7066805256772052 0.7066805256772054
    outer loop
      vertex 0.24406267942060592 2.4780099694137707 7.026
      vertex 0 2 7.516
      vertex 0.1960342806591212 1.9903694533443939 7.516
    endloop
  endfacet
  facet normal 0.03471698801995147 0.7066805256772054 0.7066805256772054
    outer loop
      vertex 0 2.49 7.026
      vertex 0 2 7.516
      vertex 0.24406267942060592 2.4780099694137707 7.026
    endloop
  endfacet
  facet normal 0.10381662048698884 0.6998748059040626 0.7066805256772053
    outer loop
      vertex 0.48577490182015937 2.442155348204044 7.026
      vertex 0.1960342806591212 1.9903694533443939 7.516
      vertex 0.3901806440322565 1.9615705608064609 7.516
    endloop
  endfacet
  facet normal 0.10381662048698947 0.6998748059040624 0.7066805256772053
    outer loop
      vertex 0.24406267942060592 2.4780099694137707 7.026
      vertex 0.1960342806591212 1.9903694533443939 7.516
      vertex 0.48577490182015937 2.442155348204044 7.026
    endloop
  endfacet
  facet normal 0.17191644214679738 0.6863289091595774 0.7066805256772053
    outer loop
      vertex 0.3901806440322565 1.9615705608064609 7.516
      vertex 0.5805693545089247 1.9138806714644176 7.516
      vertex 0.7228088463636112 2.3827814359732002 7.026
    endloop
  endfacet
  facet normal 0.171916442146797 0.6863289091595777 0.7066805256772052
    outer loop
      vertex 0.48577490182015937 2.442155348204044 7.026
      vertex 0.3901806440322565 1.9615705608064609 7.516
      vertex 0.7228088463636112 2.3827814359732002 7.026
    endloop
  endfacet
  facet normal 0.23836061448964518 0.6661732898343399 0.7066805256772053
    outer loop
      vertex 0.5805693545089247 1.9138806714644176 7.516
      vertex 0.9528817465890737 2.300460035953104 7.026
      vertex 0.7228088463636112 2.3827814359732002 7.026
    endloop
  endfacet
  facet normal 0.30250924381379135 0.6396020575606342 0.7066805256772055
    outer loop
      vertex 0.7653668647301796 1.8477590650225735 7.516
      vertex 1.1737778746967342 2.1959839482274046 7.026
      vertex 0.9528817465890737 2.300460035953104 7.026
    endloop
  endfacet
  facet normal 0.23836061448964524 0.66617328983434 0.7066805256772053
    outer loop
      vertex 0.5805693545089247 1.9138806714644176 7.516
      vertex 0.7653668647301796 1.8477590650225735 7.516
      vertex 0.9528817465890737 2.300460035953104 7.026
    endloop
  endfacet
  facet normal 0.36374454375163934 0.6068711078305675 0.7066805256772055
    outer loop
      vertex 0.9427934736519953 1.76384252869671 7.516
      vertex 1.3833698802188095 2.0703593346333378 7.026
      vertex 1.1737778746967342 2.1959839482274046 7.026
    endloop
  endfacet
  facet normal 0.7066805256772053 0.03471698801995183 0.7066805256772053
    outer loop
      vertex 2.49 0 7.026
      vertex 1.9903694533443939 0.1960342806591212 7.516
      vertex 2 0 7.516
    endloop
  endfacet
  facet normal 0.6863289091595776 0.17191644214679738 0.7066805256772053
    outer loop
      vertex 2.442155348204044 0.48577490182015937 7.026
      vertex 1.9138806714644176 0.5805693545089247 7.516
      vertex 1.9615705608064609 0.3901806440322565 7.516
    endloop
  endfacet
  facet normal 0.6998748059040625 0.10381662048698874 0.7066805256772054
    outer loop
      vertex 2.4780099694137707 0.24406267942060592 7.026
      vertex 1.9615705608064609 0.3901806440322565 7.516
      vertex 1.9903694533443939 0.1960342806591212 7.516
    endloop
  endfacet
  facet normal 0.7066805256772052 0.034716988019951454 0.7066805256772054
    outer loop
      vertex 2.49 0 7.026
      vertex 2.4780099694137707 0.24406267942060592 7.026
      vertex 1.9903694533443939 0.1960342806591212 7.516
    endloop
  endfacet
  facet normal 0.6998748059040626 0.1038166204869895 0.7066805256772053
    outer loop
      vertex 2.4780099694137707 0.24406267942060592 7.026
      vertex 2.442155348204044 0.48577490182015937 7.026
      vertex 1.9615705608064609 0.3901806440322565 7.516
    endloop
  endfacet
  facet normal 0.6863289091595777 0.171916442146797 0.7066805256772053
    outer loop
      vertex 2.442155348204044 0.48577490182015937 7.026
      vertex 2.3827814359732002 0.7228088463636112 7.026
      vertex 1.9138806714644176 0.5805693545089247 7.516
    endloop
  endfacet
  facet normal 0.66617328983434 0.23836061448964524 0.7066805256772053
    outer loop
      vertex 1.8477590650225735 0.7653668647301796 7.516
      vertex 1.9138806714644176 0.5805693545089247 7.516
      vertex 2.3827814359732002 0.7228088463636112 7.026
    endloop
  endfacet
  facet normal 0.66617328983434 0.23836061448964518 0.7066805256772054
    outer loop
      vertex 1.8477590650225735 0.7653668647301796 7.516
      vertex 2.3827814359732002 0.7228088463636112 7.026
      vertex 2.300460035953104 0.9528817465890737 7.026
    endloop
  endfacet
  facet normal 0.639602057560634 0.30250924381379135 0.7066805256772055
    outer loop
      vertex 1.76384252869671 0.9427934736519953 7.516
      vertex 2.300460035953104 0.9528817465890737 7.026
      vertex 2.1959839482274046 1.1737778746967342 7.026
    endloop
  endfacet
endsolid OpenSCAD_Model
