solid OpenSCAD_Model
  facet normal -0.7409511253549592 0 -0.6715589548470183
    outer loop
      vertex -1.9325261334068424 -2.5 0.3140167895908861
      vertex -1.7677669529663689 -2.5 0.13223304703363103
      vertex -1.9325261334068424 -13 0.3140167895908861
    endloop
  endfacet
  facet normal -0.8032075314806452 -6.426056878958832e-19 -0.5956993044924331
    outer loop
      vertex -1.9325261334068424 -2.5 0.3140167895908861
      vertex -2.078674030756363 -13 0.5110744174509945
      vertex -2.078674030756363 -2.5 0.5110744174509945
    endloop
  endfacet
  facet normal -0.8577286100002716 -4.7397562005350855e-19 -0.5141027441932224
    outer loop
      vertex -2.078674030756363 -2.5 0.5110744174509945
      vertex -2.204803160870888 -13 0.7215081579350058
      vertex -2.204803160870888 -2.5 0.7215081579350058
    endloop
  endfacet
  facet normal -0.6715589548470183 -6.495151182995029e-19 -0.7409511253549592
    outer loop
      vertex -1.7677669529663689 -2.5 0.13223304703363103
      vertex -1.6218702683915907 -2.5 1.3322676295501878e-15
      vertex -1.6218702683915907 -13 1.3322676295501878e-15
    endloop
  endfacet
  facet normal -0.9039892931234436 2.52418504148331e-19 -0.42755509343028164
    outer loop
      vertex -2.204803160870888 -2.5 0.7215081579350058
      vertex -2.309698831278217 -13 0.9432914190872754
      vertex -2.309698831278217 -2.5 0.9432914190872754
    endloop
  endfacet
  facet normal -0.9415440651830213 -5.31266259904827e-19 -0.33688985339221883
    outer loop
      vertex -2.309698831278217 -2.5 0.9432914190872754
      vertex -2.392350839330522 -13 1.1742883068638441
      vertex -2.392350839330522 -2.5 1.1742883068638441
    endloop
  endfacet
  facet normal -0.9700312531945439 -5.485649672800792e-20 -0.2429801799032646
    outer loop
      vertex -2.392350839330522 -2.5 1.1742883068638441
      vertex -2.451963201008076 -13 1.4122741949596793
      vertex -2.451963201008076 -2.5 1.4122741949596793
    endloop
  endfacet
  facet normal -0.9891765099647809 5.2644177251410963e-20 -0.14673047445536289
    outer loop
      vertex -2.451963201008076 -2.5 1.4122741949596793
      vertex -2.4879618166804924 -13 1.6549571491760984
      vertex -2.4879618166804924 -2.5 1.6549571491760984
    endloop
  endfacet
  facet normal -0.9987954562051724 -2.725541176366968e-20 -0.04906767432741712
    outer loop
      vertex -2.4879618166804924 -2.5 1.6549571491760984
      vertex -2.5 -13 1.9
      vertex -2.5 -2.5 1.9
    endloop
  endfacet
  facet normal -0.9987954562051724 -2.783571157137142e-22 0.04906767432741717
    outer loop
      vertex -2.5 -2.5 1.9
      vertex -2.4879618166804924 -13 2.1450428508239012
      vertex -2.4879618166804924 -2.5 2.1450428508239012
    endloop
  endfacet
  facet normal -0.9891765099647809 -5.2644177251410963e-20 0.14673047445536289
    outer loop
      vertex -2.4879618166804924 -2.5 2.1450428508239012
      vertex -2.451963201008076 -13 2.3877258050403203
      vertex -2.451963201008076 -2.5 2.3877258050403203
    endloop
  endfacet
  facet normal -0.9700312531945439 5.485649672800792e-20 0.2429801799032646
    outer loop
      vertex -2.451963201008076 -2.5 2.3877258050403203
      vertex -2.392350839330522 -13 2.6257116931361555
      vertex -2.392350839330522 -2.5 2.6257116931361555
    endloop
  endfacet
  facet normal -0.9415440651830213 -4.2533258765482277e-19 0.33688985339221855
    outer loop
      vertex -2.392350839330522 -2.5 2.6257116931361555
      vertex -2.309698831278217 -13 2.8567085809127244
      vertex -2.309698831278217 -2.5 2.8567085809127244
    endloop
  endfacet
  facet normal -0.9039892931234437 -6.385173179142491e-19 0.4275550934302813
    outer loop
      vertex -2.309698831278217 -2.5 2.8567085809127244
      vertex -2.204803160870888 -13 3.0784918420649943
      vertex -2.204803160870888 -2.5 3.0784918420649943
    endloop
  endfacet
  facet normal -0.8577286100002715 3.766494937245464e-19 0.5141027441932229
    outer loop
      vertex -2.204803160870888 -2.5 3.0784918420649943
      vertex -2.078674030756363 -13 3.2889255825490054
      vertex -2.078674030756363 -2.5 3.2889255825490054
    endloop
  endfacet
  facet normal -0.8032075314806452 6.426056878958832e-19 0.5956993044924331
    outer loop
      vertex -2.078674030756363 -2.5 3.2889255825490054
      vertex -1.9325261334068424 -13 3.4859832104091137
      vertex -1.9325261334068424 -2.5 3.4859832104091137
    endloop
  endfacet
  facet normal -0.8032075314806452 0 -0.5956993044924331
    outer loop
      vertex -1.9325261334068424 -2.5 0.3140167895908861
      vertex -1.9325261334068424 -13 0.3140167895908861
      vertex -2.078674030756363 -13 0.5110744174509945
    endloop
  endfacet
  facet normal -0.9039892931234436 0 -0.42755509343028164
    outer loop
      vertex -2.204803160870888 -2.5 0.7215081579350058
      vertex -2.204803160870888 -13 0.7215081579350058
      vertex -2.309698831278217 -13 0.9432914190872754
    endloop
  endfacet
  facet normal -0.8577286100002716 0 -0.5141027441932224
    outer loop
      vertex -2.078674030756363 -2.5 0.5110744174509945
      vertex -2.078674030756363 -13 0.5110744174509945
      vertex -2.204803160870888 -13 0.7215081579350058
    endloop
  endfacet
  facet normal -0.6715589548470183 0 -0.7409511253549592
    outer loop
      vertex -1.7677669529663689 -2.5 0.13223304703363103
      vertex -1.6218702683915907 -13 1.3322676295501878e-15
      vertex -1.7677669529663689 -13 0.13223304703363103
    endloop
  endfacet
  facet normal -0.7409511253549592 0 -0.6715589548470183
    outer loop
      vertex -1.7677669529663689 -2.5 0.13223304703363103
      vertex -1.7677669529663689 -13 0.13223304703363103
      vertex -1.9325261334068424 -13 0.3140167895908861
    endloop
  endfacet
  facet normal -0.9415440651830213 0 -0.33688985339221883
    outer loop
      vertex -2.309698831278217 -2.5 0.9432914190872754
      vertex -2.309698831278217 -13 0.9432914190872754
      vertex -2.392350839330522 -13 1.1742883068638441
    endloop
  endfacet
  facet normal -0.9700312531945439 0 -0.2429801799032646
    outer loop
      vertex -2.392350839330522 -2.5 1.1742883068638441
      vertex -2.392350839330522 -13 1.1742883068638441
      vertex -2.451963201008076 -13 1.4122741949596793
    endloop
  endfacet
  facet normal -0.9891765099647809 0 -0.14673047445536289
    outer loop
      vertex -2.451963201008076 -2.5 1.4122741949596793
      vertex -2.451963201008076 -13 1.4122741949596793
      vertex -2.4879618166804924 -13 1.6549571491760984
    endloop
  endfacet
  facet normal -0.9987954562051724 0 -0.04906767432741712
    outer loop
      vertex -2.4879618166804924 -2.5 1.6549571491760984
      vertex -2.4879618166804924 -13 1.6549571491760984
      vertex -2.5 -13 1.9
    endloop
  endfacet
  facet normal -0.9987954562051724 0 0.04906767432741717
    outer loop
      vertex -2.5 -2.5 1.9
      vertex -2.5 -13 1.9
      vertex -2.4879618166804924 -13 2.1450428508239012
    endloop
  endfacet
  facet normal -0.9891765099647809 0 0.14673047445536289
    outer loop
      vertex -2.4879618166804924 -2.5 2.1450428508239012
      vertex -2.4879618166804924 -13 2.1450428508239012
      vertex -2.451963201008076 -13 2.3877258050403203
    endloop
  endfacet
  facet normal -0.9700312531945439 0 0.2429801799032646
    outer loop
      vertex -2.451963201008076 -2.5 2.3877258050403203
      vertex -2.451963201008076 -13 2.3877258050403203
      vertex -2.392350839330522 -13 2.6257116931361555
    endloop
  endfacet
  facet normal -0.9415440651830213 0 0.33688985339221855
    outer loop
      vertex -2.392350839330522 -2.5 2.6257116931361555
      vertex -2.392350839330522 -13 2.6257116931361555
      vertex -2.309698831278217 -13 2.8567085809127244
    endloop
  endfacet
  facet normal -0.9039892931234437 0 0.4275550934302813
    outer loop
      vertex -2.309698831278217 -2.5 2.8567085809127244
      vertex -2.309698831278217 -13 2.8567085809127244
      vertex -2.204803160870888 -13 3.0784918420649943
    endloop
  endfacet
  facet normal -0.8577286100002715 0 0.5141027441932229
    outer loop
      vertex -2.204803160870888 -2.5 3.0784918420649943
      vertex -2.204803160870888 -13 3.0784918420649943
      vertex -2.078674030756363 -13 3.2889255825490054
    endloop
  endfacet
  facet normal -0.8032075314806452 0 0.5956993044924331
    outer loop
      vertex -2.078674030756363 -2.5 3.2889255825490054
      vertex -2.078674030756363 -13 3.2889255825490054
      vertex -1.9325261334068424 -13 3.4859832104091137
    endloop
  endfacet
  facet normal -0.7409511253549592 -3.2547646076525007e-19 0.6715589548470183
    outer loop
      vertex -1.9325261334068424 -2.5 3.4859832104091137
      vertex -1.7677669529663689 -13 3.667766952966369
      vertex -1.7677669529663689 -2.5 3.667766952966369
    endloop
  endfacet
  facet normal -0.6715589548470189 0 0.7409511253549587
    outer loop
      vertex -1.7677669529663689 -2.5 3.667766952966369
      vertex -1.7677669529663689 -13 3.667766952966369
      vertex -1.5859832104091138 -2.5 3.8325261334068426
    endloop
  endfacet
  facet normal -0.5956993044924325 0 0.8032075314806456
    outer loop
      vertex -1.5859832104091138 -2.5 3.8325261334068426
      vertex -1.5859832104091138 -13 3.8325261334068426
      vertex -1.3889255825490054 -2.5 3.978674030756363
    endloop
  endfacet
  facet normal -0.5141027441932224 0 0.8577286100002716
    outer loop
      vertex -1.3889255825490054 -2.5 3.978674030756363
      vertex -1.3889255825490054 -13 3.978674030756363
      vertex -1.1784918420649941 -2.5 4.104803160870888
    endloop
  endfacet
  facet normal -0.4275550934302831 0 0.9039892931234428
    outer loop
      vertex -1.1784918420649941 -2.5 4.104803160870888
      vertex -1.1784918420649941 -13 4.104803160870888
      vertex -0.9567085809127245 -2.5 4.209698831278217
    endloop
  endfacet
  facet normal -0.33688985339221883 0 0.9415440651830213
    outer loop
      vertex -0.9567085809127245 -2.5 4.209698831278217
      vertex -0.9567085809127245 -13 4.209698831278217
      vertex -0.7257116931361558 -2.5 4.292350839330522
    endloop
  endfacet
  facet normal -0.24298017990326118 0 0.9700312531945448
    outer loop
      vertex -0.7257116931361558 -2.5 4.292350839330522
      vertex -0.7257116931361558 -13 4.292350839330522
      vertex -0.4877258050403206 -2.5 4.3519632010080755
    endloop
  endfacet
  facet normal -0.14673047445536638 0 0.9891765099647802
    outer loop
      vertex -0.4877258050403206 -2.5 4.3519632010080755
      vertex -0.4877258050403206 -13 4.3519632010080755
      vertex -0.2450428508239015 -2.5 4.387961816680493
    endloop
  endfacet
  facet normal -0.049067674327417134 0 0.9987954562051724
    outer loop
      vertex -0.2450428508239015 -2.5 4.387961816680493
      vertex -0.2450428508239015 -13 4.387961816680493
      vertex 0 -2.5 4.4
    endloop
  endfacet
  facet normal -0.7409511253549592 0 0.6715589548470183
    outer loop
      vertex -1.9325261334068424 -2.5 3.4859832104091137
      vertex -1.9325261334068424 -13 3.4859832104091137
      vertex -1.7677669529663689 -13 3.667766952966369
    endloop
  endfacet
  facet normal -0.6715589548470189 0 0.7409511253549587
    outer loop
      vertex -1.5859832104091138 -2.5 3.8325261334068426
      vertex -1.7677669529663689 -13 3.667766952966369
      vertex -1.5859832104091138 -13 3.8325261334068426
    endloop
  endfacet
  facet normal -0.5956993044924325 0 0.8032075314806456
    outer loop
      vertex -1.3889255825490054 -2.5 3.978674030756363
      vertex -1.5859832104091138 -13 3.8325261334068426
      vertex -1.3889255825490054 -13 3.978674030756363
    endloop
  endfacet
  facet normal -0.5141027441932224 0 0.8577286100002716
    outer loop
      vertex -1.1784918420649941 -2.5 4.104803160870888
      vertex -1.3889255825490054 -13 3.978674030756363
      vertex -1.1784918420649941 -13 4.104803160870888
    endloop
  endfacet
  facet normal -0.4275550934302831 0 0.9039892931234428
    outer loop
      vertex -0.9567085809127245 -2.5 4.209698831278217
      vertex -1.1784918420649941 -13 4.104803160870888
      vertex -0.9567085809127245 -13 4.209698831278217
    endloop
  endfacet
  facet normal -0.33688985339221883 0 0.9415440651830213
    outer loop
      vertex -0.7257116931361558 -2.5 4.292350839330522
      vertex -0.9567085809127245 -13 4.209698831278217
      vertex -0.7257116931361558 -13 4.292350839330522
    endloop
  endfacet
  facet normal -0.24298017990326118 0 0.9700312531945448
    outer loop
      vertex -0.4877258050403206 -2.5 4.3519632010080755
      vertex -0.7257116931361558 -13 4.292350839330522
      vertex -0.4877258050403206 -13 4.3519632010080755
    endloop
  endfacet
  facet normal -0.14673047445536638 0 0.9891765099647802
    outer loop
      vertex -0.2450428508239015 -2.5 4.387961816680493
      vertex -0.4877258050403206 -13 4.3519632010080755
      vertex -0.2450428508239015 -13 4.387961816680493
    endloop
  endfacet
  facet normal -0.049067674327417134 6.590141996877816e-20 0.9987954562051724
    outer loop
      vertex -0.2450428508239015 -13 4.387961816680493
      vertex 0 -13 4.4
      vertex 0 -2.5 4.4
    endloop
  endfacet
  facet normal 0.6715589548470183 0 -0.7409511253549592
    outer loop
      vertex 1.7677669529663689 -2.5 0.13223304703363103
      vertex 1.7677669529663689 -13 0.13223304703363103
      vertex 1.6218702683915907 -2.5 1.3322676295501878e-15
    endloop
  endfacet
  facet normal 0.7409511253549592 0 -0.6715589548470183
    outer loop
      vertex 1.7677669529663689 -2.5 0.13223304703363103
      vertex 1.9325261334068424 -2.5 0.3140167895908861
      vertex 1.7677669529663689 -13 0.13223304703363103
    endloop
  endfacet
  facet normal 0.8032075314806452 0 -0.5956993044924331
    outer loop
      vertex 1.9325261334068424 -2.5 0.3140167895908861
      vertex 2.078674030756363 -2.5 0.5110744174509945
      vertex 1.9325261334068424 -13 0.3140167895908861
    endloop
  endfacet
  facet normal 0.8577286100002716 0 -0.5141027441932224
    outer loop
      vertex 2.078674030756363 -2.5 0.5110744174509945
      vertex 2.204803160870888 -2.5 0.7215081579350058
      vertex 2.078674030756363 -13 0.5110744174509945
    endloop
  endfacet
  facet normal 0.9039892931234436 0 -0.42755509343028164
    outer loop
      vertex 2.204803160870888 -2.5 0.7215081579350058
      vertex 2.309698831278217 -2.5 0.9432914190872754
      vertex 2.204803160870888 -13 0.7215081579350058
    endloop
  endfacet
  facet normal 0.9415440651830213 0 -0.33688985339221883
    outer loop
      vertex 2.309698831278217 -2.5 0.9432914190872754
      vertex 2.392350839330522 -2.5 1.1742883068638441
      vertex 2.309698831278217 -13 0.9432914190872754
    endloop
  endfacet
  facet normal 0.9700312531945439 0 -0.2429801799032646
    outer loop
      vertex 2.392350839330522 -2.5 1.1742883068638441
      vertex 2.451963201008076 -2.5 1.4122741949596793
      vertex 2.392350839330522 -13 1.1742883068638441
    endloop
  endfacet
  facet normal 0.9891765099647809 0 -0.14673047445536289
    outer loop
      vertex 2.451963201008076 -2.5 1.4122741949596793
      vertex 2.4879618166804924 -2.5 1.6549571491760984
      vertex 2.451963201008076 -13 1.4122741949596793
    endloop
  endfacet
  facet normal 0.9987954562051724 0 -0.04906767432741712
    outer loop
      vertex 2.4879618166804924 -2.5 1.6549571491760984
      vertex 2.5 -2.5 1.9
      vertex 2.4879618166804924 -13 1.6549571491760984
    endloop
  endfacet
  facet normal 0.9987954562051724 2.783571157137142e-22 0.04906767432741717
    outer loop
      vertex 2.4879618166804924 -2.5 2.1450428508239012
      vertex 2.5 -13 1.9
      vertex 2.5 -2.5 1.9
    endloop
  endfacet
  facet normal 0.9891765099647809 0 0.14673047445536289
    outer loop
      vertex 2.4879618166804924 -2.5 2.1450428508239012
      vertex 2.451963201008076 -2.5 2.3877258050403203
      vertex 2.4879618166804924 -13 2.1450428508239012
    endloop
  endfacet
  facet normal 0.9700312531945439 0 0.2429801799032646
    outer loop
      vertex 2.451963201008076 -2.5 2.3877258050403203
      vertex 2.392350839330522 -2.5 2.6257116931361555
      vertex 2.451963201008076 -13 2.3877258050403203
    endloop
  endfacet
  facet normal 0.9415440651830213 0 0.33688985339221855
    outer loop
      vertex 2.392350839330522 -2.5 2.6257116931361555
      vertex 2.309698831278217 -2.5 2.8567085809127244
      vertex 2.392350839330522 -13 2.6257116931361555
    endloop
  endfacet
  facet normal 0.9039892931234437 0 0.4275550934302813
    outer loop
      vertex 2.309698831278217 -2.5 2.8567085809127244
      vertex 2.204803160870888 -2.5 3.0784918420649943
      vertex 2.309698831278217 -13 2.8567085809127244
    endloop
  endfacet
  facet normal 0.8577286100002715 0 0.5141027441932229
    outer loop
      vertex 2.204803160870888 -2.5 3.0784918420649943
      vertex 2.078674030756363 -2.5 3.2889255825490054
      vertex 2.204803160870888 -13 3.0784918420649943
    endloop
  endfacet
  facet normal 0.8032075314806452 0 0.5956993044924331
    outer loop
      vertex 2.078674030756363 -2.5 3.2889255825490054
      vertex 1.9325261334068424 -2.5 3.4859832104091137
      vertex 2.078674030756363 -13 3.2889255825490054
    endloop
  endfacet
  facet normal 0.6715589548470183 6.495151182995029e-19 -0.7409511253549592
    outer loop
      vertex 1.7677669529663689 -13 0.13223304703363103
      vertex 1.6218702683915907 -13 1.3322676295501878e-15
      vertex 1.6218702683915907 -2.5 1.3322676295501878e-15
    endloop
  endfacet
  facet normal 0.7409511253549592 0 -0.6715589548470183
    outer loop
      vertex 1.9325261334068424 -2.5 0.3140167895908861
      vertex 1.9325261334068424 -13 0.3140167895908861
      vertex 1.7677669529663689 -13 0.13223304703363103
    endloop
  endfacet
  facet normal 0.8032075314806452 0 -0.5956993044924331
    outer loop
      vertex 2.078674030756363 -2.5 0.5110744174509945
      vertex 2.078674030756363 -13 0.5110744174509945
      vertex 1.9325261334068424 -13 0.3140167895908861
    endloop
  endfacet
  facet normal 0.8577286100002716 0 -0.5141027441932224
    outer loop
      vertex 2.204803160870888 -2.5 0.7215081579350058
      vertex 2.204803160870888 -13 0.7215081579350058
      vertex 2.078674030756363 -13 0.5110744174509945
    endloop
  endfacet
  facet normal 0.9039892931234436 0 -0.42755509343028164
    outer loop
      vertex 2.309698831278217 -2.5 0.9432914190872754
      vertex 2.309698831278217 -13 0.9432914190872754
      vertex 2.204803160870888 -13 0.7215081579350058
    endloop
  endfacet
  facet normal 0.9415440651830213 0 -0.33688985339221883
    outer loop
      vertex 2.392350839330522 -2.5 1.1742883068638441
      vertex 2.392350839330522 -13 1.1742883068638441
      vertex 2.309698831278217 -13 0.9432914190872754
    endloop
  endfacet
  facet normal 0.9700312531945439 0 -0.2429801799032646
    outer loop
      vertex 2.451963201008076 -2.5 1.4122741949596793
      vertex 2.451963201008076 -13 1.4122741949596793
      vertex 2.392350839330522 -13 1.1742883068638441
    endloop
  endfacet
  facet normal 0.9891765099647809 0 -0.14673047445536289
    outer loop
      vertex 2.4879618166804924 -2.5 1.6549571491760984
      vertex 2.4879618166804924 -13 1.6549571491760984
      vertex 2.451963201008076 -13 1.4122741949596793
    endloop
  endfacet
  facet normal 0.9987954562051724 2.725541176366968e-20 -0.04906767432741712
    outer loop
      vertex 2.4879618166804924 -13 1.6549571491760984
      vertex 2.5 -2.5 1.9
      vertex 2.5 -13 1.9
    endloop
  endfacet
  facet normal 0.9987954562051724 0 0.04906767432741717
    outer loop
      vertex 2.4879618166804924 -2.5 2.1450428508239012
      vertex 2.4879618166804924 -13 2.1450428508239012
      vertex 2.5 -13 1.9
    endloop
  endfacet
  facet normal 0.9891765099647809 0 0.14673047445536289
    outer loop
      vertex 2.451963201008076 -2.5 2.3877258050403203
      vertex 2.451963201008076 -13 2.3877258050403203
      vertex 2.4879618166804924 -13 2.1450428508239012
    endloop
  endfacet
  facet normal 0.9700312531945439 0 0.2429801799032646
    outer loop
      vertex 2.392350839330522 -2.5 2.6257116931361555
      vertex 2.392350839330522 -13 2.6257116931361555
      vertex 2.451963201008076 -13 2.3877258050403203
    endloop
  endfacet
  facet normal 0.9415440651830213 0 0.33688985339221855
    outer loop
      vertex 2.309698831278217 -2.5 2.8567085809127244
      vertex 2.309698831278217 -13 2.8567085809127244
      vertex 2.392350839330522 -13 2.6257116931361555
    endloop
  endfacet
  facet normal 0.9039892931234437 0 0.4275550934302813
    outer loop
      vertex 2.204803160870888 -2.5 3.0784918420649943
      vertex 2.204803160870888 -13 3.0784918420649943
      vertex 2.309698831278217 -13 2.8567085809127244
    endloop
  endfacet
  facet normal 0.8577286100002715 0 0.5141027441932229
    outer loop
      vertex 2.078674030756363 -2.5 3.2889255825490054
      vertex 2.078674030756363 -13 3.2889255825490054
      vertex 2.204803160870888 -13 3.0784918420649943
    endloop
  endfacet
  facet normal 0.8032075314806452 0 0.5956993044924331
    outer loop
      vertex 1.9325261334068424 -2.5 3.4859832104091137
      vertex 1.9325261334068424 -13 3.4859832104091137
      vertex 2.078674030756363 -13 3.2889255825490054
    endloop
  endfacet
  facet normal 0.33688985339221883 0 0.9415440651830213
    outer loop
      vertex 0.7257116931361558 -2.5 4.292350839330522
      vertex 0.7257116931361558 -13 4.292350839330522
      vertex 0.9567085809127245 -2.5 4.209698831278217
    endloop
  endfacet
  facet normal 0.5141027441932224 0 0.8577286100002716
    outer loop
      vertex 1.1784918420649941 -2.5 4.104803160870888
      vertex 1.1784918420649941 -13 4.104803160870888
      vertex 1.3889255825490054 -2.5 3.978674030756363
    endloop
  endfacet
  facet normal 0.4275550934302831 0 0.9039892931234428
    outer loop
      vertex 0.9567085809127245 -2.5 4.209698831278217
      vertex 0.9567085809127245 -13 4.209698831278217
      vertex 1.1784918420649941 -2.5 4.104803160870888
    endloop
  endfacet
  facet normal 0.049067674327417134 -6.590141996877816e-20 0.9987954562051724
    outer loop
      vertex 0.2450428508239015 -2.5 4.387961816680493
      vertex 0 -2.5 4.4
      vertex 0 -13 4.4
    endloop
  endfacet
  facet normal 0.14673047445536638 0 0.9891765099647802
    outer loop
      vertex 0.2450428508239015 -2.5 4.387961816680493
      vertex 0.2450428508239015 -13 4.387961816680493
      vertex 0.4877258050403206 -2.5 4.3519632010080755
    endloop
  endfacet
  facet normal 0.24298017990326118 0 0.9700312531945448
    outer loop
      vertex 0.4877258050403206 -2.5 4.3519632010080755
      vertex 0.4877258050403206 -13 4.3519632010080755
      vertex 0.7257116931361558 -2.5 4.292350839330522
    endloop
  endfacet
  facet normal 0.6715589548470189 -5.286142392198145e-19 0.7409511253549587
    outer loop
      vertex 1.7677669529663689 -2.5 3.667766952966369
      vertex 1.5859832104091138 -2.5 3.8325261334068426
      vertex 1.5859832104091138 -13 3.8325261334068426
    endloop
  endfacet
  facet normal 0.5956993044924325 0 0.8032075314806456
    outer loop
      vertex 1.3889255825490054 -2.5 3.978674030756363
      vertex 1.3889255825490054 -13 3.978674030756363
      vertex 1.5859832104091138 -2.5 3.8325261334068426
    endloop
  endfacet
  facet normal 0.7409511253549592 3.2547646076525007e-19 0.6715589548470183
    outer loop
      vertex 1.7677669529663689 -2.5 3.667766952966369
      vertex 1.9325261334068424 -13 3.4859832104091137
      vertex 1.9325261334068424 -2.5 3.4859832104091137
    endloop
  endfacet
  facet normal 0.24298017990326118 0 0.9700312531945448
    outer loop
      vertex 0.7257116931361558 -2.5 4.292350839330522
      vertex 0.4877258050403206 -13 4.3519632010080755
      vertex 0.7257116931361558 -13 4.292350839330522
    endloop
  endfacet
  facet normal 0.33688985339221883 0 0.9415440651830213
    outer loop
      vertex 0.9567085809127245 -2.5 4.209698831278217
      vertex 0.7257116931361558 -13 4.292350839330522
      vertex 0.9567085809127245 -13 4.209698831278217
    endloop
  endfacet
  facet normal 0.4275550934302831 0 0.9039892931234428
    outer loop
      vertex 1.1784918420649941 -2.5 4.104803160870888
      vertex 0.9567085809127245 -13 4.209698831278217
      vertex 1.1784918420649941 -13 4.104803160870888
    endloop
  endfacet
  facet normal 0.049067674327417134 0 0.9987954562051724
    outer loop
      vertex 0.2450428508239015 -2.5 4.387961816680493
      vertex 0 -13 4.4
      vertex 0.2450428508239015 -13 4.387961816680493
    endloop
  endfacet
  facet normal 0.14673047445536638 0 0.9891765099647802
    outer loop
      vertex 0.4877258050403206 -2.5 4.3519632010080755
      vertex 0.2450428508239015 -13 4.387961816680493
      vertex 0.4877258050403206 -13 4.3519632010080755
    endloop
  endfacet
  facet normal 0.5956993044924325 0 0.8032075314806456
    outer loop
      vertex 1.5859832104091138 -2.5 3.8325261334068426
      vertex 1.3889255825490054 -13 3.978674030756363
      vertex 1.5859832104091138 -13 3.8325261334068426
    endloop
  endfacet
  facet normal 0.7409511253549592 0 0.6715589548470183
    outer loop
      vertex 1.7677669529663689 -2.5 3.667766952966369
      vertex 1.7677669529663689 -13 3.667766952966369
      vertex 1.9325261334068424 -13 3.4859832104091137
    endloop
  endfacet
  facet normal 0.6715589548470189 0 0.7409511253549587
    outer loop
      vertex 1.7677669529663689 -2.5 3.667766952966369
      vertex 1.5859832104091138 -13 3.8325261334068426
      vertex 1.7677669529663689 -13 3.667766952966369
    endloop
  endfacet
  facet normal 0.5141027441932224 0 0.8577286100002716
    outer loop
      vertex 1.3889255825490054 -2.5 3.978674030756363
      vertex 1.1784918420649941 -13 4.104803160870888
      vertex 1.3889255825490054 -13 3.978674030756363
    endloop
  endfacet
  facet normal -0.5682956575826013 -0.7066805256772053 -0.42147678489016144
    outer loop
      vertex -1.9325261334068424 -13 0.3140167895908861
      vertex -1.6629392246050905 -13.5 0.7888595339607956
      vertex -2.078674030756363 -13 0.5110744174509945
    endloop
  endfacet
  facet normal -0.606871107830568 -0.7066805256772054 -0.36374454375163867
    outer loop
      vertex -2.078674030756363 -13 0.5110744174509945
      vertex -1.76384252869671 -13.5 0.9572065263480046
      vertex -2.204803160870888 -13 0.7215081579350058
    endloop
  endfacet
  facet normal -0.47514997418754806 -0.7066805256772017 -0.5242472094901091
    outer loop
      vertex -1.7677669529663689 -13 0.13223304703363103
      vertex -1.6218702683915907 -13 1.3322676295501878e-15
      vertex -1.5592897025744534 -13.04207722323204 1.3322676295501878e-15
    endloop
  endfacet
  facet normal -0.4751499741875467 -0.7066805256772054 -0.5242472094901055
    outer loop
      vertex -1.7677669529663689 -13 0.13223304703363103
      vertex -1.5592897025744534 -13.04207722323204 1.3322676295501878e-15
      vertex -1.4142135623730951 -13.5 0.48578643762690477
    endloop
  endfacet
  facet normal -0.5242472094901064 -0.7066805256772054 -0.4751499741875456
    outer loop
      vertex -1.9325261334068424 -13 0.3140167895908861
      vertex -1.7677669529663689 -13 0.13223304703363103
      vertex -1.546020906725474 -13.5 0.6312134316727089
    endloop
  endfacet
  facet normal -0.5242472094901067 -0.7066805256772053 -0.47514997418754545
    outer loop
      vertex -1.7677669529663689 -13 0.13223304703363103
      vertex -1.4142135623730951 -13.5 0.48578643762690477
      vertex -1.546020906725474 -13.5 0.6312134316727089
    endloop
  endfacet
  facet normal -0.42147678489016044 -0.7066805256772057 -0.5682956575826017
    outer loop
      vertex -1.268786568327291 -13.5 0.3539790932745259
      vertex -1.5592897025744534 -13.04207722323204 1.3322676295501878e-15
      vertex -1.269539412046667 -13.21488942964683 1.3322676295501878e-15
    endloop
  endfacet
  facet normal -0.4751499741875451 -0.7066805256772057 -0.5242472094901063
    outer loop
      vertex -1.4142135623730951 -13.5 0.48578643762690477
      vertex -1.5592897025744534 -13.04207722323204 1.3322676295501878e-15
      vertex -1.268786568327291 -13.5 0.3539790932745259
    endloop
  endfacet
  facet normal -0.5682956575826015 -0.7066805256772053 -0.4214767848901615
    outer loop
      vertex -1.9325261334068424 -13 0.3140167895908861
      vertex -1.546020906725474 -13.5 0.6312134316727089
      vertex -1.6629392246050905 -13.5 0.7888595339607956
    endloop
  endfacet
  facet normal -0.6068711078305682 -0.7066805256772054 -0.3637445437516384
    outer loop
      vertex -2.078674030756363 -13 0.5110744174509945
      vertex -1.6629392246050905 -13.5 0.7888595339607956
      vertex -1.76384252869671 -13.5 0.9572065263480046
    endloop
  endfacet
  facet normal -0.6661732898343402 -0.7066805256772053 -0.23836061448964466
    outer loop
      vertex -2.309698831278217 -13 0.9432914190872754
      vertex -1.9138806714644176 -13.5 1.3194306454910754
      vertex -2.392350839330522 -13 1.1742883068638441
    endloop
  endfacet
  facet normal -0.6396020575606339 -0.7066805256772053 -0.30250924381379196
    outer loop
      vertex -2.204803160870888 -13 0.7215081579350058
      vertex -1.8477590650225735 -13.5 1.1346331352698202
      vertex -2.309698831278217 -13 0.9432914190872754
    endloop
  endfacet
  facet normal -0.6396020575606337 -0.7066805256772055 -0.3025092438137922
    outer loop
      vertex -2.204803160870888 -13 0.7215081579350058
      vertex -1.76384252869671 -13.5 0.9572065263480046
      vertex -1.8477590650225735 -13.5 1.1346331352698202
    endloop
  endfacet
  facet normal -0.6661732898343399 -0.7066805256772054 -0.23836061448964496
    outer loop
      vertex -2.309698831278217 -13 0.9432914190872754
      vertex -1.8477590650225735 -13.5 1.1346331352698202
      vertex -1.9138806714644176 -13.5 1.3194306454910754
    endloop
  endfacet
  facet normal -0.6863289091595774 -0.7066805256772053 -0.1719164421467977
    outer loop
      vertex -2.392350839330522 -13 1.1742883068638441
      vertex -1.9615705608064609 -13.5 1.5098193559677435
      vertex -2.451963201008076 -13 1.4122741949596793
    endloop
  endfacet
  facet normal -0.6998748059040626 -0.7066805256772055 -0.10381662048698916
    outer loop
      vertex -2.451963201008076 -13 1.4122741949596793
      vertex -1.9903694533443939 -13.5 1.7039657193408786
      vertex -2.4879618166804924 -13 1.6549571491760984
    endloop
  endfacet
  facet normal -0.6863289091595776 -0.7066805256772053 -0.1719164421467974
    outer loop
      vertex -2.392350839330522 -13 1.1742883068638441
      vertex -1.9138806714644176 -13.5 1.3194306454910754
      vertex -1.9615705608064609 -13.5 1.5098193559677435
    endloop
  endfacet
  facet normal -0.6998748059040626 -0.7066805256772053 -0.10381662048698893
    outer loop
      vertex -2.451963201008076 -13 1.4122741949596793
      vertex -1.9615705608064609 -13.5 1.5098193559677435
      vertex -1.9903694533443939 -13.5 1.7039657193408786
    endloop
  endfacet
  facet normal 0 -1 0
    outer loop
      vertex -1.9138806714644176 -13.5 1.3194306454910754
      vertex -1.8477590650225735 -13.5 1.1346331352698202
      vertex -1.9138806714644176 -13.5 2.4805693545089245
    endloop
  endfacet
  facet normal 0 -1 0
    outer loop
      vertex -1.9138806714644176 -13.5 1.3194306454910754
      vertex -1.9615705608064609 -13.5 2.2901806440322563
      vertex -1.9615705608064609 -13.5 1.5098193559677435
    endloop
  endfacet
  facet normal 0 -1 0
    outer loop
      vertex -1.546020906725474 -13.5 0.6312134316727089
      vertex -1.6629392246050905 -13.5 3.0111404660392043
      vertex -1.6629392246050905 -13.5 0.7888595339607956
    endloop
  endfacet
  facet normal 0 -1 0
    outer loop
      vertex -1.76384252869671 -13.5 0.9572065263480046
      vertex -1.8477590650225735 -13.5 2.6653668647301796
      vertex -1.8477590650225735 -13.5 1.1346331352698202
    endloop
  endfacet
  facet normal 0 -1 0
    outer loop
      vertex -1.76384252869671 -13.5 0.9572065263480046
      vertex -1.6629392246050905 -13.5 0.7888595339607956
      vertex -1.76384252869671 -13.5 2.8427934736519953
    endloop
  endfacet
  facet normal 0 -1 0
    outer loop
      vertex -1.4142135623730951 -13.5 0.48578643762690477
      vertex -1.546020906725474 -13.5 3.168786568327291
      vertex -1.546020906725474 -13.5 0.6312134316727089
    endloop
  endfacet
  facet normal 0 -1 0
    outer loop
      vertex -1.4142135623730951 -13.5 0.48578643762690477
      vertex -1.268786568327291 -13.5 0.3539790932745259
      vertex -1.4142135623730951 -13.5 3.3142135623730953
    endloop
  endfacet
  facet normal -0.36374454375163967 -0.7066805256772053 -0.6068711078305675
    outer loop
      vertex -1.1111404660392044 -13.5 0.23706077539490944
      vertex -1.269539412046667 -13.21488942964683 1.3322676295501878e-15
      vertex -1.0155711583065032 -13.345612667697843 1.3322676295501878e-15
    endloop
  endfacet
  facet normal -0.4214767848901615 -0.7066805256772053 -0.5682956575826015
    outer loop
      vertex -1.268786568327291 -13.5 0.3539790932745259
      vertex -1.269539412046667 -13.21488942964683 1.3322676295501878e-15
      vertex -1.1111404660392044 -13.5 0.23706077539490944
    endloop
  endfacet
  facet normal -0.363744543751638 -0.7066805256772063 -0.6068711078305675
    outer loop
      vertex -1.1111404660392044 -13.5 0.23706077539490944
      vertex -1.0155711583065032 -13.345612667697843 1.3322676295501878e-15
      vertex -0.9427934736519953 -13.5 0.1361574713032898
    endloop
  endfacet
  facet normal -0.3025092438137906 -0.7066805256772062 -0.6396020575606336
    outer loop
      vertex -0.9427934736519953 -13.5 0.1361574713032898
      vertex -1.0155711583065032 -13.345612667697843 1.3322676295501878e-15
      vertex -0.78700576850888 -13.443454819444453 1.3322676295501878e-15
    endloop
  endfacet
  facet normal -0.3025092438137926 -0.706680525677204 -0.639602057560635
    outer loop
      vertex -0.9427934736519953 -13.5 0.1361574713032898
      vertex -0.78700576850888 -13.443454819444453 1.3322676295501878e-15
      vertex -0.7653668647301796 -13.5 0.052240934977426434
    endloop
  endfacet
  facet normal -0.2383606144896456 -0.7066805256772041 -0.6661732898343411
    outer loop
      vertex -0.7653668647301796 -13.5 0.052240934977426434
      vertex -0.78700576850888 -13.443454819444453 1.3322676295501878e-15
      vertex -0.6193632324084272 -13.5 1.3322676295501878e-15
    endloop
  endfacet
  facet normal 0 -1 0
    outer loop
      vertex -0.7653668647301796 -13.5 0.052240934977426434
      vertex -0.6193632324084272 -13.5 1.3322676295501878e-15
      vertex 0.6193632324084272 -13.5 1.3322676295501878e-15
    endloop
  endfacet
  facet normal 0 -1 0
    outer loop
      vertex -0.9427934736519953 -13.5 0.1361574713032898
      vertex -0.7653668647301796 -13.5 0.052240934977426434
      vertex -0.9427934736519953 -13.5 3.6638425286967102
    endloop
  endfacet
  facet normal 0 -1 0
    outer loop
      vertex -1.268786568327291 -13.5 0.3539790932745259
      vertex -1.1111404660392044 -13.5 0.23706077539490944
      vertex -1.268786568327291 -13.5 3.446020906725474
    endloop
  endfacet
  facet normal 0 -1 0
    outer loop
      vertex -1.1111404660392044 -13.5 0.23706077539490944
      vertex -0.9427934736519953 -13.5 0.1361574713032898
      vertex -1.1111404660392044 -13.5 3.56293922460509
    endloop
  endfacet
  facet normal 0 -1 0
    outer loop
      vertex -0.7653668647301796 -13.5 0.052240934977426434
      vertex 0.6193632324084272 -13.5 1.3322676295501878e-15
      vertex -0.7653668647301796 -13.5 3.7477590650225734
    endloop
  endfacet
  facet normal -0.7066805256772053 -0.7066805256772054 -0.03471698801995158
    outer loop
      vertex -2.4879618166804924 -13 1.6549571491760984
      vertex -1.9903694533443939 -13.5 1.7039657193408786
      vertex -2.5 -13 1.9
    endloop
  endfacet
  facet normal -0.7066805256772053 -0.7066805256772054 0.034716988019951614
    outer loop
      vertex -2.5 -13 1.9
      vertex -1.9903694533443939 -13.5 2.0960342806591212
      vertex -2.4879618166804924 -13 2.1450428508239012
    endloop
  endfacet
  facet normal -0.7066805256772053 -0.7066805256772053 -0.034716988019951885
    outer loop
      vertex -1.9903694533443939 -13.5 1.7039657193408786
      vertex -2 -13.5 1.9
      vertex -2.5 -13 1.9
    endloop
  endfacet
  facet normal 0 -1 0
    outer loop
      vertex -1.9615705608064609 -13.5 1.5098193559677435
      vertex -1.9903694533443939 -13.5 2.0960342806591212
      vertex -1.9903694533443939 -13.5 1.7039657193408786
    endloop
  endfacet
  facet normal 0 -1 0
    outer loop
      vertex -1.9903694533443939 -13.5 1.7039657193408786
      vertex -1.9903694533443939 -13.5 2.0960342806591212
      vertex -2 -13.5 1.9
    endloop
  endfacet
  facet normal -0.7066805256772053 -0.7066805256772053 0.034716988019951885
    outer loop
      vertex -2.5 -13 1.9
      vertex -2 -13.5 1.9
      vertex -1.9903694533443939 -13.5 2.0960342806591212
    endloop
  endfacet
  facet normal 0 -1 0
    outer loop
      vertex -1.9615705608064609 -13.5 1.5098193559677435
      vertex -1.9615705608064609 -13.5 2.2901806440322563
      vertex -1.9903694533443939 -13.5 2.0960342806591212
    endloop
  endfacet
  facet normal 0 -1 0
    outer loop
      vertex -1.9138806714644176 -13.5 1.3194306454910754
      vertex -1.9138806714644176 -13.5 2.4805693545089245
      vertex -1.9615705608064609 -13.5 2.2901806440322563
    endloop
  endfacet
  facet normal -0.6998748059040626 -0.7066805256772055 0.10381662048698916
    outer loop
      vertex -2.4879618166804924 -13 2.1450428508239012
      vertex -1.9903694533443939 -13.5 2.0960342806591212
      vertex -2.451963201008076 -13 2.3877258050403203
    endloop
  endfacet
  facet normal -0.6863289091595776 -0.7066805256772054 0.17191644214679772
    outer loop
      vertex -2.451963201008076 -13 2.3877258050403203
      vertex -1.9615705608064609 -13.5 2.2901806440322563
      vertex -2.392350839330522 -13 2.6257116931361555
    endloop
  endfacet
  facet normal -0.6998748059040626 -0.7066805256772053 0.10381662048698893
    outer loop
      vertex -2.451963201008076 -13 2.3877258050403203
      vertex -1.9903694533443939 -13.5 2.0960342806591212
      vertex -1.9615705608064609 -13.5 2.2901806440322563
    endloop
  endfacet
  facet normal -0.6863289091595776 -0.7066805256772052 0.1719164421467974
    outer loop
      vertex -1.9615705608064609 -13.5 2.2901806440322563
      vertex -1.9138806714644176 -13.5 2.4805693545089245
      vertex -2.392350839330522 -13 2.6257116931361555
    endloop
  endfacet
  facet normal 0 -1 0
    outer loop
      vertex -1.8477590650225735 -13.5 1.1346331352698202
      vertex -1.8477590650225735 -13.5 2.6653668647301796
      vertex -1.9138806714644176 -13.5 2.4805693545089245
    endloop
  endfacet
  facet normal 0 -1 0
    outer loop
      vertex -1.76384252869671 -13.5 0.9572065263480046
      vertex -1.76384252869671 -13.5 2.8427934736519953
      vertex -1.8477590650225735 -13.5 2.6653668647301796
    endloop
  endfacet
  facet normal 0 -1 0
    outer loop
      vertex -1.6629392246050905 -13.5 0.7888595339607956
      vertex -1.6629392246050905 -13.5 3.0111404660392043
      vertex -1.76384252869671 -13.5 2.8427934736519953
    endloop
  endfacet
  facet normal 0 -1 0
    outer loop
      vertex -1.546020906725474 -13.5 0.6312134316727089
      vertex -1.546020906725474 -13.5 3.168786568327291
      vertex -1.6629392246050905 -13.5 3.0111404660392043
    endloop
  endfacet
  facet normal 0 -1 0
    outer loop
      vertex -1.4142135623730951 -13.5 0.48578643762690477
      vertex -1.4142135623730951 -13.5 3.3142135623730953
      vertex -1.546020906725474 -13.5 3.168786568327291
    endloop
  endfacet
  facet normal 0 -1 0
    outer loop
      vertex -1.268786568327291 -13.5 0.3539790932745259
      vertex -1.268786568327291 -13.5 3.446020906725474
      vertex -1.4142135623730951 -13.5 3.3142135623730953
    endloop
  endfacet
  facet normal -0.6661732898343403 -0.7066805256772052 0.23836061448964446
    outer loop
      vertex -1.9138806714644176 -13.5 2.4805693545089245
      vertex -2.309698831278217 -13 2.8567085809127244
      vertex -2.392350839330522 -13 2.6257116931361555
    endloop
  endfacet
  facet normal -0.6661732898343401 -0.7066805256772054 0.238360614489645
    outer loop
      vertex -1.9138806714644176 -13.5 2.4805693545089245
      vertex -1.8477590650225735 -13.5 2.6653668647301796
      vertex -2.309698831278217 -13 2.8567085809127244
    endloop
  endfacet
  facet normal -0.639602057560634 -0.7066805256772054 0.3025092438137917
    outer loop
      vertex -2.309698831278217 -13 2.8567085809127244
      vertex -1.8477590650225735 -13.5 2.6653668647301796
      vertex -2.204803160870888 -13 3.0784918420649943
    endloop
  endfacet
  facet normal -0.6396020575606338 -0.7066805256772056 0.3025092438137921
    outer loop
      vertex -2.204803160870888 -13 3.0784918420649943
      vertex -1.8477590650225735 -13.5 2.6653668647301796
      vertex -1.76384252869671 -13.5 2.8427934736519953
    endloop
  endfacet
  facet normal -0.6068711078305677 -0.7066805256772054 0.3637445437516389
    outer loop
      vertex -2.204803160870888 -13 3.0784918420649943
      vertex -1.76384252869671 -13.5 2.8427934736519953
      vertex -2.078674030756363 -13 3.2889255825490054
    endloop
  endfacet
  facet normal -0.5682956575826013 -0.7066805256772053 0.42147678489016144
    outer loop
      vertex -1.6629392246050905 -13.5 3.0111404660392043
      vertex -1.9325261334068424 -13 3.4859832104091137
      vertex -2.078674030756363 -13 3.2889255825490054
    endloop
  endfacet
  facet normal -0.6068711078305681 -0.7066805256772054 0.36374454375163856
    outer loop
      vertex -1.76384252869671 -13.5 2.8427934736519953
      vertex -1.6629392246050905 -13.5 3.0111404660392043
      vertex -2.078674030756363 -13 3.2889255825490054
    endloop
  endfacet
  facet normal -0.5682956575826014 -0.7066805256772053 0.4214767848901614
    outer loop
      vertex -1.6629392246050905 -13.5 3.0111404660392043
      vertex -1.546020906725474 -13.5 3.168786568327291
      vertex -1.9325261334068424 -13 3.4859832104091137
    endloop
  endfacet
  facet normal -0.5242472094901064 -0.7066805256772054 0.4751499741875456
    outer loop
      vertex -1.9325261334068424 -13 3.4859832104091137
      vertex -1.546020906725474 -13.5 3.168786568327291
      vertex -1.7677669529663689 -13 3.667766952966369
    endloop
  endfacet
  facet normal -0.5242472094901071 -0.7066805256772052 0.47514997418754507
    outer loop
      vertex -1.7677669529663689 -13 3.667766952966369
      vertex -1.546020906725474 -13.5 3.168786568327291
      vertex -1.4142135623730951 -13.5 3.3142135623730953
    endloop
  endfacet
  facet normal 0 -1 0
    outer loop
      vertex -1.1111404660392044 -13.5 0.23706077539490944
      vertex -1.1111404660392044 -13.5 3.56293922460509
      vertex -1.268786568327291 -13.5 3.446020906725474
    endloop
  endfacet
  facet normal 0 -1 0
    outer loop
      vertex -0.9427934736519953 -13.5 0.1361574713032898
      vertex -0.9427934736519953 -13.5 3.6638425286967102
      vertex -1.1111404660392044 -13.5 3.56293922460509
    endloop
  endfacet
  facet normal 0 -1 0
    outer loop
      vertex -0.7653668647301796 -13.5 0.052240934977426434
      vertex -0.7653668647301796 -13.5 3.7477590650225734
      vertex -0.9427934736519953 -13.5 3.6638425286967102
    endloop
  endfacet
  facet normal 0 -1 0
    outer loop
      vertex -0.7653668647301796 -13.5 3.7477590650225734
      vertex 0.6193632324084272 -13.5 1.3322676295501878e-15
      vertex -0.5805693545089247 -13.5 3.8138806714644176
    endloop
  endfacet
  facet normal 0 -1 0
    outer loop
      vertex -0.5805693545089247 -13.5 3.8138806714644176
      vertex 0.6193632324084272 -13.5 1.3322676295501878e-15
      vertex -0.3901806440322565 -13.5 3.8615705608064608
    endloop
  endfacet
  facet normal -0.475149974187546 -0.7066805256772052 0.5242472094901061
    outer loop
      vertex -1.7677669529663689 -13 3.667766952966369
      vertex -1.4142135623730951 -13.5 3.3142135623730953
      vertex -1.5859832104091138 -13 3.8325261334068426
    endloop
  endfacet
  facet normal -0.47514997418754534 -0.7066805256772054 0.5242472094901066
    outer loop
      vertex -1.4142135623730951 -13.5 3.3142135623730953
      vertex -1.268786568327291 -13.5 3.446020906725474
      vertex -1.5859832104091138 -13 3.8325261334068426
    endloop
  endfacet
  facet normal -0.4214767848901603 -0.7066805256772054 0.568295657582602
    outer loop
      vertex -1.268786568327291 -13.5 3.446020906725474
      vertex -1.1111404660392044 -13.5 3.56293922460509
      vertex -1.3889255825490054 -13 3.978674030756363
    endloop
  endfacet
  facet normal -0.4214767848901611 -0.7066805256772054 0.5682956575826017
    outer loop
      vertex -1.268786568327291 -13.5 3.446020906725474
      vertex -1.3889255825490054 -13 3.978674030756363
      vertex -1.5859832104091138 -13 3.8325261334068426
    endloop
  endfacet
  facet normal -0.36374454375163967 -0.7066805256772053 0.6068711078305676
    outer loop
      vertex -1.1111404660392044 -13.5 3.56293922460509
      vertex -0.9427934736519953 -13.5 3.6638425286967102
      vertex -1.1784918420649941 -13 4.104803160870888
    endloop
  endfacet
  facet normal -0.3025092438137913 -0.7066805256772057 0.6396020575606338
    outer loop
      vertex -0.9427934736519953 -13.5 3.6638425286967102
      vertex -0.7653668647301796 -13.5 3.7477590650225734
      vertex -0.9567085809127245 -13 4.209698831278217
    endloop
  endfacet
  facet normal -0.3637445437516386 -0.7066805256772054 0.6068711078305679
    outer loop
      vertex -1.3889255825490054 -13 3.978674030756363
      vertex -1.1111404660392044 -13.5 3.56293922460509
      vertex -1.1784918420649941 -13 4.104803160870888
    endloop
  endfacet
  facet normal -0.302509243813793 -0.7066805256772053 0.6396020575606335
    outer loop
      vertex -0.9427934736519953 -13.5 3.6638425286967102
      vertex -0.9567085809127245 -13 4.209698831278217
      vertex -1.1784918420649941 -13 4.104803160870888
    endloop
  endfacet
  facet normal -0.2383606144896445 -0.7066805256772056 0.6661732898343398
    outer loop
      vertex -0.7653668647301796 -13.5 3.7477590650225734
      vertex -0.7257116931361558 -13 4.292350839330522
      vertex -0.9567085809127245 -13 4.209698831278217
    endloop
  endfacet
  facet normal -0.23836061448964516 -0.7066805256772055 0.6661732898343397
    outer loop
      vertex -0.7653668647301796 -13.5 3.7477590650225734
      vertex -0.5805693545089247 -13.5 3.8138806714644176
      vertex -0.7257116931361558 -13 4.292350839330522
    endloop
  endfacet
  facet normal -0.17191644214679747 -0.706680525677205 0.6863289091595779
    outer loop
      vertex -0.5805693545089247 -13.5 3.8138806714644176
      vertex -0.3901806440322565 -13.5 3.8615705608064608
      vertex -0.4877258050403206 -13 4.3519632010080755
    endloop
  endfacet
  facet normal -0.17191644214679525 -0.7066805256772054 0.6863289091595779
    outer loop
      vertex -0.7257116931361558 -13 4.292350839330522
      vertex -0.5805693545089247 -13.5 3.8138806714644176
      vertex -0.4877258050403206 -13 4.3519632010080755
    endloop
  endfacet
  facet normal -0.10381662048699168 -0.7066805256772051 0.6998748059040624
    outer loop
      vertex -0.3901806440322565 -13.5 3.8615705608064608
      vertex -0.2450428508239015 -13 4.387961816680493
      vertex -0.4877258050403206 -13 4.3519632010080755
    endloop
  endfacet
  facet normal -0.10381662048698877 -0.7066805256772057 0.6998748059040623
    outer loop
      vertex -0.3901806440322565 -13.5 3.8615705608064608
      vertex -0.1960342806591212 -13.5 3.8903694533443938
      vertex -0.2450428508239015 -13 4.387961816680493
    endloop
  endfacet
  facet normal -0.034716988019951885 -0.7066805256772056 0.706680525677205
    outer loop
      vertex -0.1960342806591212 -13.5 3.8903694533443938
      vertex 0 -13.5 3.9
      vertex 0 -13 4.4
    endloop
  endfacet
  facet normal -0.034716988019951565 -0.7066805256772057 0.706680525677205
    outer loop
      vertex -0.1960342806591212 -13.5 3.8903694533443938
      vertex 0 -13 4.4
      vertex -0.2450428508239015 -13 4.387961816680493
    endloop
  endfacet
  facet normal 0.2383606144896456 -0.7066805256772041 -0.6661732898343411
    outer loop
      vertex 0.7653668647301796 -13.5 0.052240934977426434
      vertex 0.6193632324084272 -13.5 1.3322676295501878e-15
      vertex 0.78700576850888 -13.443454819444453 1.3322676295501878e-15
    endloop
  endfacet
  facet normal 0.3025092438137926 -0.706680525677204 -0.639602057560635
    outer loop
      vertex 0.7653668647301796 -13.5 0.052240934977426434
      vertex 0.78700576850888 -13.443454819444453 1.3322676295501878e-15
      vertex 0.9427934736519953 -13.5 0.1361574713032898
    endloop
  endfacet
  facet normal 0.3025092438137906 -0.7066805256772062 -0.6396020575606336
    outer loop
      vertex 0.9427934736519953 -13.5 0.1361574713032898
      vertex 0.78700576850888 -13.443454819444453 1.3322676295501878e-15
      vertex 1.0155711583065032 -13.345612667697843 1.3322676295501878e-15
    endloop
  endfacet
  facet normal 0.363744543751638 -0.7066805256772062 -0.6068711078305675
    outer loop
      vertex 0.9427934736519953 -13.5 0.1361574713032898
      vertex 1.0155711583065032 -13.345612667697843 1.3322676295501878e-15
      vertex 1.1111404660392044 -13.5 0.23706077539490944
    endloop
  endfacet
  facet normal 0.36374454375163967 -0.7066805256772053 -0.6068711078305675
    outer loop
      vertex 1.1111404660392044 -13.5 0.23706077539490944
      vertex 1.0155711583065032 -13.345612667697843 1.3322676295501878e-15
      vertex 1.269539412046667 -13.21488942964683 1.3322676295501878e-15
    endloop
  endfacet
  facet normal 0.4214767848901615 -0.7066805256772053 -0.5682956575826015
    outer loop
      vertex 1.1111404660392044 -13.5 0.23706077539490944
      vertex 1.269539412046667 -13.21488942964683 1.3322676295501878e-15
      vertex 1.268786568327291 -13.5 0.3539790932745259
    endloop
  endfacet
  facet normal 0 -1 0
    outer loop
      vertex 0.7653668647301796 -13.5 0.052240934977426434
      vertex 0.5805693545089247 -13.5 3.8138806714644176
      vertex 0.6193632324084272 -13.5 1.3322676295501878e-15
    endloop
  endfacet
  facet normal 0 -1 0
    outer loop
      vertex 0.7653668647301796 -13.5 0.052240934977426434
      vertex 0.9427934736519953 -13.5 0.1361574713032898
      vertex 0.7653668647301796 -13.5 3.7477590650225734
    endloop
  endfacet
  facet normal 0 -1 0
    outer loop
      vertex 0.9427934736519953 -13.5 0.1361574713032898
      vertex 1.1111404660392044 -13.5 0.23706077539490944
      vertex 0.9427934736519953 -13.5 3.6638425286967102
    endloop
  endfacet
  facet normal 0 -1 0
    outer loop
      vertex 1.1111404660392044 -13.5 0.23706077539490944
      vertex 1.268786568327291 -13.5 0.3539790932745259
      vertex 1.1111404660392044 -13.5 3.56293922460509
    endloop
  endfacet
  facet normal 0.4214767848901603 -0.7066805256772056 -0.5682956575826017
    outer loop
      vertex 1.268786568327291 -13.5 0.3539790932745259
      vertex 1.269539412046667 -13.21488942964683 1.3322676295501878e-15
      vertex 1.5592897025744534 -13.04207722323204 1.3322676295501878e-15
    endloop
  endfacet
  facet normal 0.47514997418755067 -0.7066805256772053 -0.5242472094901018
    outer loop
      vertex 1.268786568327291 -13.5 0.3539790932745259
      vertex 1.5592897025744534 -13.04207722323204 1.3322676295501878e-15
      vertex 1.6218702683915907 -13 1.3322676295501878e-15
    endloop
  endfacet
  facet normal 0.47514997418754534 -0.7066805256772054 -0.5242472094901066
    outer loop
      vertex 1.268786568327291 -13.5 0.3539790932745259
      vertex 1.6218702683915907 -13 1.3322676295501878e-15
      vertex 1.4142135623730951 -13.5 0.48578643762690477
    endloop
  endfacet
  facet normal 0.4751499741875457 -0.7066805256772054 -0.5242472094901064
    outer loop
      vertex 1.4142135623730951 -13.5 0.48578643762690477
      vertex 1.6218702683915907 -13 1.3322676295501878e-15
      vertex 1.7677669529663689 -13 0.13223304703363103
    endloop
  endfacet
  facet normal 0.5242472094901067 -0.7066805256772053 -0.47514997418754545
    outer loop
      vertex 1.4142135623730951 -13.5 0.48578643762690477
      vertex 1.7677669529663689 -13 0.13223304703363103
      vertex 1.546020906725474 -13.5 0.6312134316727089
    endloop
  endfacet
  facet normal 0.5242472094901064 -0.7066805256772054 -0.4751499741875456
    outer loop
      vertex 1.546020906725474 -13.5 0.6312134316727089
      vertex 1.7677669529663689 -13 0.13223304703363103
      vertex 1.9325261334068424 -13 0.3140167895908861
    endloop
  endfacet
  facet normal 0.5682956575826014 -0.7066805256772053 -0.4214767848901614
    outer loop
      vertex 1.546020906725474 -13.5 0.6312134316727089
      vertex 1.9325261334068424 -13 0.3140167895908861
      vertex 1.6629392246050905 -13.5 0.7888595339607956
    endloop
  endfacet
  facet normal 0.6068711078305682 -0.7066805256772054 -0.3637445437516384
    outer loop
      vertex 2.078674030756363 -13 0.5110744174509945
      vertex 1.76384252869671 -13.5 0.9572065263480046
      vertex 1.6629392246050905 -13.5 0.7888595339607956
    endloop
  endfacet
  facet normal 0.5682956575826013 -0.7066805256772053 -0.42147678489016144
    outer loop
      vertex 1.9325261334068424 -13 0.3140167895908861
      vertex 2.078674030756363 -13 0.5110744174509945
      vertex 1.6629392246050905 -13.5 0.7888595339607956
    endloop
  endfacet
  facet normal 0.606871107830568 -0.7066805256772054 -0.36374454375163867
    outer loop
      vertex 2.078674030756363 -13 0.5110744174509945
      vertex 2.204803160870888 -13 0.7215081579350058
      vertex 1.76384252869671 -13.5 0.9572065263480046
    endloop
  endfacet
  facet normal 0 -1 0
    outer loop
      vertex 1.268786568327291 -13.5 0.3539790932745259
      vertex 1.4142135623730951 -13.5 0.48578643762690477
      vertex 1.268786568327291 -13.5 3.446020906725474
    endloop
  endfacet
  facet normal 0 -1 0
    outer loop
      vertex 1.4142135623730951 -13.5 0.48578643762690477
      vertex 1.546020906725474 -13.5 0.6312134316727089
      vertex 1.4142135623730951 -13.5 3.3142135623730953
    endloop
  endfacet
  facet normal 0 -1 0
    outer loop
      vertex 1.546020906725474 -13.5 0.6312134316727089
      vertex 1.6629392246050905 -13.5 0.7888595339607956
      vertex 1.546020906725474 -13.5 3.168786568327291
    endloop
  endfacet
  facet normal 0 -1 0
    outer loop
      vertex 1.6629392246050905 -13.5 0.7888595339607956
      vertex 1.76384252869671 -13.5 0.9572065263480046
      vertex 1.6629392246050905 -13.5 3.0111404660392043
    endloop
  endfacet
  facet normal 0 -1 0
    outer loop
      vertex 1.76384252869671 -13.5 0.9572065263480046
      vertex 1.8477590650225735 -13.5 1.1346331352698202
      vertex 1.76384252869671 -13.5 2.8427934736519953
    endloop
  endfacet
  facet normal 0 -1 0
    outer loop
      vertex 1.8477590650225735 -13.5 1.1346331352698202
      vertex 1.9138806714644176 -13.5 1.3194306454910754
      vertex 1.8477590650225735 -13.5 2.6653668647301796
    endloop
  endfacet
  facet normal 0.6396020575606337 -0.7066805256772055 -0.3025092438137922
    outer loop
      vertex 1.76384252869671 -13.5 0.9572065263480046
      vertex 2.204803160870888 -13 0.7215081579350058
      vertex 1.8477590650225735 -13.5 1.1346331352698202
    endloop
  endfacet
  facet normal 0.6396020575606339 -0.7066805256772054 -0.30250924381379196
    outer loop
      vertex 1.8477590650225735 -13.5 1.1346331352698202
      vertex 2.204803160870888 -13 0.7215081579350058
      vertex 2.309698831278217 -13 0.9432914190872754
    endloop
  endfacet
  facet normal 0.6661732898343401 -0.7066805256772054 -0.238360614489645
    outer loop
      vertex 1.8477590650225735 -13.5 1.1346331352698202
      vertex 2.309698831278217 -13 0.9432914190872754
      vertex 1.9138806714644176 -13.5 1.3194306454910754
    endloop
  endfacet
  facet normal 0.6661732898343402 -0.7066805256772053 -0.23836061448964466
    outer loop
      vertex 2.309698831278217 -13 0.9432914190872754
      vertex 2.392350839330522 -13 1.1742883068638441
      vertex 1.9138806714644176 -13.5 1.3194306454910754
    endloop
  endfacet
  facet normal 0.6863289091595776 -0.7066805256772053 -0.1719164421467974
    outer loop
      vertex 2.392350839330522 -13 1.1742883068638441
      vertex 1.9615705608064609 -13.5 1.5098193559677435
      vertex 1.9138806714644176 -13.5 1.3194306454910754
    endloop
  endfacet
  facet normal 0.6998748059040626 -0.7066805256772054 -0.10381662048698893
    outer loop
      vertex 1.9615705608064609 -13.5 1.5098193559677435
      vertex 2.451963201008076 -13 1.4122741949596793
      vertex 1.9903694533443939 -13.5 1.7039657193408786
    endloop
  endfacet
  facet normal 0.6863289091595774 -0.7066805256772053 -0.1719164421467977
    outer loop
      vertex 2.392350839330522 -13 1.1742883068638441
      vertex 2.451963201008076 -13 1.4122741949596793
      vertex 1.9615705608064609 -13.5 1.5098193559677435
    endloop
  endfacet
  facet normal 0.6998748059040626 -0.7066805256772055 -0.10381662048698916
    outer loop
      vertex 1.9903694533443939 -13.5 1.7039657193408786
      vertex 2.451963201008076 -13 1.4122741949596793
      vertex 2.4879618166804924 -13 1.6549571491760984
    endloop
  endfacet
  facet normal 0 -1 0
    outer loop
      vertex -0.3901806440322565 -13.5 3.8615705608064608
      vertex 0.6193632324084272 -13.5 1.3322676295501878e-15
      vertex -0.1960342806591212 -13.5 3.8903694533443938
    endloop
  endfacet
  facet normal 0 -1 0
    outer loop
      vertex 0.1960342806591212 -13.5 3.8903694533443938
      vertex 0.6193632324084272 -13.5 1.3322676295501878e-15
      vertex 0.3901806440322565 -13.5 3.8615705608064608
    endloop
  endfacet
  facet normal 0 -1 0
    outer loop
      vertex 0.3901806440322565 -13.5 3.8615705608064608
      vertex 0.6193632324084272 -13.5 1.3322676295501878e-15
      vertex 0.5805693545089247 -13.5 3.8138806714644176
    endloop
  endfacet
  facet normal 0 -1 0
    outer loop
      vertex 0.7653668647301796 -13.5 0.052240934977426434
      vertex 0.7653668647301796 -13.5 3.7477590650225734
      vertex 0.5805693545089247 -13.5 3.8138806714644176
    endloop
  endfacet
  facet normal 0 -1 0
    outer loop
      vertex 0.9427934736519953 -13.5 0.1361574713032898
      vertex 0.9427934736519953 -13.5 3.6638425286967102
      vertex 0.7653668647301796 -13.5 3.7477590650225734
    endloop
  endfacet
  facet normal 0 -1 0
    outer loop
      vertex 1.1111404660392044 -13.5 0.23706077539490944
      vertex 1.1111404660392044 -13.5 3.56293922460509
      vertex 0.9427934736519953 -13.5 3.6638425286967102
    endloop
  endfacet
  facet normal 0 -1 0
    outer loop
      vertex 1.268786568327291 -13.5 0.3539790932745259
      vertex 1.268786568327291 -13.5 3.446020906725474
      vertex 1.1111404660392044 -13.5 3.56293922460509
    endloop
  endfacet
  facet normal 0 -1 0
    outer loop
      vertex -0.1960342806591212 -13.5 3.8903694533443938
      vertex 0.6193632324084272 -13.5 1.3322676295501878e-15
      vertex 0 -13.5 3.9
    endloop
  endfacet
  facet normal 0 -1 0
    outer loop
      vertex 0 -13.5 3.9
      vertex 0.6193632324084272 -13.5 1.3322676295501878e-15
      vertex 0.1960342806591212 -13.5 3.8903694533443938
    endloop
  endfacet
  facet normal 0 -1 0
    outer loop
      vertex 1.546020906725474 -13.5 0.6312134316727089
      vertex 1.546020906725474 -13.5 3.168786568327291
      vertex 1.4142135623730951 -13.5 3.3142135623730953
    endloop
  endfacet
  facet normal 0 -1 0
    outer loop
      vertex 1.4142135623730951 -13.5 0.48578643762690477
      vertex 1.4142135623730951 -13.5 3.3142135623730953
      vertex 1.268786568327291 -13.5 3.446020906725474
    endloop
  endfacet
  facet normal 0 -1 0
    outer loop
      vertex 1.6629392246050905 -13.5 0.7888595339607956
      vertex 1.6629392246050905 -13.5 3.0111404660392043
      vertex 1.546020906725474 -13.5 3.168786568327291
    endloop
  endfacet
  facet normal 0 -1 0
    outer loop
      vertex 1.8477590650225735 -13.5 1.1346331352698202
      vertex 1.8477590650225735 -13.5 2.6653668647301796
      vertex 1.76384252869671 -13.5 2.8427934736519953
    endloop
  endfacet
  facet normal 0 -1 0
    outer loop
      vertex 1.76384252869671 -13.5 0.9572065263480046
      vertex 1.76384252869671 -13.5 2.8427934736519953
      vertex 1.6629392246050905 -13.5 3.0111404660392043
    endloop
  endfacet
  facet normal 0 -1 0
    outer loop
      vertex 1.9138806714644176 -13.5 1.3194306454910754
      vertex 1.9615705608064609 -13.5 1.5098193559677435
      vertex 1.9138806714644176 -13.5 2.4805693545089245
    endloop
  endfacet
  facet normal 0 -1 0
    outer loop
      vertex 1.9615705608064609 -13.5 1.5098193559677435
      vertex 1.9903694533443939 -13.5 1.7039657193408786
      vertex 1.9615705608064609 -13.5 2.2901806440322563
    endloop
  endfacet
  facet normal 0 -1 0
    outer loop
      vertex 1.9903694533443939 -13.5 1.7039657193408786
      vertex 2 -13.5 1.9
      vertex 1.9903694533443939 -13.5 2.0960342806591212
    endloop
  endfacet
  facet normal 0.7066805256772053 -0.7066805256772053 -0.034716988019951885
    outer loop
      vertex 1.9903694533443939 -13.5 1.7039657193408786
      vertex 2.5 -13 1.9
      vertex 2 -13.5 1.9
    endloop
  endfacet
  facet normal 0 -1 0
    outer loop
      vertex 1.9903694533443939 -13.5 1.7039657193408786
      vertex 1.9903694533443939 -13.5 2.0960342806591212
      vertex 1.9615705608064609 -13.5 2.2901806440322563
    endloop
  endfacet
  facet normal 0 -1 0
    outer loop
      vertex 1.9615705608064609 -13.5 1.5098193559677435
      vertex 1.9615705608064609 -13.5 2.2901806440322563
      vertex 1.9138806714644176 -13.5 2.4805693545089245
    endloop
  endfacet
  facet normal 0 -1 0
    outer loop
      vertex 1.9138806714644176 -13.5 1.3194306454910754
      vertex 1.9138806714644176 -13.5 2.4805693545089245
      vertex 1.8477590650225735 -13.5 2.6653668647301796
    endloop
  endfacet
  facet normal 0.7066805256772053 -0.7066805256772053 0.034716988019951885
    outer loop
      vertex 2 -13.5 1.9
      vertex 2.5 -13 1.9
      vertex 1.9903694533443939 -13.5 2.0960342806591212
    endloop
  endfacet
  facet normal 0.7066805256772053 -0.7066805256772054 -0.03471698801995158
    outer loop
      vertex 1.9903694533443939 -13.5 1.7039657193408786
      vertex 2.4879618166804924 -13 1.6549571491760984
      vertex 2.5 -13 1.9
    endloop
  endfacet
  facet normal 0.7066805256772053 -0.7066805256772054 0.034716988019951614
    outer loop
      vertex 1.9903694533443939 -13.5 2.0960342806591212
      vertex 2.5 -13 1.9
      vertex 2.4879618166804924 -13 2.1450428508239012
    endloop
  endfacet
  facet normal 0.6998748059040627 -0.7066805256772053 0.10381662048698895
    outer loop
      vertex 1.9903694533443939 -13.5 2.0960342806591212
      vertex 2.451963201008076 -13 2.3877258050403203
      vertex 1.9615705608064609 -13.5 2.2901806440322563
    endloop
  endfacet
  facet normal 0.6863289091595776 -0.7066805256772051 0.1719164421467974
    outer loop
      vertex 1.9615705608064609 -13.5 2.2901806440322563
      vertex 2.392350839330522 -13 2.6257116931361555
      vertex 1.9138806714644176 -13.5 2.4805693545089245
    endloop
  endfacet
  facet normal 0.6998748059040626 -0.7066805256772054 0.10381662048698916
    outer loop
      vertex 1.9903694533443939 -13.5 2.0960342806591212
      vertex 2.4879618166804924 -13 2.1450428508239012
      vertex 2.451963201008076 -13 2.3877258050403203
    endloop
  endfacet
  facet normal 0.6863289091595776 -0.7066805256772053 0.17191644214679772
    outer loop
      vertex 1.9615705608064609 -13.5 2.2901806440322563
      vertex 2.451963201008076 -13 2.3877258050403203
      vertex 2.392350839330522 -13 2.6257116931361555
    endloop
  endfacet
  facet normal 0.5682956575826014 -0.7066805256772053 0.4214767848901614
    outer loop
      vertex 1.6629392246050905 -13.5 3.0111404660392043
      vertex 1.9325261334068424 -13 3.4859832104091137
      vertex 1.546020906725474 -13.5 3.168786568327291
    endloop
  endfacet
  facet normal 0.6068711078305681 -0.7066805256772053 0.36374454375163856
    outer loop
      vertex 1.6629392246050905 -13.5 3.0111404660392043
      vertex 1.76384252869671 -13.5 2.8427934736519953
      vertex 2.078674030756363 -13 3.2889255825490054
    endloop
  endfacet
  facet normal 0.5242472094901071 -0.7066805256772052 0.47514997418754507
    outer loop
      vertex 1.546020906725474 -13.5 3.168786568327291
      vertex 1.7677669529663689 -13 3.667766952966369
      vertex 1.4142135623730951 -13.5 3.3142135623730953
    endloop
  endfacet
  facet normal 0.5242472094901064 -0.7066805256772054 0.4751499741875456
    outer loop
      vertex 1.546020906725474 -13.5 3.168786568327291
      vertex 1.9325261334068424 -13 3.4859832104091137
      vertex 1.7677669529663689 -13 3.667766952966369
    endloop
  endfacet
  facet normal 0.6661732898343401 -0.7066805256772054 0.238360614489645
    outer loop
      vertex 1.8477590650225735 -13.5 2.6653668647301796
      vertex 1.9138806714644176 -13.5 2.4805693545089245
      vertex 2.309698831278217 -13 2.8567085809127244
    endloop
  endfacet
  facet normal 0.6396020575606338 -0.7066805256772055 0.3025092438137921
    outer loop
      vertex 1.8477590650225735 -13.5 2.6653668647301796
      vertex 2.204803160870888 -13 3.0784918420649943
      vertex 1.76384252869671 -13.5 2.8427934736519953
    endloop
  endfacet
  facet normal 0.639602057560634 -0.7066805256772054 0.3025092438137917
    outer loop
      vertex 1.8477590650225735 -13.5 2.6653668647301796
      vertex 2.309698831278217 -13 2.8567085809127244
      vertex 2.204803160870888 -13 3.0784918420649943
    endloop
  endfacet
  facet normal 0.6661732898343403 -0.7066805256772052 0.23836061448964446
    outer loop
      vertex 1.9138806714644176 -13.5 2.4805693545089245
      vertex 2.392350839330522 -13 2.6257116931361555
      vertex 2.309698831278217 -13 2.8567085809127244
    endloop
  endfacet
  facet normal 0.6068711078305677 -0.7066805256772054 0.3637445437516389
    outer loop
      vertex 1.76384252869671 -13.5 2.8427934736519953
      vertex 2.204803160870888 -13 3.0784918420649943
      vertex 2.078674030756363 -13 3.2889255825490054
    endloop
  endfacet
  facet normal 0.5682956575826013 -0.7066805256772053 0.42147678489016144
    outer loop
      vertex 1.6629392246050905 -13.5 3.0111404660392043
      vertex 2.078674030756363 -13 3.2889255825490054
      vertex 1.9325261334068424 -13 3.4859832104091137
    endloop
  endfacet
  facet normal 0.03471698801995189 -0.7066805256772056 0.7066805256772051
    outer loop
      vertex 0 -13.5 3.9
      vertex 0.1960342806591212 -13.5 3.8903694533443938
      vertex 0 -13 4.4
    endloop
  endfacet
  facet normal 0.10381662048698877 -0.7066805256772057 0.6998748059040623
    outer loop
      vertex 0.1960342806591212 -13.5 3.8903694533443938
      vertex 0.3901806440322565 -13.5 3.8615705608064608
      vertex 0.2450428508239015 -13 4.387961816680493
    endloop
  endfacet
  facet normal 0.034716988019951565 -0.7066805256772057 0.706680525677205
    outer loop
      vertex 0.1960342806591212 -13.5 3.8903694533443938
      vertex 0.2450428508239015 -13 4.387961816680493
      vertex 0 -13 4.4
    endloop
  endfacet
  facet normal 0.17191644214679747 -0.7066805256772051 0.6863289091595779
    outer loop
      vertex 0.3901806440322565 -13.5 3.8615705608064608
      vertex 0.5805693545089247 -13.5 3.8138806714644176
      vertex 0.4877258050403206 -13 4.3519632010080755
    endloop
  endfacet
  facet normal 0.10381662048699168 -0.7066805256772051 0.6998748059040624
    outer loop
      vertex 0.2450428508239015 -13 4.387961816680493
      vertex 0.3901806440322565 -13.5 3.8615705608064608
      vertex 0.4877258050403206 -13 4.3519632010080755
    endloop
  endfacet
  facet normal 0.17191644214679525 -0.7066805256772054 0.6863289091595779
    outer loop
      vertex 0.5805693545089247 -13.5 3.8138806714644176
      vertex 0.7257116931361558 -13 4.292350839330522
      vertex 0.4877258050403206 -13 4.3519632010080755
    endloop
  endfacet
  facet normal 0.30250924381379135 -0.7066805256772057 0.6396020575606339
    outer loop
      vertex 0.7653668647301796 -13.5 3.7477590650225734
      vertex 0.9427934736519953 -13.5 3.6638425286967102
      vertex 0.9567085809127245 -13 4.209698831278217
    endloop
  endfacet
  facet normal 0.36374454375163967 -0.7066805256772053 0.6068711078305676
    outer loop
      vertex 0.9427934736519953 -13.5 3.6638425286967102
      vertex 1.1111404660392044 -13.5 3.56293922460509
      vertex 1.1784918420649941 -13 4.104803160870888
    endloop
  endfacet
  facet normal 0.23836061448964516 -0.7066805256772055 0.6661732898343397
    outer loop
      vertex 0.5805693545089247 -13.5 3.8138806714644176
      vertex 0.7653668647301796 -13.5 3.7477590650225734
      vertex 0.7257116931361558 -13 4.292350839330522
    endloop
  endfacet
  facet normal 0.2383606144896445 -0.7066805256772056 0.6661732898343398
    outer loop
      vertex 0.7653668647301796 -13.5 3.7477590650225734
      vertex 0.9567085809127245 -13 4.209698831278217
      vertex 0.7257116931361558 -13 4.292350839330522
    endloop
  endfacet
  facet normal 0.302509243813793 -0.7066805256772053 0.6396020575606335
    outer loop
      vertex 0.9427934736519953 -13.5 3.6638425286967102
      vertex 1.1784918420649941 -13 4.104803160870888
      vertex 0.9567085809127245 -13 4.209698831278217
    endloop
  endfacet
  facet normal 0.3637445437516386 -0.7066805256772054 0.6068711078305679
    outer loop
      vertex 1.1111404660392044 -13.5 3.56293922460509
      vertex 1.3889255825490054 -13 3.978674030756363
      vertex 1.1784918420649941 -13 4.104803160870888
    endloop
  endfacet
  facet normal 0.4214767848901603 -0.7066805256772055 0.568295657582602
    outer loop
      vertex 1.1111404660392044 -13.5 3.56293922460509
      vertex 1.268786568327291 -13.5 3.446020906725474
      vertex 1.3889255825490054 -13 3.978674030756363
    endloop
  endfacet
  facet normal 0.47514997418754534 -0.7066805256772054 0.5242472094901066
    outer loop
      vertex 1.268786568327291 -13.5 3.446020906725474
      vertex 1.4142135623730951 -13.5 3.3142135623730953
      vertex 1.5859832104091138 -13 3.8325261334068426
    endloop
  endfacet
  facet normal 0.4214767848901611 -0.7066805256772054 0.5682956575826017
    outer loop
      vertex 1.268786568327291 -13.5 3.446020906725474
      vertex 1.5859832104091138 -13 3.8325261334068426
      vertex 1.3889255825490054 -13 3.978674030756363
    endloop
  endfacet
  facet normal 0.4751499741875461 -0.7066805256772052 0.5242472094901062
    outer loop
      vertex 1.4142135623730951 -13.5 3.3142135623730953
      vertex 1.7677669529663689 -13 3.667766952966369
      vertex 1.5859832104091138 -13 3.8325261334068426
    endloop
  endfacet
  facet normal -0.9415440651830214 5.783229453458677e-20 -0.3368898533922187
    outer loop
      vertex -4.784701678661044 0 0.4485766137276883
      vertex -4.624198399821383 0 1.3322676295501878e-15
      vertex -4.624198399821383 -2.5 1.3322676295501878e-15
    endloop
  endfacet
  facet normal -0.9415440651830214 0 -0.3368898533922187
    outer loop
      vertex -4.784701678661044 0 0.4485766137276883
      vertex -4.624198399821383 -2.5 1.3322676295501878e-15
      vertex -4.784701678661044 -2.5 0.4485766137276883
    endloop
  endfacet
  facet normal -0.9700312531945439 -4.607945725152666e-19 -0.2429801799032646
    outer loop
      vertex -4.784701678661044 0 0.4485766137276883
      vertex -4.903926402016152 -2.5 0.9245483899193587
      vertex -4.903926402016152 0 0.9245483899193587
    endloop
  endfacet
  facet normal -0.9700312531945439 0 -0.2429801799032646
    outer loop
      vertex -4.784701678661044 0 0.4485766137276883
      vertex -4.784701678661044 -2.5 0.4485766137276883
      vertex -4.903926402016152 -2.5 0.9245483899193587
    endloop
  endfacet
  facet normal -0.9891765099647808 4.42211088911852e-19 -0.14673047445536286
    outer loop
      vertex -4.903926402016152 0 0.9245483899193587
      vertex -4.975923633360985 -2.5 1.4099142983521968
      vertex -4.975923633360985 0 1.4099142983521968
    endloop
  endfacet
  facet normal -0.9891765099647808 0 -0.14673047445536286
    outer loop
      vertex -4.903926402016152 0 0.9245483899193587
      vertex -4.903926402016152 -2.5 0.9245483899193587
      vertex -4.975923633360985 -2.5 1.4099142983521968
    endloop
  endfacet
  facet normal 0 1 0
    outer loop
      vertex -4.784701678661044 0 0.4485766137276883
      vertex -4.903926402016152 0 0.9245483899193587
      vertex -4.784701678661044 0 3.3514233862723115
    endloop
  endfacet
  facet normal 0 1 0
    outer loop
      vertex -4.784701678661044 0 0.4485766137276883
      vertex -4.619397662556434 0 3.813417161825449
      vertex -4.624198399821383 0 1.3322676295501878e-15
    endloop
  endfacet
  facet normal -0.9987954562051724 0 -0.04906767432741713
    outer loop
      vertex -4.975923633360985 0 1.4099142983521968
      vertex -4.975923633360985 -2.5 1.4099142983521968
      vertex -5 -2.5 1.9
    endloop
  endfacet
  facet normal 0 -1 0
    outer loop
      vertex -4.784701678661044 -2.5 0.4485766137276883
      vertex -4.624198399821383 -2.5 1.3322676295501878e-15
      vertex -4.784701678661044 -2.5 3.3514233862723115
    endloop
  endfacet
  facet normal 0 -1 0
    outer loop
      vertex -4.784701678661044 -2.5 0.4485766137276883
      vertex -4.903926402016152 -2.5 2.875451610080641
      vertex -4.903926402016152 -2.5 0.9245483899193587
    endloop
  endfacet
  facet normal 0 -1 0
    outer loop
      vertex -4.903926402016152 -2.5 0.9245483899193587
      vertex -4.975923633360985 -2.5 2.390085701647803
      vertex -4.975923633360985 -2.5 1.4099142983521968
    endloop
  endfacet
  facet normal 0 -1 0
    outer loop
      vertex -2.392350839330522 -2.5 1.1742883068638441
      vertex -2.451963201008076 -2.5 1.4122741949596793
      vertex -4.624198399821383 -2.5 1.3322676295501878e-15
    endloop
  endfacet
  facet normal 0 -1 0
    outer loop
      vertex -2.078674030756363 -2.5 0.5110744174509945
      vertex -2.204803160870888 -2.5 0.7215081579350058
      vertex -4.624198399821383 -2.5 1.3322676295501878e-15
    endloop
  endfacet
  facet normal 0 -1 0
    outer loop
      vertex -1.9325261334068424 -2.5 0.3140167895908861
      vertex -2.078674030756363 -2.5 0.5110744174509945
      vertex -4.624198399821383 -2.5 1.3322676295501878e-15
    endloop
  endfacet
  facet normal 0 -1 0
    outer loop
      vertex -1.7677669529663689 -2.5 0.13223304703363103
      vertex -4.624198399821383 -2.5 1.3322676295501878e-15
      vertex -1.6218702683915907 -2.5 1.3322676295501878e-15
    endloop
  endfacet
  facet normal 0 -1 0
    outer loop
      vertex -1.9325261334068424 -2.5 0.3140167895908861
      vertex -4.624198399821383 -2.5 1.3322676295501878e-15
      vertex -1.7677669529663689 -2.5 0.13223304703363103
    endloop
  endfacet
  facet normal 0 -1 0
    outer loop
      vertex -2.204803160870888 -2.5 0.7215081579350058
      vertex -2.309698831278217 -2.5 0.9432914190872754
      vertex -4.624198399821383 -2.5 1.3322676295501878e-15
    endloop
  endfacet
  facet normal 0 -1 0
    outer loop
      vertex -2.309698831278217 -2.5 0.9432914190872754
      vertex -2.392350839330522 -2.5 1.1742883068638441
      vertex -4.624198399821383 -2.5 1.3322676295501878e-15
    endloop
  endfacet
  facet normal 0 -1 0
    outer loop
      vertex -2.451963201008076 -2.5 1.4122741949596793
      vertex -2.4879618166804924 -2.5 1.6549571491760984
      vertex -4.624198399821383 -2.5 1.3322676295501878e-15
    endloop
  endfacet
  facet normal 0 1 0
    outer loop
      vertex -4.903926402016152 0 0.9245483899193587
      vertex -4.975923633360985 0 1.4099142983521968
      vertex -4.903926402016152 0 2.875451610080641
    endloop
  endfacet
  facet normal 0 1 0
    outer loop
      vertex -4.975923633360985 0 1.4099142983521968
      vertex -5 0 1.9
      vertex -4.975923633360985 0 2.390085701647803
    endloop
  endfacet
  facet normal -0.9987954562051724 -2.289454588148253e-19 -0.04906767432741713
    outer loop
      vertex -4.975923633360985 0 1.4099142983521968
      vertex -5 -2.5 1.9
      vertex -5 0 1.9
    endloop
  endfacet
  facet normal -0.9987954562051724 0 0.04906767432741713
    outer loop
      vertex -5 0 1.9
      vertex -5 -2.5 1.9
      vertex -4.975923633360985 -2.5 2.390085701647803
    endloop
  endfacet
  facet normal 0 1 0
    outer loop
      vertex -4.975923633360985 0 1.4099142983521968
      vertex -4.975923633360985 0 2.390085701647803
      vertex -4.903926402016152 0 2.875451610080641
    endloop
  endfacet
  facet normal -0.9987954562051724 2.289454588148253e-19 0.04906767432741713
    outer loop
      vertex -5 0 1.9
      vertex -4.975923633360985 -2.5 2.390085701647803
      vertex -4.975923633360985 0 2.390085701647803
    endloop
  endfacet
  facet normal 0 1 0
    outer loop
      vertex -4.903926402016152 0 0.9245483899193587
      vertex -4.903926402016152 0 2.875451610080641
      vertex -4.784701678661044 0 3.3514233862723115
    endloop
  endfacet
  facet normal 0 1 0
    outer loop
      vertex -4.784701678661044 0 0.4485766137276883
      vertex -4.784701678661044 0 3.3514233862723115
      vertex -4.619397662556434 0 3.813417161825449
    endloop
  endfacet
  facet normal -0.9891765099647808 0 0.14673047445536286
    outer loop
      vertex -4.975923633360985 0 2.390085701647803
      vertex -4.975923633360985 -2.5 2.390085701647803
      vertex -4.903926402016152 -2.5 2.875451610080641
    endloop
  endfacet
  facet normal 0 -1 0
    outer loop
      vertex -4.975923633360985 -2.5 1.4099142983521968
      vertex -4.975923633360985 -2.5 2.390085701647803
      vertex -5 -2.5 1.9
    endloop
  endfacet
  facet normal 0 -1 0
    outer loop
      vertex -4.903926402016152 -2.5 0.9245483899193587
      vertex -4.903926402016152 -2.5 2.875451610080641
      vertex -4.975923633360985 -2.5 2.390085701647803
    endloop
  endfacet
  facet normal 0 -1 0
    outer loop
      vertex -4.784701678661044 -2.5 0.4485766137276883
      vertex -4.784701678661044 -2.5 3.3514233862723115
      vertex -4.903926402016152 -2.5 2.875451610080641
    endloop
  endfacet
  facet normal 0 -1 0
    outer loop
      vertex -4.784701678661044 -2.5 3.3514233862723115
      vertex -4.624198399821383 -2.5 1.3322676295501878e-15
      vertex -4.619397662556434 -2.5 3.813417161825449
    endloop
  endfacet
  facet normal -0.9891765099647808 -4.42211088911852e-19 0.14673047445536286
    outer loop
      vertex -4.975923633360985 0 2.390085701647803
      vertex -4.903926402016152 -2.5 2.875451610080641
      vertex -4.903926402016152 0 2.875451610080641
    endloop
  endfacet
  facet normal 0 1 0
    outer loop
      vertex -4.619397662556434 0 3.813417161825449
      vertex -4.409606321741776 0 4.256983684129988
      vertex -4.624198399821383 0 1.3322676295501878e-15
    endloop
  endfacet
  facet normal 0 1 0
    outer loop
      vertex -4.409606321741776 0 4.256983684129988
      vertex -4.157348061512726 0 4.67785116509801
      vertex -4.624198399821383 0 1.3322676295501878e-15
    endloop
  endfacet
  facet normal -0.9700312531945439 4.607945725152666e-19 0.2429801799032646
    outer loop
      vertex -4.903926402016152 0 2.875451610080641
      vertex -4.784701678661044 -2.5 3.3514233862723115
      vertex -4.784701678661044 0 3.3514233862723115
    endloop
  endfacet
  facet normal -0.9700312531945439 0 0.2429801799032646
    outer loop
      vertex -4.903926402016152 0 2.875451610080641
      vertex -4.903926402016152 -2.5 2.875451610080641
      vertex -4.784701678661044 -2.5 3.3514233862723115
    endloop
  endfacet
  facet normal 0 1 0
    outer loop
      vertex -4.157348061512726 0 4.67785116509801
      vertex -3.865052266813685 0 5.071966420818228
      vertex -4.624198399821383 0 1.3322676295501878e-15
    endloop
  endfacet
  facet normal 0 -1 0
    outer loop
      vertex -4.619397662556434 -2.5 3.813417161825449
      vertex -4.624198399821383 -2.5 1.3322676295501878e-15
      vertex -4.409606321741776 -2.5 4.256983684129988
    endloop
  endfacet
  facet normal 0 -1 0
    outer loop
      vertex -4.409606321741776 -2.5 4.256983684129988
      vertex -4.624198399821383 -2.5 1.3322676295501878e-15
      vertex -4.157348061512726 -2.5 4.67785116509801
    endloop
  endfacet
  facet normal 0 -1 0
    outer loop
      vertex -4.157348061512726 -2.5 4.67785116509801
      vertex -4.624198399821383 -2.5 1.3322676295501878e-15
      vertex -3.865052266813685 -2.5 5.071966420818228
    endloop
  endfacet
  facet normal 0 -1 0
    outer loop
      vertex -2.4879618166804924 -2.5 1.6549571491760984
      vertex -2.777851165098011 -2.5 6.057348061512727
      vertex -4.624198399821383 -2.5 1.3322676295501878e-15
    endloop
  endfacet
  facet normal 0 -1 0
    outer loop
      vertex -2.4879618166804924 -2.5 1.6549571491760984
      vertex -2.5 -2.5 1.9
      vertex -2.777851165098011 -2.5 6.057348061512727
    endloop
  endfacet
  facet normal 0 -1 0
    outer loop
      vertex -2.777851165098011 -2.5 6.057348061512727
      vertex -2.5 -2.5 1.9
      vertex -2.4879618166804924 -2.5 2.1450428508239012
    endloop
  endfacet
  facet normal -0.9415440651830213 4.462636583200547e-18 0.33688985339221883
    outer loop
      vertex -4.784701678661044 0 3.3514233862723115
      vertex -4.619397662556434 -2.5 3.813417161825449
      vertex -4.619397662556434 0 3.813417161825449
    endloop
  endfacet
  facet normal -0.9415440651830213 0 0.33688985339221883
    outer loop
      vertex -4.784701678661044 0 3.3514233862723115
      vertex -4.784701678661044 -2.5 3.3514233862723115
      vertex -4.619397662556434 -2.5 3.813417161825449
    endloop
  endfacet
  facet normal -0.9039892931234436 -2.1203154348459806e-18 0.4275550934302817
    outer loop
      vertex -4.619397662556434 0 3.813417161825449
      vertex -4.409606321741776 -2.5 4.256983684129988
      vertex -4.409606321741776 0 4.256983684129988
    endloop
  endfacet
  facet normal -0.9039892931234436 0 0.4275550934302817
    outer loop
      vertex -4.619397662556434 0 3.813417161825449
      vertex -4.619397662556434 -2.5 3.813417161825449
      vertex -4.409606321741776 -2.5 4.256983684129988
    endloop
  endfacet
  facet normal 0 1 0
    outer loop
      vertex -3.865052266813685 0 5.071966420818228
      vertex -3.5355339059327378 0 5.435533905932738
      vertex -4.624198399821383 0 1.3322676295501878e-15
    endloop
  endfacet
  facet normal 0 1 0
    outer loop
      vertex -3.5355339059327378 0 5.435533905932738
      vertex -3.1719664208182277 0 5.765052266813685
      vertex -4.624198399821383 0 1.3322676295501878e-15
    endloop
  endfacet
  facet normal 0 -1 0
    outer loop
      vertex -3.865052266813685 -2.5 5.071966420818228
      vertex -4.624198399821383 -2.5 1.3322676295501878e-15
      vertex -3.5355339059327378 -2.5 5.435533905932738
    endloop
  endfacet
  facet normal 0 -1 0
    outer loop
      vertex -3.5355339059327378 -2.5 5.435533905932738
      vertex -4.624198399821383 -2.5 1.3322676295501878e-15
      vertex -3.1719664208182277 -2.5 5.765052266813685
    endloop
  endfacet
  facet normal -0.8577286100002713 3.1638557472861893e-18 0.5141027441932228
    outer loop
      vertex -4.409606321741776 0 4.256983684129988
      vertex -4.157348061512726 -2.5 4.67785116509801
      vertex -4.157348061512726 0 4.67785116509801
    endloop
  endfacet
  facet normal -0.8577286100002713 0 0.5141027441932228
    outer loop
      vertex -4.409606321741776 0 4.256983684129988
      vertex -4.409606321741776 -2.5 4.256983684129988
      vertex -4.157348061512726 -2.5 4.67785116509801
    endloop
  endfacet
  facet normal -0.8032075314806457 2.0823433728183685e-18 0.5956993044924321
    outer loop
      vertex -4.157348061512726 0 4.67785116509801
      vertex -3.865052266813685 -2.5 5.071966420818228
      vertex -3.865052266813685 0 5.071966420818228
    endloop
  endfacet
  facet normal -0.8032075314806457 0 0.5956993044924321
    outer loop
      vertex -4.157348061512726 0 4.67785116509801
      vertex -4.157348061512726 -2.5 4.67785116509801
      vertex -3.865052266813685 -2.5 5.071966420818228
    endloop
  endfacet
  facet normal 0 1 0
    outer loop
      vertex -3.1719664208182277 0 5.765052266813685
      vertex -2.777851165098011 0 6.057348061512727
      vertex -4.624198399821383 0 1.3322676295501878e-15
    endloop
  endfacet
  facet normal 0 1 0
    outer loop
      vertex -2.777851165098011 0 6.057348061512727
      vertex -2.3569836841299883 0 6.309606321741775
      vertex -4.624198399821383 0 1.3322676295501878e-15
    endloop
  endfacet
  facet normal 0 1 0
    outer loop
      vertex -2.3569836841299883 0 6.309606321741775
      vertex -1.913417161825449 0 6.519397662556434
      vertex -4.624198399821383 0 1.3322676295501878e-15
    endloop
  endfacet
  facet normal 0 -1 0
    outer loop
      vertex -3.1719664208182277 -2.5 5.765052266813685
      vertex -4.624198399821383 -2.5 1.3322676295501878e-15
      vertex -2.777851165098011 -2.5 6.057348061512727
    endloop
  endfacet
  facet normal 0 -1 0
    outer loop
      vertex -2.777851165098011 -2.5 6.057348061512727
      vertex -2.4879618166804924 -2.5 2.1450428508239012
      vertex -2.451963201008076 -2.5 2.3877258050403203
    endloop
  endfacet
  facet normal 0 -1 0
    outer loop
      vertex -2.777851165098011 -2.5 6.057348061512727
      vertex -2.451963201008076 -2.5 2.3877258050403203
      vertex -2.392350839330522 -2.5 2.6257116931361555
    endloop
  endfacet
  facet normal 0 1 0
    outer loop
      vertex -1.913417161825449 0 6.519397662556434
      vertex -1.4514233862723116 0 6.684701678661044
      vertex -4.624198399821383 0 1.3322676295501878e-15
    endloop
  endfacet
  facet normal -0.7409511253549591 0 0.6715589548470183
    outer loop
      vertex -3.865052266813685 0 5.071966420818228
      vertex -3.865052266813685 -2.5 5.071966420818228
      vertex -3.5355339059327378 -2.5 5.435533905932738
    endloop
  endfacet
  facet normal -0.7409511253549591 -2.7340022704281004e-18 0.6715589548470183
    outer loop
      vertex -3.865052266813685 0 5.071966420818228
      vertex -3.5355339059327378 -2.5 5.435533905932738
      vertex -3.5355339059327378 0 5.435533905932738
    endloop
  endfacet
  facet normal -0.6715589548470179 0 0.7409511253549597
    outer loop
      vertex -3.5355339059327378 0 5.435533905932738
      vertex -3.5355339059327378 -2.5 5.435533905932738
      vertex -3.1719664208182277 0 5.765052266813685
    endloop
  endfacet
  facet normal -0.6715589548470179 1.4048174895777973e-18 0.7409511253549597
    outer loop
      vertex -3.5355339059327378 -2.5 5.435533905932738
      vertex -3.1719664208182277 -2.5 5.765052266813685
      vertex -3.1719664208182277 0 5.765052266813685
    endloop
  endfacet
  facet normal -0.5956993044924336 0 0.8032075314806446
    outer loop
      vertex -3.1719664208182277 0 5.765052266813685
      vertex -3.1719664208182277 -2.5 5.765052266813685
      vertex -2.777851165098011 0 6.057348061512727
    endloop
  endfacet
  facet normal -0.5956993044924336 0 0.8032075314806446
    outer loop
      vertex -2.777851165098011 0 6.057348061512727
      vertex -3.1719664208182277 -2.5 5.765052266813685
      vertex -2.777851165098011 -2.5 6.057348061512727
    endloop
  endfacet
  facet normal -0.5141027441932211 0 0.8577286100002725
    outer loop
      vertex -2.777851165098011 0 6.057348061512727
      vertex -2.777851165098011 -2.5 6.057348061512727
      vertex -2.3569836841299883 0 6.309606321741775
    endloop
  endfacet
  facet normal 0 -1 0
    outer loop
      vertex -2.777851165098011 -2.5 6.057348061512727
      vertex -2.392350839330522 -2.5 2.6257116931361555
      vertex -2.309698831278217 -2.5 2.8567085809127244
    endloop
  endfacet
  facet normal 0 -1 0
    outer loop
      vertex -2.309698831278217 -2.5 2.8567085809127244
      vertex -2.204803160870888 -2.5 3.0784918420649943
      vertex -2.3569836841299883 -2.5 6.309606321741775
    endloop
  endfacet
  facet normal 0 -1 0
    outer loop
      vertex -2.204803160870888 -2.5 3.0784918420649943
      vertex -2.078674030756363 -2.5 3.2889255825490054
      vertex -2.3569836841299883 -2.5 6.309606321741775
    endloop
  endfacet
  facet normal 0 1 0
    outer loop
      vertex -1.4514233862723116 0 6.684701678661044
      vertex -0.9754516100806412 0 6.8039264020161525
      vertex -4.624198399821383 0 1.3322676295501878e-15
    endloop
  endfacet
  facet normal 0 1 0
    outer loop
      vertex -0.9754516100806412 0 6.8039264020161525
      vertex -0.490085701647803 0 6.875923633360985
      vertex -4.624198399821383 0 1.3322676295501878e-15
    endloop
  endfacet
  facet normal 0 1 0
    outer loop
      vertex -0.490085701647803 0 6.875923633360985
      vertex 0 0 6.9
      vertex -4.624198399821383 0 1.3322676295501878e-15
    endloop
  endfacet
  facet normal 0 1 0
    outer loop
      vertex 0 0 6.9
      vertex 0.490085701647803 0 6.875923633360985
      vertex -4.624198399821383 0 1.3322676295501878e-15
    endloop
  endfacet
  facet normal 0 -1 0
    outer loop
      vertex -2.078674030756363 -2.5 3.2889255825490054
      vertex -1.9325261334068424 -2.5 3.4859832104091137
      vertex -2.3569836841299883 -2.5 6.309606321741775
    endloop
  endfacet
  facet normal 0 -1 0
    outer loop
      vertex -1.9325261334068424 -2.5 3.4859832104091137
      vertex -1.7677669529663689 -2.5 3.667766952966369
      vertex -2.3569836841299883 -2.5 6.309606321741775
    endloop
  endfacet
  facet normal 0 -1 0
    outer loop
      vertex -2.777851165098011 -2.5 6.057348061512727
      vertex -2.309698831278217 -2.5 2.8567085809127244
      vertex -2.3569836841299883 -2.5 6.309606321741775
    endloop
  endfacet
  facet normal 0 -1 0
    outer loop
      vertex -1.7677669529663689 -2.5 3.667766952966369
      vertex -1.5859832104091138 -2.5 3.8325261334068426
      vertex -1.913417161825449 -2.5 6.519397662556434
    endloop
  endfacet
  facet normal 0 -1 0
    outer loop
      vertex -1.5859832104091138 -2.5 3.8325261334068426
      vertex -1.3889255825490054 -2.5 3.978674030756363
      vertex -1.913417161825449 -2.5 6.519397662556434
    endloop
  endfacet
  facet normal 0 -1 0
    outer loop
      vertex -1.3889255825490054 -2.5 3.978674030756363
      vertex -1.1784918420649941 -2.5 4.104803160870888
      vertex -1.4514233862723116 -2.5 6.684701678661044
    endloop
  endfacet
  facet normal 0 1 0
    outer loop
      vertex 1.913417161825449 0 6.519397662556434
      vertex 2.3569836841299883 0 6.309606321741775
      vertex -4.624198399821383 0 1.3322676295501878e-15
    endloop
  endfacet
  facet normal 0 1 0
    outer loop
      vertex 0.490085701647803 0 6.875923633360985
      vertex 0.9754516100806412 0 6.8039264020161525
      vertex -4.624198399821383 0 1.3322676295501878e-15
    endloop
  endfacet
  facet normal 0 1 0
    outer loop
      vertex 0.9754516100806412 0 6.8039264020161525
      vertex 1.4514233862723116 0 6.684701678661044
      vertex -4.624198399821383 0 1.3322676295501878e-15
    endloop
  endfacet
  facet normal 0 1 0
    outer loop
      vertex 1.4514233862723116 0 6.684701678661044
      vertex 1.913417161825449 0 6.519397662556434
      vertex -4.624198399821383 0 1.3322676295501878e-15
    endloop
  endfacet
  facet normal 0 -1 0
    outer loop
      vertex -1.1784918420649941 -2.5 4.104803160870888
      vertex -0.9567085809127245 -2.5 4.209698831278217
      vertex -1.4514233862723116 -2.5 6.684701678661044
    endloop
  endfacet
  facet normal 0 -1 0
    outer loop
      vertex -0.9567085809127245 -2.5 4.209698831278217
      vertex -0.7257116931361558 -2.5 4.292350839330522
      vertex -0.9754516100806412 -2.5 6.8039264020161525
    endloop
  endfacet
  facet normal 0 -1 0
    outer loop
      vertex -0.7257116931361558 -2.5 4.292350839330522
      vertex -0.4877258050403206 -2.5 4.3519632010080755
      vertex -0.9754516100806412 -2.5 6.8039264020161525
    endloop
  endfacet
  facet normal 0 -1 0
    outer loop
      vertex -1.7677669529663689 -2.5 3.667766952966369
      vertex -1.913417161825449 -2.5 6.519397662556434
      vertex -2.3569836841299883 -2.5 6.309606321741775
    endloop
  endfacet
  facet normal 0 -1 0
    outer loop
      vertex -1.3889255825490054 -2.5 3.978674030756363
      vertex -1.4514233862723116 -2.5 6.684701678661044
      vertex -1.913417161825449 -2.5 6.519397662556434
    endloop
  endfacet
  facet normal -0.4275550934302832 0 0.9039892931234429
    outer loop
      vertex -2.3569836841299883 0 6.309606321741775
      vertex -2.3569836841299883 -2.5 6.309606321741775
      vertex -1.913417161825449 0 6.519397662556434
    endloop
  endfacet
  facet normal -0.5141027441932211 4.710882940570857e-18 0.8577286100002725
    outer loop
      vertex -2.777851165098011 -2.5 6.057348061512727
      vertex -2.3569836841299883 -2.5 6.309606321741775
      vertex -2.3569836841299883 0 6.309606321741775
    endloop
  endfacet
  facet normal -0.4275550934302832 0 0.9039892931234429
    outer loop
      vertex -1.913417161825449 0 6.519397662556434
      vertex -2.3569836841299883 -2.5 6.309606321741775
      vertex -1.913417161825449 -2.5 6.519397662556434
    endloop
  endfacet
  facet normal -0.33688985339221883 0 0.9415440651830213
    outer loop
      vertex -1.913417161825449 0 6.519397662556434
      vertex -1.913417161825449 -2.5 6.519397662556434
      vertex -1.4514233862723116 0 6.684701678661044
    endloop
  endfacet
  facet normal -0.2429801799032646 0 0.9700312531945439
    outer loop
      vertex -1.4514233862723116 0 6.684701678661044
      vertex -1.4514233862723116 -2.5 6.684701678661044
      vertex -0.9754516100806412 0 6.8039264020161525
    endloop
  endfacet
  facet normal -0.33688985339221883 0 0.9415440651830213
    outer loop
      vertex -1.4514233862723116 0 6.684701678661044
      vertex -1.913417161825449 -2.5 6.519397662556434
      vertex -1.4514233862723116 -2.5 6.684701678661044
    endloop
  endfacet
  facet normal 0 -1 0
    outer loop
      vertex -0.9567085809127245 -2.5 4.209698831278217
      vertex -0.9754516100806412 -2.5 6.8039264020161525
      vertex -1.4514233862723116 -2.5 6.684701678661044
    endloop
  endfacet
  facet normal 0 -1 0
    outer loop
      vertex -0.4877258050403206 -2.5 4.3519632010080755
      vertex -0.490085701647803 -2.5 6.875923633360985
      vertex -0.9754516100806412 -2.5 6.8039264020161525
    endloop
  endfacet
  facet normal 0 -1 0
    outer loop
      vertex -0.4877258050403206 -2.5 4.3519632010080755
      vertex -0.2450428508239015 -2.5 4.387961816680493
      vertex -0.490085701647803 -2.5 6.875923633360985
    endloop
  endfacet
  facet normal 0 -1 0
    outer loop
      vertex -0.2450428508239015 -2.5 4.387961816680493
      vertex 0 -2.5 4.4
      vertex 0 -2.5 6.9
    endloop
  endfacet
  facet normal -0.14673047445536283 0 0.9891765099647808
    outer loop
      vertex -0.9754516100806412 0 6.8039264020161525
      vertex -0.9754516100806412 -2.5 6.8039264020161525
      vertex -0.490085701647803 0 6.875923633360985
    endloop
  endfacet
  facet normal -0.2429801799032646 4.607945725152666e-19 0.9700312531945439
    outer loop
      vertex -1.4514233862723116 -2.5 6.684701678661044
      vertex -0.9754516100806412 -2.5 6.8039264020161525
      vertex -0.9754516100806412 0 6.8039264020161525
    endloop
  endfacet
  facet normal -0.14673047445536283 0 0.9891765099647808
    outer loop
      vertex -0.490085701647803 0 6.875923633360985
      vertex -0.9754516100806412 -2.5 6.8039264020161525
      vertex -0.490085701647803 -2.5 6.875923633360985
    endloop
  endfacet
  facet normal -0.049067674327417134 0 0.9987954562051724
    outer loop
      vertex -0.490085701647803 0 6.875923633360985
      vertex -0.490085701647803 -2.5 6.875923633360985
      vertex 0 0 6.9
    endloop
  endfacet
  facet normal -0.049067674327417134 5.535719277377365e-19 0.9987954562051724
    outer loop
      vertex -0.490085701647803 -2.5 6.875923633360985
      vertex 0 -2.5 6.9
      vertex 0 0 6.9
    endloop
  endfacet
  facet normal 0 -1 0
    outer loop
      vertex -0.2450428508239015 -2.5 4.387961816680493
      vertex 0 -2.5 6.9
      vertex -0.490085701647803 -2.5 6.875923633360985
    endloop
  endfacet
  facet normal 0 1 0
    outer loop
      vertex 4.784701678661044 0 0.4485766137276883
      vertex 4.624198399821383 0 1.3322676295501878e-15
      vertex -4.624198399821383 0 1.3322676295501878e-15
    endloop
  endfacet
  facet normal 0 1 0
    outer loop
      vertex 4.784701678661044 0 0.4485766137276883
      vertex -4.624198399821383 0 1.3322676295501878e-15
      vertex 4.784701678661044 0 3.3514233862723115
    endloop
  endfacet
  facet normal 0 1 0
    outer loop
      vertex 4.157348061512726 0 4.67785116509801
      vertex -4.624198399821383 0 1.3322676295501878e-15
      vertex 3.865052266813685 0 5.071966420818228
    endloop
  endfacet
  facet normal 0 1 0
    outer loop
      vertex 4.784701678661044 0 3.3514233862723115
      vertex -4.624198399821383 0 1.3322676295501878e-15
      vertex 4.619397662556434 0 3.813417161825449
    endloop
  endfacet
  facet normal 0 1 0
    outer loop
      vertex 4.619397662556434 0 3.813417161825449
      vertex -4.624198399821383 0 1.3322676295501878e-15
      vertex 4.409606321741776 0 4.256983684129988
    endloop
  endfacet
  facet normal 0 1 0
    outer loop
      vertex 4.409606321741776 0 4.256983684129988
      vertex -4.624198399821383 0 1.3322676295501878e-15
      vertex 4.157348061512726 0 4.67785116509801
    endloop
  endfacet
  facet normal 0 -1 0
    outer loop
      vertex 1.7677669529663689 -2.5 0.13223304703363103
      vertex 1.6218702683915907 -2.5 1.3322676295501878e-15
      vertex 4.624198399821383 -2.5 1.3322676295501878e-15
    endloop
  endfacet
  facet normal 0 -1 0
    outer loop
      vertex 1.7677669529663689 -2.5 0.13223304703363103
      vertex 4.624198399821383 -2.5 1.3322676295501878e-15
      vertex 1.9325261334068424 -2.5 0.3140167895908861
    endloop
  endfacet
  facet normal 0 -1 0
    outer loop
      vertex 1.9325261334068424 -2.5 0.3140167895908861
      vertex 4.624198399821383 -2.5 1.3322676295501878e-15
      vertex 2.078674030756363 -2.5 0.5110744174509945
    endloop
  endfacet
  facet normal 0 -1 0
    outer loop
      vertex 2.078674030756363 -2.5 0.5110744174509945
      vertex 4.624198399821383 -2.5 1.3322676295501878e-15
      vertex 2.204803160870888 -2.5 0.7215081579350058
    endloop
  endfacet
  facet normal 0 -1 0
    outer loop
      vertex 2.204803160870888 -2.5 0.7215081579350058
      vertex 4.624198399821383 -2.5 1.3322676295501878e-15
      vertex 2.309698831278217 -2.5 0.9432914190872754
    endloop
  endfacet
  facet normal 0 -1 0
    outer loop
      vertex 2.309698831278217 -2.5 0.9432914190872754
      vertex 4.624198399821383 -2.5 1.3322676295501878e-15
      vertex 2.392350839330522 -2.5 1.1742883068638441
    endloop
  endfacet
  facet normal 0 -1 0
    outer loop
      vertex 2.392350839330522 -2.5 1.1742883068638441
      vertex 4.624198399821383 -2.5 1.3322676295501878e-15
      vertex 2.451963201008076 -2.5 1.4122741949596793
    endloop
  endfacet
  facet normal 0 -1 0
    outer loop
      vertex 2.451963201008076 -2.5 1.4122741949596793
      vertex 4.624198399821383 -2.5 1.3322676295501878e-15
      vertex 2.4879618166804924 -2.5 1.6549571491760984
    endloop
  endfacet
  facet normal 0 -1 0
    outer loop
      vertex 2.4879618166804924 -2.5 1.6549571491760984
      vertex 4.624198399821383 -2.5 1.3322676295501878e-15
      vertex 2.5 -2.5 1.9
    endloop
  endfacet
  facet normal 0 -1 0
    outer loop
      vertex 2.4879618166804924 -2.5 2.1450428508239012
      vertex 2.5 -2.5 1.9
      vertex 4.624198399821383 -2.5 1.3322676295501878e-15
    endloop
  endfacet
  facet normal 0.9415440651830214 0 -0.3368898533922187
    outer loop
      vertex 4.784701678661044 0 0.4485766137276883
      vertex 4.784701678661044 -2.5 0.4485766137276883
      vertex 4.624198399821383 0 1.3322676295501878e-15
    endloop
  endfacet
  facet normal 0.9415440651830214 -5.783229453458677e-20 -0.3368898533922187
    outer loop
      vertex 4.784701678661044 -2.5 0.4485766137276883
      vertex 4.624198399821383 -2.5 1.3322676295501878e-15
      vertex 4.624198399821383 0 1.3322676295501878e-15
    endloop
  endfacet
  facet normal 0.9700312531945439 0 -0.2429801799032646
    outer loop
      vertex 4.784701678661044 0 0.4485766137276883
      vertex 4.903926402016152 0 0.9245483899193587
      vertex 4.784701678661044 -2.5 0.4485766137276883
    endloop
  endfacet
  facet normal 0.9700312531945439 4.607945725152666e-19 -0.2429801799032646
    outer loop
      vertex 4.784701678661044 -2.5 0.4485766137276883
      vertex 4.903926402016152 0 0.9245483899193587
      vertex 4.903926402016152 -2.5 0.9245483899193587
    endloop
  endfacet
  facet normal 0.9891765099647808 0 -0.14673047445536286
    outer loop
      vertex 4.903926402016152 0 0.9245483899193587
      vertex 4.975923633360985 0 1.4099142983521968
      vertex 4.903926402016152 -2.5 0.9245483899193587
    endloop
  endfacet
  facet normal 0.9891765099647808 0 -0.14673047445536286
    outer loop
      vertex 4.975923633360985 0 1.4099142983521968
      vertex 4.975923633360985 -2.5 1.4099142983521968
      vertex 4.903926402016152 -2.5 0.9245483899193587
    endloop
  endfacet
  facet normal 0 1 0
    outer loop
      vertex 4.784701678661044 0 0.4485766137276883
      vertex 4.903926402016152 0 2.875451610080641
      vertex 4.903926402016152 0 0.9245483899193587
    endloop
  endfacet
  facet normal 0 1 0
    outer loop
      vertex 4.903926402016152 0 0.9245483899193587
      vertex 4.975923633360985 0 2.390085701647803
      vertex 4.975923633360985 0 1.4099142983521968
    endloop
  endfacet
  facet normal 0.9987954562051724 0 -0.04906767432741713
    outer loop
      vertex 4.975923633360985 0 1.4099142983521968
      vertex 5 0 1.9
      vertex 4.975923633360985 -2.5 1.4099142983521968
    endloop
  endfacet
  facet normal 0 -1 0
    outer loop
      vertex 4.784701678661044 -2.5 0.4485766137276883
      vertex 4.619397662556434 -2.5 3.813417161825449
      vertex 4.624198399821383 -2.5 1.3322676295501878e-15
    endloop
  endfacet
  facet normal 0 -1 0
    outer loop
      vertex 4.784701678661044 -2.5 0.4485766137276883
      vertex 4.903926402016152 -2.5 0.9245483899193587
      vertex 4.784701678661044 -2.5 3.3514233862723115
    endloop
  endfacet
  facet normal 0 -1 0
    outer loop
      vertex 2.4879618166804924 -2.5 2.1450428508239012
      vertex 4.624198399821383 -2.5 1.3322676295501878e-15
      vertex 2.3569836841299883 -2.5 6.309606321741775
    endloop
  endfacet
  facet normal 0 1 0
    outer loop
      vertex 4.975923633360985 0 1.4099142983521968
      vertex 4.975923633360985 0 2.390085701647803
      vertex 5 0 1.9
    endloop
  endfacet
  facet normal 0 1 0
    outer loop
      vertex 4.903926402016152 0 0.9245483899193587
      vertex 4.903926402016152 0 2.875451610080641
      vertex 4.975923633360985 0 2.390085701647803
    endloop
  endfacet
  facet normal 0.9987954562051724 0 0.04906767432741713
    outer loop
      vertex 5 0 1.9
      vertex 4.975923633360985 0 2.390085701647803
      vertex 5 -2.5 1.9
    endloop
  endfacet
  facet normal 0.9987954562051724 2.289454588148253e-19 -0.04906767432741713
    outer loop
      vertex 4.975923633360985 -2.5 1.4099142983521968
      vertex 5 0 1.9
      vertex 5 -2.5 1.9
    endloop
  endfacet
  facet normal 0 1 0
    outer loop
      vertex 4.784701678661044 0 0.4485766137276883
      vertex 4.784701678661044 0 3.3514233862723115
      vertex 4.903926402016152 0 2.875451610080641
    endloop
  endfacet
  facet normal 0.9891765099647808 0 0.14673047445536286
    outer loop
      vertex 4.975923633360985 0 2.390085701647803
      vertex 4.903926402016152 0 2.875451610080641
      vertex 4.975923633360985 -2.5 2.390085701647803
    endloop
  endfacet
  facet normal 0.9987954562051724 0 0.04906767432741713
    outer loop
      vertex 4.975923633360985 0 2.390085701647803
      vertex 4.975923633360985 -2.5 2.390085701647803
      vertex 5 -2.5 1.9
    endloop
  endfacet
  facet normal 0 -1 0
    outer loop
      vertex 4.903926402016152 -2.5 0.9245483899193587
      vertex 4.975923633360985 -2.5 1.4099142983521968
      vertex 4.903926402016152 -2.5 2.875451610080641
    endloop
  endfacet
  facet normal 0 -1 0
    outer loop
      vertex 4.975923633360985 -2.5 1.4099142983521968
      vertex 5 -2.5 1.9
      vertex 4.975923633360985 -2.5 2.390085701647803
    endloop
  endfacet
  facet normal 0 -1 0
    outer loop
      vertex 4.975923633360985 -2.5 1.4099142983521968
      vertex 4.975923633360985 -2.5 2.390085701647803
      vertex 4.903926402016152 -2.5 2.875451610080641
    endloop
  endfacet
  facet normal 0 -1 0
    outer loop
      vertex 4.784701678661044 -2.5 0.4485766137276883
      vertex 4.784701678661044 -2.5 3.3514233862723115
      vertex 4.619397662556434 -2.5 3.813417161825449
    endloop
  endfacet
  facet normal 0 -1 0
    outer loop
      vertex 4.903926402016152 -2.5 0.9245483899193587
      vertex 4.903926402016152 -2.5 2.875451610080641
      vertex 4.784701678661044 -2.5 3.3514233862723115
    endloop
  endfacet
  facet normal 0.9891765099647808 0 0.14673047445536286
    outer loop
      vertex 4.903926402016152 0 2.875451610080641
      vertex 4.903926402016152 -2.5 2.875451610080641
      vertex 4.975923633360985 -2.5 2.390085701647803
    endloop
  endfacet
  facet normal 0.9700312531945439 0 0.2429801799032646
    outer loop
      vertex 4.903926402016152 0 2.875451610080641
      vertex 4.784701678661044 0 3.3514233862723115
      vertex 4.903926402016152 -2.5 2.875451610080641
    endloop
  endfacet
  facet normal 0.9700312531945439 -4.607945725152666e-19 0.2429801799032646
    outer loop
      vertex 4.903926402016152 -2.5 2.875451610080641
      vertex 4.784701678661044 0 3.3514233862723115
      vertex 4.784701678661044 -2.5 3.3514233862723115
    endloop
  endfacet
  facet normal 0 -1 0
    outer loop
      vertex 4.157348061512726 -2.5 4.67785116509801
      vertex 3.865052266813685 -2.5 5.071966420818228
      vertex 4.624198399821383 -2.5 1.3322676295501878e-15
    endloop
  endfacet
  facet normal 0 -1 0
    outer loop
      vertex 4.619397662556434 -2.5 3.813417161825449
      vertex 4.409606321741776 -2.5 4.256983684129988
      vertex 4.624198399821383 -2.5 1.3322676295501878e-15
    endloop
  endfacet
  facet normal 0 -1 0
    outer loop
      vertex 4.409606321741776 -2.5 4.256983684129988
      vertex 4.157348061512726 -2.5 4.67785116509801
      vertex 4.624198399821383 -2.5 1.3322676295501878e-15
    endloop
  endfacet
  facet normal 0 1 0
    outer loop
      vertex 2.3569836841299883 0 6.309606321741775
      vertex 2.777851165098011 0 6.057348061512727
      vertex -4.624198399821383 0 1.3322676295501878e-15
    endloop
  endfacet
  facet normal 0 1 0
    outer loop
      vertex 2.777851165098011 0 6.057348061512727
      vertex 3.1719664208182277 0 5.765052266813685
      vertex -4.624198399821383 0 1.3322676295501878e-15
    endloop
  endfacet
  facet normal 0 1 0
    outer loop
      vertex 3.5355339059327378 0 5.435533905932738
      vertex 3.865052266813685 0 5.071966420818228
      vertex -4.624198399821383 0 1.3322676295501878e-15
    endloop
  endfacet
  facet normal 0 1 0
    outer loop
      vertex 3.5355339059327378 0 5.435533905932738
      vertex -4.624198399821383 0 1.3322676295501878e-15
      vertex 3.1719664208182277 0 5.765052266813685
    endloop
  endfacet
  facet normal 0 -1 0
    outer loop
      vertex 0.4877258050403206 -2.5 4.3519632010080755
      vertex 0.7257116931361558 -2.5 4.292350839330522
      vertex 0.490085701647803 -2.5 6.875923633360985
    endloop
  endfacet
  facet normal 0 -1 0
    outer loop
      vertex 0.7257116931361558 -2.5 4.292350839330522
      vertex 0.9567085809127245 -2.5 4.209698831278217
      vertex 0.9754516100806412 -2.5 6.8039264020161525
    endloop
  endfacet
  facet normal 0 -1 0
    outer loop
      vertex 0.9567085809127245 -2.5 4.209698831278217
      vertex 1.1784918420649941 -2.5 4.104803160870888
      vertex 0.9754516100806412 -2.5 6.8039264020161525
    endloop
  endfacet
  facet normal 0 -1 0
    outer loop
      vertex 2.4879618166804924 -2.5 2.1450428508239012
      vertex 2.3569836841299883 -2.5 6.309606321741775
      vertex 2.451963201008076 -2.5 2.3877258050403203
    endloop
  endfacet
  facet normal 0 -1 0
    outer loop
      vertex 2.451963201008076 -2.5 2.3877258050403203
      vertex 2.3569836841299883 -2.5 6.309606321741775
      vertex 2.392350839330522 -2.5 2.6257116931361555
    endloop
  endfacet
  facet normal 0 -1 0
    outer loop
      vertex 2.309698831278217 -2.5 2.8567085809127244
      vertex 2.3569836841299883 -2.5 6.309606321741775
      vertex 2.204803160870888 -2.5 3.0784918420649943
    endloop
  endfacet
  facet normal 0 -1 0
    outer loop
      vertex 2.392350839330522 -2.5 2.6257116931361555
      vertex 2.3569836841299883 -2.5 6.309606321741775
      vertex 2.309698831278217 -2.5 2.8567085809127244
    endloop
  endfacet
  facet normal 0 -1 0
    outer loop
      vertex 2.204803160870888 -2.5 3.0784918420649943
      vertex 2.3569836841299883 -2.5 6.309606321741775
      vertex 2.078674030756363 -2.5 3.2889255825490054
    endloop
  endfacet
  facet normal 0 -1 0
    outer loop
      vertex 1.7677669529663689 -2.5 3.667766952966369
      vertex 1.4514233862723116 -2.5 6.684701678661044
      vertex 1.5859832104091138 -2.5 3.8325261334068426
    endloop
  endfacet
  facet normal 0 -1 0
    outer loop
      vertex 1.7677669529663689 -2.5 3.667766952966369
      vertex 1.9325261334068424 -2.5 3.4859832104091137
      vertex 1.913417161825449 -2.5 6.519397662556434
    endloop
  endfacet
  facet normal 0 -1 0
    outer loop
      vertex 1.1784918420649941 -2.5 4.104803160870888
      vertex 1.3889255825490054 -2.5 3.978674030756363
      vertex 1.4514233862723116 -2.5 6.684701678661044
    endloop
  endfacet
  facet normal 0 -1 0
    outer loop
      vertex 1.3889255825490054 -2.5 3.978674030756363
      vertex 1.5859832104091138 -2.5 3.8325261334068426
      vertex 1.4514233862723116 -2.5 6.684701678661044
    endloop
  endfacet
  facet normal 0 -1 0
    outer loop
      vertex 2.078674030756363 -2.5 3.2889255825490054
      vertex 1.913417161825449 -2.5 6.519397662556434
      vertex 1.9325261334068424 -2.5 3.4859832104091137
    endloop
  endfacet
  facet normal 0 -1 0
    outer loop
      vertex 0.2450428508239015 -2.5 4.387961816680493
      vertex 0 -2.5 6.9
      vertex 0 -2.5 4.4
    endloop
  endfacet
  facet normal 0 -1 0
    outer loop
      vertex 0.2450428508239015 -2.5 4.387961816680493
      vertex 0.4877258050403206 -2.5 4.3519632010080755
      vertex 0.490085701647803 -2.5 6.875923633360985
    endloop
  endfacet
  facet normal 0 -1 0
    outer loop
      vertex 0.7257116931361558 -2.5 4.292350839330522
      vertex 0.9754516100806412 -2.5 6.8039264020161525
      vertex 0.490085701647803 -2.5 6.875923633360985
    endloop
  endfacet
  facet normal 0 -1 0
    outer loop
      vertex 1.1784918420649941 -2.5 4.104803160870888
      vertex 1.4514233862723116 -2.5 6.684701678661044
      vertex 0.9754516100806412 -2.5 6.8039264020161525
    endloop
  endfacet
  facet normal 0.049067674327417134 0 0.9987954562051724
    outer loop
      vertex 0 0 6.9
      vertex 0 -2.5 6.9
      vertex 0.490085701647803 0 6.875923633360985
    endloop
  endfacet
  facet normal 0.049067674327417134 0 0.9987954562051724
    outer loop
      vertex 0.490085701647803 0 6.875923633360985
      vertex 0 -2.5 6.9
      vertex 0.490085701647803 -2.5 6.875923633360985
    endloop
  endfacet
  facet normal 0.14673047445536283 0 0.9891765099647808
    outer loop
      vertex 0.490085701647803 0 6.875923633360985
      vertex 0.490085701647803 -2.5 6.875923633360985
      vertex 0.9754516100806412 0 6.8039264020161525
    endloop
  endfacet
  facet normal 0.2429801799032646 0 0.9700312531945439
    outer loop
      vertex 0.9754516100806412 0 6.8039264020161525
      vertex 0.9754516100806412 -2.5 6.8039264020161525
      vertex 1.4514233862723116 0 6.684701678661044
    endloop
  endfacet
  facet normal 0.14673047445536283 0 0.9891765099647808
    outer loop
      vertex 0.9754516100806412 0 6.8039264020161525
      vertex 0.490085701647803 -2.5 6.875923633360985
      vertex 0.9754516100806412 -2.5 6.8039264020161525
    endloop
  endfacet
  facet normal 0 -1 0
    outer loop
      vertex 0.2450428508239015 -2.5 4.387961816680493
      vertex 0.490085701647803 -2.5 6.875923633360985
      vertex 0 -2.5 6.9
    endloop
  endfacet
  facet normal 0 -1 0
    outer loop
      vertex 1.7677669529663689 -2.5 3.667766952966369
      vertex 1.913417161825449 -2.5 6.519397662556434
      vertex 1.4514233862723116 -2.5 6.684701678661044
    endloop
  endfacet
  facet normal 0 -1 0
    outer loop
      vertex 2.078674030756363 -2.5 3.2889255825490054
      vertex 2.3569836841299883 -2.5 6.309606321741775
      vertex 1.913417161825449 -2.5 6.519397662556434
    endloop
  endfacet
  facet normal 0.33688985339221883 0 0.9415440651830213
    outer loop
      vertex 1.4514233862723116 0 6.684701678661044
      vertex 1.4514233862723116 -2.5 6.684701678661044
      vertex 1.913417161825449 0 6.519397662556434
    endloop
  endfacet
  facet normal 0.2429801799032646 -4.607945725152666e-19 0.9700312531945439
    outer loop
      vertex 0.9754516100806412 -2.5 6.8039264020161525
      vertex 1.4514233862723116 -2.5 6.684701678661044
      vertex 1.4514233862723116 0 6.684701678661044
    endloop
  endfacet
  facet normal 0.33688985339221883 0 0.9415440651830213
    outer loop
      vertex 1.913417161825449 0 6.519397662556434
      vertex 1.4514233862723116 -2.5 6.684701678661044
      vertex 1.913417161825449 -2.5 6.519397662556434
    endloop
  endfacet
  facet normal 0.4275550934302832 0 0.9039892931234429
    outer loop
      vertex 1.913417161825449 0 6.519397662556434
      vertex 1.913417161825449 -2.5 6.519397662556434
      vertex 2.3569836841299883 0 6.309606321741775
    endloop
  endfacet
  facet normal 0.5141027441932211 0 0.8577286100002725
    outer loop
      vertex 2.3569836841299883 0 6.309606321741775
      vertex 2.3569836841299883 -2.5 6.309606321741775
      vertex 2.777851165098011 0 6.057348061512727
    endloop
  endfacet
  facet normal 0.4275550934302832 0 0.9039892931234429
    outer loop
      vertex 2.3569836841299883 0 6.309606321741775
      vertex 1.913417161825449 -2.5 6.519397662556434
      vertex 2.3569836841299883 -2.5 6.309606321741775
    endloop
  endfacet
  facet normal 0 -1 0
    outer loop
      vertex 2.3569836841299883 -2.5 6.309606321741775
      vertex 4.624198399821383 -2.5 1.3322676295501878e-15
      vertex 2.777851165098011 -2.5 6.057348061512727
    endloop
  endfacet
  facet normal 0 -1 0
    outer loop
      vertex 2.777851165098011 -2.5 6.057348061512727
      vertex 4.624198399821383 -2.5 1.3322676295501878e-15
      vertex 3.1719664208182277 -2.5 5.765052266813685
    endloop
  endfacet
  facet normal 0.9415440651830213 0 0.33688985339221883
    outer loop
      vertex 4.784701678661044 0 3.3514233862723115
      vertex 4.619397662556434 0 3.813417161825449
      vertex 4.784701678661044 -2.5 3.3514233862723115
    endloop
  endfacet
  facet normal 0.9415440651830213 0 0.33688985339221883
    outer loop
      vertex 4.619397662556434 0 3.813417161825449
      vertex 4.619397662556434 -2.5 3.813417161825449
      vertex 4.784701678661044 -2.5 3.3514233862723115
    endloop
  endfacet
  facet normal 0.9039892931234436 0 0.4275550934302817
    outer loop
      vertex 4.619397662556434 0 3.813417161825449
      vertex 4.409606321741776 0 4.256983684129988
      vertex 4.619397662556434 -2.5 3.813417161825449
    endloop
  endfacet
  facet normal 0.9039892931234436 0 0.4275550934302817
    outer loop
      vertex 4.409606321741776 0 4.256983684129988
      vertex 4.409606321741776 -2.5 4.256983684129988
      vertex 4.619397662556434 -2.5 3.813417161825449
    endloop
  endfacet
  facet normal 0 -1 0
    outer loop
      vertex 3.5355339059327378 -2.5 5.435533905932738
      vertex 4.624198399821383 -2.5 1.3322676295501878e-15
      vertex 3.865052266813685 -2.5 5.071966420818228
    endloop
  endfacet
  facet normal 0 -1 0
    outer loop
      vertex 3.5355339059327378 -2.5 5.435533905932738
      vertex 3.1719664208182277 -2.5 5.765052266813685
      vertex 4.624198399821383 -2.5 1.3322676295501878e-15
    endloop
  endfacet
  facet normal 0.8577286100002713 0 0.5141027441932228
    outer loop
      vertex 4.409606321741776 0 4.256983684129988
      vertex 4.157348061512726 0 4.67785116509801
      vertex 4.409606321741776 -2.5 4.256983684129988
    endloop
  endfacet
  facet normal 0.8577286100002713 -3.1638557472861893e-18 0.5141027441932228
    outer loop
      vertex 4.409606321741776 -2.5 4.256983684129988
      vertex 4.157348061512726 0 4.67785116509801
      vertex 4.157348061512726 -2.5 4.67785116509801
    endloop
  endfacet
  facet normal 0.8032075314806457 0 0.5956993044924321
    outer loop
      vertex 4.157348061512726 0 4.67785116509801
      vertex 3.865052266813685 0 5.071966420818228
      vertex 4.157348061512726 -2.5 4.67785116509801
    endloop
  endfacet
  facet normal 0.8032075314806457 0 0.5956993044924321
    outer loop
      vertex 3.865052266813685 0 5.071966420818228
      vertex 3.865052266813685 -2.5 5.071966420818228
      vertex 4.157348061512726 -2.5 4.67785116509801
    endloop
  endfacet
  facet normal 0.5956993044924336 0 0.8032075314806446
    outer loop
      vertex 2.777851165098011 0 6.057348061512727
      vertex 2.777851165098011 -2.5 6.057348061512727
      vertex 3.1719664208182277 0 5.765052266813685
    endloop
  endfacet
  facet normal 0.5956993044924336 0 0.8032075314806446
    outer loop
      vertex 3.1719664208182277 0 5.765052266813685
      vertex 2.777851165098011 -2.5 6.057348061512727
      vertex 3.1719664208182277 -2.5 5.765052266813685
    endloop
  endfacet
  facet normal 0.6715589548470179 0 0.7409511253549597
    outer loop
      vertex 3.5355339059327378 0 5.435533905932738
      vertex 3.1719664208182277 -2.5 5.765052266813685
      vertex 3.5355339059327378 -2.5 5.435533905932738
    endloop
  endfacet
  facet normal 0.7409511253549591 0 0.6715589548470183
    outer loop
      vertex 3.5355339059327378 0 5.435533905932738
      vertex 3.5355339059327378 -2.5 5.435533905932738
      vertex 3.865052266813685 -2.5 5.071966420818228
    endloop
  endfacet
  facet normal 0.6715589548470179 -1.4048174895777973e-18 0.7409511253549597
    outer loop
      vertex 3.5355339059327378 0 5.435533905932738
      vertex 3.1719664208182277 0 5.765052266813685
      vertex 3.1719664208182277 -2.5 5.765052266813685
    endloop
  endfacet
  facet normal 0.5141027441932211 -4.710882940570857e-18 0.8577286100002725
    outer loop
      vertex 2.3569836841299883 -2.5 6.309606321741775
      vertex 2.777851165098011 -2.5 6.057348061512727
      vertex 2.777851165098011 0 6.057348061512727
    endloop
  endfacet
  facet normal 0.7409511253549591 2.7340022704281004e-18 0.6715589548470183
    outer loop
      vertex 3.5355339059327378 0 5.435533905932738
      vertex 3.865052266813685 -2.5 5.071966420818228
      vertex 3.865052266813685 0 5.071966420818228
    endloop
  endfacet
  facet normal 0 0 -1
    outer loop
      vertex -4.624198399821383 -2.5 1.3322676295501878e-15
      vertex -4.624198399821383 0 1.3322676295501878e-15
      vertex -1.6218702683915907 -2.5 1.3322676295501878e-15
    endloop
  endfacet
  facet normal 0 0 -1
    outer loop
      vertex -1.6218702683915907 -2.5 1.3322676295501878e-15
      vertex -4.624198399821383 0 1.3322676295501878e-15
      vertex 1.6218702683915907 -2.5 1.3322676295501878e-15
    endloop
  endfacet
  facet normal 0 0 -1
    outer loop
      vertex -1.6218702683915907 -2.5 1.3322676295501878e-15
      vertex 1.6218702683915907 -2.5 1.3322676295501878e-15
      vertex -1.6218702683915907 -13 1.3322676295501878e-15
    endloop
  endfacet
  facet normal 0 0 -1
    outer loop
      vertex -1.6218702683915907 -13 1.3322676295501878e-15
      vertex -1.269539412046667 -13.21488942964683 1.3322676295501878e-15
      vertex -1.5592897025744534 -13.04207722323204 1.3322676295501878e-15
    endloop
  endfacet
  facet normal 0 0 -1
    outer loop
      vertex -1.6218702683915907 -13 1.3322676295501878e-15
      vertex -1.0155711583065032 -13.345612667697843 1.3322676295501878e-15
      vertex -1.269539412046667 -13.21488942964683 1.3322676295501878e-15
    endloop
  endfacet
  facet normal 0 0 -1
    outer loop
      vertex -1.6218702683915907 -13 1.3322676295501878e-15
      vertex -0.78700576850888 -13.443454819444453 1.3322676295501878e-15
      vertex -1.0155711583065032 -13.345612667697843 1.3322676295501878e-15
    endloop
  endfacet
  facet normal 0 0 -1
    outer loop
      vertex -1.6218702683915907 -13 1.3322676295501878e-15
      vertex -0.6193632324084272 -13.5 1.3322676295501878e-15
      vertex -0.78700576850888 -13.443454819444453 1.3322676295501878e-15
    endloop
  endfacet
  facet normal 0 0 -1
    outer loop
      vertex -1.6218702683915907 -13 1.3322676295501878e-15
      vertex 0.6193632324084272 -13.5 1.3322676295501878e-15
      vertex -0.6193632324084272 -13.5 1.3322676295501878e-15
    endloop
  endfacet
  facet normal 0 0 -1
    outer loop
      vertex -1.6218702683915907 -13 1.3322676295501878e-15
      vertex 0.78700576850888 -13.443454819444453 1.3322676295501878e-15
      vertex 0.6193632324084272 -13.5 1.3322676295501878e-15
    endloop
  endfacet
  facet normal 0 0 -1
    outer loop
      vertex 4.624198399821383 -2.5 1.3322676295501878e-15
      vertex 1.6218702683915907 -2.5 1.3322676295501878e-15
      vertex -4.624198399821383 0 1.3322676295501878e-15
    endloop
  endfacet
  facet normal 0 0 -1
    outer loop
      vertex 4.624198399821383 0 1.3322676295501878e-15
      vertex 4.624198399821383 -2.5 1.3322676295501878e-15
      vertex -4.624198399821383 0 1.3322676295501878e-15
    endloop
  endfacet
  facet normal 0 0 -1
    outer loop
      vertex -1.6218702683915907 -13 1.3322676295501878e-15
      vertex 1.6218702683915907 -2.5 1.3322676295501878e-15
      vertex 1.6218702683915907 -13 1.3322676295501878e-15
    endloop
  endfacet
  facet normal 0 0 -1
    outer loop
      vertex -1.6218702683915907 -13 1.3322676295501878e-15
      vertex 1.0155711583065032 -13.345612667697843 1.3322676295501878e-15
      vertex 0.78700576850888 -13.443454819444453 1.3322676295501878e-15
    endloop
  endfacet
  facet normal 0 0 -1
    outer loop
      vertex -1.6218702683915907 -13 1.3322676295501878e-15
      vertex 1.269539412046667 -13.21488942964683 1.3322676295501878e-15
      vertex 1.0155711583065032 -13.345612667697843 1.3322676295501878e-15
    endloop
  endfacet
  facet normal 0 0 -1
    outer loop
      vertex -1.6218702683915907 -13 1.3322676295501878e-15
      vertex 1.6218702683915907 -13 1.3322676295501878e-15
      vertex 1.5592897025744534 -13.04207722323204 1.3322676295501878e-15
    endloop
  endfacet
  facet normal 0 0 -1
    outer loop
      vertex -1.6218702683915907 -13 1.3322676295501878e-15
      vertex 1.5592897025744534 -13.04207722323204 1.3322676295501878e-15
      vertex 1.269539412046667 -13.21488942964683 1.3322676295501878e-15
    endloop
  endfacet
endsolid OpenSCAD_Model
