solid OpenSCAD_Model
  facet normal 0.14673047445536316 0.9891765099647808 0
    outer loop
      vertex -0.7928470686735453 -3.9859113795587287 0.79
      vertex -0.7928470686735453 -3.9859113795587287 1.7018
      vertex -0.3983416582993343 -4.044430729195809 0.79
    endloop
  endfacet
  facet normal 0.24298017990326454 0.9700312531945439 0
    outer loop
      vertex -1.179716928362135 -3.8890055244156967 0.79
      vertex -1.179716928362135 -3.8890055244156967 1.7018
      vertex -0.7928470686735453 -3.9859113795587287 0.79
    endloop
  endfacet
  facet normal 0.049067674327416475 0.9987954562051724 0
    outer loop
      vertex -0.3983416582993343 -4.044430729195809 0.79
      vertex -0.3983416582993343 -4.044430729195809 1.7018
      vertex 0 -4.064 0.79
    endloop
  endfacet
  facet normal -0.049067674327416475 0.9987954562051724 0
    outer loop
      vertex 0 -4.064 0.79
      vertex 0 -4.064 1.7018
      vertex 0.3983416582993343 -4.044430729195809 0.79
    endloop
  endfacet
  facet normal -0.14673047445536316 0.9891765099647808 0
    outer loop
      vertex 0.3983416582993343 -4.044430729195809 0.79
      vertex 0.3983416582993343 -4.044430729195809 1.7018
      vertex 0.7928470686735453 -3.9859113795587287 0.79
    endloop
  endfacet
  facet normal -0.24298017990326454 0.9700312531945439 0
    outer loop
      vertex 0.7928470686735453 -3.9859113795587287 0.79
      vertex 0.7928470686735453 -3.9859113795587287 1.7018
      vertex 1.179716928362135 -3.8890055244156967 0.79
    endloop
  endfacet
  facet normal -0.33688985339221966 0.9415440651830209 0
    outer loop
      vertex 1.179716928362135 -3.8890055244156967 0.79
      vertex 1.179716928362135 -3.8890055244156967 1.7018
      vertex 1.5552254691317249 -3.7546464201258694 0.79
    endloop
  endfacet
  facet normal 0.5956993044924322 0.8032075314806458 -2.3197362900151698e-18
    outer loop
      vertex -2.2578374269916632 -3.3790925043975437 0.79
      vertex -2.5781743068410554 -3.1415144824661634 0.79
      vertex -2.5781743068410554 -3.1415144824661634 1.7018
    endloop
  endfacet
  facet normal 0.33688985339221966 0.9415440651830209 7.696221166611341e-18
    outer loop
      vertex -1.179716928362135 -3.8890055244156967 0.79
      vertex -1.5552254691317249 -3.7546464201258694 0.79
      vertex -1.5552254691317249 -3.7546464201258694 1.7018
    endloop
  endfacet
  facet normal 0.4275550934302817 0.9039892931234434 -2.7382076560045552e-18
    outer loop
      vertex -1.5552254691317249 -3.7546464201258694 0.79
      vertex -1.9157563384608545 -3.584128018311715 0.79
      vertex -1.9157563384608545 -3.584128018311715 1.7018
    endloop
  endfacet
  facet normal 0.5141027441932225 0.8577286100002716 0
    outer loop
      vertex -2.2578374269916632 -3.3790925043975437 0.79
      vertex -2.2578374269916632 -3.3790925043975437 1.7018
      vertex -1.9157563384608545 -3.584128018311715 0.79
    endloop
  endfacet
  facet normal 0.6715589548470189 0.7409511253549587 -1.8911145864014333e-17
    outer loop
      vertex -2.5781743068410554 -3.1415144824661634 0.79
      vertex -2.873681958742129 -2.873681958742129 0.79
      vertex -2.873681958742129 -2.873681958742129 1.7018
    endloop
  endfacet
  facet normal 0.7409511253549587 0.6715589548470189 -1.8911145864014333e-17
    outer loop
      vertex -2.873681958742129 -2.873681958742129 0.79
      vertex -3.1415144824661634 -2.5781743068410554 0.79
      vertex -3.1415144824661634 -2.5781743068410554 1.7018
    endloop
  endfacet
  facet normal -0.4275550934302817 0.9039892931234434 0
    outer loop
      vertex 1.5552254691317249 -3.7546464201258694 0.79
      vertex 1.5552254691317249 -3.7546464201258694 1.7018
      vertex 1.9157563384608545 -3.584128018311715 0.79
    endloop
  endfacet
  facet normal -0.5141027441932225 0.8577286100002716 0
    outer loop
      vertex 1.9157563384608545 -3.584128018311715 0.79
      vertex 1.9157563384608545 -3.584128018311715 1.7018
      vertex 2.2578374269916632 -3.3790925043975437 0.79
    endloop
  endfacet
  facet normal -0.5956993044924322 0.8032075314806458 0
    outer loop
      vertex 2.2578374269916632 -3.3790925043975437 0.79
      vertex 2.2578374269916632 -3.3790925043975437 1.7018
      vertex 2.5781743068410554 -3.1415144824661634 0.79
    endloop
  endfacet
  facet normal 0.9415440651830209 0.33688985339221966 7.696221166611341e-18
    outer loop
      vertex -3.7546464201258694 -1.5552254691317249 0.79
      vertex -3.8890055244156967 -1.179716928362135 0.79
      vertex -3.8890055244156967 -1.179716928362135 1.7018
    endloop
  endfacet
  facet normal 0.9700312531945439 0.24298017990326454 -5.529036471897642e-18
    outer loop
      vertex -3.8890055244156967 -1.179716928362135 0.79
      vertex -3.9859113795587287 -0.7928470686735453 0.79
      vertex -3.9859113795587287 -0.7928470686735453 1.7018
    endloop
  endfacet
  facet normal 0.9891765099647808 0.14673047445536316 2.7173008855842534e-18
    outer loop
      vertex -3.9859113795587287 -0.7928470686735453 0.79
      vertex -4.044430729195809 -0.3983416582993343 0.79
      vertex -4.044430729195809 -0.3983416582993343 1.7018
    endloop
  endfacet
  facet normal 0.9987954562051724 0.049067674327416475 2.2768266872956208e-19
    outer loop
      vertex -4.044430729195809 -0.3983416582993343 0.79
      vertex -4.064 0 0.79
      vertex -4.064 0 1.7018
    endloop
  endfacet
  facet normal 0.8032075314806458 0.5956993044924322 -2.3197362900151698e-18
    outer loop
      vertex -3.1415144824661634 -2.5781743068410554 0.79
      vertex -3.3790925043975437 -2.2578374269916632 0.79
      vertex -3.3790925043975437 -2.2578374269916632 1.7018
    endloop
  endfacet
  facet normal 0.8577286100002716 0.5141027441932225 -7.828182242915436e-19
    outer loop
      vertex -3.3790925043975437 -2.2578374269916632 0.79
      vertex -3.584128018311715 -1.9157563384608545 0.79
      vertex -3.584128018311715 -1.9157563384608545 1.7018
    endloop
  endfacet
  facet normal 0.9039892931234434 0.4275550934302817 -2.7382076560045552e-18
    outer loop
      vertex -3.584128018311715 -1.9157563384608545 0.79
      vertex -3.7546464201258694 -1.5552254691317249 0.79
      vertex -3.7546464201258694 -1.5552254691317249 1.7018
    endloop
  endfacet
  facet normal -0.6715589548470189 0.7409511253549587 0
    outer loop
      vertex 2.5781743068410554 -3.1415144824661634 0.79
      vertex 2.5781743068410554 -3.1415144824661634 1.7018
      vertex 2.873681958742129 -2.873681958742129 0.79
    endloop
  endfacet
  facet normal -0.7409511253549587 0.6715589548470189 0
    outer loop
      vertex 2.873681958742129 -2.873681958742129 0.79
      vertex 2.873681958742129 -2.873681958742129 1.7018
      vertex 3.1415144824661634 -2.5781743068410554 0.79
    endloop
  endfacet
  facet normal -0.8032075314806458 0.5956993044924322 0
    outer loop
      vertex 3.1415144824661634 -2.5781743068410554 0.79
      vertex 3.1415144824661634 -2.5781743068410554 1.7018
      vertex 3.3790925043975437 -2.2578374269916632 0.79
    endloop
  endfacet
  facet normal -0.8577286100002716 0.5141027441932225 0
    outer loop
      vertex 3.3790925043975437 -2.2578374269916632 0.79
      vertex 3.3790925043975437 -2.2578374269916632 1.7018
      vertex 3.584128018311715 -1.9157563384608545 0.79
    endloop
  endfacet
  facet normal -0.9039892931234434 0.4275550934302817 0
    outer loop
      vertex 3.584128018311715 -1.9157563384608545 0.79
      vertex 3.584128018311715 -1.9157563384608545 1.7018
      vertex 3.7546464201258694 -1.5552254691317249 0.79
    endloop
  endfacet
  facet normal -0.9415440651830209 0.33688985339221966 0
    outer loop
      vertex 3.7546464201258694 -1.5552254691317249 0.79
      vertex 3.7546464201258694 -1.5552254691317249 1.7018
      vertex 3.8890055244156967 -1.179716928362135 0.79
    endloop
  endfacet
  facet normal -0.9700312531945439 0.24298017990326454 0
    outer loop
      vertex 3.8890055244156967 -1.179716928362135 0.79
      vertex 3.8890055244156967 -1.179716928362135 1.7018
      vertex 3.9859113795587287 -0.7928470686735453 0.79
    endloop
  endfacet
  facet normal -0.9891765099647808 0.14673047445536316 0
    outer loop
      vertex 3.9859113795587287 -0.7928470686735453 0.79
      vertex 3.9859113795587287 -0.7928470686735453 1.7018
      vertex 4.044430729195809 -0.3983416582993343 0.79
    endloop
  endfacet
  facet normal -0.9987954562051724 0.049067674327416475 0
    outer loop
      vertex 4.044430729195809 -0.3983416582993343 0.79
      vertex 4.044430729195809 -0.3983416582993343 1.7018
      vertex 4.064 0 0.79
    endloop
  endfacet
  facet normal 0.33688985339221966 0.9415440651830209 0
    outer loop
      vertex -1.179716928362135 -3.8890055244156967 0.79
      vertex -1.5552254691317249 -3.7546464201258694 1.7018
      vertex -1.179716928362135 -3.8890055244156967 1.7018
    endloop
  endfacet
  facet normal 0.24298017990326454 0.9700312531945439 0
    outer loop
      vertex -0.7928470686735453 -3.9859113795587287 0.79
      vertex -1.179716928362135 -3.8890055244156967 1.7018
      vertex -0.7928470686735453 -3.9859113795587287 1.7018
    endloop
  endfacet
  facet normal 0.14673047445536316 0.9891765099647808 0
    outer loop
      vertex -0.3983416582993343 -4.044430729195809 0.79
      vertex -0.7928470686735453 -3.9859113795587287 1.7018
      vertex -0.3983416582993343 -4.044430729195809 1.7018
    endloop
  endfacet
  facet normal 0.049067674327416475 0.9987954562051724 0
    outer loop
      vertex 0 -4.064 0.79
      vertex -0.3983416582993343 -4.044430729195809 1.7018
      vertex 0 -4.064 1.7018
    endloop
  endfacet
  facet normal -0.049067674327416475 0.9987954562051724 0
    outer loop
      vertex 0.3983416582993343 -4.044430729195809 0.79
      vertex 0 -4.064 1.7018
      vertex 0.3983416582993343 -4.044430729195809 1.7018
    endloop
  endfacet
  facet normal -0.14673047445536316 0.9891765099647808 0
    outer loop
      vertex 0.7928470686735453 -3.9859113795587287 0.79
      vertex 0.3983416582993343 -4.044430729195809 1.7018
      vertex 0.7928470686735453 -3.9859113795587287 1.7018
    endloop
  endfacet
  facet normal -0.24298017990326454 0.9700312531945439 0
    outer loop
      vertex 1.179716928362135 -3.8890055244156967 0.79
      vertex 0.7928470686735453 -3.9859113795587287 1.7018
      vertex 1.179716928362135 -3.8890055244156967 1.7018
    endloop
  endfacet
  facet normal 0.5956993044924322 0.8032075314806458 0
    outer loop
      vertex -2.2578374269916632 -3.3790925043975437 0.79
      vertex -2.5781743068410554 -3.1415144824661634 1.7018
      vertex -2.2578374269916632 -3.3790925043975437 1.7018
    endloop
  endfacet
  facet normal 0.4275550934302817 0.9039892931234434 0
    outer loop
      vertex -1.5552254691317249 -3.7546464201258694 0.79
      vertex -1.9157563384608545 -3.584128018311715 1.7018
      vertex -1.5552254691317249 -3.7546464201258694 1.7018
    endloop
  endfacet
  facet normal 0.5141027441932225 0.8577286100002716 0
    outer loop
      vertex -1.9157563384608545 -3.584128018311715 0.79
      vertex -2.2578374269916632 -3.3790925043975437 1.7018
      vertex -1.9157563384608545 -3.584128018311715 1.7018
    endloop
  endfacet
  facet normal 0.6715589548470189 0.7409511253549587 0
    outer loop
      vertex -2.5781743068410554 -3.1415144824661634 0.79
      vertex -2.873681958742129 -2.873681958742129 1.7018
      vertex -2.5781743068410554 -3.1415144824661634 1.7018
    endloop
  endfacet
  facet normal 0.7409511253549587 0.6715589548470189 0
    outer loop
      vertex -2.873681958742129 -2.873681958742129 0.79
      vertex -3.1415144824661634 -2.5781743068410554 1.7018
      vertex -2.873681958742129 -2.873681958742129 1.7018
    endloop
  endfacet
  facet normal -0.33688985339221966 0.9415440651830209 0
    outer loop
      vertex 1.5552254691317249 -3.7546464201258694 0.79
      vertex 1.179716928362135 -3.8890055244156967 1.7018
      vertex 1.5552254691317249 -3.7546464201258694 1.7018
    endloop
  endfacet
  facet normal -0.4275550934302817 0.9039892931234434 0
    outer loop
      vertex 1.9157563384608545 -3.584128018311715 0.79
      vertex 1.5552254691317249 -3.7546464201258694 1.7018
      vertex 1.9157563384608545 -3.584128018311715 1.7018
    endloop
  endfacet
  facet normal -0.5141027441932225 0.8577286100002716 0
    outer loop
      vertex 2.2578374269916632 -3.3790925043975437 0.79
      vertex 1.9157563384608545 -3.584128018311715 1.7018
      vertex 2.2578374269916632 -3.3790925043975437 1.7018
    endloop
  endfacet
  facet normal -0.5956993044924322 0.8032075314806458 0
    outer loop
      vertex 2.5781743068410554 -3.1415144824661634 0.79
      vertex 2.2578374269916632 -3.3790925043975437 1.7018
      vertex 2.5781743068410554 -3.1415144824661634 1.7018
    endloop
  endfacet
  facet normal 0.9700312531945439 0.24298017990326454 0
    outer loop
      vertex -3.8890055244156967 -1.179716928362135 0.79
      vertex -3.9859113795587287 -0.7928470686735453 1.7018
      vertex -3.8890055244156967 -1.179716928362135 1.7018
    endloop
  endfacet
  facet normal 0.9891765099647808 0.14673047445536316 0
    outer loop
      vertex -3.9859113795587287 -0.7928470686735453 0.79
      vertex -4.044430729195809 -0.3983416582993343 1.7018
      vertex -3.9859113795587287 -0.7928470686735453 1.7018
    endloop
  endfacet
  facet normal 0.9987954562051724 0.049067674327416475 0
    outer loop
      vertex -4.044430729195809 -0.3983416582993343 0.79
      vertex -4.064 0 1.7018
      vertex -4.044430729195809 -0.3983416582993343 1.7018
    endloop
  endfacet
  facet normal 0.8032075314806458 0.5956993044924322 0
    outer loop
      vertex -3.1415144824661634 -2.5781743068410554 0.79
      vertex -3.3790925043975437 -2.2578374269916632 1.7018
      vertex -3.1415144824661634 -2.5781743068410554 1.7018
    endloop
  endfacet
  facet normal 0.8577286100002716 0.5141027441932225 0
    outer loop
      vertex -3.3790925043975437 -2.2578374269916632 0.79
      vertex -3.584128018311715 -1.9157563384608545 1.7018
      vertex -3.3790925043975437 -2.2578374269916632 1.7018
    endloop
  endfacet
  facet normal 0.9039892931234434 0.4275550934302817 0
    outer loop
      vertex -3.584128018311715 -1.9157563384608545 0.79
      vertex -3.7546464201258694 -1.5552254691317249 1.7018
      vertex -3.584128018311715 -1.9157563384608545 1.7018
    endloop
  endfacet
  facet normal 0.9415440651830209 0.33688985339221966 0
    outer loop
      vertex -3.7546464201258694 -1.5552254691317249 0.79
      vertex -3.8890055244156967 -1.179716928362135 1.7018
      vertex -3.7546464201258694 -1.5552254691317249 1.7018
    endloop
  endfacet
  facet normal -0.6715589548470189 0.7409511253549587 0
    outer loop
      vertex 2.873681958742129 -2.873681958742129 0.79
      vertex 2.5781743068410554 -3.1415144824661634 1.7018
      vertex 2.873681958742129 -2.873681958742129 1.7018
    endloop
  endfacet
  facet normal -0.7409511253549587 0.6715589548470189 0
    outer loop
      vertex 3.1415144824661634 -2.5781743068410554 0.79
      vertex 2.873681958742129 -2.873681958742129 1.7018
      vertex 3.1415144824661634 -2.5781743068410554 1.7018
    endloop
  endfacet
  facet normal -0.8032075314806458 0.5956993044924322 0
    outer loop
      vertex 3.3790925043975437 -2.2578374269916632 0.79
      vertex 3.1415144824661634 -2.5781743068410554 1.7018
      vertex 3.3790925043975437 -2.2578374269916632 1.7018
    endloop
  endfacet
  facet normal -0.8577286100002716 0.5141027441932225 0
    outer loop
      vertex 3.584128018311715 -1.9157563384608545 0.79
      vertex 3.3790925043975437 -2.2578374269916632 1.7018
      vertex 3.584128018311715 -1.9157563384608545 1.7018
    endloop
  endfacet
  facet normal -0.9039892931234434 0.4275550934302817 0
    outer loop
      vertex 3.7546464201258694 -1.5552254691317249 0.79
      vertex 3.584128018311715 -1.9157563384608545 1.7018
      vertex 3.7546464201258694 -1.5552254691317249 1.7018
    endloop
  endfacet
  facet normal -0.9415440651830209 0.33688985339221966 0
    outer loop
      vertex 3.8890055244156967 -1.179716928362135 0.79
      vertex 3.7546464201258694 -1.5552254691317249 1.7018
      vertex 3.8890055244156967 -1.179716928362135 1.7018
    endloop
  endfacet
  facet normal -0.9700312531945439 0.24298017990326454 0
    outer loop
      vertex 3.9859113795587287 -0.7928470686735453 0.79
      vertex 3.8890055244156967 -1.179716928362135 1.7018
      vertex 3.9859113795587287 -0.7928470686735453 1.7018
    endloop
  endfacet
  facet normal -0.9891765099647808 0.14673047445536316 0
    outer loop
      vertex 4.044430729195809 -0.3983416582993343 0.79
      vertex 3.9859113795587287 -0.7928470686735453 1.7018
      vertex 4.044430729195809 -0.3983416582993343 1.7018
    endloop
  endfacet
  facet normal -0.9987954562051724 0.049067674327416475 0
    outer loop
      vertex 4.064 0 0.79
      vertex 4.044430729195809 -0.3983416582993343 1.7018
      vertex 4.064 0 1.7018
    endloop
  endfacet
  facet normal 0.9987954562051724 -0.049067674327416475 -2.2768266872956208e-19
    outer loop
      vertex -4.064 0 0.79
      vertex -4.044430729195809 0.3983416582993343 0.79
      vertex -4.044430729195809 0.3983416582993343 1.7018
    endloop
  endfacet
  facet normal 0.9891765099647808 -0.14673047445536316 -2.7173008855842534e-18
    outer loop
      vertex -4.044430729195809 0.3983416582993343 0.79
      vertex -3.9859113795587287 0.7928470686735453 0.79
      vertex -3.9859113795587287 0.7928470686735453 1.7018
    endloop
  endfacet
  facet normal 0.9700312531945439 -0.24298017990326454 5.529036471897642e-18
    outer loop
      vertex -3.9859113795587287 0.7928470686735453 0.79
      vertex -3.8890055244156967 1.179716928362135 0.79
      vertex -3.8890055244156967 1.179716928362135 1.7018
    endloop
  endfacet
  facet normal 0.9415440651830209 -0.33688985339221966 -7.696221166611341e-18
    outer loop
      vertex -3.8890055244156967 1.179716928362135 0.79
      vertex -3.7546464201258694 1.5552254691317249 0.79
      vertex -3.7546464201258694 1.5552254691317249 1.7018
    endloop
  endfacet
  facet normal 0.9039892931234434 -0.4275550934302817 2.7382076560045552e-18
    outer loop
      vertex -3.7546464201258694 1.5552254691317249 0.79
      vertex -3.584128018311715 1.9157563384608545 0.79
      vertex -3.584128018311715 1.9157563384608545 1.7018
    endloop
  endfacet
  facet normal 0.8577286100002716 -0.5141027441932225 7.828182242915436e-19
    outer loop
      vertex -3.584128018311715 1.9157563384608545 0.79
      vertex -3.3790925043975437 2.2578374269916632 0.79
      vertex -3.3790925043975437 2.2578374269916632 1.7018
    endloop
  endfacet
  facet normal 0.8032075314806458 -0.5956993044924322 2.3197362900151698e-18
    outer loop
      vertex -3.3790925043975437 2.2578374269916632 0.79
      vertex -3.1415144824661634 2.5781743068410554 0.79
      vertex -3.1415144824661634 2.5781743068410554 1.7018
    endloop
  endfacet
  facet normal 0.7409511253549587 -0.6715589548470189 1.8911145864014333e-17
    outer loop
      vertex -3.1415144824661634 2.5781743068410554 0.79
      vertex -2.873681958742129 2.873681958742129 0.79
      vertex -2.873681958742129 2.873681958742129 1.7018
    endloop
  endfacet
  facet normal 0.6715589548470189 -0.7409511253549587 1.8911145864014333e-17
    outer loop
      vertex -2.873681958742129 2.873681958742129 0.79
      vertex -2.5781743068410554 3.1415144824661634 0.79
      vertex -2.5781743068410554 3.1415144824661634 1.7018
    endloop
  endfacet
  facet normal 0.5956993044924322 -0.8032075314806458 2.3197362900151698e-18
    outer loop
      vertex -2.5781743068410554 3.1415144824661634 0.79
      vertex -2.2578374269916632 3.3790925043975437 0.79
      vertex -2.2578374269916632 3.3790925043975437 1.7018
    endloop
  endfacet
  facet normal 0.5141027441932225 -0.8577286100002716 7.828182242915436e-19
    outer loop
      vertex -2.2578374269916632 3.3790925043975437 0.79
      vertex -1.9157563384608545 3.584128018311715 0.79
      vertex -1.9157563384608545 3.584128018311715 1.7018
    endloop
  endfacet
  facet normal 0.4275550934302817 -0.9039892931234434 2.7382076560045552e-18
    outer loop
      vertex -1.9157563384608545 3.584128018311715 0.79
      vertex -1.5552254691317249 3.7546464201258694 0.79
      vertex -1.5552254691317249 3.7546464201258694 1.7018
    endloop
  endfacet
  facet normal -0.5956993044924322 -0.8032075314806458 0
    outer loop
      vertex 2.5781743068410554 3.1415144824661634 0.79
      vertex 2.5781743068410554 3.1415144824661634 1.7018
      vertex 2.2578374269916632 3.3790925043975437 0.79
    endloop
  endfacet
  facet normal -0.5141027441932225 -0.8577286100002716 0
    outer loop
      vertex 2.2578374269916632 3.3790925043975437 0.79
      vertex 2.2578374269916632 3.3790925043975437 1.7018
      vertex 1.9157563384608545 3.584128018311715 0.79
    endloop
  endfacet
  facet normal -0.33688985339221966 -0.9415440651830209 0
    outer loop
      vertex 1.5552254691317249 3.7546464201258694 0.79
      vertex 1.5552254691317249 3.7546464201258694 1.7018
      vertex 1.179716928362135 3.8890055244156967 0.79
    endloop
  endfacet
  facet normal -0.4275550934302817 -0.9039892931234434 -2.7382076560045552e-18
    outer loop
      vertex 1.5552254691317249 3.7546464201258694 0.79
      vertex 1.9157563384608545 3.584128018311715 0.79
      vertex 1.9157563384608545 3.584128018311715 1.7018
    endloop
  endfacet
  facet normal 0.33688985339221966 -0.9415440651830209 -7.696221166611341e-18
    outer loop
      vertex -1.5552254691317249 3.7546464201258694 0.79
      vertex -1.179716928362135 3.8890055244156967 0.79
      vertex -1.179716928362135 3.8890055244156967 1.7018
    endloop
  endfacet
  facet normal 0.24298017990326454 -0.9700312531945439 5.529036471897642e-18
    outer loop
      vertex -1.179716928362135 3.8890055244156967 0.79
      vertex -0.7928470686735453 3.9859113795587287 0.79
      vertex -0.7928470686735453 3.9859113795587287 1.7018
    endloop
  endfacet
  facet normal 0.14673047445536316 -0.9891765099647808 -2.7173008855842534e-18
    outer loop
      vertex -0.7928470686735453 3.9859113795587287 0.79
      vertex -0.3983416582993343 4.044430729195809 0.79
      vertex -0.3983416582993343 4.044430729195809 1.7018
    endloop
  endfacet
  facet normal 0.049067674327416475 -0.9987954562051724 -2.2768266872956208e-19
    outer loop
      vertex -0.3983416582993343 4.044430729195809 0.79
      vertex 0 4.064 0.79
      vertex 0 4.064 1.7018
    endloop
  endfacet
  facet normal -0.049067674327416475 -0.9987954562051724 2.2768266872956208e-19
    outer loop
      vertex 0 4.064 0.79
      vertex 0.3983416582993343 4.044430729195809 0.79
      vertex 0.3983416582993343 4.044430729195809 1.7018
    endloop
  endfacet
  facet normal -0.14673047445536316 -0.9891765099647808 0
    outer loop
      vertex 0.7928470686735453 3.9859113795587287 0.79
      vertex 0.7928470686735453 3.9859113795587287 1.7018
      vertex 0.3983416582993343 4.044430729195809 0.79
    endloop
  endfacet
  facet normal -0.24298017990326454 -0.9700312531945439 -5.529036471897642e-18
    outer loop
      vertex 0.7928470686735453 3.9859113795587287 0.79
      vertex 1.179716928362135 3.8890055244156967 0.79
      vertex 1.179716928362135 3.8890055244156967 1.7018
    endloop
  endfacet
  facet normal -0.9987954562051724 -0.049067674327416475 0
    outer loop
      vertex 4.064 0 0.79
      vertex 4.064 0 1.7018
      vertex 4.044430729195809 0.3983416582993343 0.79
    endloop
  endfacet
  facet normal -0.9891765099647808 -0.14673047445536316 0
    outer loop
      vertex 4.044430729195809 0.3983416582993343 0.79
      vertex 4.044430729195809 0.3983416582993343 1.7018
      vertex 3.9859113795587287 0.7928470686735453 0.79
    endloop
  endfacet
  facet normal -0.9700312531945439 -0.24298017990326454 0
    outer loop
      vertex 3.9859113795587287 0.7928470686735453 0.79
      vertex 3.9859113795587287 0.7928470686735453 1.7018
      vertex 3.8890055244156967 1.179716928362135 0.79
    endloop
  endfacet
  facet normal -0.9415440651830209 -0.33688985339221966 7.696221166611341e-18
    outer loop
      vertex 3.7546464201258694 1.5552254691317249 0.79
      vertex 3.8890055244156967 1.179716928362135 0.79
      vertex 3.8890055244156967 1.179716928362135 1.7018
    endloop
  endfacet
  facet normal -0.9039892931234434 -0.4275550934302817 0
    outer loop
      vertex 3.7546464201258694 1.5552254691317249 0.79
      vertex 3.7546464201258694 1.5552254691317249 1.7018
      vertex 3.584128018311715 1.9157563384608545 0.79
    endloop
  endfacet
  facet normal -0.8577286100002716 -0.5141027441932225 0
    outer loop
      vertex 3.584128018311715 1.9157563384608545 0.79
      vertex 3.584128018311715 1.9157563384608545 1.7018
      vertex 3.3790925043975437 2.2578374269916632 0.79
    endloop
  endfacet
  facet normal -0.8032075314806458 -0.5956993044924322 0
    outer loop
      vertex 3.3790925043975437 2.2578374269916632 0.79
      vertex 3.3790925043975437 2.2578374269916632 1.7018
      vertex 3.1415144824661634 2.5781743068410554 0.79
    endloop
  endfacet
  facet normal -0.7409511253549587 -0.6715589548470189 0
    outer loop
      vertex 3.1415144824661634 2.5781743068410554 0.79
      vertex 3.1415144824661634 2.5781743068410554 1.7018
      vertex 2.873681958742129 2.873681958742129 0.79
    endloop
  endfacet
  facet normal -0.6715589548470189 -0.7409511253549587 0
    outer loop
      vertex 2.873681958742129 2.873681958742129 0.79
      vertex 2.873681958742129 2.873681958742129 1.7018
      vertex 2.5781743068410554 3.1415144824661634 0.79
    endloop
  endfacet
  facet normal 0.9987954562051724 -0.049067674327416475 0
    outer loop
      vertex -4.064 0 0.79
      vertex -4.044430729195809 0.3983416582993343 1.7018
      vertex -4.064 0 1.7018
    endloop
  endfacet
  facet normal 0.9891765099647808 -0.14673047445536316 0
    outer loop
      vertex -4.044430729195809 0.3983416582993343 0.79
      vertex -3.9859113795587287 0.7928470686735453 1.7018
      vertex -4.044430729195809 0.3983416582993343 1.7018
    endloop
  endfacet
  facet normal 0.9700312531945439 -0.24298017990326454 0
    outer loop
      vertex -3.9859113795587287 0.7928470686735453 0.79
      vertex -3.8890055244156967 1.179716928362135 1.7018
      vertex -3.9859113795587287 0.7928470686735453 1.7018
    endloop
  endfacet
  facet normal 0.9415440651830209 -0.33688985339221966 0
    outer loop
      vertex -3.8890055244156967 1.179716928362135 0.79
      vertex -3.7546464201258694 1.5552254691317249 1.7018
      vertex -3.8890055244156967 1.179716928362135 1.7018
    endloop
  endfacet
  facet normal 0.9039892931234434 -0.4275550934302817 0
    outer loop
      vertex -3.7546464201258694 1.5552254691317249 0.79
      vertex -3.584128018311715 1.9157563384608545 1.7018
      vertex -3.7546464201258694 1.5552254691317249 1.7018
    endloop
  endfacet
  facet normal 0.8577286100002716 -0.5141027441932225 0
    outer loop
      vertex -3.584128018311715 1.9157563384608545 0.79
      vertex -3.3790925043975437 2.2578374269916632 1.7018
      vertex -3.584128018311715 1.9157563384608545 1.7018
    endloop
  endfacet
  facet normal 0.8032075314806458 -0.5956993044924322 0
    outer loop
      vertex -3.3790925043975437 2.2578374269916632 0.79
      vertex -3.1415144824661634 2.5781743068410554 1.7018
      vertex -3.3790925043975437 2.2578374269916632 1.7018
    endloop
  endfacet
  facet normal 0.7409511253549587 -0.6715589548470189 0
    outer loop
      vertex -3.1415144824661634 2.5781743068410554 0.79
      vertex -2.873681958742129 2.873681958742129 1.7018
      vertex -3.1415144824661634 2.5781743068410554 1.7018
    endloop
  endfacet
  facet normal 0.6715589548470189 -0.7409511253549587 0
    outer loop
      vertex -2.873681958742129 2.873681958742129 0.79
      vertex -2.5781743068410554 3.1415144824661634 1.7018
      vertex -2.873681958742129 2.873681958742129 1.7018
    endloop
  endfacet
  facet normal 0.5956993044924322 -0.8032075314806458 0
    outer loop
      vertex -2.5781743068410554 3.1415144824661634 0.79
      vertex -2.2578374269916632 3.3790925043975437 1.7018
      vertex -2.5781743068410554 3.1415144824661634 1.7018
    endloop
  endfacet
  facet normal 0.5141027441932225 -0.8577286100002716 0
    outer loop
      vertex -2.2578374269916632 3.3790925043975437 0.79
      vertex -1.9157563384608545 3.584128018311715 1.7018
      vertex -2.2578374269916632 3.3790925043975437 1.7018
    endloop
  endfacet
  facet normal 0.4275550934302817 -0.9039892931234434 0
    outer loop
      vertex -1.9157563384608545 3.584128018311715 0.79
      vertex -1.5552254691317249 3.7546464201258694 1.7018
      vertex -1.9157563384608545 3.584128018311715 1.7018
    endloop
  endfacet
  facet normal 0.33688985339221966 -0.9415440651830209 0
    outer loop
      vertex -1.5552254691317249 3.7546464201258694 0.79
      vertex -1.179716928362135 3.8890055244156967 1.7018
      vertex -1.5552254691317249 3.7546464201258694 1.7018
    endloop
  endfacet
  facet normal -0.5956993044924322 -0.8032075314806458 0
    outer loop
      vertex 2.2578374269916632 3.3790925043975437 0.79
      vertex 2.5781743068410554 3.1415144824661634 1.7018
      vertex 2.2578374269916632 3.3790925043975437 1.7018
    endloop
  endfacet
  facet normal -0.4275550934302817 -0.9039892931234434 0
    outer loop
      vertex 1.5552254691317249 3.7546464201258694 0.79
      vertex 1.9157563384608545 3.584128018311715 1.7018
      vertex 1.5552254691317249 3.7546464201258694 1.7018
    endloop
  endfacet
  facet normal -0.5141027441932225 -0.8577286100002716 0
    outer loop
      vertex 1.9157563384608545 3.584128018311715 0.79
      vertex 2.2578374269916632 3.3790925043975437 1.7018
      vertex 1.9157563384608545 3.584128018311715 1.7018
    endloop
  endfacet
  facet normal 0.24298017990326454 -0.9700312531945439 0
    outer loop
      vertex -1.179716928362135 3.8890055244156967 0.79
      vertex -0.7928470686735453 3.9859113795587287 1.7018
      vertex -1.179716928362135 3.8890055244156967 1.7018
    endloop
  endfacet
  facet normal 0.14673047445536316 -0.9891765099647808 0
    outer loop
      vertex -0.7928470686735453 3.9859113795587287 0.79
      vertex -0.3983416582993343 4.044430729195809 1.7018
      vertex -0.7928470686735453 3.9859113795587287 1.7018
    endloop
  endfacet
  facet normal 0.049067674327416475 -0.9987954562051724 0
    outer loop
      vertex -0.3983416582993343 4.044430729195809 0.79
      vertex 0 4.064 1.7018
      vertex -0.3983416582993343 4.044430729195809 1.7018
    endloop
  endfacet
  facet normal -0.049067674327416475 -0.9987954562051724 0
    outer loop
      vertex 0 4.064 0.79
      vertex 0.3983416582993343 4.044430729195809 1.7018
      vertex 0 4.064 1.7018
    endloop
  endfacet
  facet normal -0.24298017990326454 -0.9700312531945439 0
    outer loop
      vertex 0.7928470686735453 3.9859113795587287 0.79
      vertex 1.179716928362135 3.8890055244156967 1.7018
      vertex 0.7928470686735453 3.9859113795587287 1.7018
    endloop
  endfacet
  facet normal -0.14673047445536316 -0.9891765099647808 0
    outer loop
      vertex 0.3983416582993343 4.044430729195809 0.79
      vertex 0.7928470686735453 3.9859113795587287 1.7018
      vertex 0.3983416582993343 4.044430729195809 1.7018
    endloop
  endfacet
  facet normal -0.33688985339221966 -0.9415440651830209 0
    outer loop
      vertex 1.179716928362135 3.8890055244156967 0.79
      vertex 1.5552254691317249 3.7546464201258694 1.7018
      vertex 1.179716928362135 3.8890055244156967 1.7018
    endloop
  endfacet
  facet normal -0.9987954562051724 -0.049067674327416475 0
    outer loop
      vertex 4.044430729195809 0.3983416582993343 0.79
      vertex 4.064 0 1.7018
      vertex 4.044430729195809 0.3983416582993343 1.7018
    endloop
  endfacet
  facet normal -0.9891765099647808 -0.14673047445536316 0
    outer loop
      vertex 3.9859113795587287 0.7928470686735453 0.79
      vertex 4.044430729195809 0.3983416582993343 1.7018
      vertex 3.9859113795587287 0.7928470686735453 1.7018
    endloop
  endfacet
  facet normal -0.9700312531945439 -0.24298017990326454 0
    outer loop
      vertex 3.8890055244156967 1.179716928362135 0.79
      vertex 3.9859113795587287 0.7928470686735453 1.7018
      vertex 3.8890055244156967 1.179716928362135 1.7018
    endloop
  endfacet
  facet normal -0.9415440651830209 -0.33688985339221966 0
    outer loop
      vertex 3.7546464201258694 1.5552254691317249 0.79
      vertex 3.8890055244156967 1.179716928362135 1.7018
      vertex 3.7546464201258694 1.5552254691317249 1.7018
    endloop
  endfacet
  facet normal -0.9039892931234434 -0.4275550934302817 0
    outer loop
      vertex 3.584128018311715 1.9157563384608545 0.79
      vertex 3.7546464201258694 1.5552254691317249 1.7018
      vertex 3.584128018311715 1.9157563384608545 1.7018
    endloop
  endfacet
  facet normal -0.8577286100002716 -0.5141027441932225 0
    outer loop
      vertex 3.3790925043975437 2.2578374269916632 0.79
      vertex 3.584128018311715 1.9157563384608545 1.7018
      vertex 3.3790925043975437 2.2578374269916632 1.7018
    endloop
  endfacet
  facet normal -0.8032075314806458 -0.5956993044924322 0
    outer loop
      vertex 3.1415144824661634 2.5781743068410554 0.79
      vertex 3.3790925043975437 2.2578374269916632 1.7018
      vertex 3.1415144824661634 2.5781743068410554 1.7018
    endloop
  endfacet
  facet normal -0.7409511253549587 -0.6715589548470189 0
    outer loop
      vertex 2.873681958742129 2.873681958742129 0.79
      vertex 3.1415144824661634 2.5781743068410554 1.7018
      vertex 2.873681958742129 2.873681958742129 1.7018
    endloop
  endfacet
  facet normal -0.6715589548470189 -0.7409511253549587 0
    outer loop
      vertex 2.5781743068410554 3.1415144824661634 0.79
      vertex 2.873681958742129 2.873681958742129 1.7018
      vertex 2.5781743068410554 3.1415144824661634 1.7018
    endloop
  endfacet
  facet normal 0.10381662048698904 0.6998748059040628 -0.7066805256772051
    outer loop
      vertex -0.7928470686735453 -3.9859113795587287 0.79
      vertex -0.4757751991596872 -4.830626663266844 0
      vertex -0.9469684230662866 -4.76073175107728 0
    endloop
  endfacet
  facet normal 0.36374454375163895 0.6068711078305679 -0.7066805256772052
    outer loop
      vertex -2.2578374269916632 -3.3790925043975437 0.79
      vertex -2.2881597605533925 -4.280845817146916 0
      vertex -2.696737911077149 -4.035953498116554 0
    endloop
  endfacet
  facet normal 0.23836061448964518 0.6661732898343401 -0.7066805256772052
    outer loop
      vertex -1.5552254691317249 -3.7546464201258694 0.79
      vertex -1.40904182339316 -4.6449883896441415 0
      vertex -1.8575453807001456 -4.484511250809786 0
    endloop
  endfacet
  facet normal 0.17191644214679713 0.6863289091595778 -0.7066805256772053
    outer loop
      vertex -1.179716928362135 -3.8890055244156967 0.79
      vertex -0.9469684230662866 -4.76073175107728 0
      vertex -1.40904182339316 -4.6449883896441415 0
    endloop
  endfacet
  facet normal 0.30250924381379163 0.6396020575606342 -0.7066805256772054
    outer loop
      vertex -1.9157563384608545 -3.584128018311715 0.79
      vertex -1.8575453807001456 -4.484511250809786 0
      vertex -2.2881597605533925 -4.280845817146916 0
    endloop
  endfacet
  facet normal 0.0347169880199523 0.7066805256772056 -0.7066805256772051
    outer loop
      vertex -0.3983416582993343 -4.044430729195809 0.79
      vertex 0 -4.854 0
      vertex -0.4757751991596872 -4.830626663266844 0
    endloop
  endfacet
  facet normal -0.03471698801995364 0.7066805256772052 -0.7066805256772052
    outer loop
      vertex 0 -4.064 0.79
      vertex 0.47577519915968713 -4.830626663266843 0
      vertex 0 -4.854 0
    endloop
  endfacet
  facet normal -0.10381662048698789 0.6998748059040634 -0.7066805256772046
    outer loop
      vertex 0.3983416582993343 -4.044430729195809 0.79
      vertex 0.9469684230662865 -4.76073175107728 0
      vertex 0.47577519915968713 -4.830626663266843 0
    endloop
  endfacet
  facet normal -0.17191644214679724 0.6863289091595778 -0.706680525677205
    outer loop
      vertex 0.7928470686735453 -3.9859113795587287 0.79
      vertex 1.40904182339316 -4.6449883896441415 0
      vertex 0.9469684230662865 -4.76073175107728 0
    endloop
  endfacet
  facet normal -0.23836061448964535 0.66617328983434 -0.7066805256772052
    outer loop
      vertex 1.179716928362135 -3.8890055244156967 0.79
      vertex 1.8575453807001456 -4.484511250809786 0
      vertex 1.40904182339316 -4.6449883896441415 0
    endloop
  endfacet
  facet normal -0.30250924381379174 0.6396020575606342 -0.7066805256772053
    outer loop
      vertex 1.5552254691317249 -3.7546464201258694 0.79
      vertex 2.2881597605533925 -4.280845817146916 0
      vertex 1.8575453807001456 -4.484511250809786 0
    endloop
  endfacet
  facet normal -0.36374454375163884 0.6068711078305679 -0.7066805256772053
    outer loop
      vertex 1.9157563384608545 -3.584128018311715 0.79
      vertex 2.696737911077149 -4.035953498116554 0
      vertex 2.2881597605533925 -4.280845817146916 0
    endloop
  endfacet
  facet normal 0.42147678489016216 0.5682956575826014 -0.7066805256772051
    outer loop
      vertex -2.5781743068410554 -3.1415144824661634 0.79
      vertex -2.696737911077149 -4.035953498116554 0
      vertex -3.079345001330335 -3.752192740622725 0
    endloop
  endfacet
  facet normal 0.4751499741875444 0.5242472094901072 -0.7066805256772055
    outer loop
      vertex -2.873681958742129 -2.873681958742129 0.79
      vertex -3.079345001330335 -3.752192740622725 0
      vertex -3.432296315879502 -3.432296315879502 0
    endloop
  endfacet
  facet normal 0.5242472094901077 0.4751499741875448 -0.706680525677205
    outer loop
      vertex -3.1415144824661634 -2.5781743068410554 0.79
      vertex -3.432296315879502 -3.432296315879502 0
      vertex -3.752192740622725 -3.079345001330335 0
    endloop
  endfacet
  facet normal 0.568295657582601 0.4214767848901619 -0.7066805256772052
    outer loop
      vertex -3.3790925043975437 -2.2578374269916632 0.79
      vertex -3.752192740622725 -3.079345001330335 0
      vertex -4.035953498116554 -2.696737911077149 0
    endloop
  endfacet
  facet normal 0.6068711078305677 0.363744543751639 -0.7066805256772054
    outer loop
      vertex -3.584128018311715 -1.9157563384608545 0.79
      vertex -4.035953498116554 -2.696737911077149 0
      vertex -4.280845817146916 -2.2881597605533925 0
    endloop
  endfacet
  facet normal 0.6396020575606343 0.3025092438137916 -0.7066805256772052
    outer loop
      vertex -3.7546464201258694 -1.5552254691317249 0.79
      vertex -4.280845817146916 -2.2881597605533925 0
      vertex -4.484511250809786 -1.8575453807001456 0
    endloop
  endfacet
  facet normal 0.66617328983434 0.23836061448964524 -0.7066805256772052
    outer loop
      vertex -3.8890055244156967 -1.179716928362135 0.79
      vertex -4.484511250809786 -1.8575453807001456 0
      vertex -4.6449883896441415 -1.40904182339316 0
    endloop
  endfacet
  facet normal 0.6863289091595778 0.17191644214679727 -0.7066805256772051
    outer loop
      vertex -3.9859113795587287 -0.7928470686735453 0.79
      vertex -4.6449883896441415 -1.40904182339316 0
      vertex -4.76073175107728 -0.9469684230662866 0
    endloop
  endfacet
  facet normal 0.6998748059040628 0.10381662048698916 -0.706680525677205
    outer loop
      vertex -4.044430729195809 -0.3983416582993343 0.79
      vertex -4.76073175107728 -0.9469684230662866 0
      vertex -4.830626663266844 -0.4757751991596872 0
    endloop
  endfacet
  facet normal 0.7066805256772053 0.0347169880199522 -0.7066805256772053
    outer loop
      vertex -4.064 0 0.79
      vertex -4.830626663266844 -0.4757751991596872 0
      vertex -4.854 0 0
    endloop
  endfacet
  facet normal -0.4214767848901618 0.5682956575826011 -0.7066805256772052
    outer loop
      vertex 2.2578374269916632 -3.3790925043975437 0.79
      vertex 3.079345001330335 -3.752192740622725 0
      vertex 2.696737911077149 -4.035953498116554 0
    endloop
  endfacet
  facet normal -0.4751499741875447 0.5242472094901076 -0.706680525677205
    outer loop
      vertex 2.5781743068410554 -3.1415144824661634 0.79
      vertex 3.432296315879502 -3.432296315879502 0
      vertex 3.079345001330335 -3.752192740622725 0
    endloop
  endfacet
  facet normal -0.5242472094901073 0.47514997418754434 -0.7066805256772055
    outer loop
      vertex 2.873681958742129 -2.873681958742129 0.79
      vertex 3.752192740622725 -3.079345001330335 0
      vertex 3.432296315879502 -3.432296315879502 0
    endloop
  endfacet
  facet normal -0.5682956575826014 0.42147678489016216 -0.7066805256772051
    outer loop
      vertex 3.1415144824661634 -2.5781743068410554 0.79
      vertex 4.035953498116554 -2.696737911077149 0
      vertex 3.752192740622725 -3.079345001330335 0
    endloop
  endfacet
  facet normal -0.6068711078305679 0.36374454375163895 -0.7066805256772052
    outer loop
      vertex 3.3790925043975437 -2.2578374269916632 0.79
      vertex 4.280845817146916 -2.2881597605533925 0
      vertex 4.035953498116554 -2.696737911077149 0
    endloop
  endfacet
  facet normal -0.6396020575606342 0.30250924381379163 -0.7066805256772054
    outer loop
      vertex 3.584128018311715 -1.9157563384608545 0.79
      vertex 4.484511250809786 -1.8575453807001456 0
      vertex 4.280845817146916 -2.2881597605533925 0
    endloop
  endfacet
  facet normal -0.6661732898343399 0.23836061448964535 -0.7066805256772052
    outer loop
      vertex 3.7546464201258694 -1.5552254691317249 0.79
      vertex 4.6449883896441415 -1.40904182339316 0
      vertex 4.484511250809786 -1.8575453807001456 0
    endloop
  endfacet
  facet normal -0.6863289091595778 0.17191644214679722 -0.7066805256772053
    outer loop
      vertex 3.8890055244156967 -1.179716928362135 0.79
      vertex 4.76073175107728 -0.9469684230662866 0
      vertex 4.6449883896441415 -1.40904182339316 0
    endloop
  endfacet
  facet normal -0.6998748059040628 0.10381662048698917 -0.7066805256772052
    outer loop
      vertex 3.9859113795587287 -0.7928470686735453 0.79
      vertex 4.830626663266844 -0.4757751991596872 0
      vertex 4.76073175107728 -0.9469684230662866 0
    endloop
  endfacet
  facet normal -0.7066805256772056 0.03471698801995224 -0.7066805256772051
    outer loop
      vertex 4.044430729195809 -0.3983416582993343 0.79
      vertex 4.854 0 0
      vertex 4.830626663266844 -0.4757751991596872 0
    endloop
  endfacet
  facet normal 0.17191644214679772 0.6863289091595777 -0.7066805256772051
    outer loop
      vertex -1.179716928362135 -3.8890055244156967 0.79
      vertex -0.7928470686735453 -3.9859113795587287 0.79
      vertex -0.9469684230662866 -4.76073175107728 0
    endloop
  endfacet
  facet normal 0.302509243813792 0.639602057560634 -0.7066805256772052
    outer loop
      vertex -1.5552254691317249 -3.7546464201258694 0.79
      vertex -1.8575453807001456 -4.484511250809786 0
      vertex -1.9157563384608545 -3.584128018311715 0.79
    endloop
  endfacet
  facet normal 0.23836061448964524 0.66617328983434 -0.7066805256772052
    outer loop
      vertex -1.179716928362135 -3.8890055244156967 0.79
      vertex -1.40904182339316 -4.6449883896441415 0
      vertex -1.5552254691317249 -3.7546464201258694 0.79
    endloop
  endfacet
  facet normal 0.10381662048698939 0.6998748059040628 -0.706680525677205
    outer loop
      vertex -0.7928470686735453 -3.9859113795587287 0.79
      vertex -0.3983416582993343 -4.044430729195809 0.79
      vertex -0.4757751991596872 -4.830626663266844 0
    endloop
  endfacet
  facet normal 0.03471698801995112 0.7066805256772053 -0.7066805256772053
    outer loop
      vertex -0.3983416582993343 -4.044430729195809 0.79
      vertex 0 -4.064 0.79
      vertex 0 -4.854 0
    endloop
  endfacet
  facet normal -0.03471698801995116 0.7066805256772061 -0.7066805256772046
    outer loop
      vertex 0 -4.064 0.79
      vertex 0.3983416582993343 -4.044430729195809 0.79
      vertex 0.47577519915968713 -4.830626663266843 0
    endloop
  endfacet
  facet normal -0.10381662048698939 0.6998748059040628 -0.7066805256772051
    outer loop
      vertex 0.3983416582993343 -4.044430729195809 0.79
      vertex 0.7928470686735453 -3.9859113795587287 0.79
      vertex 0.9469684230662865 -4.76073175107728 0
    endloop
  endfacet
  facet normal -0.1719164421467977 0.6863289091595776 -0.7066805256772052
    outer loop
      vertex 0.7928470686735453 -3.9859113795587287 0.79
      vertex 1.179716928362135 -3.8890055244156967 0.79
      vertex 1.40904182339316 -4.6449883896441415 0
    endloop
  endfacet
  facet normal -0.23836061448964524 0.66617328983434 -0.7066805256772052
    outer loop
      vertex 1.179716928362135 -3.8890055244156967 0.79
      vertex 1.5552254691317249 -3.7546464201258694 0.79
      vertex 1.8575453807001456 -4.484511250809786 0
    endloop
  endfacet
  facet normal -0.30250924381379196 0.6396020575606339 -0.7066805256772054
    outer loop
      vertex 1.5552254691317249 -3.7546464201258694 0.79
      vertex 1.9157563384608545 -3.584128018311715 0.79
      vertex 2.2881597605533925 -4.280845817146916 0
    endloop
  endfacet
  facet normal 0.4214767848901609 0.5682956575826018 -0.7066805256772053
    outer loop
      vertex -2.2578374269916632 -3.3790925043975437 0.79
      vertex -2.696737911077149 -4.035953498116554 0
      vertex -2.5781743068410554 -3.1415144824661634 0.79
    endloop
  endfacet
  facet normal 0.4751499741875464 0.5242472094901063 -0.706680525677205
    outer loop
      vertex -2.5781743068410554 -3.1415144824661634 0.79
      vertex -3.079345001330335 -3.752192740622725 0
      vertex -2.873681958742129 -2.873681958742129 0.79
    endloop
  endfacet
  facet normal 0.3637445437516387 0.606871107830568 -0.7066805256772054
    outer loop
      vertex -2.2578374269916632 -3.3790925043975437 0.79
      vertex -1.9157563384608545 -3.584128018311715 0.79
      vertex -2.2881597605533925 -4.280845817146916 0
    endloop
  endfacet
  facet normal 0.5242472094901058 0.47514997418754595 -0.7066805256772056
    outer loop
      vertex -2.873681958742129 -2.873681958742129 0.79
      vertex -3.432296315879502 -3.432296315879502 0
      vertex -3.1415144824661634 -2.5781743068410554 0.79
    endloop
  endfacet
  facet normal 0.5682956575826021 0.4214767848901611 -0.706680525677205
    outer loop
      vertex -3.1415144824661634 -2.5781743068410554 0.79
      vertex -3.752192740622725 -3.079345001330335 0
      vertex -3.3790925043975437 -2.2578374269916632 0.79
    endloop
  endfacet
  facet normal -0.36374454375163884 0.6068711078305681 -0.7066805256772053
    outer loop
      vertex 1.9157563384608545 -3.584128018311715 0.79
      vertex 2.2578374269916632 -3.3790925043975437 0.79
      vertex 2.696737911077149 -4.035953498116554 0
    endloop
  endfacet
  facet normal 0.6396020575606339 0.30250924381379196 -0.7066805256772054
    outer loop
      vertex -3.584128018311715 -1.9157563384608545 0.79
      vertex -4.280845817146916 -2.2881597605533925 0
      vertex -3.7546464201258694 -1.5552254691317249 0.79
    endloop
  endfacet
  facet normal 0.66617328983434 0.23836061448964524 -0.7066805256772052
    outer loop
      vertex -3.7546464201258694 -1.5552254691317249 0.79
      vertex -4.484511250809786 -1.8575453807001456 0
      vertex -3.8890055244156967 -1.179716928362135 0.79
    endloop
  endfacet
  facet normal 0.6863289091595776 0.1719164421467977 -0.7066805256772052
    outer loop
      vertex -3.8890055244156967 -1.179716928362135 0.79
      vertex -4.6449883896441415 -1.40904182339316 0
      vertex -3.9859113795587287 -0.7928470686735453 0.79
    endloop
  endfacet
  facet normal 0.6998748059040627 0.10381662048698938 -0.7066805256772051
    outer loop
      vertex -3.9859113795587287 -0.7928470686735453 0.79
      vertex -4.76073175107728 -0.9469684230662866 0
      vertex -4.044430729195809 -0.3983416582993343 0.79
    endloop
  endfacet
  facet normal 0.7066805256772056 0.03471698801995114 -0.7066805256772051
    outer loop
      vertex -4.044430729195809 -0.3983416582993343 0.79
      vertex -4.830626663266844 -0.4757751991596872 0
      vertex -4.064 0 0.79
    endloop
  endfacet
  facet normal 0.6068711078305681 0.36374454375163884 -0.7066805256772053
    outer loop
      vertex -3.3790925043975437 -2.2578374269916632 0.79
      vertex -4.035953498116554 -2.696737911077149 0
      vertex -3.584128018311715 -1.9157563384608545 0.79
    endloop
  endfacet
  facet normal -0.4214767848901611 0.5682956575826021 -0.706680525677205
    outer loop
      vertex 2.2578374269916632 -3.3790925043975437 0.79
      vertex 2.5781743068410554 -3.1415144824661634 0.79
      vertex 3.079345001330335 -3.752192740622725 0
    endloop
  endfacet
  facet normal -0.47514997418754595 0.5242472094901058 -0.7066805256772056
    outer loop
      vertex 2.5781743068410554 -3.1415144824661634 0.79
      vertex 2.873681958742129 -2.873681958742129 0.79
      vertex 3.432296315879502 -3.432296315879502 0
    endloop
  endfacet
  facet normal -0.5242472094901063 0.4751499741875464 -0.706680525677205
    outer loop
      vertex 2.873681958742129 -2.873681958742129 0.79
      vertex 3.1415144824661634 -2.5781743068410554 0.79
      vertex 3.752192740622725 -3.079345001330335 0
    endloop
  endfacet
  facet normal -0.5682956575826018 0.4214767848901609 -0.7066805256772054
    outer loop
      vertex 3.1415144824661634 -2.5781743068410554 0.79
      vertex 3.3790925043975437 -2.2578374269916632 0.79
      vertex 4.035953498116554 -2.696737911077149 0
    endloop
  endfacet
  facet normal -0.606871107830568 0.3637445437516388 -0.7066805256772054
    outer loop
      vertex 3.3790925043975437 -2.2578374269916632 0.79
      vertex 3.584128018311715 -1.9157563384608545 0.79
      vertex 4.280845817146916 -2.2881597605533925 0
    endloop
  endfacet
  facet normal -0.6396020575606339 0.302509243813792 -0.7066805256772052
    outer loop
      vertex 3.584128018311715 -1.9157563384608545 0.79
      vertex 3.7546464201258694 -1.5552254691317249 0.79
      vertex 4.484511250809786 -1.8575453807001456 0
    endloop
  endfacet
  facet normal -0.66617328983434 0.23836061448964524 -0.7066805256772052
    outer loop
      vertex 3.7546464201258694 -1.5552254691317249 0.79
      vertex 3.8890055244156967 -1.179716928362135 0.79
      vertex 4.6449883896441415 -1.40904182339316 0
    endloop
  endfacet
  facet normal -0.6863289091595777 0.17191644214679772 -0.7066805256772051
    outer loop
      vertex 3.8890055244156967 -1.179716928362135 0.79
      vertex 3.9859113795587287 -0.7928470686735453 0.79
      vertex 4.76073175107728 -0.9469684230662866 0
    endloop
  endfacet
  facet normal -0.6998748059040628 0.10381662048698939 -0.706680525677205
    outer loop
      vertex 3.9859113795587287 -0.7928470686735453 0.79
      vertex 4.044430729195809 -0.3983416582993343 0.79
      vertex 4.830626663266844 -0.4757751991596872 0
    endloop
  endfacet
  facet normal -0.7066805256772052 0.03471698801995112 -0.7066805256772054
    outer loop
      vertex 4.044430729195809 -0.3983416582993343 0.79
      vertex 4.064 0 0.79
      vertex 4.854 0 0
    endloop
  endfacet
  facet normal 0.7066805256772056 -0.03471698801995224 -0.7066805256772051
    outer loop
      vertex -4.044430729195809 0.3983416582993343 0.79
      vertex -4.854 0 0
      vertex -4.830626663266844 0.4757751991596872 0
    endloop
  endfacet
  facet normal 0.6998748059040628 -0.10381662048698917 -0.7066805256772052
    outer loop
      vertex -3.9859113795587287 0.7928470686735453 0.79
      vertex -4.830626663266844 0.4757751991596872 0
      vertex -4.76073175107728 0.9469684230662866 0
    endloop
  endfacet
  facet normal 0.6863289091595778 -0.17191644214679722 -0.7066805256772053
    outer loop
      vertex -3.8890055244156967 1.179716928362135 0.79
      vertex -4.76073175107728 0.9469684230662866 0
      vertex -4.6449883896441415 1.40904182339316 0
    endloop
  endfacet
  facet normal 0.6661732898343399 -0.23836061448964535 -0.7066805256772052
    outer loop
      vertex -3.7546464201258694 1.5552254691317249 0.79
      vertex -4.6449883896441415 1.40904182339316 0
      vertex -4.484511250809786 1.8575453807001456 0
    endloop
  endfacet
  facet normal 0.6396020575606342 -0.30250924381379163 -0.7066805256772054
    outer loop
      vertex -3.584128018311715 1.9157563384608545 0.79
      vertex -4.484511250809786 1.8575453807001456 0
      vertex -4.280845817146916 2.2881597605533925 0
    endloop
  endfacet
  facet normal 0.6068711078305679 -0.36374454375163895 -0.7066805256772052
    outer loop
      vertex -3.3790925043975437 2.2578374269916632 0.79
      vertex -4.280845817146916 2.2881597605533925 0
      vertex -4.035953498116554 2.696737911077149 0
    endloop
  endfacet
  facet normal 0.5682956575826014 -0.42147678489016216 -0.7066805256772051
    outer loop
      vertex -3.1415144824661634 2.5781743068410554 0.79
      vertex -4.035953498116554 2.696737911077149 0
      vertex -3.752192740622725 3.079345001330335 0
    endloop
  endfacet
  facet normal 0.5242472094901073 -0.47514997418754434 -0.7066805256772055
    outer loop
      vertex -2.873681958742129 2.873681958742129 0.79
      vertex -3.752192740622725 3.079345001330335 0
      vertex -3.432296315879502 3.432296315879502 0
    endloop
  endfacet
  facet normal 0.4751499741875447 -0.5242472094901076 -0.706680525677205
    outer loop
      vertex -2.5781743068410554 3.1415144824661634 0.79
      vertex -3.432296315879502 3.432296315879502 0
      vertex -3.079345001330335 3.752192740622725 0
    endloop
  endfacet
  facet normal 0.4214767848901618 -0.5682956575826011 -0.7066805256772052
    outer loop
      vertex -2.2578374269916632 3.3790925043975437 0.79
      vertex -3.079345001330335 3.752192740622725 0
      vertex -2.696737911077149 4.035953498116554 0
    endloop
  endfacet
  facet normal 0.36374454375163884 -0.6068711078305679 -0.7066805256772053
    outer loop
      vertex -1.9157563384608545 3.584128018311715 0.79
      vertex -2.696737911077149 4.035953498116554 0
      vertex -2.2881597605533925 4.280845817146916 0
    endloop
  endfacet
  facet normal 0.30250924381379174 -0.6396020575606342 -0.7066805256772053
    outer loop
      vertex -1.5552254691317249 3.7546464201258694 0.79
      vertex -2.2881597605533925 4.280845817146916 0
      vertex -1.8575453807001456 4.484511250809786 0
    endloop
  endfacet
  facet normal 0.23836061448964535 -0.66617328983434 -0.7066805256772052
    outer loop
      vertex -1.179716928362135 3.8890055244156967 0.79
      vertex -1.8575453807001456 4.484511250809786 0
      vertex -1.40904182339316 4.6449883896441415 0
    endloop
  endfacet
  facet normal 0.17191644214679727 -0.6863289091595778 -0.7066805256772051
    outer loop
      vertex -0.7928470686735453 3.9859113795587287 0.79
      vertex -1.40904182339316 4.6449883896441415 0
      vertex -0.9469684230662866 4.76073175107728 0
    endloop
  endfacet
  facet normal -0.36374454375163895 -0.6068711078305679 -0.7066805256772052
    outer loop
      vertex 2.2578374269916632 3.3790925043975437 0.79
      vertex 2.2881597605533925 4.280845817146916 0
      vertex 2.696737911077149 4.035953498116554 0
    endloop
  endfacet
  facet normal -0.30250924381379163 -0.6396020575606342 -0.7066805256772054
    outer loop
      vertex 1.9157563384608545 3.584128018311715 0.79
      vertex 1.8575453807001456 4.484511250809786 0
      vertex 2.2881597605533925 4.280845817146916 0
    endloop
  endfacet
  facet normal -0.17191644214679713 -0.6863289091595778 -0.7066805256772053
    outer loop
      vertex 1.179716928362135 3.8890055244156967 0.79
      vertex 0.9469684230662866 4.76073175107728 0
      vertex 1.40904182339316 4.6449883896441415 0
    endloop
  endfacet
  facet normal -0.23836061448964518 -0.6661732898343401 -0.7066805256772052
    outer loop
      vertex 1.5552254691317249 3.7546464201258694 0.79
      vertex 1.40904182339316 4.6449883896441415 0
      vertex 1.8575453807001456 4.484511250809786 0
    endloop
  endfacet
  facet normal 0.10381662048698906 -0.6998748059040628 -0.706680525677205
    outer loop
      vertex -0.3983416582993343 4.044430729195809 0.79
      vertex -0.9469684230662866 4.76073175107728 0
      vertex -0.4757751991596872 4.830626663266844 0
    endloop
  endfacet
  facet normal 0.03471698801995232 -0.7066805256772053 -0.7066805256772053
    outer loop
      vertex 0 4.064 0.79
      vertex -0.4757751991596872 4.830626663266844 0
      vertex 0 4.854 0
    endloop
  endfacet
  facet normal -0.0347169880199523 -0.7066805256772056 -0.7066805256772051
    outer loop
      vertex 0.3983416582993343 4.044430729195809 0.79
      vertex 0 4.854 0
      vertex 0.4757751991596872 4.830626663266844 0
    endloop
  endfacet
  facet normal -0.10381662048698904 -0.6998748059040628 -0.7066805256772051
    outer loop
      vertex 0.7928470686735453 3.9859113795587287 0.79
      vertex 0.4757751991596872 4.830626663266844 0
      vertex 0.9469684230662866 4.76073175107728 0
    endloop
  endfacet
  facet normal -0.7066805256772053 -0.0347169880199522 -0.7066805256772053
    outer loop
      vertex 4.064 0 0.79
      vertex 4.830626663266844 0.4757751991596872 0
      vertex 4.854 0 0
    endloop
  endfacet
  facet normal -0.6998748059040628 -0.10381662048698916 -0.706680525677205
    outer loop
      vertex 4.044430729195809 0.3983416582993343 0.79
      vertex 4.76073175107728 0.9469684230662866 0
      vertex 4.830626663266844 0.4757751991596872 0
    endloop
  endfacet
  facet normal -0.6863289091595778 -0.17191644214679727 -0.7066805256772051
    outer loop
      vertex 3.9859113795587287 0.7928470686735453 0.79
      vertex 4.6449883896441415 1.40904182339316 0
      vertex 4.76073175107728 0.9469684230662866 0
    endloop
  endfacet
  facet normal -0.66617328983434 -0.23836061448964524 -0.7066805256772052
    outer loop
      vertex 3.8890055244156967 1.179716928362135 0.79
      vertex 4.484511250809786 1.8575453807001456 0
      vertex 4.6449883896441415 1.40904182339316 0
    endloop
  endfacet
  facet normal -0.6396020575606343 -0.3025092438137916 -0.7066805256772052
    outer loop
      vertex 3.7546464201258694 1.5552254691317249 0.79
      vertex 4.280845817146916 2.2881597605533925 0
      vertex 4.484511250809786 1.8575453807001456 0
    endloop
  endfacet
  facet normal -0.6068711078305677 -0.363744543751639 -0.7066805256772054
    outer loop
      vertex 3.584128018311715 1.9157563384608545 0.79
      vertex 4.035953498116554 2.696737911077149 0
      vertex 4.280845817146916 2.2881597605533925 0
    endloop
  endfacet
  facet normal -0.568295657582601 -0.4214767848901619 -0.7066805256772052
    outer loop
      vertex 3.3790925043975437 2.2578374269916632 0.79
      vertex 3.752192740622725 3.079345001330335 0
      vertex 4.035953498116554 2.696737911077149 0
    endloop
  endfacet
  facet normal -0.5242472094901077 -0.4751499741875448 -0.706680525677205
    outer loop
      vertex 3.1415144824661634 2.5781743068410554 0.79
      vertex 3.432296315879502 3.432296315879502 0
      vertex 3.752192740622725 3.079345001330335 0
    endloop
  endfacet
  facet normal -0.4751499741875444 -0.5242472094901072 -0.7066805256772055
    outer loop
      vertex 2.873681958742129 2.873681958742129 0.79
      vertex 3.079345001330335 3.752192740622725 0
      vertex 3.432296315879502 3.432296315879502 0
    endloop
  endfacet
  facet normal -0.42147678489016216 -0.5682956575826014 -0.7066805256772051
    outer loop
      vertex 2.5781743068410554 3.1415144824661634 0.79
      vertex 2.696737911077149 4.035953498116554 0
      vertex 3.079345001330335 3.752192740622725 0
    endloop
  endfacet
  facet normal 0.7066805256772053 -0.03471698801995112 -0.7066805256772053
    outer loop
      vertex -4.064 0 0.79
      vertex -4.854 0 0
      vertex -4.044430729195809 0.3983416582993343 0.79
    endloop
  endfacet
  facet normal 0.6998748059040628 -0.10381662048698939 -0.706680525677205
    outer loop
      vertex -4.044430729195809 0.3983416582993343 0.79
      vertex -4.830626663266844 0.4757751991596872 0
      vertex -3.9859113795587287 0.7928470686735453 0.79
    endloop
  endfacet
  facet normal 0.6863289091595777 -0.17191644214679772 -0.7066805256772051
    outer loop
      vertex -3.9859113795587287 0.7928470686735453 0.79
      vertex -4.76073175107728 0.9469684230662866 0
      vertex -3.8890055244156967 1.179716928362135 0.79
    endloop
  endfacet
  facet normal 0.66617328983434 -0.23836061448964524 -0.7066805256772052
    outer loop
      vertex -3.8890055244156967 1.179716928362135 0.79
      vertex -4.6449883896441415 1.40904182339316 0
      vertex -3.7546464201258694 1.5552254691317249 0.79
    endloop
  endfacet
  facet normal 0.6396020575606339 -0.302509243813792 -0.7066805256772052
    outer loop
      vertex -3.7546464201258694 1.5552254691317249 0.79
      vertex -4.484511250809786 1.8575453807001456 0
      vertex -3.584128018311715 1.9157563384608545 0.79
    endloop
  endfacet
  facet normal 0.606871107830568 -0.3637445437516387 -0.7066805256772054
    outer loop
      vertex -3.584128018311715 1.9157563384608545 0.79
      vertex -4.280845817146916 2.2881597605533925 0
      vertex -3.3790925043975437 2.2578374269916632 0.79
    endloop
  endfacet
  facet normal 0.5682956575826018 -0.4214767848901609 -0.7066805256772054
    outer loop
      vertex -3.3790925043975437 2.2578374269916632 0.79
      vertex -4.035953498116554 2.696737911077149 0
      vertex -3.1415144824661634 2.5781743068410554 0.79
    endloop
  endfacet
  facet normal 0.5242472094901063 -0.4751499741875464 -0.706680525677205
    outer loop
      vertex -3.1415144824661634 2.5781743068410554 0.79
      vertex -3.752192740622725 3.079345001330335 0
      vertex -2.873681958742129 2.873681958742129 0.79
    endloop
  endfacet
  facet normal 0.47514997418754595 -0.5242472094901058 -0.7066805256772056
    outer loop
      vertex -2.873681958742129 2.873681958742129 0.79
      vertex -3.432296315879502 3.432296315879502 0
      vertex -2.5781743068410554 3.1415144824661634 0.79
    endloop
  endfacet
  facet normal 0.4214767848901611 -0.5682956575826021 -0.706680525677205
    outer loop
      vertex -2.5781743068410554 3.1415144824661634 0.79
      vertex -3.079345001330335 3.752192740622725 0
      vertex -2.2578374269916632 3.3790925043975437 0.79
    endloop
  endfacet
  facet normal 0.36374454375163884 -0.6068711078305681 -0.7066805256772053
    outer loop
      vertex -2.2578374269916632 3.3790925043975437 0.79
      vertex -2.696737911077149 4.035953498116554 0
      vertex -1.9157563384608545 3.584128018311715 0.79
    endloop
  endfacet
  facet normal -0.4214767848901609 -0.5682956575826018 -0.7066805256772054
    outer loop
      vertex 2.5781743068410554 3.1415144824661634 0.79
      vertex 2.2578374269916632 3.3790925043975437 0.79
      vertex 2.696737911077149 4.035953498116554 0
    endloop
  endfacet
  facet normal -0.3637445437516387 -0.606871107830568 -0.7066805256772054
    outer loop
      vertex 2.2578374269916632 3.3790925043975437 0.79
      vertex 1.9157563384608545 3.584128018311715 0.79
      vertex 2.2881597605533925 4.280845817146916 0
    endloop
  endfacet
  facet normal 0.30250924381379196 -0.6396020575606339 -0.7066805256772054
    outer loop
      vertex -1.9157563384608545 3.584128018311715 0.79
      vertex -2.2881597605533925 4.280845817146916 0
      vertex -1.5552254691317249 3.7546464201258694 0.79
    endloop
  endfacet
  facet normal 0.23836061448964524 -0.66617328983434 -0.7066805256772052
    outer loop
      vertex -1.5552254691317249 3.7546464201258694 0.79
      vertex -1.8575453807001456 4.484511250809786 0
      vertex -1.179716928362135 3.8890055244156967 0.79
    endloop
  endfacet
  facet normal 0.1719164421467977 -0.6863289091595776 -0.7066805256772053
    outer loop
      vertex -1.179716928362135 3.8890055244156967 0.79
      vertex -1.40904182339316 4.6449883896441415 0
      vertex -0.7928470686735453 3.9859113795587287 0.79
    endloop
  endfacet
  facet normal 0.10381662048698938 -0.6998748059040627 -0.7066805256772051
    outer loop
      vertex -0.7928470686735453 3.9859113795587287 0.79
      vertex -0.9469684230662866 4.76073175107728 0
      vertex -0.3983416582993343 4.044430729195809 0.79
    endloop
  endfacet
  facet normal 0.03471698801995114 -0.7066805256772056 -0.7066805256772051
    outer loop
      vertex -0.3983416582993343 4.044430729195809 0.79
      vertex -0.4757751991596872 4.830626663266844 0
      vertex 0 4.064 0.79
    endloop
  endfacet
  facet normal -0.03471698801995112 -0.7066805256772053 -0.7066805256772053
    outer loop
      vertex 0 4.064 0.79
      vertex 0 4.854 0
      vertex 0.3983416582993343 4.044430729195809 0.79
    endloop
  endfacet
  facet normal -0.10381662048698939 -0.6998748059040628 -0.706680525677205
    outer loop
      vertex 0.7928470686735453 3.9859113795587287 0.79
      vertex 0.3983416582993343 4.044430729195809 0.79
      vertex 0.4757751991596872 4.830626663266844 0
    endloop
  endfacet
  facet normal -0.23836061448964524 -0.66617328983434 -0.7066805256772052
    outer loop
      vertex 1.5552254691317249 3.7546464201258694 0.79
      vertex 1.179716928362135 3.8890055244156967 0.79
      vertex 1.40904182339316 4.6449883896441415 0
    endloop
  endfacet
  facet normal -0.302509243813792 -0.639602057560634 -0.7066805256772052
    outer loop
      vertex 1.5552254691317249 3.7546464201258694 0.79
      vertex 1.8575453807001456 4.484511250809786 0
      vertex 1.9157563384608545 3.584128018311715 0.79
    endloop
  endfacet
  facet normal -0.17191644214679772 -0.6863289091595777 -0.7066805256772051
    outer loop
      vertex 0.7928470686735453 3.9859113795587287 0.79
      vertex 0.9469684230662866 4.76073175107728 0
      vertex 1.179716928362135 3.8890055244156967 0.79
    endloop
  endfacet
  facet normal -0.7066805256772056 -0.03471698801995114 -0.7066805256772051
    outer loop
      vertex 4.064 0 0.79
      vertex 4.044430729195809 0.3983416582993343 0.79
      vertex 4.830626663266844 0.4757751991596872 0
    endloop
  endfacet
  facet normal -0.6998748059040628 -0.10381662048698939 -0.7066805256772051
    outer loop
      vertex 4.044430729195809 0.3983416582993343 0.79
      vertex 3.9859113795587287 0.7928470686735453 0.79
      vertex 4.76073175107728 0.9469684230662866 0
    endloop
  endfacet
  facet normal -0.6863289091595776 -0.1719164421467977 -0.7066805256772053
    outer loop
      vertex 3.9859113795587287 0.7928470686735453 0.79
      vertex 3.8890055244156967 1.179716928362135 0.79
      vertex 4.6449883896441415 1.40904182339316 0
    endloop
  endfacet
  facet normal -0.66617328983434 -0.23836061448964524 -0.7066805256772052
    outer loop
      vertex 3.7546464201258694 1.5552254691317249 0.79
      vertex 4.484511250809786 1.8575453807001456 0
      vertex 3.8890055244156967 1.179716928362135 0.79
    endloop
  endfacet
  facet normal -0.6396020575606339 -0.30250924381379196 -0.7066805256772054
    outer loop
      vertex 3.7546464201258694 1.5552254691317249 0.79
      vertex 3.584128018311715 1.9157563384608545 0.79
      vertex 4.280845817146916 2.2881597605533925 0
    endloop
  endfacet
  facet normal -0.6068711078305681 -0.36374454375163884 -0.7066805256772053
    outer loop
      vertex 3.584128018311715 1.9157563384608545 0.79
      vertex 3.3790925043975437 2.2578374269916632 0.79
      vertex 4.035953498116554 2.696737911077149 0
    endloop
  endfacet
  facet normal -0.5682956575826021 -0.4214767848901611 -0.706680525677205
    outer loop
      vertex 3.3790925043975437 2.2578374269916632 0.79
      vertex 3.1415144824661634 2.5781743068410554 0.79
      vertex 3.752192740622725 3.079345001330335 0
    endloop
  endfacet
  facet normal -0.5242472094901058 -0.47514997418754595 -0.7066805256772056
    outer loop
      vertex 3.1415144824661634 2.5781743068410554 0.79
      vertex 2.873681958742129 2.873681958742129 0.79
      vertex 3.432296315879502 3.432296315879502 0
    endloop
  endfacet
  facet normal -0.4751499741875464 -0.5242472094901063 -0.706680525677205
    outer loop
      vertex 2.873681958742129 2.873681958742129 0.79
      vertex 2.5781743068410554 3.1415144824661634 0.79
      vertex 3.079345001330335 3.752192740622725 0
    endloop
  endfacet
  facet normal 0.9807852804032303 -0.1950903220161283 -2.0038342294320465e-18
    outer loop
      vertex -0.8 -10.16 0
      vertex -0.7391036260090295 -9.853853254107928 0
      vertex -0.7391036260090295 -9.853853254107928 1.7018
    endloop
  endfacet
  facet normal -0.9807852804032303 -0.1950903220161283 0
    outer loop
      vertex 0.8 -10.16 1.7018
      vertex 0.7391036260090295 -9.853853254107928 0
      vertex 0.8 -10.16 0
    endloop
  endfacet
  facet normal 0.8314696123025461 -0.5555702330196011 4.652825352054417e-19
    outer loop
      vertex -0.7391036260090295 -9.853853254107928 0
      vertex -0.5656854249492381 -9.594314575050761 0
      vertex -0.5656854249492381 -9.594314575050761 1.7018
    endloop
  endfacet
  facet normal -0.8314696123025461 -0.5555702330196011 -4.652825352054417e-19
    outer loop
      vertex 0.5656854249492381 -9.594314575050761 0
      vertex 0.7391036260090295 -9.853853254107928 0
      vertex 0.7391036260090295 -9.853853254107928 1.7018
    endloop
  endfacet
  facet normal -0.5555702330196011 -0.8314696123025461 0
    outer loop
      vertex 0.5656854249492381 -9.594314575050761 0
      vertex 0.5656854249492381 -9.594314575050761 1.7018
      vertex 0.30614674589207186 -9.42089637399097 0
    endloop
  endfacet
  facet normal 0.5555702330196011 -0.8314696123025461 5.089817681105747e-18
    outer loop
      vertex -0.5656854249492381 -9.594314575050761 0
      vertex -0.30614674589207186 -9.42089637399097 0
      vertex -0.30614674589207186 -9.42089637399097 1.7018
    endloop
  endfacet
  facet normal 0.19509032201612994 -0.9807852804032302 0
    outer loop
      vertex 0 -9.36 0
      vertex 0 -9.36 1.7018
      vertex -0.30614674589207186 -9.42089637399097 0
    endloop
  endfacet
  facet normal -0.19509032201612994 -0.9807852804032302 2.614471126937245e-18
    outer loop
      vertex 0 -9.36 0
      vertex 0.30614674589207186 -9.42089637399097 0
      vertex 0.30614674589207186 -9.42089637399097 1.7018
    endloop
  endfacet
  facet normal 0.9807852804032303 -0.1950903220161283 -2.0038342294320465e-18
    outer loop
      vertex -0.7391036260090295 -9.853853254107928 1.7018
      vertex -0.8 -10.16 1.7018
      vertex -0.8 -10.16 0
    endloop
  endfacet
  facet normal 0.8314696123025461 -0.5555702330196011 4.652825352054417e-19
    outer loop
      vertex -0.5656854249492381 -9.594314575050761 1.7018
      vertex -0.7391036260090295 -9.853853254107928 1.7018
      vertex -0.7391036260090295 -9.853853254107928 0
    endloop
  endfacet
  facet normal -0.9807852804032303 -0.1950903220161283 2.0038342294320465e-18
    outer loop
      vertex 0.8 -10.16 1.7018
      vertex 0.7391036260090295 -9.853853254107928 1.7018
      vertex 0.7391036260090295 -9.853853254107928 0
    endloop
  endfacet
  facet normal 0.5555702330196011 -0.8314696123025461 0
    outer loop
      vertex -0.5656854249492381 -9.594314575050761 0
      vertex -0.30614674589207186 -9.42089637399097 1.7018
      vertex -0.5656854249492381 -9.594314575050761 1.7018
    endloop
  endfacet
  facet normal -0.8314696123025461 -0.5555702330196011 -4.652825352054417e-19
    outer loop
      vertex 0.7391036260090295 -9.853853254107928 1.7018
      vertex 0.5656854249492381 -9.594314575050761 1.7018
      vertex 0.5656854249492381 -9.594314575050761 0
    endloop
  endfacet
  facet normal 0.19509032201612994 -0.9807852804032302 0
    outer loop
      vertex -0.30614674589207186 -9.42089637399097 0
      vertex 0 -9.36 1.7018
      vertex -0.30614674589207186 -9.42089637399097 1.7018
    endloop
  endfacet
  facet normal -0.19509032201612994 -0.9807852804032302 0
    outer loop
      vertex 0 -9.36 0
      vertex 0.30614674589207186 -9.42089637399097 1.7018
      vertex 0 -9.36 1.7018
    endloop
  endfacet
  facet normal -0.5555702330196011 -0.8314696123025461 0
    outer loop
      vertex 0.30614674589207186 -9.42089637399097 0
      vertex 0.5656854249492381 -9.594314575050761 1.7018
      vertex 0.30614674589207186 -9.42089637399097 1.7018
    endloop
  endfacet
  facet normal 0.9807852804032301 -0.19509032201613005 -2.1117347016937058e-18
    outer loop
      vertex 18.27 -10.16 0
      vertex 18.33089637399097 -9.853853254107928 0
      vertex 18.33089637399097 -9.853853254107928 1.7018
    endloop
  endfacet
  facet normal -0.9807852804032301 -0.19509032201613005 0
    outer loop
      vertex 19.87 -10.16 0
      vertex 19.87 -10.16 1.7018
      vertex 19.80910362600903 -9.853853254107928 0
    endloop
  endfacet
  facet normal 0.8314696123025441 -0.555570233019604 -1.736708950204774e-18
    outer loop
      vertex 18.33089637399097 -9.853853254107928 0
      vertex 18.504314575050763 -9.594314575050761 0
      vertex 18.504314575050763 -9.594314575050761 1.7018
    endloop
  endfacet
  facet normal -0.8314696123025441 -0.555570233019604 1.736708950204774e-18
    outer loop
      vertex 19.635685424949237 -9.594314575050761 0
      vertex 19.80910362600903 -9.853853254107928 0
      vertex 19.80910362600903 -9.853853254107928 1.7018
    endloop
  endfacet
  facet normal -0.5555702330196026 -0.8314696123025449 -3.929825467281648e-19
    outer loop
      vertex 19.376146745892072 -9.42089637399097 0
      vertex 19.635685424949237 -9.594314575050761 0
      vertex 19.635685424949237 -9.594314575050761 1.7018
    endloop
  endfacet
  facet normal 0.5555702330196026 -0.8314696123025449 0
    outer loop
      vertex 18.76385325410793 -9.42089637399097 0
      vertex 18.76385325410793 -9.42089637399097 1.7018
      vertex 18.504314575050763 -9.594314575050761 0
    endloop
  endfacet
  facet normal 0.19509032201613005 -0.9807852804032301 0
    outer loop
      vertex 19.07 -9.36 0
      vertex 19.07 -9.36 1.7018
      vertex 18.76385325410793 -9.42089637399097 0
    endloop
  endfacet
  facet normal -0.19509032201613005 -0.9807852804032301 0
    outer loop
      vertex 19.376146745892072 -9.42089637399097 0
      vertex 19.376146745892072 -9.42089637399097 1.7018
      vertex 19.07 -9.36 0
    endloop
  endfacet
  facet normal 0.9807852804032301 -0.19509032201613005 0
    outer loop
      vertex 18.27 -10.16 1.7018
      vertex 18.27 -10.16 0
      vertex 18.33089637399097 -9.853853254107928 1.7018
    endloop
  endfacet
  facet normal 0.8314696123025441 -0.555570233019604 -1.736708950204774e-18
    outer loop
      vertex 18.504314575050763 -9.594314575050761 1.7018
      vertex 18.33089637399097 -9.853853254107928 1.7018
      vertex 18.33089637399097 -9.853853254107928 0
    endloop
  endfacet
  facet normal -0.9807852804032301 -0.19509032201613005 2.1117347016937058e-18
    outer loop
      vertex 19.87 -10.16 1.7018
      vertex 19.80910362600903 -9.853853254107928 1.7018
      vertex 19.80910362600903 -9.853853254107928 0
    endloop
  endfacet
  facet normal 0.5555702330196026 -0.8314696123025449 3.929825467281648e-19
    outer loop
      vertex 18.76385325410793 -9.42089637399097 1.7018
      vertex 18.504314575050763 -9.594314575050761 1.7018
      vertex 18.504314575050763 -9.594314575050761 0
    endloop
  endfacet
  facet normal -0.8314696123025441 -0.555570233019604 1.736708950204774e-18
    outer loop
      vertex 19.80910362600903 -9.853853254107928 1.7018
      vertex 19.635685424949237 -9.594314575050761 1.7018
      vertex 19.635685424949237 -9.594314575050761 0
    endloop
  endfacet
  facet normal 0.19509032201613005 -0.9807852804032301 0
    outer loop
      vertex 18.76385325410793 -9.42089637399097 0
      vertex 19.07 -9.36 1.7018
      vertex 18.76385325410793 -9.42089637399097 1.7018
    endloop
  endfacet
  facet normal -0.19509032201613005 -0.9807852804032301 0
    outer loop
      vertex 19.07 -9.36 0
      vertex 19.376146745892072 -9.42089637399097 1.7018
      vertex 19.07 -9.36 1.7018
    endloop
  endfacet
  facet normal -0.5555702330196026 -0.8314696123025449 0
    outer loop
      vertex 19.376146745892072 -9.42089637399097 0
      vertex 19.635685424949237 -9.594314575050761 1.7018
      vertex 19.376146745892072 -9.42089637399097 1.7018
    endloop
  endfacet
  facet normal 0.9807852804032301 -0.19509032201613005 -2.1117347016937058e-18
    outer loop
      vertex 20.77 -10.16 0
      vertex 20.83089637399097 -9.853853254107928 0
      vertex 20.83089637399097 -9.853853254107928 1.7018
    endloop
  endfacet
  facet normal 0.8314696123025441 -0.555570233019604 -1.736708950204774e-18
    outer loop
      vertex 20.83089637399097 -9.853853254107928 0
      vertex 21.004314575050763 -9.594314575050761 0
      vertex 21.004314575050763 -9.594314575050761 1.7018
    endloop
  endfacet
  facet normal 0.5555702330196026 -0.8314696123025449 0
    outer loop
      vertex 21.26385325410793 -9.42089637399097 0
      vertex 21.26385325410793 -9.42089637399097 1.7018
      vertex 21.004314575050763 -9.594314575050761 0
    endloop
  endfacet
  facet normal 0.19509032201613005 -0.9807852804032301 0
    outer loop
      vertex 21.57 -9.36 0
      vertex 21.57 -9.36 1.7018
      vertex 21.26385325410793 -9.42089637399097 0
    endloop
  endfacet
  facet normal -0.9807852804032301 -0.19509032201613005 0
    outer loop
      vertex 22.37 -10.16 0
      vertex 22.37 -10.16 1.7018
      vertex 22.30910362600903 -9.853853254107928 0
    endloop
  endfacet
  facet normal -0.8314696123025441 -0.555570233019604 1.736708950204774e-18
    outer loop
      vertex 22.135685424949237 -9.594314575050761 0
      vertex 22.30910362600903 -9.853853254107928 0
      vertex 22.30910362600903 -9.853853254107928 1.7018
    endloop
  endfacet
  facet normal -0.5555702330196026 -0.8314696123025449 -3.929825467281648e-19
    outer loop
      vertex 21.876146745892072 -9.42089637399097 0
      vertex 22.135685424949237 -9.594314575050761 0
      vertex 22.135685424949237 -9.594314575050761 1.7018
    endloop
  endfacet
  facet normal -0.19509032201613005 -0.9807852804032301 0
    outer loop
      vertex 21.876146745892072 -9.42089637399097 0
      vertex 21.876146745892072 -9.42089637399097 1.7018
      vertex 21.57 -9.36 0
    endloop
  endfacet
  facet normal 0.9807852804032301 -0.19509032201613005 0
    outer loop
      vertex 20.77 -10.16 1.7018
      vertex 20.77 -10.16 0
      vertex 20.83089637399097 -9.853853254107928 1.7018
    endloop
  endfacet
  facet normal 0.8314696123025441 -0.555570233019604 -1.736708950204774e-18
    outer loop
      vertex 21.004314575050763 -9.594314575050761 1.7018
      vertex 20.83089637399097 -9.853853254107928 1.7018
      vertex 20.83089637399097 -9.853853254107928 0
    endloop
  endfacet
  facet normal 0.5555702330196026 -0.8314696123025449 3.929825467281648e-19
    outer loop
      vertex 21.26385325410793 -9.42089637399097 1.7018
      vertex 21.004314575050763 -9.594314575050761 1.7018
      vertex 21.004314575050763 -9.594314575050761 0
    endloop
  endfacet
  facet normal 0.19509032201613005 -0.9807852804032301 0
    outer loop
      vertex 21.26385325410793 -9.42089637399097 0
      vertex 21.57 -9.36 1.7018
      vertex 21.26385325410793 -9.42089637399097 1.7018
    endloop
  endfacet
  facet normal -0.9807852804032301 -0.19509032201613005 2.1117347016937058e-18
    outer loop
      vertex 22.37 -10.16 1.7018
      vertex 22.30910362600903 -9.853853254107928 1.7018
      vertex 22.30910362600903 -9.853853254107928 0
    endloop
  endfacet
  facet normal -0.8314696123025441 -0.555570233019604 1.736708950204774e-18
    outer loop
      vertex 22.30910362600903 -9.853853254107928 1.7018
      vertex 22.135685424949237 -9.594314575050761 1.7018
      vertex 22.135685424949237 -9.594314575050761 0
    endloop
  endfacet
  facet normal -0.5555702330196026 -0.8314696123025449 0
    outer loop
      vertex 21.876146745892072 -9.42089637399097 1.7018
      vertex 21.876146745892072 -9.42089637399097 0
      vertex 22.135685424949237 -9.594314575050761 1.7018
    endloop
  endfacet
  facet normal -0.19509032201613005 -0.9807852804032301 0
    outer loop
      vertex 21.57 -9.36 0
      vertex 21.876146745892072 -9.42089637399097 1.7018
      vertex 21.57 -9.36 1.7018
    endloop
  endfacet
  facet normal 0.4275550934302824 0.9039892931234432 -1.4077853666131803e-17
    outer loop
      vertex 18.667572939047542 -3.9893118213837364 0.79
      vertex 18.284508890385343 -3.8081360194561977 0.79
      vertex 18.284508890385343 -3.8081360194561977 1.7018
    endloop
  endfacet
  facet normal 0.2429801799032646 0.9700312531945439 0
    outer loop
      vertex 19.066550763615233 -4.1320683696916785 0.79
      vertex 19.066550763615233 -4.1320683696916785 1.7018
      vertex 19.477599989534358 -4.23503084078115 0.79
    endloop
  endfacet
  facet normal 0.14673047445536172 0.989176509964781 0
    outer loop
      vertex 19.477599989534358 -4.23503084078115 0.79
      vertex 19.477599989534358 -4.23503084078115 1.7018
      vertex 19.89676198805696 -4.297207649770547 0.79
    endloop
  endfacet
  facet normal 0.3368898533922195 0.941544065183021 -7.996836307651371e-18
    outer loop
      vertex 19.066550763615233 -4.1320683696916785 0.79
      vertex 18.667572939047542 -3.9893118213837364 0.79
      vertex 18.667572939047542 -3.9893118213837364 1.7018
    endloop
  endfacet
  facet normal 0.049067674327417515 0.9987954562051724 0
    outer loop
      vertex 19.89676198805696 -4.297207649770547 0.79
      vertex 19.89676198805696 -4.297207649770547 1.7018
      vertex 20.32 -4.3180000000000005 0.79
    endloop
  endfacet
  facet normal -0.049067674327417515 0.9987954562051724 0
    outer loop
      vertex 20.32 -4.3180000000000005 0.79
      vertex 20.32 -4.3180000000000005 1.7018
      vertex 20.743238011943042 -4.297207649770547 0.79
    endloop
  endfacet
  facet normal -0.14673047445536172 0.989176509964781 0
    outer loop
      vertex 20.743238011943042 -4.297207649770547 0.79
      vertex 20.743238011943042 -4.297207649770547 1.7018
      vertex 21.162400010465642 -4.23503084078115 0.79
    endloop
  endfacet
  facet normal -0.2429801799032646 0.9700312531945439 0
    outer loop
      vertex 21.162400010465642 -4.23503084078115 0.79
      vertex 21.162400010465642 -4.23503084078115 1.7018
      vertex 21.573449236384768 -4.1320683696916785 0.79
    endloop
  endfacet
  facet normal 0.5141027441932208 0.8577286100002727 0
    outer loop
      vertex 17.921047733821357 -3.590285785922391 0.79
      vertex 17.921047733821357 -3.590285785922391 1.7018
      vertex 18.284508890385343 -3.8081360194561977 0.79
    endloop
  endfacet
  facet normal 0.5956993044924337 0.8032075314806447 -1.0136817916274106e-17
    outer loop
      vertex 17.921047733821357 -3.590285785922391 0.79
      vertex 17.58068979898138 -3.3378591376202986 0.79
      vertex 17.58068979898138 -3.3378591376202986 1.7018
    endloop
  endfacet
  facet normal 0.6715589548470164 0.7409511253549609 1.0561862020639862e-17
    outer loop
      vertex 17.58068979898138 -3.3378591376202986 0.79
      vertex 17.266712918836486 -3.053287081163513 0.79
      vertex 17.266712918836486 -3.053287081163513 1.7018
    endloop
  endfacet
  facet normal 0.7409511253549609 0.6715589548470162 -1.4324595850807994e-17
    outer loop
      vertex 17.266712918836486 -3.053287081163513 0.79
      vertex 16.9821408623797 -2.7393102010186214 0.79
      vertex 16.9821408623797 -2.7393102010186214 1.7018
    endloop
  endfacet
  facet normal -0.3368898533922195 0.941544065183021 0
    outer loop
      vertex 21.573449236384768 -4.1320683696916785 0.79
      vertex 21.573449236384768 -4.1320683696916785 1.7018
      vertex 21.97242706095246 -3.9893118213837364 0.79
    endloop
  endfacet
  facet normal -0.4275550934302824 0.9039892931234432 0
    outer loop
      vertex 21.97242706095246 -3.9893118213837364 0.79
      vertex 21.97242706095246 -3.9893118213837364 1.7018
      vertex 22.355491109614658 -3.8081360194561977 0.79
    endloop
  endfacet
  facet normal -0.5141027441932208 0.8577286100002727 0
    outer loop
      vertex 22.355491109614658 -3.8081360194561977 0.79
      vertex 22.355491109614658 -3.8081360194561977 1.7018
      vertex 22.718952266178643 -3.590285785922391 0.79
    endloop
  endfacet
  facet normal -0.5956993044924337 0.8032075314806447 0
    outer loop
      vertex 22.718952266178643 -3.590285785922391 0.79
      vertex 22.718952266178643 -3.590285785922391 1.7018
      vertex 23.059310201018622 -3.3378591376202986 0.79
    endloop
  endfacet
  facet normal -0.6715589548470164 0.7409511253549609 0
    outer loop
      vertex 23.059310201018622 -3.3378591376202986 0.79
      vertex 23.059310201018622 -3.3378591376202986 1.7018
      vertex 23.373287081163515 -3.053287081163513 0.79
    endloop
  endfacet
  facet normal -0.7409511253549609 0.6715589548470162 0
    outer loop
      vertex 23.373287081163515 -3.053287081163513 0.79
      vertex 23.373287081163515 -3.053287081163513 1.7018
      vertex 23.6578591376203 -2.7393102010186214 0.79
    endloop
  endfacet
  facet normal -0.8032075314806462 0.5956993044924317 0
    outer loop
      vertex 23.6578591376203 -2.7393102010186214 0.79
      vertex 23.6578591376203 -2.7393102010186214 1.7018
      vertex 23.91028578592239 -2.3989522661786427 0.79
    endloop
  endfacet
  facet normal 0.8032075314806462 0.5956993044924317 1.4084929596204566e-17
    outer loop
      vertex 16.9821408623797 -2.7393102010186214 0.79
      vertex 16.72971421407761 -2.3989522661786427 0.79
      vertex 16.72971421407761 -2.3989522661786427 1.7018
    endloop
  endfacet
  facet normal 0.8577286100002691 0.5141027441932267 0
    outer loop
      vertex 16.5118639805438 -2.035491109614658 0.79
      vertex 16.5118639805438 -2.035491109614658 1.7018
      vertex 16.72971421407761 -2.3989522661786427 0.79
    endloop
  endfacet
  facet normal 0.903989293123445 0.4275550934302784 3.251119515585726e-18
    outer loop
      vertex 16.5118639805438 -2.035491109614658 0.79
      vertex 16.330688178616263 -1.6524270609524578 0.79
      vertex 16.330688178616263 -1.6524270609524578 1.7018
    endloop
  endfacet
  facet normal 0.9415440651830196 0.33688985339222344 -1.2851117424078363e-18
    outer loop
      vertex 16.330688178616263 -1.6524270609524578 0.79
      vertex 16.18793163030832 -1.2534492363847685 0.79
      vertex 16.18793163030832 -1.2534492363847685 1.7018
    endloop
  endfacet
  facet normal 0.970031253194545 0.24298017990325999 -7.882654532022424e-18
    outer loop
      vertex 16.18793163030832 -1.2534492363847685 0.79
      vertex 16.08496915921885 -0.8424000104656418 0.79
      vertex 16.08496915921885 -0.8424000104656418 1.7018
    endloop
  endfacet
  facet normal 0.9891765099647802 0.1467304744553663 -1.320809708545872e-19
    outer loop
      vertex 16.08496915921885 -0.8424000104656418 0.79
      vertex 16.02279235022945 -0.4232380119430427 0.79
      vertex 16.02279235022945 -0.4232380119430427 1.7018
    endloop
  endfacet
  facet normal 0.9987954562051726 0.049067674327415295 -1.1313069186307812e-18
    outer loop
      vertex 16.02279235022945 -0.4232380119430427 0.79
      vertex 16.002 0 0.79
      vertex 16.002 0 1.7018
    endloop
  endfacet
  facet normal -0.8577286100002691 0.5141027441932267 0
    outer loop
      vertex 23.91028578592239 -2.3989522661786427 0.79
      vertex 23.91028578592239 -2.3989522661786427 1.7018
      vertex 24.1281360194562 -2.035491109614658 0.79
    endloop
  endfacet
  facet normal -0.903989293123445 0.4275550934302784 0
    outer loop
      vertex 24.1281360194562 -2.035491109614658 0.79
      vertex 24.1281360194562 -2.035491109614658 1.7018
      vertex 24.309311821383737 -1.6524270609524578 0.79
    endloop
  endfacet
  facet normal -0.9415440651830196 0.33688985339222344 0
    outer loop
      vertex 24.309311821383737 -1.6524270609524578 0.79
      vertex 24.309311821383737 -1.6524270609524578 1.7018
      vertex 24.45206836969168 -1.2534492363847685 0.79
    endloop
  endfacet
  facet normal -0.970031253194545 0.24298017990325999 0
    outer loop
      vertex 24.45206836969168 -1.2534492363847685 0.79
      vertex 24.45206836969168 -1.2534492363847685 1.7018
      vertex 24.55503084078115 -0.8424000104656418 0.79
    endloop
  endfacet
  facet normal -0.9891765099647802 0.1467304744553663 0
    outer loop
      vertex 24.55503084078115 -0.8424000104656418 0.79
      vertex 24.55503084078115 -0.8424000104656418 1.7018
      vertex 24.61720764977055 -0.4232380119430427 0.79
    endloop
  endfacet
  facet normal -0.9987954562051726 0.049067674327415295 0
    outer loop
      vertex 24.61720764977055 -0.4232380119430427 0.79
      vertex 24.61720764977055 -0.4232380119430427 1.7018
      vertex 24.638 0 0.79
    endloop
  endfacet
  facet normal 0.2429801799032646 0.9700312531945439 0
    outer loop
      vertex 19.477599989534358 -4.23503084078115 0.79
      vertex 19.066550763615233 -4.1320683696916785 1.7018
      vertex 19.477599989534358 -4.23503084078115 1.7018
    endloop
  endfacet
  facet normal 0.14673047445536172 0.989176509964781 0
    outer loop
      vertex 19.89676198805696 -4.297207649770547 0.79
      vertex 19.477599989534358 -4.23503084078115 1.7018
      vertex 19.89676198805696 -4.297207649770547 1.7018
    endloop
  endfacet
  facet normal 0.3368898533922195 0.941544065183021 0
    outer loop
      vertex 19.066550763615233 -4.1320683696916785 0.79
      vertex 18.667572939047542 -3.9893118213837364 1.7018
      vertex 19.066550763615233 -4.1320683696916785 1.7018
    endloop
  endfacet
  facet normal 0.4275550934302824 0.9039892931234432 0
    outer loop
      vertex 18.667572939047542 -3.9893118213837364 0.79
      vertex 18.284508890385343 -3.8081360194561977 1.7018
      vertex 18.667572939047542 -3.9893118213837364 1.7018
    endloop
  endfacet
  facet normal 0.049067674327417515 0.9987954562051724 0
    outer loop
      vertex 20.32 -4.3180000000000005 0.79
      vertex 19.89676198805696 -4.297207649770547 1.7018
      vertex 20.32 -4.3180000000000005 1.7018
    endloop
  endfacet
  facet normal -0.049067674327417515 0.9987954562051724 0
    outer loop
      vertex 20.743238011943042 -4.297207649770547 0.79
      vertex 20.32 -4.3180000000000005 1.7018
      vertex 20.743238011943042 -4.297207649770547 1.7018
    endloop
  endfacet
  facet normal -0.14673047445536172 0.989176509964781 0
    outer loop
      vertex 21.162400010465642 -4.23503084078115 0.79
      vertex 20.743238011943042 -4.297207649770547 1.7018
      vertex 21.162400010465642 -4.23503084078115 1.7018
    endloop
  endfacet
  facet normal -0.2429801799032646 0.9700312531945439 0
    outer loop
      vertex 21.573449236384768 -4.1320683696916785 0.79
      vertex 21.162400010465642 -4.23503084078115 1.7018
      vertex 21.573449236384768 -4.1320683696916785 1.7018
    endloop
  endfacet
  facet normal 0.5141027441932208 0.8577286100002727 0
    outer loop
      vertex 18.284508890385343 -3.8081360194561977 0.79
      vertex 17.921047733821357 -3.590285785922391 1.7018
      vertex 18.284508890385343 -3.8081360194561977 1.7018
    endloop
  endfacet
  facet normal 0.5956993044924337 0.8032075314806447 0
    outer loop
      vertex 17.921047733821357 -3.590285785922391 0.79
      vertex 17.58068979898138 -3.3378591376202986 1.7018
      vertex 17.921047733821357 -3.590285785922391 1.7018
    endloop
  endfacet
  facet normal 0.6715589548470164 0.7409511253549609 0
    outer loop
      vertex 17.58068979898138 -3.3378591376202986 0.79
      vertex 17.266712918836486 -3.053287081163513 1.7018
      vertex 17.58068979898138 -3.3378591376202986 1.7018
    endloop
  endfacet
  facet normal 0.7409511253549609 0.6715589548470162 0
    outer loop
      vertex 17.266712918836486 -3.053287081163513 0.79
      vertex 16.9821408623797 -2.7393102010186214 1.7018
      vertex 17.266712918836486 -3.053287081163513 1.7018
    endloop
  endfacet
  facet normal 0.8032075314806462 0.5956993044924317 0
    outer loop
      vertex 16.9821408623797 -2.7393102010186214 0.79
      vertex 16.72971421407761 -2.3989522661786427 1.7018
      vertex 16.9821408623797 -2.7393102010186214 1.7018
    endloop
  endfacet
  facet normal -0.3368898533922195 0.941544065183021 0
    outer loop
      vertex 21.97242706095246 -3.9893118213837364 0.79
      vertex 21.573449236384768 -4.1320683696916785 1.7018
      vertex 21.97242706095246 -3.9893118213837364 1.7018
    endloop
  endfacet
  facet normal -0.4275550934302824 0.9039892931234432 0
    outer loop
      vertex 22.355491109614658 -3.8081360194561977 0.79
      vertex 21.97242706095246 -3.9893118213837364 1.7018
      vertex 22.355491109614658 -3.8081360194561977 1.7018
    endloop
  endfacet
  facet normal -0.5141027441932208 0.8577286100002727 0
    outer loop
      vertex 22.718952266178643 -3.590285785922391 0.79
      vertex 22.355491109614658 -3.8081360194561977 1.7018
      vertex 22.718952266178643 -3.590285785922391 1.7018
    endloop
  endfacet
  facet normal -0.5956993044924337 0.8032075314806447 0
    outer loop
      vertex 23.059310201018622 -3.3378591376202986 0.79
      vertex 22.718952266178643 -3.590285785922391 1.7018
      vertex 23.059310201018622 -3.3378591376202986 1.7018
    endloop
  endfacet
  facet normal -0.6715589548470164 0.7409511253549609 0
    outer loop
      vertex 23.373287081163515 -3.053287081163513 0.79
      vertex 23.059310201018622 -3.3378591376202986 1.7018
      vertex 23.373287081163515 -3.053287081163513 1.7018
    endloop
  endfacet
  facet normal -0.7409511253549609 0.6715589548470162 0
    outer loop
      vertex 23.6578591376203 -2.7393102010186214 0.79
      vertex 23.373287081163515 -3.053287081163513 1.7018
      vertex 23.6578591376203 -2.7393102010186214 1.7018
    endloop
  endfacet
  facet normal 0.8577286100002691 0.5141027441932267 0
    outer loop
      vertex 16.72971421407761 -2.3989522661786427 0.79
      vertex 16.5118639805438 -2.035491109614658 1.7018
      vertex 16.72971421407761 -2.3989522661786427 1.7018
    endloop
  endfacet
  facet normal 0.903989293123445 0.4275550934302784 0
    outer loop
      vertex 16.5118639805438 -2.035491109614658 0.79
      vertex 16.330688178616263 -1.6524270609524578 1.7018
      vertex 16.5118639805438 -2.035491109614658 1.7018
    endloop
  endfacet
  facet normal 0.9415440651830196 0.33688985339222344 0
    outer loop
      vertex 16.330688178616263 -1.6524270609524578 0.79
      vertex 16.18793163030832 -1.2534492363847685 1.7018
      vertex 16.330688178616263 -1.6524270609524578 1.7018
    endloop
  endfacet
  facet normal 0.970031253194545 0.24298017990325999 0
    outer loop
      vertex 16.18793163030832 -1.2534492363847685 0.79
      vertex 16.08496915921885 -0.8424000104656418 1.7018
      vertex 16.18793163030832 -1.2534492363847685 1.7018
    endloop
  endfacet
  facet normal 0.9891765099647802 0.1467304744553663 0
    outer loop
      vertex 16.08496915921885 -0.8424000104656418 0.79
      vertex 16.02279235022945 -0.4232380119430427 1.7018
      vertex 16.08496915921885 -0.8424000104656418 1.7018
    endloop
  endfacet
  facet normal 0.9987954562051726 0.049067674327415295 0
    outer loop
      vertex 16.02279235022945 -0.4232380119430427 0.79
      vertex 16.002 0 1.7018
      vertex 16.02279235022945 -0.4232380119430427 1.7018
    endloop
  endfacet
  facet normal -0.8032075314806462 0.5956993044924317 0
    outer loop
      vertex 23.91028578592239 -2.3989522661786427 0.79
      vertex 23.6578591376203 -2.7393102010186214 1.7018
      vertex 23.91028578592239 -2.3989522661786427 1.7018
    endloop
  endfacet
  facet normal -0.8577286100002691 0.5141027441932267 0
    outer loop
      vertex 24.1281360194562 -2.035491109614658 0.79
      vertex 23.91028578592239 -2.3989522661786427 1.7018
      vertex 24.1281360194562 -2.035491109614658 1.7018
    endloop
  endfacet
  facet normal -0.903989293123445 0.4275550934302784 0
    outer loop
      vertex 24.309311821383737 -1.6524270609524578 0.79
      vertex 24.1281360194562 -2.035491109614658 1.7018
      vertex 24.309311821383737 -1.6524270609524578 1.7018
    endloop
  endfacet
  facet normal -0.9415440651830196 0.33688985339222344 0
    outer loop
      vertex 24.45206836969168 -1.2534492363847685 0.79
      vertex 24.309311821383737 -1.6524270609524578 1.7018
      vertex 24.45206836969168 -1.2534492363847685 1.7018
    endloop
  endfacet
  facet normal -0.970031253194545 0.24298017990325999 0
    outer loop
      vertex 24.55503084078115 -0.8424000104656418 0.79
      vertex 24.45206836969168 -1.2534492363847685 1.7018
      vertex 24.55503084078115 -0.8424000104656418 1.7018
    endloop
  endfacet
  facet normal -0.9891765099647802 0.1467304744553663 0
    outer loop
      vertex 24.61720764977055 -0.4232380119430427 0.79
      vertex 24.55503084078115 -0.8424000104656418 1.7018
      vertex 24.61720764977055 -0.4232380119430427 1.7018
    endloop
  endfacet
  facet normal -0.9987954562051726 0.049067674327415295 0
    outer loop
      vertex 24.638 0 0.79
      vertex 24.61720764977055 -0.4232380119430427 1.7018
      vertex 24.638 0 1.7018
    endloop
  endfacet
  facet normal 0.9987954562051726 -0.049067674327415295 1.1313069186307812e-18
    outer loop
      vertex 16.002 0 0.79
      vertex 16.02279235022945 0.4232380119430427 0.79
      vertex 16.02279235022945 0.4232380119430427 1.7018
    endloop
  endfacet
  facet normal 0.9891765099647802 -0.1467304744553663 1.320809708545872e-19
    outer loop
      vertex 16.02279235022945 0.4232380119430427 0.79
      vertex 16.08496915921885 0.8424000104656418 0.79
      vertex 16.08496915921885 0.8424000104656418 1.7018
    endloop
  endfacet
  facet normal 0.970031253194545 -0.24298017990325999 7.882654532022424e-18
    outer loop
      vertex 16.08496915921885 0.8424000104656418 0.79
      vertex 16.18793163030832 1.2534492363847685 0.79
      vertex 16.18793163030832 1.2534492363847685 1.7018
    endloop
  endfacet
  facet normal 0.9415440651830196 -0.33688985339222344 1.2851117424078363e-18
    outer loop
      vertex 16.18793163030832 1.2534492363847685 0.79
      vertex 16.330688178616263 1.6524270609524578 0.79
      vertex 16.330688178616263 1.6524270609524578 1.7018
    endloop
  endfacet
  facet normal 0.903989293123445 -0.4275550934302784 -3.251119515585726e-18
    outer loop
      vertex 16.330688178616263 1.6524270609524578 0.79
      vertex 16.5118639805438 2.035491109614658 0.79
      vertex 16.5118639805438 2.035491109614658 1.7018
    endloop
  endfacet
  facet normal 0.8577286100002691 -0.5141027441932267 -8.915790830411463e-18
    outer loop
      vertex 16.5118639805438 2.035491109614658 0.79
      vertex 16.72971421407761 2.3989522661786427 0.79
      vertex 16.72971421407761 2.3989522661786427 1.7018
    endloop
  endfacet
  facet normal -0.9987954562051726 -0.049067674327415295 0
    outer loop
      vertex 24.638 0 0.79
      vertex 24.638 0 1.7018
      vertex 24.61720764977055 0.4232380119430427 0.79
    endloop
  endfacet
  facet normal -0.9891765099647802 -0.1467304744553663 0
    outer loop
      vertex 24.61720764977055 0.4232380119430427 0.79
      vertex 24.61720764977055 0.4232380119430427 1.7018
      vertex 24.55503084078115 0.8424000104656418 0.79
    endloop
  endfacet
  facet normal -0.970031253194545 -0.24298017990325999 0
    outer loop
      vertex 24.55503084078115 0.8424000104656418 0.79
      vertex 24.55503084078115 0.8424000104656418 1.7018
      vertex 24.45206836969168 1.2534492363847685 0.79
    endloop
  endfacet
  facet normal -0.9415440651830196 -0.33688985339222344 0
    outer loop
      vertex 24.45206836969168 1.2534492363847685 0.79
      vertex 24.45206836969168 1.2534492363847685 1.7018
      vertex 24.309311821383737 1.6524270609524578 0.79
    endloop
  endfacet
  facet normal -0.903989293123445 -0.4275550934302784 0
    outer loop
      vertex 24.309311821383737 1.6524270609524578 0.79
      vertex 24.309311821383737 1.6524270609524578 1.7018
      vertex 24.1281360194562 2.035491109614658 0.79
    endloop
  endfacet
  facet normal -0.8577286100002691 -0.5141027441932267 0
    outer loop
      vertex 24.1281360194562 2.035491109614658 0.79
      vertex 24.1281360194562 2.035491109614658 1.7018
      vertex 23.91028578592239 2.3989522661786427 0.79
    endloop
  endfacet
  facet normal -0.8032075314806462 -0.5956993044924317 1.4084929596204566e-17
    outer loop
      vertex 23.6578591376203 2.7393102010186214 0.79
      vertex 23.91028578592239 2.3989522661786427 0.79
      vertex 23.91028578592239 2.3989522661786427 1.7018
    endloop
  endfacet
  facet normal 0.8032075314806462 -0.5956993044924317 -1.4084929596204566e-17
    outer loop
      vertex 16.72971421407761 2.3989522661786427 0.79
      vertex 16.9821408623797 2.7393102010186214 0.79
      vertex 16.9821408623797 2.7393102010186214 1.7018
    endloop
  endfacet
  facet normal 0.7409511253549609 -0.6715589548470162 1.4324595850807994e-17
    outer loop
      vertex 16.9821408623797 2.7393102010186214 0.79
      vertex 17.266712918836486 3.053287081163513 0.79
      vertex 17.266712918836486 3.053287081163513 1.7018
    endloop
  endfacet
  facet normal 0.6715589548470164 -0.7409511253549609 -1.0561862020639862e-17
    outer loop
      vertex 17.266712918836486 3.053287081163513 0.79
      vertex 17.58068979898138 3.3378591376202986 0.79
      vertex 17.58068979898138 3.3378591376202986 1.7018
    endloop
  endfacet
  facet normal 0.5956993044924337 -0.8032075314806447 1.0136817916274106e-17
    outer loop
      vertex 17.58068979898138 3.3378591376202986 0.79
      vertex 17.921047733821357 3.590285785922391 0.79
      vertex 17.921047733821357 3.590285785922391 1.7018
    endloop
  endfacet
  facet normal 0.5141027441932208 -0.8577286100002727 -4.279478215676312e-18
    outer loop
      vertex 17.921047733821357 3.590285785922391 0.79
      vertex 18.284508890385343 3.8081360194561977 0.79
      vertex 18.284508890385343 3.8081360194561977 1.7018
    endloop
  endfacet
  facet normal 0.4275550934302824 -0.9039892931234432 1.4077853666131803e-17
    outer loop
      vertex 18.284508890385343 3.8081360194561977 0.79
      vertex 18.667572939047542 3.9893118213837364 0.79
      vertex 18.667572939047542 3.9893118213837364 1.7018
    endloop
  endfacet
  facet normal 0.3368898533922195 -0.941544065183021 7.996836307651371e-18
    outer loop
      vertex 18.667572939047542 3.9893118213837364 0.79
      vertex 19.066550763615233 4.1320683696916785 0.79
      vertex 19.066550763615233 4.1320683696916785 1.7018
    endloop
  endfacet
  facet normal 0.2429801799032646 -0.9700312531945439 -8.151031134921113e-18
    outer loop
      vertex 19.066550763615233 4.1320683696916785 0.79
      vertex 19.477599989534358 4.23503084078115 0.79
      vertex 19.477599989534358 4.23503084078115 1.7018
    endloop
  endfacet
  facet normal 0.14673047445536172 -0.989176509964781 2.4647807975560682e-18
    outer loop
      vertex 19.477599989534358 4.23503084078115 0.79
      vertex 19.89676198805696 4.297207649770547 0.79
      vertex 19.89676198805696 4.297207649770547 1.7018
    endloop
  endfacet
  facet normal 0.049067674327417515 -0.9987954562051724 1.3832412802282701e-18
    outer loop
      vertex 19.89676198805696 4.297207649770547 0.79
      vertex 20.32 4.3180000000000005 0.79
      vertex 20.32 4.3180000000000005 1.7018
    endloop
  endfacet
  facet normal -0.049067674327417515 -0.9987954562051724 0
    outer loop
      vertex 20.743238011943042 4.297207649770547 0.79
      vertex 20.743238011943042 4.297207649770547 1.7018
      vertex 20.32 4.3180000000000005 0.79
    endloop
  endfacet
  facet normal -0.14673047445536172 -0.989176509964781 -2.4647807975560682e-18
    outer loop
      vertex 20.743238011943042 4.297207649770547 0.79
      vertex 21.162400010465642 4.23503084078115 0.79
      vertex 21.162400010465642 4.23503084078115 1.7018
    endloop
  endfacet
  facet normal -0.2429801799032646 -0.9700312531945439 0
    outer loop
      vertex 21.573449236384768 4.1320683696916785 0.79
      vertex 21.573449236384768 4.1320683696916785 1.7018
      vertex 21.162400010465642 4.23503084078115 0.79
    endloop
  endfacet
  facet normal -0.7409511253549609 -0.6715589548470162 0
    outer loop
      vertex 23.6578591376203 2.7393102010186214 0.79
      vertex 23.6578591376203 2.7393102010186214 1.7018
      vertex 23.373287081163515 3.053287081163513 0.79
    endloop
  endfacet
  facet normal -0.6715589548470164 -0.7409511253549609 0
    outer loop
      vertex 23.373287081163515 3.053287081163513 0.79
      vertex 23.373287081163515 3.053287081163513 1.7018
      vertex 23.059310201018622 3.3378591376202986 0.79
    endloop
  endfacet
  facet normal -0.5956993044924337 -0.8032075314806447 0
    outer loop
      vertex 23.059310201018622 3.3378591376202986 0.79
      vertex 23.059310201018622 3.3378591376202986 1.7018
      vertex 22.718952266178643 3.590285785922391 0.79
    endloop
  endfacet
  facet normal -0.5141027441932208 -0.8577286100002727 0
    outer loop
      vertex 22.718952266178643 3.590285785922391 0.79
      vertex 22.718952266178643 3.590285785922391 1.7018
      vertex 22.355491109614658 3.8081360194561977 0.79
    endloop
  endfacet
  facet normal -0.4275550934302824 -0.9039892931234432 0
    outer loop
      vertex 22.355491109614658 3.8081360194561977 0.79
      vertex 22.355491109614658 3.8081360194561977 1.7018
      vertex 21.97242706095246 3.9893118213837364 0.79
    endloop
  endfacet
  facet normal -0.3368898533922195 -0.941544065183021 0
    outer loop
      vertex 21.97242706095246 3.9893118213837364 0.79
      vertex 21.97242706095246 3.9893118213837364 1.7018
      vertex 21.573449236384768 4.1320683696916785 0.79
    endloop
  endfacet
  facet normal 0.9987954562051726 -0.049067674327415295 0
    outer loop
      vertex 16.002 0 0.79
      vertex 16.02279235022945 0.4232380119430427 1.7018
      vertex 16.002 0 1.7018
    endloop
  endfacet
  facet normal 0.9891765099647802 -0.1467304744553663 0
    outer loop
      vertex 16.02279235022945 0.4232380119430427 0.79
      vertex 16.08496915921885 0.8424000104656418 1.7018
      vertex 16.02279235022945 0.4232380119430427 1.7018
    endloop
  endfacet
  facet normal 0.970031253194545 -0.24298017990325999 0
    outer loop
      vertex 16.08496915921885 0.8424000104656418 0.79
      vertex 16.18793163030832 1.2534492363847685 1.7018
      vertex 16.08496915921885 0.8424000104656418 1.7018
    endloop
  endfacet
  facet normal 0.9415440651830196 -0.33688985339222344 0
    outer loop
      vertex 16.18793163030832 1.2534492363847685 0.79
      vertex 16.330688178616263 1.6524270609524578 1.7018
      vertex 16.18793163030832 1.2534492363847685 1.7018
    endloop
  endfacet
  facet normal 0.903989293123445 -0.4275550934302784 0
    outer loop
      vertex 16.330688178616263 1.6524270609524578 0.79
      vertex 16.5118639805438 2.035491109614658 1.7018
      vertex 16.330688178616263 1.6524270609524578 1.7018
    endloop
  endfacet
  facet normal 0.8577286100002691 -0.5141027441932267 0
    outer loop
      vertex 16.5118639805438 2.035491109614658 0.79
      vertex 16.72971421407761 2.3989522661786427 1.7018
      vertex 16.5118639805438 2.035491109614658 1.7018
    endloop
  endfacet
  facet normal 0.8032075314806462 -0.5956993044924317 0
    outer loop
      vertex 16.72971421407761 2.3989522661786427 0.79
      vertex 16.9821408623797 2.7393102010186214 1.7018
      vertex 16.72971421407761 2.3989522661786427 1.7018
    endloop
  endfacet
  facet normal -0.9987954562051726 -0.049067674327415295 0
    outer loop
      vertex 24.61720764977055 0.4232380119430427 0.79
      vertex 24.638 0 1.7018
      vertex 24.61720764977055 0.4232380119430427 1.7018
    endloop
  endfacet
  facet normal -0.9891765099647802 -0.1467304744553663 0
    outer loop
      vertex 24.55503084078115 0.8424000104656418 0.79
      vertex 24.61720764977055 0.4232380119430427 1.7018
      vertex 24.55503084078115 0.8424000104656418 1.7018
    endloop
  endfacet
  facet normal -0.970031253194545 -0.24298017990325999 0
    outer loop
      vertex 24.45206836969168 1.2534492363847685 0.79
      vertex 24.55503084078115 0.8424000104656418 1.7018
      vertex 24.45206836969168 1.2534492363847685 1.7018
    endloop
  endfacet
  facet normal -0.9415440651830196 -0.33688985339222344 0
    outer loop
      vertex 24.309311821383737 1.6524270609524578 0.79
      vertex 24.45206836969168 1.2534492363847685 1.7018
      vertex 24.309311821383737 1.6524270609524578 1.7018
    endloop
  endfacet
  facet normal -0.903989293123445 -0.4275550934302784 0
    outer loop
      vertex 24.1281360194562 2.035491109614658 0.79
      vertex 24.309311821383737 1.6524270609524578 1.7018
      vertex 24.1281360194562 2.035491109614658 1.7018
    endloop
  endfacet
  facet normal -0.8577286100002691 -0.5141027441932267 0
    outer loop
      vertex 23.91028578592239 2.3989522661786427 0.79
      vertex 24.1281360194562 2.035491109614658 1.7018
      vertex 23.91028578592239 2.3989522661786427 1.7018
    endloop
  endfacet
  facet normal 0.7409511253549609 -0.6715589548470162 0
    outer loop
      vertex 16.9821408623797 2.7393102010186214 0.79
      vertex 17.266712918836486 3.053287081163513 1.7018
      vertex 16.9821408623797 2.7393102010186214 1.7018
    endloop
  endfacet
  facet normal 0.6715589548470164 -0.7409511253549609 0
    outer loop
      vertex 17.266712918836486 3.053287081163513 0.79
      vertex 17.58068979898138 3.3378591376202986 1.7018
      vertex 17.266712918836486 3.053287081163513 1.7018
    endloop
  endfacet
  facet normal 0.5956993044924337 -0.8032075314806447 0
    outer loop
      vertex 17.58068979898138 3.3378591376202986 0.79
      vertex 17.921047733821357 3.590285785922391 1.7018
      vertex 17.58068979898138 3.3378591376202986 1.7018
    endloop
  endfacet
  facet normal 0.5141027441932208 -0.8577286100002727 0
    outer loop
      vertex 17.921047733821357 3.590285785922391 0.79
      vertex 18.284508890385343 3.8081360194561977 1.7018
      vertex 17.921047733821357 3.590285785922391 1.7018
    endloop
  endfacet
  facet normal 0.4275550934302824 -0.9039892931234432 0
    outer loop
      vertex 18.284508890385343 3.8081360194561977 0.79
      vertex 18.667572939047542 3.9893118213837364 1.7018
      vertex 18.284508890385343 3.8081360194561977 1.7018
    endloop
  endfacet
  facet normal 0.3368898533922195 -0.941544065183021 0
    outer loop
      vertex 18.667572939047542 3.9893118213837364 0.79
      vertex 19.066550763615233 4.1320683696916785 1.7018
      vertex 18.667572939047542 3.9893118213837364 1.7018
    endloop
  endfacet
  facet normal 0.2429801799032646 -0.9700312531945439 0
    outer loop
      vertex 19.066550763615233 4.1320683696916785 0.79
      vertex 19.477599989534358 4.23503084078115 1.7018
      vertex 19.066550763615233 4.1320683696916785 1.7018
    endloop
  endfacet
  facet normal 0.14673047445536172 -0.989176509964781 0
    outer loop
      vertex 19.477599989534358 4.23503084078115 0.79
      vertex 19.89676198805696 4.297207649770547 1.7018
      vertex 19.477599989534358 4.23503084078115 1.7018
    endloop
  endfacet
  facet normal 0.049067674327417515 -0.9987954562051724 0
    outer loop
      vertex 19.89676198805696 4.297207649770547 0.79
      vertex 20.32 4.3180000000000005 1.7018
      vertex 19.89676198805696 4.297207649770547 1.7018
    endloop
  endfacet
  facet normal -0.049067674327417515 -0.9987954562051724 0
    outer loop
      vertex 20.32 4.3180000000000005 0.79
      vertex 20.743238011943042 4.297207649770547 1.7018
      vertex 20.32 4.3180000000000005 1.7018
    endloop
  endfacet
  facet normal -0.14673047445536172 -0.989176509964781 0
    outer loop
      vertex 20.743238011943042 4.297207649770547 0.79
      vertex 21.162400010465642 4.23503084078115 1.7018
      vertex 20.743238011943042 4.297207649770547 1.7018
    endloop
  endfacet
  facet normal -0.2429801799032646 -0.9700312531945439 0
    outer loop
      vertex 21.162400010465642 4.23503084078115 0.79
      vertex 21.573449236384768 4.1320683696916785 1.7018
      vertex 21.162400010465642 4.23503084078115 1.7018
    endloop
  endfacet
  facet normal -0.8032075314806462 -0.5956993044924317 0
    outer loop
      vertex 23.6578591376203 2.7393102010186214 0.79
      vertex 23.91028578592239 2.3989522661786427 1.7018
      vertex 23.6578591376203 2.7393102010186214 1.7018
    endloop
  endfacet
  facet normal -0.7409511253549609 -0.6715589548470162 0
    outer loop
      vertex 23.373287081163515 3.053287081163513 0.79
      vertex 23.6578591376203 2.7393102010186214 1.7018
      vertex 23.373287081163515 3.053287081163513 1.7018
    endloop
  endfacet
  facet normal -0.6715589548470164 -0.7409511253549609 0
    outer loop
      vertex 23.059310201018622 3.3378591376202986 0.79
      vertex 23.373287081163515 3.053287081163513 1.7018
      vertex 23.059310201018622 3.3378591376202986 1.7018
    endloop
  endfacet
  facet normal -0.5956993044924337 -0.8032075314806447 0
    outer loop
      vertex 22.718952266178643 3.590285785922391 0.79
      vertex 23.059310201018622 3.3378591376202986 1.7018
      vertex 22.718952266178643 3.590285785922391 1.7018
    endloop
  endfacet
  facet normal -0.5141027441932208 -0.8577286100002727 0
    outer loop
      vertex 22.355491109614658 3.8081360194561977 0.79
      vertex 22.718952266178643 3.590285785922391 1.7018
      vertex 22.355491109614658 3.8081360194561977 1.7018
    endloop
  endfacet
  facet normal -0.4275550934302824 -0.9039892931234432 0
    outer loop
      vertex 21.97242706095246 3.9893118213837364 0.79
      vertex 22.355491109614658 3.8081360194561977 1.7018
      vertex 21.97242706095246 3.9893118213837364 1.7018
    endloop
  endfacet
  facet normal -0.3368898533922195 -0.941544065183021 0
    outer loop
      vertex 21.573449236384768 4.1320683696916785 0.79
      vertex 21.97242706095246 3.9893118213837364 1.7018
      vertex 21.573449236384768 4.1320683696916785 1.7018
    endloop
  endfacet
  facet normal 0.3025092438137919 0.639602057560634 -0.7066805256772053
    outer loop
      vertex 18.284508890385343 -3.8081360194561977 0.79
      vertex 18.36525302747912 -4.719176652067652 0
      vertex 17.912105468292804 -4.504853818291398 0
    endloop
  endfacet
  facet normal 0.4214767848901634 0.5682956575826005 -0.7066805256772049
    outer loop
      vertex 17.58068979898138 -3.3378591376202986 0.79
      vertex 17.48214724973587 -4.247146779641401 0
      vertex 17.0795191044921 -3.9485373957768606 0
    endloop
  endfacet
  facet normal 0.3637445437516379 0.6068711078305686 -0.7066805256772053
    outer loop
      vertex 17.921047733821357 -3.590285785922391 0.79
      vertex 17.912105468292804 -4.504853818291398 0
      vertex 17.48214724973587 -4.247146779641401 0
    endloop
  endfacet
  facet normal 0.1038166204869897 0.6998748059040627 -0.7066805256772053
    outer loop
      vertex 19.477599989534358 -4.23503084078115 0.79
      vertex 19.819328447196604 -5.083403583841583 0
      vertex 19.32347863514162 -5.009851212299702 0
    endloop
  endfacet
  facet normal 0.17191644214679755 0.6863289091595777 -0.706680525677205
    outer loop
      vertex 19.066550763615233 -4.1320683696916785 0.79
      vertex 19.32347863514162 -5.009851212299702 0
      vertex 18.83722586858421 -4.888051234920123 0
    endloop
  endfacet
  facet normal 0.23836061448964482 0.6661732898343403 -0.7066805256772052
    outer loop
      vertex 18.667572939047542 -3.9893118213837364 0.79
      vertex 18.83722586858421 -4.888051234920123 0
      vertex 18.36525302747912 -4.719176652067652 0
    endloop
  endfacet
  facet normal 0.03471698801995132 0.7066805256772053 -0.7066805256772054
    outer loop
      vertex 19.89676198805696 -4.297207649770547 0.79
      vertex 20.32 -5.1080000000000005 0
      vertex 19.819328447196604 -5.083403583841583 0
    endloop
  endfacet
  facet normal -0.0347169880199515 0.7066805256772054 -0.7066805256772054
    outer loop
      vertex 20.32 -4.3180000000000005 0.79
      vertex 20.820671552803397 -5.083403583841583 0
      vertex 20.32 -5.1080000000000005 0
    endloop
  endfacet
  facet normal -0.10381662048698975 0.6998748059040621 -0.7066805256772055
    outer loop
      vertex 20.743238011943042 -4.297207649770547 0.79
      vertex 21.31652136485838 -5.009851212299702 0
      vertex 20.820671552803397 -5.083403583841583 0
    endloop
  endfacet
  facet normal -0.1719164421467977 0.6863289091595777 -0.706680525677205
    outer loop
      vertex 21.162400010465642 -4.23503084078115 0.79
      vertex 21.80277413141579 -4.888051234920123 0
      vertex 21.31652136485838 -5.009851212299702 0
    endloop
  endfacet
  facet normal 0.5242472094901084 0.47514997418754384 -0.706680525677205
    outer loop
      vertex 16.9821408623797 -2.7393102010186214 0.79
      vertex 16.708098561699114 -3.6119014383008854 0
      vertex 16.37146260422314 -3.2404808955079014 0
    endloop
  endfacet
  facet normal 0.4751499741875435 0.5242472094901085 -0.7066805256772052
    outer loop
      vertex 17.266712918836486 -3.053287081163513 0.79
      vertex 17.0795191044921 -3.9485373957768606 0
      vertex 16.708098561699114 -3.6119014383008854 0
    endloop
  endfacet
  facet normal 0.5682956575826013 0.4214767848901617 -0.7066805256772054
    outer loop
      vertex 16.72971421407761 -2.3989522661786427 0.79
      vertex 16.37146260422314 -3.2404808955079014 0
      vertex 16.0728532203586 -2.837852750264128 0
    endloop
  endfacet
  facet normal -0.23836061448964488 0.6661732898343404 -0.706680525677205
    outer loop
      vertex 21.573449236384768 -4.1320683696916785 0.79
      vertex 22.27474697252088 -4.719176652067652 0
      vertex 21.80277413141579 -4.888051234920123 0
    endloop
  endfacet
  facet normal -0.3025092438137919 0.6396020575606343 -0.7066805256772052
    outer loop
      vertex 21.97242706095246 -3.9893118213837364 0.79
      vertex 22.727894531707197 -4.504853818291398 0
      vertex 22.27474697252088 -4.719176652067652 0
    endloop
  endfacet
  facet normal -0.36374454375163773 0.6068711078305685 -0.7066805256772053
    outer loop
      vertex 22.355491109614658 -3.8081360194561977 0.79
      vertex 23.15785275026413 -4.247146779641401 0
      vertex 22.727894531707197 -4.504853818291398 0
    endloop
  endfacet
  facet normal -0.42147678489016316 0.5682956575826001 -0.7066805256772054
    outer loop
      vertex 22.718952266178643 -3.590285785922391 0.79
      vertex 23.5604808955079 -3.9485373957768606 0
      vertex 23.15785275026413 -4.247146779641401 0
    endloop
  endfacet
  facet normal -0.4751499741875437 0.5242472094901086 -0.7066805256772049
    outer loop
      vertex 23.059310201018622 -3.3378591376202986 0.79
      vertex 23.931901438300887 -3.6119014383008854 0
      vertex 23.5604808955079 -3.9485373957768606 0
    endloop
  endfacet
  facet normal -0.5242472094901083 0.47514997418754373 -0.7066805256772053
    outer loop
      vertex 23.373287081163515 -3.053287081163513 0.79
      vertex 24.26853739577686 -3.2404808955079014 0
      vertex 23.931901438300887 -3.6119014383008854 0
    endloop
  endfacet
  facet normal -0.5682956575826016 0.421476784890162 -0.7066805256772049
    outer loop
      vertex 23.6578591376203 -2.7393102010186214 0.79
      vertex 24.5671467796414 -2.837852750264128 0
      vertex 24.26853739577686 -3.2404808955079014 0
    endloop
  endfacet
  facet normal -0.6068711078305679 0.36374454375163895 -0.7066805256772053
    outer loop
      vertex 23.91028578592239 -2.3989522661786427 0.79
      vertex 24.8248538182914 -2.4078945317071963 0
      vertex 24.5671467796414 -2.837852750264128 0
    endloop
  endfacet
  facet normal 0.6068711078305685 0.36374454375163934 -0.7066805256772045
    outer loop
      vertex 16.5118639805438 -2.035491109614658 0.79
      vertex 16.0728532203586 -2.837852750264128 0
      vertex 15.815146181708602 -2.4078945317071963 0
    endloop
  endfacet
  facet normal 0.639602057560633 0.302509243813793 -0.7066805256772055
    outer loop
      vertex 16.330688178616263 -1.6524270609524578 0.79
      vertex 15.815146181708602 -2.4078945317071963 0
      vertex 15.600823347932346 -1.9547469725208786 0
    endloop
  endfacet
  facet normal 0.666173289834341 0.2383606144896445 -0.7066805256772045
    outer loop
      vertex 16.18793163030832 -1.2534492363847685 0.79
      vertex 15.600823347932346 -1.9547469725208786 0
      vertex 15.431948765079877 -1.4827741314157936 0
    endloop
  endfacet
  facet normal 0.686328909159577 0.17191644214679863 -0.7066805256772057
    outer loop
      vertex 16.08496915921885 -0.8424000104656418 0.79
      vertex 15.431948765079877 -1.4827741314157936 0
      vertex 15.310148787700298 -0.9965213648583832 0
    endloop
  endfacet
  facet normal 0.6998748059040639 0.10381662048698673 -0.7066805256772043
    outer loop
      vertex 16.02279235022945 -0.4232380119430427 0.79
      vertex 15.310148787700298 -0.9965213648583832 0
      vertex 15.236596416158418 -0.5006715528033956 0
    endloop
  endfacet
  facet normal 0.7066805256772056 0.034716988019952745 -0.7066805256772049
    outer loop
      vertex 16.002 0 0.79
      vertex 15.236596416158418 -0.5006715528033956 0
      vertex 15.212 0 0
    endloop
  endfacet
  facet normal -0.6396020575606352 0.3025092438137915 -0.7066805256772044
    outer loop
      vertex 24.1281360194562 -2.035491109614658 0.79
      vertex 25.039176652067653 -1.9547469725208786 0
      vertex 24.8248538182914 -2.4078945317071963 0
    endloop
  endfacet
  facet normal -0.66617328983434 0.23836061448964652 -0.706680525677205
    outer loop
      vertex 24.309311821383737 -1.6524270609524578 0.79
      vertex 25.208051234920124 -1.4827741314157936 0
      vertex 25.039176652067653 -1.9547469725208786 0
    endloop
  endfacet
  facet normal -0.6863289091595788 0.1719164421467965 -0.7066805256772045
    outer loop
      vertex 24.45206836969168 -1.2534492363847685 0.79
      vertex 25.3298512122997 -0.9965213648583832 0
      vertex 25.208051234920124 -1.4827741314157936 0
    endloop
  endfacet
  facet normal -0.6998748059040634 0.10381662048698666 -0.706680525677205
    outer loop
      vertex 24.55503084078115 -0.8424000104656418 0.79
      vertex 25.40340358384158 -0.5006715528033956 0
      vertex 25.3298512122997 -0.9965213648583832 0
    endloop
  endfacet
  facet normal -0.7066805256772071 0.03471698801995535 -0.7066805256772036
    outer loop
      vertex 24.61720764977055 -0.4232380119430427 0.79
      vertex 25.428 0 0
      vertex 25.40340358384158 -0.5006715528033956 0
    endloop
  endfacet
  facet normal 0.3637445437516374 0.6068711078305687 -0.7066805256772054
    outer loop
      vertex 17.921047733821357 -3.590285785922391 0.79
      vertex 18.284508890385343 -3.8081360194561977 0.79
      vertex 17.912105468292804 -4.504853818291398 0
    endloop
  endfacet
  facet normal 0.1719164421467978 0.6863289091595777 -0.706680525677205
    outer loop
      vertex 19.066550763615233 -4.1320683696916785 0.79
      vertex 19.477599989534358 -4.23503084078115 0.79
      vertex 19.32347863514162 -5.009851212299702 0
    endloop
  endfacet
  facet normal 0.1038166204869883 0.6998748059040624 -0.7066805256772055
    outer loop
      vertex 19.477599989534358 -4.23503084078115 0.79
      vertex 19.89676198805696 -4.297207649770547 0.79
      vertex 19.819328447196604 -5.083403583841583 0
    endloop
  endfacet
  facet normal 0.03471698801995186 0.7066805256772053 -0.7066805256772053
    outer loop
      vertex 19.89676198805696 -4.297207649770547 0.79
      vertex 20.32 -4.3180000000000005 0.79
      vertex 20.32 -5.1080000000000005 0
    endloop
  endfacet
  facet normal -0.03471698801995185 0.7066805256772052 -0.7066805256772055
    outer loop
      vertex 20.32 -4.3180000000000005 0.79
      vertex 20.743238011943042 -4.297207649770547 0.79
      vertex 20.820671552803397 -5.083403583841583 0
    endloop
  endfacet
  facet normal -0.10381662048698838 0.6998748059040629 -0.7066805256772052
    outer loop
      vertex 20.743238011943042 -4.297207649770547 0.79
      vertex 21.162400010465642 -4.23503084078115 0.79
      vertex 21.31652136485838 -5.009851212299702 0
    endloop
  endfacet
  facet normal 0.23836061448964524 0.6661732898343403 -0.706680525677205
    outer loop
      vertex 19.066550763615233 -4.1320683696916785 0.79
      vertex 18.83722586858421 -4.888051234920123 0
      vertex 18.667572939047542 -3.9893118213837364 0.79
    endloop
  endfacet
  facet normal 0.30250924381379257 0.6396020575606338 -0.7066805256772051
    outer loop
      vertex 18.667572939047542 -3.9893118213837364 0.79
      vertex 18.36525302747912 -4.719176652067652 0
      vertex 18.284508890385343 -3.8081360194561977 0.79
    endloop
  endfacet
  facet normal -0.1719164421467978 0.6863289091595777 -0.7066805256772051
    outer loop
      vertex 21.162400010465642 -4.23503084078115 0.79
      vertex 21.573449236384768 -4.1320683696916785 0.79
      vertex 21.80277413141579 -4.888051234920123 0
    endloop
  endfacet
  facet normal 0.42147678489016194 0.5682956575826009 -0.7066805256772053
    outer loop
      vertex 17.921047733821357 -3.590285785922391 0.79
      vertex 17.48214724973587 -4.247146779641401 0
      vertex 17.58068979898138 -3.3378591376202986 0.79
    endloop
  endfacet
  facet normal 0.4751499741875446 0.524247209490108 -0.7066805256772049
    outer loop
      vertex 17.58068979898138 -3.3378591376202986 0.79
      vertex 17.0795191044921 -3.9485373957768606 0
      vertex 17.266712918836486 -3.053287081163513 0.79
    endloop
  endfacet
  facet normal 0.5682956575826025 0.42147678489016077 -0.706680525677205
    outer loop
      vertex 16.9821408623797 -2.7393102010186214 0.79
      vertex 16.37146260422314 -3.2404808955079014 0
      vertex 16.72971421407761 -2.3989522661786427 0.79
    endloop
  endfacet
  facet normal 0.5242472094901077 0.4751499741875443 -0.7066805256772052
    outer loop
      vertex 17.266712918836486 -3.053287081163513 0.79
      vertex 16.708098561699114 -3.6119014383008854 0
      vertex 16.9821408623797 -2.7393102010186214 0.79
    endloop
  endfacet
  facet normal -0.23836061448964518 0.6661732898343402 -0.7066805256772052
    outer loop
      vertex 21.573449236384768 -4.1320683696916785 0.79
      vertex 21.97242706095246 -3.9893118213837364 0.79
      vertex 22.27474697252088 -4.719176652067652 0
    endloop
  endfacet
  facet normal -0.30250924381379246 0.6396020575606336 -0.7066805256772053
    outer loop
      vertex 21.97242706095246 -3.9893118213837364 0.79
      vertex 22.355491109614658 -3.8081360194561977 0.79
      vertex 22.727894531707197 -4.504853818291398 0
    endloop
  endfacet
  facet normal -0.36374454375163745 0.6068711078305689 -0.7066805256772053
    outer loop
      vertex 22.355491109614658 -3.8081360194561977 0.79
      vertex 22.718952266178643 -3.590285785922391 0.79
      vertex 23.15785275026413 -4.247146779641401 0
    endloop
  endfacet
  facet normal -0.4214767848901622 0.5682956575826014 -0.7066805256772049
    outer loop
      vertex 22.718952266178643 -3.590285785922391 0.79
      vertex 23.059310201018622 -3.3378591376202986 0.79
      vertex 23.5604808955079 -3.9485373957768606 0
    endloop
  endfacet
  facet normal -0.4751499741875444 0.5242472094901077 -0.7066805256772053
    outer loop
      vertex 23.059310201018622 -3.3378591376202986 0.79
      vertex 23.373287081163515 -3.053287081163513 0.79
      vertex 23.931901438300887 -3.6119014383008854 0
    endloop
  endfacet
  facet normal -0.524247209490108 0.47514997418754445 -0.706680525677205
    outer loop
      vertex 23.373287081163515 -3.053287081163513 0.79
      vertex 23.6578591376203 -2.7393102010186214 0.79
      vertex 24.26853739577686 -3.2404808955079014 0
    endloop
  endfacet
  facet normal -0.568295657582602 0.4214767848901605 -0.7066805256772054
    outer loop
      vertex 23.6578591376203 -2.7393102010186214 0.79
      vertex 23.91028578592239 -2.3989522661786427 0.79
      vertex 24.5671467796414 -2.837852750264128 0
    endloop
  endfacet
  facet normal 0.6068711078305662 0.3637445437516416 -0.7066805256772054
    outer loop
      vertex 16.5118639805438 -2.035491109614658 0.79
      vertex 16.72971421407761 -2.3989522661786427 0.79
      vertex 16.0728532203586 -2.837852750264128 0
    endloop
  endfacet
  facet normal 0.6396020575606358 0.3025092438137901 -0.7066805256772043
    outer loop
      vertex 16.5118639805438 -2.035491109614658 0.79
      vertex 15.815146181708602 -2.4078945317071963 0
      vertex 16.330688178616263 -1.6524270609524578 0.79
    endloop
  endfacet
  facet normal 0.6661732898343387 0.2383606144896478 -0.7066805256772056
    outer loop
      vertex 16.330688178616263 -1.6524270609524578 0.79
      vertex 15.600823347932346 -1.9547469725208786 0
      vertex 16.18793163030832 -1.2534492363847685 0.79
    endloop
  endfacet
  facet normal 0.6863289091595791 0.17191644214679466 -0.7066805256772044
    outer loop
      vertex 16.18793163030832 -1.2534492363847685 0.79
      vertex 15.431948765079877 -1.4827741314157936 0
      vertex 16.08496915921885 -0.8424000104656418 0.79
    endloop
  endfacet
  facet normal 0.6998748059040617 0.10381662048699153 -0.7066805256772057
    outer loop
      vertex 16.08496915921885 -0.8424000104656418 0.79
      vertex 15.310148787700298 -0.9965213648583832 0
      vertex 16.02279235022945 -0.4232380119430427 0.79
    endloop
  endfacet
  facet normal 0.7066805256772065 0.034716988019950344 -0.7066805256772042
    outer loop
      vertex 16.02279235022945 -0.4232380119430427 0.79
      vertex 15.236596416158418 -0.5006715528033956 0
      vertex 16.002 0 0.79
    endloop
  endfacet
  facet normal -0.6068711078305671 0.36374454375164217 -0.7066805256772043
    outer loop
      vertex 23.91028578592239 -2.3989522661786427 0.79
      vertex 24.1281360194562 -2.035491109614658 0.79
      vertex 24.8248538182914 -2.4078945317071963 0
    endloop
  endfacet
  facet normal -0.6396020575606354 0.30250924381378985 -0.7066805256772049
    outer loop
      vertex 24.1281360194562 -2.035491109614658 0.79
      vertex 24.309311821383737 -1.6524270609524578 0.79
      vertex 25.039176652067653 -1.9547469725208786 0
    endloop
  endfacet
  facet normal -0.6661732898343399 0.23836061448964824 -0.7066805256772044
    outer loop
      vertex 24.309311821383737 -1.6524270609524578 0.79
      vertex 24.45206836969168 -1.2534492363847685 0.79
      vertex 25.208051234920124 -1.4827741314157936 0
    endloop
  endfacet
  facet normal -0.6863289091595787 0.17191644214679452 -0.7066805256772051
    outer loop
      vertex 24.45206836969168 -1.2534492363847685 0.79
      vertex 24.55503084078115 -0.8424000104656418 0.79
      vertex 25.3298512122997 -0.9965213648583832 0
    endloop
  endfacet
  facet normal -0.699874805904064 0.10381662048699186 -0.7066805256772034
    outer loop
      vertex 24.55503084078115 -0.8424000104656418 0.79
      vertex 24.61720764977055 -0.4232380119430427 0.79
      vertex 25.40340358384158 -0.5006715528033956 0
    endloop
  endfacet
  facet normal -0.7066805256772059 0.03471698801995031 -0.706680525677205
    outer loop
      vertex 24.61720764977055 -0.4232380119430427 0.79
      vertex 24.638 0 0.79
      vertex 25.428 0 0
    endloop
  endfacet
  facet normal 0.7066805256772063 -0.03471698801995281 -0.7066805256772043
    outer loop
      vertex 16.02279235022945 0.4232380119430427 0.79
      vertex 15.212 0 0
      vertex 15.236596416158418 0.5006715528033956 0
    endloop
  endfacet
  facet normal 0.6998748059040627 -0.10381662048698662 -0.7066805256772057
    outer loop
      vertex 16.08496915921885 0.8424000104656418 0.79
      vertex 15.236596416158418 0.5006715528033956 0
      vertex 15.310148787700298 0.9965213648583832 0
    endloop
  endfacet
  facet normal 0.6863289091595781 -0.17191644214679888 -0.7066805256772045
    outer loop
      vertex 16.18793163030832 1.2534492363847685 0.79
      vertex 15.310148787700298 0.9965213648583832 0
      vertex 15.431948765079877 1.4827741314157936 0
    endloop
  endfacet
  facet normal 0.6661732898343401 -0.2383606144896441 -0.7066805256772055
    outer loop
      vertex 16.330688178616263 1.6524270609524578 0.79
      vertex 15.431948765079877 1.4827741314157936 0
      vertex 15.600823347932346 1.9547469725208786 0
    endloop
  endfacet
  facet normal 0.6396020575606343 -0.3025092438137937 -0.7066805256772045
    outer loop
      vertex 16.5118639805438 2.035491109614658 0.79
      vertex 15.600823347932346 1.9547469725208786 0
      vertex 15.815146181708602 2.4078945317071963 0
    endloop
  endfacet
  facet normal -0.7066805256772056 -0.03471698801995532 -0.7066805256772049
    outer loop
      vertex 24.638 0 0.79
      vertex 25.40340358384158 0.5006715528033956 0
      vertex 25.428 0 0
    endloop
  endfacet
  facet normal -0.6998748059040646 -0.10381662048698691 -0.7066805256772034
    outer loop
      vertex 24.61720764977055 0.4232380119430427 0.79
      vertex 25.3298512122997 0.9965213648583832 0
      vertex 25.40340358384158 0.5006715528033956 0
    endloop
  endfacet
  facet normal -0.6863289091595782 -0.1719164421467964 -0.706680525677205
    outer loop
      vertex 24.55503084078115 0.8424000104656418 0.79
      vertex 25.208051234920124 1.4827741314157936 0
      vertex 25.3298512122997 0.9965213648583832 0
    endloop
  endfacet
  facet normal -0.6396020575606347 -0.30250924381379135 -0.706680525677205
    outer loop
      vertex 24.309311821383737 1.6524270609524578 0.79
      vertex 24.8248538182914 2.4078945317071963 0
      vertex 25.039176652067653 1.9547469725208786 0
    endloop
  endfacet
  facet normal -0.6068711078305685 -0.36374454375163934 -0.7066805256772045
    outer loop
      vertex 24.1281360194562 2.035491109614658 0.79
      vertex 24.5671467796414 2.837852750264128 0
      vertex 24.8248538182914 2.4078945317071963 0
    endloop
  endfacet
  facet normal -0.6661732898343403 -0.2383606144896467 -0.7066805256772044
    outer loop
      vertex 24.45206836969168 1.2534492363847685 0.79
      vertex 25.039176652067653 1.9547469725208786 0
      vertex 25.208051234920124 1.4827741314157936 0
    endloop
  endfacet
  facet normal 0.6068711078305679 -0.36374454375163895 -0.7066805256772053
    outer loop
      vertex 16.72971421407761 2.3989522661786427 0.79
      vertex 15.815146181708602 2.4078945317071963 0
      vertex 16.0728532203586 2.837852750264128 0
    endloop
  endfacet
  facet normal 0.5682956575826016 -0.421476784890162 -0.7066805256772049
    outer loop
      vertex 16.9821408623797 2.7393102010186214 0.79
      vertex 16.0728532203586 2.837852750264128 0
      vertex 16.37146260422314 3.2404808955079014 0
    endloop
  endfacet
  facet normal 0.5242472094901083 -0.47514997418754373 -0.7066805256772053
    outer loop
      vertex 17.266712918836486 3.053287081163513 0.79
      vertex 16.37146260422314 3.2404808955079014 0
      vertex 16.708098561699114 3.6119014383008854 0
    endloop
  endfacet
  facet normal 0.4751499741875437 -0.5242472094901086 -0.7066805256772049
    outer loop
      vertex 17.58068979898138 3.3378591376202986 0.79
      vertex 16.708098561699114 3.6119014383008854 0
      vertex 17.0795191044921 3.9485373957768606 0
    endloop
  endfacet
  facet normal 0.42147678489016316 -0.5682956575826001 -0.7066805256772054
    outer loop
      vertex 17.921047733821357 3.590285785922391 0.79
      vertex 17.0795191044921 3.9485373957768606 0
      vertex 17.48214724973587 4.247146779641401 0
    endloop
  endfacet
  facet normal 0.36374454375163773 -0.6068711078305685 -0.7066805256772053
    outer loop
      vertex 18.284508890385343 3.8081360194561977 0.79
      vertex 17.48214724973587 4.247146779641401 0
      vertex 17.912105468292804 4.504853818291398 0
    endloop
  endfacet
  facet normal 0.3025092438137919 -0.6396020575606343 -0.7066805256772052
    outer loop
      vertex 18.667572939047542 3.9893118213837364 0.79
      vertex 17.912105468292804 4.504853818291398 0
      vertex 18.36525302747912 4.719176652067652 0
    endloop
  endfacet
  facet normal 0.23836061448964488 -0.6661732898343404 -0.706680525677205
    outer loop
      vertex 19.066550763615233 4.1320683696916785 0.79
      vertex 18.36525302747912 4.719176652067652 0
      vertex 18.83722586858421 4.888051234920123 0
    endloop
  endfacet
  facet normal 0.1719164421467977 -0.6863289091595777 -0.706680525677205
    outer loop
      vertex 19.477599989534358 4.23503084078115 0.79
      vertex 18.83722586858421 4.888051234920123 0
      vertex 19.32347863514162 5.009851212299702 0
    endloop
  endfacet
  facet normal 0.10381662048698975 -0.6998748059040621 -0.7066805256772055
    outer loop
      vertex 19.89676198805696 4.297207649770547 0.79
      vertex 19.32347863514162 5.009851212299702 0
      vertex 19.819328447196604 5.083403583841583 0
    endloop
  endfacet
  facet normal -0.17191644214679755 -0.6863289091595777 -0.706680525677205
    outer loop
      vertex 21.573449236384768 4.1320683696916785 0.79
      vertex 21.31652136485838 5.009851212299702 0
      vertex 21.80277413141579 4.888051234920123 0
    endloop
  endfacet
  facet normal 0.0347169880199515 -0.7066805256772054 -0.7066805256772054
    outer loop
      vertex 20.32 4.3180000000000005 0.79
      vertex 19.819328447196604 5.083403583841583 0
      vertex 20.32 5.1080000000000005 0
    endloop
  endfacet
  facet normal -0.03471698801995132 -0.7066805256772053 -0.7066805256772054
    outer loop
      vertex 20.743238011943042 4.297207649770547 0.79
      vertex 20.32 5.1080000000000005 0
      vertex 20.820671552803397 5.083403583841583 0
    endloop
  endfacet
  facet normal -0.1038166204869897 -0.6998748059040627 -0.7066805256772053
    outer loop
      vertex 21.162400010465642 4.23503084078115 0.79
      vertex 20.820671552803397 5.083403583841583 0
      vertex 21.31652136485838 5.009851212299702 0
    endloop
  endfacet
  facet normal -0.5682956575826013 -0.4214767848901617 -0.7066805256772054
    outer loop
      vertex 23.91028578592239 2.3989522661786427 0.79
      vertex 24.26853739577686 3.2404808955079014 0
      vertex 24.5671467796414 2.837852750264128 0
    endloop
  endfacet
  facet normal -0.5242472094901084 -0.47514997418754384 -0.706680525677205
    outer loop
      vertex 23.6578591376203 2.7393102010186214 0.79
      vertex 23.931901438300887 3.6119014383008854 0
      vertex 24.26853739577686 3.2404808955079014 0
    endloop
  endfacet
  facet normal -0.4751499741875435 -0.5242472094901085 -0.7066805256772052
    outer loop
      vertex 23.373287081163515 3.053287081163513 0.79
      vertex 23.5604808955079 3.9485373957768606 0
      vertex 23.931901438300887 3.6119014383008854 0
    endloop
  endfacet
  facet normal -0.3637445437516379 -0.6068711078305686 -0.7066805256772053
    outer loop
      vertex 22.718952266178643 3.590285785922391 0.79
      vertex 22.727894531707197 4.504853818291398 0
      vertex 23.15785275026413 4.247146779641401 0
    endloop
  endfacet
  facet normal -0.3025092438137919 -0.639602057560634 -0.7066805256772053
    outer loop
      vertex 22.355491109614658 3.8081360194561977 0.79
      vertex 22.27474697252088 4.719176652067652 0
      vertex 22.727894531707197 4.504853818291398 0
    endloop
  endfacet
  facet normal -0.4214767848901634 -0.5682956575826005 -0.7066805256772049
    outer loop
      vertex 23.059310201018622 3.3378591376202986 0.79
      vertex 23.15785275026413 4.247146779641401 0
      vertex 23.5604808955079 3.9485373957768606 0
    endloop
  endfacet
  facet normal -0.23836061448964482 -0.6661732898343403 -0.7066805256772052
    outer loop
      vertex 21.97242706095246 3.9893118213837364 0.79
      vertex 21.80277413141579 4.888051234920123 0
      vertex 22.27474697252088 4.719176652067652 0
    endloop
  endfacet
  facet normal 0.7066805256772059 -0.03471698801995031 -0.706680525677205
    outer loop
      vertex 16.002 0 0.79
      vertex 15.212 0 0
      vertex 16.02279235022945 0.4232380119430427 0.79
    endloop
  endfacet
  facet normal 0.6998748059040633 -0.10381662048699175 -0.7066805256772042
    outer loop
      vertex 16.02279235022945 0.4232380119430427 0.79
      vertex 15.236596416158418 0.5006715528033956 0
      vertex 16.08496915921885 0.8424000104656418 0.79
    endloop
  endfacet
  facet normal 0.6863289091595779 -0.17191644214679433 -0.7066805256772057
    outer loop
      vertex 16.08496915921885 0.8424000104656418 0.79
      vertex 15.310148787700298 0.9965213648583832 0
      vertex 16.18793163030832 1.2534492363847685 0.79
    endloop
  endfacet
  facet normal 0.6661732898343399 -0.23836061448964824 -0.7066805256772044
    outer loop
      vertex 16.18793163030832 1.2534492363847685 0.79
      vertex 15.431948765079877 1.4827741314157936 0
      vertex 16.330688178616263 1.6524270609524578 0.79
    endloop
  endfacet
  facet normal 0.6396020575606347 -0.3025092438137895 -0.7066805256772055
    outer loop
      vertex 16.330688178616263 1.6524270609524578 0.79
      vertex 15.600823347932346 1.9547469725208786 0
      vertex 16.5118639805438 2.035491109614658 0.79
    endloop
  endfacet
  facet normal 0.606871107830567 -0.3637445437516421 -0.7066805256772044
    outer loop
      vertex 16.5118639805438 2.035491109614658 0.79
      vertex 15.815146181708602 2.4078945317071963 0
      vertex 16.72971421407761 2.3989522661786427 0.79
    endloop
  endfacet
  facet normal -0.6863289091595791 -0.17191644214679466 -0.7066805256772044
    outer loop
      vertex 24.55503084078115 0.8424000104656418 0.79
      vertex 24.45206836969168 1.2534492363847685 0.79
      vertex 25.208051234920124 1.4827741314157936 0
    endloop
  endfacet
  facet normal -0.7066805256772074 -0.034716988019950386 -0.7066805256772034
    outer loop
      vertex 24.638 0 0.79
      vertex 24.61720764977055 0.4232380119430427 0.79
      vertex 25.40340358384158 0.5006715528033956 0
    endloop
  endfacet
  facet normal -0.6998748059040625 -0.10381662048699164 -0.706680525677205
    outer loop
      vertex 24.61720764977055 0.4232380119430427 0.79
      vertex 24.55503084078115 0.8424000104656418 0.79
      vertex 25.3298512122997 0.9965213648583832 0
    endloop
  endfacet
  facet normal -0.6661732898343393 -0.23836061448964804 -0.7066805256772049
    outer loop
      vertex 24.45206836969168 1.2534492363847685 0.79
      vertex 24.309311821383737 1.6524270609524578 0.79
      vertex 25.039176652067653 1.9547469725208786 0
    endloop
  endfacet
  facet normal -0.6396020575606358 -0.3025092438137901 -0.7066805256772045
    outer loop
      vertex 24.309311821383737 1.6524270609524578 0.79
      vertex 24.1281360194562 2.035491109614658 0.79
      vertex 24.8248538182914 2.4078945317071963 0
    endloop
  endfacet
  facet normal -0.6068711078305662 -0.3637445437516416 -0.7066805256772054
    outer loop
      vertex 24.1281360194562 2.035491109614658 0.79
      vertex 23.91028578592239 2.3989522661786427 0.79
      vertex 24.5671467796414 2.837852750264128 0
    endloop
  endfacet
  facet normal 0.568295657582602 -0.4214767848901605 -0.7066805256772054
    outer loop
      vertex 16.72971421407761 2.3989522661786427 0.79
      vertex 16.0728532203586 2.837852750264128 0
      vertex 16.9821408623797 2.7393102010186214 0.79
    endloop
  endfacet
  facet normal 0.524247209490108 -0.47514997418754445 -0.706680525677205
    outer loop
      vertex 16.9821408623797 2.7393102010186214 0.79
      vertex 16.37146260422314 3.2404808955079014 0
      vertex 17.266712918836486 3.053287081163513 0.79
    endloop
  endfacet
  facet normal 0.4751499741875444 -0.5242472094901077 -0.7066805256772053
    outer loop
      vertex 17.266712918836486 3.053287081163513 0.79
      vertex 16.708098561699114 3.6119014383008854 0
      vertex 17.58068979898138 3.3378591376202986 0.79
    endloop
  endfacet
  facet normal 0.4214767848901622 -0.5682956575826014 -0.7066805256772049
    outer loop
      vertex 17.58068979898138 3.3378591376202986 0.79
      vertex 17.0795191044921 3.9485373957768606 0
      vertex 17.921047733821357 3.590285785922391 0.79
    endloop
  endfacet
  facet normal 0.36374454375163745 -0.6068711078305689 -0.7066805256772053
    outer loop
      vertex 17.921047733821357 3.590285785922391 0.79
      vertex 17.48214724973587 4.247146779641401 0
      vertex 18.284508890385343 3.8081360194561977 0.79
    endloop
  endfacet
  facet normal 0.30250924381379246 -0.6396020575606336 -0.7066805256772053
    outer loop
      vertex 18.284508890385343 3.8081360194561977 0.79
      vertex 17.912105468292804 4.504853818291398 0
      vertex 18.667572939047542 3.9893118213837364 0.79
    endloop
  endfacet
  facet normal 0.23836061448964518 -0.6661732898343402 -0.7066805256772052
    outer loop
      vertex 18.667572939047542 3.9893118213837364 0.79
      vertex 18.36525302747912 4.719176652067652 0
      vertex 19.066550763615233 4.1320683696916785 0.79
    endloop
  endfacet
  facet normal 0.1719164421467978 -0.6863289091595777 -0.7066805256772051
    outer loop
      vertex 19.066550763615233 4.1320683696916785 0.79
      vertex 18.83722586858421 4.888051234920123 0
      vertex 19.477599989534358 4.23503084078115 0.79
    endloop
  endfacet
  facet normal 0.10381662048698838 -0.6998748059040629 -0.7066805256772052
    outer loop
      vertex 19.477599989534358 4.23503084078115 0.79
      vertex 19.32347863514162 5.009851212299702 0
      vertex 19.89676198805696 4.297207649770547 0.79
    endloop
  endfacet
  facet normal 0.03471698801995186 -0.7066805256772052 -0.7066805256772054
    outer loop
      vertex 19.89676198805696 4.297207649770547 0.79
      vertex 19.819328447196604 5.083403583841583 0
      vertex 20.32 4.3180000000000005 0.79
    endloop
  endfacet
  facet normal -0.03471698801995186 -0.7066805256772053 -0.7066805256772053
    outer loop
      vertex 20.743238011943042 4.297207649770547 0.79
      vertex 20.32 4.3180000000000005 0.79
      vertex 20.32 5.1080000000000005 0
    endloop
  endfacet
  facet normal -0.10381662048698831 -0.6998748059040624 -0.7066805256772055
    outer loop
      vertex 20.743238011943042 4.297207649770547 0.79
      vertex 20.820671552803397 5.083403583841583 0
      vertex 21.162400010465642 4.23503084078115 0.79
    endloop
  endfacet
  facet normal -0.1719164421467978 -0.6863289091595777 -0.706680525677205
    outer loop
      vertex 21.573449236384768 4.1320683696916785 0.79
      vertex 21.162400010465642 4.23503084078115 0.79
      vertex 21.31652136485838 5.009851212299702 0
    endloop
  endfacet
  facet normal -0.5682956575826025 -0.42147678489016077 -0.706680525677205
    outer loop
      vertex 23.6578591376203 2.7393102010186214 0.79
      vertex 24.26853739577686 3.2404808955079014 0
      vertex 23.91028578592239 2.3989522661786427 0.79
    endloop
  endfacet
  facet normal -0.5242472094901077 -0.47514997418754423 -0.7066805256772053
    outer loop
      vertex 23.6578591376203 2.7393102010186214 0.79
      vertex 23.373287081163515 3.053287081163513 0.79
      vertex 23.931901438300887 3.6119014383008854 0
    endloop
  endfacet
  facet normal -0.42147678489016194 -0.5682956575826009 -0.7066805256772053
    outer loop
      vertex 23.059310201018622 3.3378591376202986 0.79
      vertex 22.718952266178643 3.590285785922391 0.79
      vertex 23.15785275026413 4.247146779641401 0
    endloop
  endfacet
  facet normal -0.4751499741875446 -0.524247209490108 -0.7066805256772049
    outer loop
      vertex 23.373287081163515 3.053287081163513 0.79
      vertex 23.059310201018622 3.3378591376202986 0.79
      vertex 23.5604808955079 3.9485373957768606 0
    endloop
  endfacet
  facet normal -0.3637445437516374 -0.6068711078305687 -0.7066805256772054
    outer loop
      vertex 22.718952266178643 3.590285785922391 0.79
      vertex 22.355491109614658 3.8081360194561977 0.79
      vertex 22.727894531707197 4.504853818291398 0
    endloop
  endfacet
  facet normal -0.30250924381379257 -0.6396020575606338 -0.7066805256772051
    outer loop
      vertex 22.355491109614658 3.8081360194561977 0.79
      vertex 21.97242706095246 3.9893118213837364 0.79
      vertex 22.27474697252088 4.719176652067652 0
    endloop
  endfacet
  facet normal -0.2383606144896452 -0.6661732898343403 -0.706680525677205
    outer loop
      vertex 21.97242706095246 3.9893118213837364 0.79
      vertex 21.573449236384768 4.1320683696916785 0.79
      vertex 21.80277413141579 4.888051234920123 0
    endloop
  endfacet
  facet normal 0.9807852804032301 -0.19509032201613005 -2.1117347016937058e-18
    outer loop
      vertex 37.34 -10.16 0
      vertex 37.400896373990975 -9.853853254107928 0
      vertex 37.400896373990975 -9.853853254107928 1.7018
    endloop
  endfacet
  facet normal -0.9807852804032301 -0.19509032201613005 0
    outer loop
      vertex 38.94 -10.16 0
      vertex 38.94 -10.16 1.7018
      vertex 38.87910362600903 -9.853853254107928 0
    endloop
  endfacet
  facet normal 0.8314696123025493 -0.555570233019596 -2.188954765758885e-19
    outer loop
      vertex 37.400896373990975 -9.853853254107928 0
      vertex 37.574314575050764 -9.594314575050761 0
      vertex 37.574314575050764 -9.594314575050761 1.7018
    endloop
  endfacet
  facet normal -0.8314696123025493 -0.555570233019596 2.188954765758885e-19
    outer loop
      vertex 38.70568542494924 -9.594314575050761 0
      vertex 38.87910362600903 -9.853853254107928 0
      vertex 38.87910362600903 -9.853853254107928 1.7018
    endloop
  endfacet
  facet normal -0.5555702330196026 -0.8314696123025449 -3.929825467281648e-19
    outer loop
      vertex 38.44614674589207 -9.42089637399097 0
      vertex 38.70568542494924 -9.594314575050761 0
      vertex 38.70568542494924 -9.594314575050761 1.7018
    endloop
  endfacet
  facet normal 0.5555702330196026 -0.8314696123025449 0
    outer loop
      vertex 37.83385325410793 -9.42089637399097 0
      vertex 37.83385325410793 -9.42089637399097 1.7018
      vertex 37.574314575050764 -9.594314575050761 0
    endloop
  endfacet
  facet normal 0.19509032201613005 -0.9807852804032301 0
    outer loop
      vertex 38.14 -9.36 0
      vertex 38.14 -9.36 1.7018
      vertex 37.83385325410793 -9.42089637399097 0
    endloop
  endfacet
  facet normal -0.19509032201613005 -0.9807852804032301 0
    outer loop
      vertex 38.44614674589207 -9.42089637399097 0
      vertex 38.44614674589207 -9.42089637399097 1.7018
      vertex 38.14 -9.36 0
    endloop
  endfacet
  facet normal 0.9807852804032301 -0.19509032201613005 0
    outer loop
      vertex 37.34 -10.16 1.7018
      vertex 37.34 -10.16 0
      vertex 37.400896373990975 -9.853853254107928 1.7018
    endloop
  endfacet
  facet normal 0.8314696123025493 -0.555570233019596 -2.188954765758885e-19
    outer loop
      vertex 37.574314575050764 -9.594314575050761 1.7018
      vertex 37.400896373990975 -9.853853254107928 1.7018
      vertex 37.400896373990975 -9.853853254107928 0
    endloop
  endfacet
  facet normal -0.9807852804032301 -0.19509032201613005 2.1117347016937058e-18
    outer loop
      vertex 38.94 -10.16 1.7018
      vertex 38.87910362600903 -9.853853254107928 1.7018
      vertex 38.87910362600903 -9.853853254107928 0
    endloop
  endfacet
  facet normal 0.5555702330196026 -0.8314696123025449 3.929825467281648e-19
    outer loop
      vertex 37.83385325410793 -9.42089637399097 1.7018
      vertex 37.574314575050764 -9.594314575050761 1.7018
      vertex 37.574314575050764 -9.594314575050761 0
    endloop
  endfacet
  facet normal -0.8314696123025493 -0.555570233019596 2.188954765758885e-19
    outer loop
      vertex 38.87910362600903 -9.853853254107928 1.7018
      vertex 38.70568542494924 -9.594314575050761 1.7018
      vertex 38.70568542494924 -9.594314575050761 0
    endloop
  endfacet
  facet normal 0.19509032201613005 -0.9807852804032301 0
    outer loop
      vertex 37.83385325410793 -9.42089637399097 0
      vertex 38.14 -9.36 1.7018
      vertex 37.83385325410793 -9.42089637399097 1.7018
    endloop
  endfacet
  facet normal -0.19509032201613005 -0.9807852804032301 0
    outer loop
      vertex 38.14 -9.36 0
      vertex 38.44614674589207 -9.42089637399097 1.7018
      vertex 38.14 -9.36 1.7018
    endloop
  endfacet
  facet normal -0.5555702330196026 -0.8314696123025449 0
    outer loop
      vertex 38.44614674589207 -9.42089637399097 0
      vertex 38.70568542494924 -9.594314575050761 1.7018
      vertex 38.44614674589207 -9.42089637399097 1.7018
    endloop
  endfacet
  facet normal 0.9807852804032301 -0.19509032201613005 -2.1117347016937058e-18
    outer loop
      vertex 39.84 -10.16 0
      vertex 39.900896373990975 -9.853853254107928 0
      vertex 39.900896373990975 -9.853853254107928 1.7018
    endloop
  endfacet
  facet normal 0.8314696123025493 -0.555570233019596 -2.188954765758885e-19
    outer loop
      vertex 39.900896373990975 -9.853853254107928 0
      vertex 40.074314575050764 -9.594314575050761 0
      vertex 40.074314575050764 -9.594314575050761 1.7018
    endloop
  endfacet
  facet normal 0.5555702330196026 -0.8314696123025449 0
    outer loop
      vertex 40.33385325410793 -9.42089637399097 0
      vertex 40.33385325410793 -9.42089637399097 1.7018
      vertex 40.074314575050764 -9.594314575050761 0
    endloop
  endfacet
  facet normal 0.19509032201613005 -0.9807852804032301 0
    outer loop
      vertex 40.64 -9.36 0
      vertex 40.64 -9.36 1.7018
      vertex 40.33385325410793 -9.42089637399097 0
    endloop
  endfacet
  facet normal 0.9807852804032301 -0.19509032201613005 0
    outer loop
      vertex 39.84 -10.16 1.7018
      vertex 39.84 -10.16 0
      vertex 39.900896373990975 -9.853853254107928 1.7018
    endloop
  endfacet
  facet normal 0.8314696123025493 -0.555570233019596 -2.188954765758885e-19
    outer loop
      vertex 40.074314575050764 -9.594314575050761 1.7018
      vertex 39.900896373990975 -9.853853254107928 1.7018
      vertex 39.900896373990975 -9.853853254107928 0
    endloop
  endfacet
  facet normal 0.5555702330196026 -0.8314696123025449 3.929825467281648e-19
    outer loop
      vertex 40.33385325410793 -9.42089637399097 1.7018
      vertex 40.074314575050764 -9.594314575050761 1.7018
      vertex 40.074314575050764 -9.594314575050761 0
    endloop
  endfacet
  facet normal 0.19509032201613005 -0.9807852804032301 0
    outer loop
      vertex 40.33385325410793 -9.42089637399097 0
      vertex 40.64 -9.36 1.7018
      vertex 40.33385325410793 -9.42089637399097 1.7018
    endloop
  endfacet
  facet normal -0.9807852804032301 -0.19509032201613005 0
    outer loop
      vertex 41.44 -10.16 0
      vertex 41.44 -10.16 1.7018
      vertex 41.37910362600903 -9.853853254107928 0
    endloop
  endfacet
  facet normal -0.8314696123025493 -0.555570233019596 2.188954765758885e-19
    outer loop
      vertex 41.20568542494924 -9.594314575050761 0
      vertex 41.37910362600903 -9.853853254107928 0
      vertex 41.37910362600903 -9.853853254107928 1.7018
    endloop
  endfacet
  facet normal -0.5555702330196026 -0.8314696123025449 -3.929825467281648e-19
    outer loop
      vertex 40.94614674589207 -9.42089637399097 0
      vertex 41.20568542494924 -9.594314575050761 0
      vertex 41.20568542494924 -9.594314575050761 1.7018
    endloop
  endfacet
  facet normal -0.19509032201613005 -0.9807852804032301 0
    outer loop
      vertex 40.94614674589207 -9.42089637399097 0
      vertex 40.94614674589207 -9.42089637399097 1.7018
      vertex 40.64 -9.36 0
    endloop
  endfacet
  facet normal -0.9807852804032301 -0.19509032201613005 2.1117347016937058e-18
    outer loop
      vertex 41.44 -10.16 1.7018
      vertex 41.37910362600903 -9.853853254107928 1.7018
      vertex 41.37910362600903 -9.853853254107928 0
    endloop
  endfacet
  facet normal -0.8314696123025493 -0.555570233019596 2.188954765758885e-19
    outer loop
      vertex 41.37910362600903 -9.853853254107928 1.7018
      vertex 41.20568542494924 -9.594314575050761 1.7018
      vertex 41.20568542494924 -9.594314575050761 0
    endloop
  endfacet
  facet normal -0.5555702330196026 -0.8314696123025449 0
    outer loop
      vertex 40.94614674589207 -9.42089637399097 0
      vertex 41.20568542494924 -9.594314575050761 1.7018
      vertex 40.94614674589207 -9.42089637399097 1.7018
    endloop
  endfacet
  facet normal -0.19509032201613005 -0.9807852804032301 0
    outer loop
      vertex 40.64 -9.36 0
      vertex 40.94614674589207 -9.42089637399097 1.7018
      vertex 40.64 -9.36 1.7018
    endloop
  endfacet
  facet normal 0.9807852804032301 -0.19509032201613005 -2.1117347016937058e-18
    outer loop
      vertex 42.34 -10.16 0
      vertex 42.400896373990975 -9.853853254107928 0
      vertex 42.400896373990975 -9.853853254107928 1.7018
    endloop
  endfacet
  facet normal 0.8314696123025493 -0.555570233019596 -2.188954765758885e-19
    outer loop
      vertex 42.400896373990975 -9.853853254107928 0
      vertex 42.574314575050764 -9.594314575050761 0
      vertex 42.574314575050764 -9.594314575050761 1.7018
    endloop
  endfacet
  facet normal -0.5555702330196026 -0.8314696123025449 0
    outer loop
      vertex 43.70568542494924 -9.594314575050761 0
      vertex 43.70568542494924 -9.594314575050761 1.7018
      vertex 43.44614674589207 -9.42089637399097 0
    endloop
  endfacet
  facet normal 0.5555702330196026 -0.8314696123025449 3.929825467281648e-19
    outer loop
      vertex 42.574314575050764 -9.594314575050761 0
      vertex 42.83385325410793 -9.42089637399097 0
      vertex 42.83385325410793 -9.42089637399097 1.7018
    endloop
  endfacet
  facet normal 0.19509032201613005 -0.9807852804032301 0
    outer loop
      vertex 43.14 -9.36 0
      vertex 43.14 -9.36 1.7018
      vertex 42.83385325410793 -9.42089637399097 0
    endloop
  endfacet
  facet normal -0.19509032201613005 -0.9807852804032301 0
    outer loop
      vertex 43.44614674589207 -9.42089637399097 0
      vertex 43.44614674589207 -9.42089637399097 1.7018
      vertex 43.14 -9.36 0
    endloop
  endfacet
  facet normal -0.9807852804032301 -0.19509032201613005 0
    outer loop
      vertex 43.94 -10.16 0
      vertex 43.94 -10.16 1.7018
      vertex 43.87910362600903 -9.853853254107928 0
    endloop
  endfacet
  facet normal -0.8314696123025493 -0.555570233019596 2.188954765758885e-19
    outer loop
      vertex 43.70568542494924 -9.594314575050761 0
      vertex 43.87910362600903 -9.853853254107928 0
      vertex 43.87910362600903 -9.853853254107928 1.7018
    endloop
  endfacet
  facet normal 0.9807852804032301 -0.19509032201613005 0
    outer loop
      vertex 42.34 -10.16 1.7018
      vertex 42.34 -10.16 0
      vertex 42.400896373990975 -9.853853254107928 1.7018
    endloop
  endfacet
  facet normal 0.8314696123025493 -0.555570233019596 -2.188954765758885e-19
    outer loop
      vertex 42.574314575050764 -9.594314575050761 1.7018
      vertex 42.400896373990975 -9.853853254107928 1.7018
      vertex 42.400896373990975 -9.853853254107928 0
    endloop
  endfacet
  facet normal 0.5555702330196026 -0.8314696123025449 0
    outer loop
      vertex 42.574314575050764 -9.594314575050761 0
      vertex 42.83385325410793 -9.42089637399097 1.7018
      vertex 42.574314575050764 -9.594314575050761 1.7018
    endloop
  endfacet
  facet normal -0.8314696123025493 -0.555570233019596 2.188954765758885e-19
    outer loop
      vertex 43.87910362600903 -9.853853254107928 1.7018
      vertex 43.70568542494924 -9.594314575050761 1.7018
      vertex 43.70568542494924 -9.594314575050761 0
    endloop
  endfacet
  facet normal 0.19509032201613005 -0.9807852804032301 0
    outer loop
      vertex 42.83385325410793 -9.42089637399097 0
      vertex 43.14 -9.36 1.7018
      vertex 42.83385325410793 -9.42089637399097 1.7018
    endloop
  endfacet
  facet normal -0.19509032201613005 -0.9807852804032301 0
    outer loop
      vertex 43.14 -9.36 0
      vertex 43.44614674589207 -9.42089637399097 1.7018
      vertex 43.14 -9.36 1.7018
    endloop
  endfacet
  facet normal -0.5555702330196026 -0.8314696123025449 -3.929825467281648e-19
    outer loop
      vertex 43.70568542494924 -9.594314575050761 1.7018
      vertex 43.44614674589207 -9.42089637399097 1.7018
      vertex 43.44614674589207 -9.42089637399097 0
    endloop
  endfacet
  facet normal -0.9807852804032301 -0.19509032201613005 2.1117347016937058e-18
    outer loop
      vertex 43.94 -10.16 1.7018
      vertex 43.87910362600903 -9.853853254107928 1.7018
      vertex 43.87910362600903 -9.853853254107928 0
    endloop
  endfacet
  facet normal 0.1467304744553628 0.9891765099647808 3.291550770175689e-18
    outer loop
      vertex 40.19186563441325 -4.549984570345283 0.79
      vertex 39.74804704774226 -4.4841503020035685 0.79
      vertex 39.74804704774226 -4.4841503020035685 1.7018
    endloop
  endfacet
  facet normal 0.04906767432741796 0.9987954562051725 0
    outer loop
      vertex 40.19186563441325 -4.549984570345283 0.79
      vertex 40.19186563441325 -4.549984570345283 1.7018
      vertex 40.64 -4.571999999999999 0.79
    endloop
  endfacet
  facet normal 0.336889853392219 0.9415440651830211 0
    outer loop
      vertex 38.89037134722681 -4.223977222641603 0.79
      vertex 38.89037134722681 -4.223977222641603 1.7018
      vertex 39.3128184555926 -4.3751312149676576 0.79
    endloop
  endfacet
  facet normal 0.5141027441932209 0.8577286100002726 0
    outer loop
      vertex 38.09993289463438 -3.8014790674472363 0.79
      vertex 38.09993289463438 -3.8014790674472363 1.7018
      vertex 38.48477411923154 -4.032144020600678 0.79
    endloop
  endfacet
  facet normal 0.4275550934302814 0.9039892931234437 -5.459896262997702e-18
    outer loop
      vertex 38.89037134722681 -4.223977222641603 0.79
      vertex 38.48477411923154 -4.032144020600678 0.79
      vertex 38.48477411923154 -4.032144020600678 1.7018
    endloop
  endfacet
  facet normal 0.24298017990326462 0.9700312531945439 0
    outer loop
      vertex 39.3128184555926 -4.3751312149676576 0.79
      vertex 39.3128184555926 -4.3751312149676576 1.7018
      vertex 39.74804704774226 -4.4841503020035685 0.79
    endloop
  endfacet
  facet normal 0.7409511253549592 0.6715589548470182 4.674885614054222e-18
    outer loop
      vertex 37.407107796415104 -3.232892203584895 0.79
      vertex 37.105796207225566 -2.9004460951961866 0.79
      vertex 37.105796207225566 -2.9004460951961866 1.7018
    endloop
  endfacet
  facet normal 0.803207531480643 0.5956993044924357 -1.0201771020534952e-17
    outer loop
      vertex 37.105796207225566 -2.9004460951961866 0.79
      vertex 36.83852093255276 -2.5400671053656207 0.79
      vertex 36.83852093255276 -2.5400671053656207 1.7018
    endloop
  endfacet
  facet normal 0.5956993044924342 0.8032075314806443 -2.2595341896759464e-18
    outer loop
      vertex 38.09993289463438 -3.8014790674472363 0.79
      vertex 37.73955390480381 -3.534203792774433 0.79
      vertex 37.73955390480381 -3.534203792774433 1.7018
    endloop
  endfacet
  facet normal 0.6715589548470177 0.7409511253549597 1.682016042359007e-17
    outer loop
      vertex 37.73955390480381 -3.534203792774433 0.79
      vertex 37.407107796415104 -3.232892203584895 0.79
      vertex 37.407107796415104 -3.232892203584895 1.7018
    endloop
  endfacet
  facet normal 0.857728610000278 0.5141027441932119 -1.737126432152143e-18
    outer loop
      vertex 36.83852093255276 -2.5400671053656207 0.79
      vertex 36.607855979399325 -2.155225880768461 0.79
      vertex 36.607855979399325 -2.155225880768461 1.7018
    endloop
  endfacet
  facet normal 0.9039892931234421 0.4275550934302846 1.4772459607258463e-17
    outer loop
      vertex 36.607855979399325 -2.155225880768461 0.79
      vertex 36.4160227773584 -1.7496286527731901 0.79
      vertex 36.4160227773584 -1.7496286527731901 1.7018
    endloop
  endfacet
  facet normal 0.9415440651830189 0.3368898533922252 -1.3037441462464462e-17
    outer loop
      vertex 36.4160227773584 -1.7496286527731901 0.79
      vertex 36.26486878503234 -1.3271815444074015 0.79
      vertex 36.26486878503234 -1.3271815444074015 1.7018
    endloop
  endfacet
  facet normal 0.9700312531945439 0.24298017990326443 -7.100030194530487e-19
    outer loop
      vertex 36.26486878503234 -1.3271815444074015 0.79
      vertex 36.15584969799643 -0.8919529522577382 0.79
      vertex 36.15584969799643 -0.8919529522577382 1.7018
    endloop
  endfacet
  facet normal 0.9891765099647823 0.14673047445535267 1.6584487074683694e-18
    outer loop
      vertex 36.15584969799643 -0.8919529522577382 0.79
      vertex 36.09001542965472 -0.448134365586751 0.79
      vertex 36.09001542965472 -0.448134365586751 1.7018
    endloop
  endfacet
  facet normal 0.9987954562051717 0.04906767432743204 -7.226740976136249e-19
    outer loop
      vertex 36.09001542965472 -0.448134365586751 0.79
      vertex 36.068 0 0.79
      vertex 36.068 0 1.7018
    endloop
  endfacet
  facet normal 0.24298017990326462 0.9700312531945439 0
    outer loop
      vertex 39.74804704774226 -4.4841503020035685 0.79
      vertex 39.3128184555926 -4.3751312149676576 1.7018
      vertex 39.74804704774226 -4.4841503020035685 1.7018
    endloop
  endfacet
  facet normal 0.1467304744553628 0.9891765099647808 0
    outer loop
      vertex 40.19186563441325 -4.549984570345283 0.79
      vertex 39.74804704774226 -4.4841503020035685 1.7018
      vertex 40.19186563441325 -4.549984570345283 1.7018
    endloop
  endfacet
  facet normal 0.04906767432741796 0.9987954562051725 0
    outer loop
      vertex 40.64 -4.571999999999999 0.79
      vertex 40.19186563441325 -4.549984570345283 1.7018
      vertex 40.64 -4.571999999999999 1.7018
    endloop
  endfacet
  facet normal 0.4275550934302814 0.9039892931234437 0
    outer loop
      vertex 38.89037134722681 -4.223977222641603 0.79
      vertex 38.48477411923154 -4.032144020600678 1.7018
      vertex 38.89037134722681 -4.223977222641603 1.7018
    endloop
  endfacet
  facet normal 0.5141027441932209 0.8577286100002726 0
    outer loop
      vertex 38.48477411923154 -4.032144020600678 0.79
      vertex 38.09993289463438 -3.8014790674472363 1.7018
      vertex 38.48477411923154 -4.032144020600678 1.7018
    endloop
  endfacet
  facet normal 0.336889853392219 0.9415440651830211 0
    outer loop
      vertex 39.3128184555926 -4.3751312149676576 0.79
      vertex 38.89037134722681 -4.223977222641603 1.7018
      vertex 39.3128184555926 -4.3751312149676576 1.7018
    endloop
  endfacet
  facet normal 0.7409511253549592 0.6715589548470182 0
    outer loop
      vertex 37.407107796415104 -3.232892203584895 0.79
      vertex 37.105796207225566 -2.9004460951961866 1.7018
      vertex 37.407107796415104 -3.232892203584895 1.7018
    endloop
  endfacet
  facet normal 0.803207531480643 0.5956993044924357 0
    outer loop
      vertex 37.105796207225566 -2.9004460951961866 0.79
      vertex 36.83852093255276 -2.5400671053656207 1.7018
      vertex 37.105796207225566 -2.9004460951961866 1.7018
    endloop
  endfacet
  facet normal 0.5956993044924342 0.8032075314806443 0
    outer loop
      vertex 38.09993289463438 -3.8014790674472363 0.79
      vertex 37.73955390480381 -3.534203792774433 1.7018
      vertex 38.09993289463438 -3.8014790674472363 1.7018
    endloop
  endfacet
  facet normal 0.6715589548470177 0.7409511253549597 0
    outer loop
      vertex 37.73955390480381 -3.534203792774433 0.79
      vertex 37.407107796415104 -3.232892203584895 1.7018
      vertex 37.73955390480381 -3.534203792774433 1.7018
    endloop
  endfacet
  facet normal 0.857728610000278 0.5141027441932119 0
    outer loop
      vertex 36.83852093255276 -2.5400671053656207 0.79
      vertex 36.607855979399325 -2.155225880768461 1.7018
      vertex 36.83852093255276 -2.5400671053656207 1.7018
    endloop
  endfacet
  facet normal 0.9039892931234421 0.4275550934302846 0
    outer loop
      vertex 36.607855979399325 -2.155225880768461 0.79
      vertex 36.4160227773584 -1.7496286527731901 1.7018
      vertex 36.607855979399325 -2.155225880768461 1.7018
    endloop
  endfacet
  facet normal 0.9415440651830189 0.3368898533922252 0
    outer loop
      vertex 36.4160227773584 -1.7496286527731901 0.79
      vertex 36.26486878503234 -1.3271815444074015 1.7018
      vertex 36.4160227773584 -1.7496286527731901 1.7018
    endloop
  endfacet
  facet normal 0.9700312531945439 0.24298017990326443 0
    outer loop
      vertex 36.26486878503234 -1.3271815444074015 0.79
      vertex 36.15584969799643 -0.8919529522577382 1.7018
      vertex 36.26486878503234 -1.3271815444074015 1.7018
    endloop
  endfacet
  facet normal 0.9891765099647823 0.14673047445535267 0
    outer loop
      vertex 36.15584969799643 -0.8919529522577382 0.79
      vertex 36.09001542965472 -0.448134365586751 1.7018
      vertex 36.15584969799643 -0.8919529522577382 1.7018
    endloop
  endfacet
  facet normal 0.9987954562051717 0.04906767432743204 0
    outer loop
      vertex 36.09001542965472 -0.448134365586751 0.79
      vertex 36.068 0 1.7018
      vertex 36.09001542965472 -0.448134365586751 1.7018
    endloop
  endfacet
  facet normal 0.9987954562051717 -0.04906767432743204 7.226740976136249e-19
    outer loop
      vertex 36.068 0 0.79
      vertex 36.09001542965472 0.448134365586751 0.79
      vertex 36.09001542965472 0.448134365586751 1.7018
    endloop
  endfacet
  facet normal 0.9891765099647823 -0.14673047445535267 -1.6584487074683694e-18
    outer loop
      vertex 36.09001542965472 0.448134365586751 0.79
      vertex 36.15584969799643 0.8919529522577382 0.79
      vertex 36.15584969799643 0.8919529522577382 1.7018
    endloop
  endfacet
  facet normal 0.9700312531945439 -0.24298017990326443 7.100030194530487e-19
    outer loop
      vertex 36.15584969799643 0.8919529522577382 0.79
      vertex 36.26486878503234 1.3271815444074015 0.79
      vertex 36.26486878503234 1.3271815444074015 1.7018
    endloop
  endfacet
  facet normal 0.9415440651830189 -0.3368898533922252 1.3037441462464462e-17
    outer loop
      vertex 36.26486878503234 1.3271815444074015 0.79
      vertex 36.4160227773584 1.7496286527731901 0.79
      vertex 36.4160227773584 1.7496286527731901 1.7018
    endloop
  endfacet
  facet normal 0.9039892931234421 -0.4275550934302846 -1.4772459607258463e-17
    outer loop
      vertex 36.4160227773584 1.7496286527731901 0.79
      vertex 36.607855979399325 2.155225880768461 0.79
      vertex 36.607855979399325 2.155225880768461 1.7018
    endloop
  endfacet
  facet normal 0.857728610000278 -0.5141027441932119 1.737126432152143e-18
    outer loop
      vertex 36.607855979399325 2.155225880768461 0.79
      vertex 36.83852093255276 2.5400671053656207 0.79
      vertex 36.83852093255276 2.5400671053656207 1.7018
    endloop
  endfacet
  facet normal 0.803207531480643 -0.5956993044924357 1.0201771020534952e-17
    outer loop
      vertex 36.83852093255276 2.5400671053656207 0.79
      vertex 37.105796207225566 2.9004460951961866 0.79
      vertex 37.105796207225566 2.9004460951961866 1.7018
    endloop
  endfacet
  facet normal 0.7409511253549592 -0.6715589548470182 -4.674885614054222e-18
    outer loop
      vertex 37.105796207225566 2.9004460951961866 0.79
      vertex 37.407107796415104 3.232892203584895 0.79
      vertex 37.407107796415104 3.232892203584895 1.7018
    endloop
  endfacet
  facet normal 0.6715589548470177 -0.7409511253549597 -1.682016042359007e-17
    outer loop
      vertex 37.407107796415104 3.232892203584895 0.79
      vertex 37.73955390480381 3.534203792774433 0.79
      vertex 37.73955390480381 3.534203792774433 1.7018
    endloop
  endfacet
  facet normal 0.5956993044924342 -0.8032075314806443 2.2595341896759464e-18
    outer loop
      vertex 37.73955390480381 3.534203792774433 0.79
      vertex 38.09993289463438 3.8014790674472363 0.79
      vertex 38.09993289463438 3.8014790674472363 1.7018
    endloop
  endfacet
  facet normal 0.5141027441932209 -0.8577286100002726 -1.6064499593158414e-17
    outer loop
      vertex 38.09993289463438 3.8014790674472363 0.79
      vertex 38.48477411923154 4.032144020600678 0.79
      vertex 38.48477411923154 4.032144020600678 1.7018
    endloop
  endfacet
  facet normal 0.4275550934302814 -0.9039892931234437 5.459896262997702e-18
    outer loop
      vertex 38.48477411923154 4.032144020600678 0.79
      vertex 38.89037134722681 4.223977222641603 0.79
      vertex 38.89037134722681 4.223977222641603 1.7018
    endloop
  endfacet
  facet normal 0.336889853392219 -0.9415440651830211 4.937435756378319e-18
    outer loop
      vertex 38.89037134722681 4.223977222641603 0.79
      vertex 39.3128184555926 4.3751312149676576 0.79
      vertex 39.3128184555926 4.3751312149676576 1.7018
    endloop
  endfacet
  facet normal 0.24298017990326462 -0.9700312531945439 -3.240556618164603e-18
    outer loop
      vertex 39.3128184555926 4.3751312149676576 0.79
      vertex 39.74804704774226 4.4841503020035685 0.79
      vertex 39.74804704774226 4.4841503020035685 1.7018
    endloop
  endfacet
  facet normal 0.1467304744553628 -0.9891765099647808 -3.291550770175689e-18
    outer loop
      vertex 39.74804704774226 4.4841503020035685 0.79
      vertex 40.19186563441325 4.549984570345283 0.79
      vertex 40.19186563441325 4.549984570345283 1.7018
    endloop
  endfacet
  facet normal 0.04906767432741796 -0.9987954562051725 -1.5027697527953417e-18
    outer loop
      vertex 40.19186563441325 4.549984570345283 0.79
      vertex 40.64 4.571999999999999 0.79
      vertex 40.64 4.571999999999999 1.7018
    endloop
  endfacet
  facet normal 0.9987954562051717 -0.04906767432743204 0
    outer loop
      vertex 36.068 0 0.79
      vertex 36.09001542965472 0.448134365586751 1.7018
      vertex 36.068 0 1.7018
    endloop
  endfacet
  facet normal 0.9891765099647823 -0.14673047445535267 0
    outer loop
      vertex 36.09001542965472 0.448134365586751 0.79
      vertex 36.15584969799643 0.8919529522577382 1.7018
      vertex 36.09001542965472 0.448134365586751 1.7018
    endloop
  endfacet
  facet normal 0.9700312531945439 -0.24298017990326443 0
    outer loop
      vertex 36.15584969799643 0.8919529522577382 0.79
      vertex 36.26486878503234 1.3271815444074015 1.7018
      vertex 36.15584969799643 0.8919529522577382 1.7018
    endloop
  endfacet
  facet normal 0.9415440651830189 -0.3368898533922252 0
    outer loop
      vertex 36.26486878503234 1.3271815444074015 0.79
      vertex 36.4160227773584 1.7496286527731901 1.7018
      vertex 36.26486878503234 1.3271815444074015 1.7018
    endloop
  endfacet
  facet normal 0.9039892931234421 -0.4275550934302846 0
    outer loop
      vertex 36.4160227773584 1.7496286527731901 0.79
      vertex 36.607855979399325 2.155225880768461 1.7018
      vertex 36.4160227773584 1.7496286527731901 1.7018
    endloop
  endfacet
  facet normal 0.857728610000278 -0.5141027441932119 0
    outer loop
      vertex 36.607855979399325 2.155225880768461 0.79
      vertex 36.83852093255276 2.5400671053656207 1.7018
      vertex 36.607855979399325 2.155225880768461 1.7018
    endloop
  endfacet
  facet normal 0.803207531480643 -0.5956993044924357 0
    outer loop
      vertex 36.83852093255276 2.5400671053656207 0.79
      vertex 37.105796207225566 2.9004460951961866 1.7018
      vertex 36.83852093255276 2.5400671053656207 1.7018
    endloop
  endfacet
  facet normal 0.7409511253549592 -0.6715589548470182 0
    outer loop
      vertex 37.105796207225566 2.9004460951961866 0.79
      vertex 37.407107796415104 3.232892203584895 1.7018
      vertex 37.105796207225566 2.9004460951961866 1.7018
    endloop
  endfacet
  facet normal 0.6715589548470177 -0.7409511253549597 0
    outer loop
      vertex 37.407107796415104 3.232892203584895 0.79
      vertex 37.73955390480381 3.534203792774433 1.7018
      vertex 37.407107796415104 3.232892203584895 1.7018
    endloop
  endfacet
  facet normal 0.5956993044924342 -0.8032075314806443 0
    outer loop
      vertex 37.73955390480381 3.534203792774433 0.79
      vertex 38.09993289463438 3.8014790674472363 1.7018
      vertex 37.73955390480381 3.534203792774433 1.7018
    endloop
  endfacet
  facet normal 0.5141027441932209 -0.8577286100002726 0
    outer loop
      vertex 38.09993289463438 3.8014790674472363 0.79
      vertex 38.48477411923154 4.032144020600678 1.7018
      vertex 38.09993289463438 3.8014790674472363 1.7018
    endloop
  endfacet
  facet normal 0.4275550934302814 -0.9039892931234437 0
    outer loop
      vertex 38.48477411923154 4.032144020600678 0.79
      vertex 38.89037134722681 4.223977222641603 1.7018
      vertex 38.48477411923154 4.032144020600678 1.7018
    endloop
  endfacet
  facet normal 0.336889853392219 -0.9415440651830211 0
    outer loop
      vertex 38.89037134722681 4.223977222641603 0.79
      vertex 39.3128184555926 4.3751312149676576 1.7018
      vertex 38.89037134722681 4.223977222641603 1.7018
    endloop
  endfacet
  facet normal 0.24298017990326462 -0.9700312531945439 0
    outer loop
      vertex 39.3128184555926 4.3751312149676576 0.79
      vertex 39.74804704774226 4.4841503020035685 1.7018
      vertex 39.3128184555926 4.3751312149676576 1.7018
    endloop
  endfacet
  facet normal 0.1467304744553628 -0.9891765099647808 0
    outer loop
      vertex 39.74804704774226 4.4841503020035685 0.79
      vertex 40.19186563441325 4.549984570345283 1.7018
      vertex 39.74804704774226 4.4841503020035685 1.7018
    endloop
  endfacet
  facet normal 0.04906767432741796 -0.9987954562051725 0
    outer loop
      vertex 40.19186563441325 4.549984570345283 0.79
      vertex 40.64 4.571999999999999 1.7018
      vertex 40.19186563441325 4.549984570345283 1.7018
    endloop
  endfacet
  facet normal -0.04906767432741796 0.9987954562051725 0
    outer loop
      vertex 40.64 -4.571999999999999 0.79
      vertex 40.64 -4.571999999999999 1.7018
      vertex 41.088134365586754 -4.549984570345283 0.79
    endloop
  endfacet
  facet normal -0.1467304744553628 0.9891765099647808 0
    outer loop
      vertex 41.088134365586754 -4.549984570345283 0.79
      vertex 41.088134365586754 -4.549984570345283 1.7018
      vertex 41.53195295225774 -4.4841503020035685 0.79
    endloop
  endfacet
  facet normal -0.24298017990326462 0.9700312531945439 0
    outer loop
      vertex 41.53195295225774 -4.4841503020035685 0.79
      vertex 41.53195295225774 -4.4841503020035685 1.7018
      vertex 41.9671815444074 -4.3751312149676576 0.79
    endloop
  endfacet
  facet normal -0.336889853392219 0.9415440651830211 0
    outer loop
      vertex 41.9671815444074 -4.3751312149676576 0.79
      vertex 41.9671815444074 -4.3751312149676576 1.7018
      vertex 42.38962865277319 -4.223977222641603 0.79
    endloop
  endfacet
  facet normal -0.4275550934302814 0.9039892931234437 0
    outer loop
      vertex 42.38962865277319 -4.223977222641603 0.79
      vertex 42.38962865277319 -4.223977222641603 1.7018
      vertex 42.79522588076846 -4.032144020600678 0.79
    endloop
  endfacet
  facet normal -0.5141027441932209 0.8577286100002726 0
    outer loop
      vertex 42.79522588076846 -4.032144020600678 0.79
      vertex 42.79522588076846 -4.032144020600678 1.7018
      vertex 43.18006710536562 -3.8014790674472363 0.79
    endloop
  endfacet
  facet normal -0.5956993044924342 0.8032075314806443 0
    outer loop
      vertex 43.18006710536562 -3.8014790674472363 0.79
      vertex 43.18006710536562 -3.8014790674472363 1.7018
      vertex 43.54044609519619 -3.534203792774433 0.79
    endloop
  endfacet
  facet normal -0.6715589548470177 0.7409511253549597 0
    outer loop
      vertex 43.54044609519619 -3.534203792774433 0.79
      vertex 43.54044609519619 -3.534203792774433 1.7018
      vertex 43.8728922035849 -3.232892203584895 0.79
    endloop
  endfacet
  facet normal -0.7409511253549592 0.6715589548470182 0
    outer loop
      vertex 43.8728922035849 -3.232892203584895 0.79
      vertex 43.8728922035849 -3.232892203584895 1.7018
      vertex 44.174203792774435 -2.9004460951961866 0.79
    endloop
  endfacet
  facet normal -0.803207531480643 0.5956993044924357 0
    outer loop
      vertex 44.174203792774435 -2.9004460951961866 0.79
      vertex 44.174203792774435 -2.9004460951961866 1.7018
      vertex 44.44147906744724 -2.5400671053656207 0.79
    endloop
  endfacet
  facet normal -0.857728610000278 0.5141027441932119 0
    outer loop
      vertex 44.44147906744724 -2.5400671053656207 0.79
      vertex 44.44147906744724 -2.5400671053656207 1.7018
      vertex 44.672144020600676 -2.155225880768461 0.79
    endloop
  endfacet
  facet normal -0.9039892931234421 0.4275550934302846 0
    outer loop
      vertex 44.672144020600676 -2.155225880768461 0.79
      vertex 44.672144020600676 -2.155225880768461 1.7018
      vertex 44.8639772226416 -1.7496286527731901 0.79
    endloop
  endfacet
  facet normal -0.9415440651830189 0.3368898533922252 0
    outer loop
      vertex 44.8639772226416 -1.7496286527731901 0.79
      vertex 44.8639772226416 -1.7496286527731901 1.7018
      vertex 45.01513121496766 -1.3271815444074015 0.79
    endloop
  endfacet
  facet normal -0.9700312531945439 0.24298017990326443 0
    outer loop
      vertex 45.01513121496766 -1.3271815444074015 0.79
      vertex 45.01513121496766 -1.3271815444074015 1.7018
      vertex 45.12415030200357 -0.8919529522577382 0.79
    endloop
  endfacet
  facet normal -0.9891765099647823 0.14673047445535267 0
    outer loop
      vertex 45.12415030200357 -0.8919529522577382 0.79
      vertex 45.12415030200357 -0.8919529522577382 1.7018
      vertex 45.18998457034528 -0.448134365586751 0.79
    endloop
  endfacet
  facet normal -0.9987954562051717 0.04906767432743204 0
    outer loop
      vertex 45.18998457034528 -0.448134365586751 0.79
      vertex 45.18998457034528 -0.448134365586751 1.7018
      vertex 45.212 0 0.79
    endloop
  endfacet
  facet normal -0.04906767432741796 0.9987954562051725 0
    outer loop
      vertex 41.088134365586754 -4.549984570345283 0.79
      vertex 40.64 -4.571999999999999 1.7018
      vertex 41.088134365586754 -4.549984570345283 1.7018
    endloop
  endfacet
  facet normal -0.1467304744553628 0.9891765099647808 0
    outer loop
      vertex 41.53195295225774 -4.4841503020035685 0.79
      vertex 41.088134365586754 -4.549984570345283 1.7018
      vertex 41.53195295225774 -4.4841503020035685 1.7018
    endloop
  endfacet
  facet normal -0.24298017990326462 0.9700312531945439 0
    outer loop
      vertex 41.9671815444074 -4.3751312149676576 0.79
      vertex 41.53195295225774 -4.4841503020035685 1.7018
      vertex 41.9671815444074 -4.3751312149676576 1.7018
    endloop
  endfacet
  facet normal -0.336889853392219 0.9415440651830211 0
    outer loop
      vertex 42.38962865277319 -4.223977222641603 0.79
      vertex 41.9671815444074 -4.3751312149676576 1.7018
      vertex 42.38962865277319 -4.223977222641603 1.7018
    endloop
  endfacet
  facet normal -0.4275550934302814 0.9039892931234437 0
    outer loop
      vertex 42.79522588076846 -4.032144020600678 0.79
      vertex 42.38962865277319 -4.223977222641603 1.7018
      vertex 42.79522588076846 -4.032144020600678 1.7018
    endloop
  endfacet
  facet normal -0.5141027441932209 0.8577286100002726 0
    outer loop
      vertex 43.18006710536562 -3.8014790674472363 0.79
      vertex 42.79522588076846 -4.032144020600678 1.7018
      vertex 43.18006710536562 -3.8014790674472363 1.7018
    endloop
  endfacet
  facet normal -0.5956993044924342 0.8032075314806443 0
    outer loop
      vertex 43.54044609519619 -3.534203792774433 0.79
      vertex 43.18006710536562 -3.8014790674472363 1.7018
      vertex 43.54044609519619 -3.534203792774433 1.7018
    endloop
  endfacet
  facet normal -0.6715589548470177 0.7409511253549597 0
    outer loop
      vertex 43.8728922035849 -3.232892203584895 0.79
      vertex 43.54044609519619 -3.534203792774433 1.7018
      vertex 43.8728922035849 -3.232892203584895 1.7018
    endloop
  endfacet
  facet normal -0.7409511253549592 0.6715589548470182 0
    outer loop
      vertex 44.174203792774435 -2.9004460951961866 0.79
      vertex 43.8728922035849 -3.232892203584895 1.7018
      vertex 44.174203792774435 -2.9004460951961866 1.7018
    endloop
  endfacet
  facet normal -0.803207531480643 0.5956993044924357 0
    outer loop
      vertex 44.44147906744724 -2.5400671053656207 0.79
      vertex 44.174203792774435 -2.9004460951961866 1.7018
      vertex 44.44147906744724 -2.5400671053656207 1.7018
    endloop
  endfacet
  facet normal -0.857728610000278 0.5141027441932119 0
    outer loop
      vertex 44.672144020600676 -2.155225880768461 0.79
      vertex 44.44147906744724 -2.5400671053656207 1.7018
      vertex 44.672144020600676 -2.155225880768461 1.7018
    endloop
  endfacet
  facet normal -0.9039892931234421 0.4275550934302846 0
    outer loop
      vertex 44.8639772226416 -1.7496286527731901 0.79
      vertex 44.672144020600676 -2.155225880768461 1.7018
      vertex 44.8639772226416 -1.7496286527731901 1.7018
    endloop
  endfacet
  facet normal -0.9415440651830189 0.3368898533922252 0
    outer loop
      vertex 45.01513121496766 -1.3271815444074015 0.79
      vertex 44.8639772226416 -1.7496286527731901 1.7018
      vertex 45.01513121496766 -1.3271815444074015 1.7018
    endloop
  endfacet
  facet normal -0.9700312531945439 0.24298017990326443 0
    outer loop
      vertex 45.12415030200357 -0.8919529522577382 0.79
      vertex 45.01513121496766 -1.3271815444074015 1.7018
      vertex 45.12415030200357 -0.8919529522577382 1.7018
    endloop
  endfacet
  facet normal -0.9891765099647823 0.14673047445535267 0
    outer loop
      vertex 45.18998457034528 -0.448134365586751 0.79
      vertex 45.12415030200357 -0.8919529522577382 1.7018
      vertex 45.18998457034528 -0.448134365586751 1.7018
    endloop
  endfacet
  facet normal -0.9987954562051717 0.04906767432743204 0
    outer loop
      vertex 45.212 0 0.79
      vertex 45.18998457034528 -0.448134365586751 1.7018
      vertex 45.212 0 1.7018
    endloop
  endfacet
  facet normal -0.9987954562051717 -0.04906767432743204 0
    outer loop
      vertex 45.212 0 0.79
      vertex 45.212 0 1.7018
      vertex 45.18998457034528 0.448134365586751 0.79
    endloop
  endfacet
  facet normal -0.9891765099647823 -0.14673047445535267 0
    outer loop
      vertex 45.18998457034528 0.448134365586751 0.79
      vertex 45.18998457034528 0.448134365586751 1.7018
      vertex 45.12415030200357 0.8919529522577382 0.79
    endloop
  endfacet
  facet normal -0.9700312531945439 -0.24298017990326443 0
    outer loop
      vertex 45.12415030200357 0.8919529522577382 0.79
      vertex 45.12415030200357 0.8919529522577382 1.7018
      vertex 45.01513121496766 1.3271815444074015 0.79
    endloop
  endfacet
  facet normal -0.9415440651830189 -0.3368898533922252 0
    outer loop
      vertex 45.01513121496766 1.3271815444074015 0.79
      vertex 45.01513121496766 1.3271815444074015 1.7018
      vertex 44.8639772226416 1.7496286527731901 0.79
    endloop
  endfacet
  facet normal -0.9039892931234421 -0.4275550934302846 0
    outer loop
      vertex 44.8639772226416 1.7496286527731901 0.79
      vertex 44.8639772226416 1.7496286527731901 1.7018
      vertex 44.672144020600676 2.155225880768461 0.79
    endloop
  endfacet
  facet normal -0.857728610000278 -0.5141027441932119 0
    outer loop
      vertex 44.672144020600676 2.155225880768461 0.79
      vertex 44.672144020600676 2.155225880768461 1.7018
      vertex 44.44147906744724 2.5400671053656207 0.79
    endloop
  endfacet
  facet normal -0.6715589548470177 -0.7409511253549597 0
    outer loop
      vertex 43.8728922035849 3.232892203584895 0.79
      vertex 43.8728922035849 3.232892203584895 1.7018
      vertex 43.54044609519619 3.534203792774433 0.79
    endloop
  endfacet
  facet normal -0.5956993044924342 -0.8032075314806443 0
    outer loop
      vertex 43.54044609519619 3.534203792774433 0.79
      vertex 43.54044609519619 3.534203792774433 1.7018
      vertex 43.18006710536562 3.8014790674472363 0.79
    endloop
  endfacet
  facet normal -0.803207531480643 -0.5956993044924357 0
    outer loop
      vertex 44.44147906744724 2.5400671053656207 0.79
      vertex 44.44147906744724 2.5400671053656207 1.7018
      vertex 44.174203792774435 2.9004460951961866 0.79
    endloop
  endfacet
  facet normal -0.7409511253549592 -0.6715589548470182 4.674885614054222e-18
    outer loop
      vertex 43.8728922035849 3.232892203584895 0.79
      vertex 44.174203792774435 2.9004460951961866 0.79
      vertex 44.174203792774435 2.9004460951961866 1.7018
    endloop
  endfacet
  facet normal -0.24298017990326462 -0.9700312531945439 3.240556618164603e-18
    outer loop
      vertex 41.53195295225774 4.4841503020035685 0.79
      vertex 41.9671815444074 4.3751312149676576 0.79
      vertex 41.9671815444074 4.3751312149676576 1.7018
    endloop
  endfacet
  facet normal -0.4275550934302814 -0.9039892931234437 -5.459896262997702e-18
    outer loop
      vertex 42.38962865277319 4.223977222641603 0.79
      vertex 42.79522588076846 4.032144020600678 0.79
      vertex 42.79522588076846 4.032144020600678 1.7018
    endloop
  endfacet
  facet normal -0.5141027441932209 -0.8577286100002726 0
    outer loop
      vertex 43.18006710536562 3.8014790674472363 0.79
      vertex 43.18006710536562 3.8014790674472363 1.7018
      vertex 42.79522588076846 4.032144020600678 0.79
    endloop
  endfacet
  facet normal -0.336889853392219 -0.9415440651830211 0
    outer loop
      vertex 42.38962865277319 4.223977222641603 0.79
      vertex 42.38962865277319 4.223977222641603 1.7018
      vertex 41.9671815444074 4.3751312149676576 0.79
    endloop
  endfacet
  facet normal -0.04906767432741796 -0.9987954562051725 0
    outer loop
      vertex 41.088134365586754 4.549984570345283 0.79
      vertex 41.088134365586754 4.549984570345283 1.7018
      vertex 40.64 4.571999999999999 0.79
    endloop
  endfacet
  facet normal -0.1467304744553628 -0.9891765099647808 3.291550770175689e-18
    outer loop
      vertex 41.088134365586754 4.549984570345283 0.79
      vertex 41.53195295225774 4.4841503020035685 0.79
      vertex 41.53195295225774 4.4841503020035685 1.7018
    endloop
  endfacet
  facet normal -0.9987954562051717 -0.04906767432743204 0
    outer loop
      vertex 45.18998457034528 0.448134365586751 0.79
      vertex 45.212 0 1.7018
      vertex 45.18998457034528 0.448134365586751 1.7018
    endloop
  endfacet
  facet normal -0.9891765099647823 -0.14673047445535267 0
    outer loop
      vertex 45.12415030200357 0.8919529522577382 0.79
      vertex 45.18998457034528 0.448134365586751 1.7018
      vertex 45.12415030200357 0.8919529522577382 1.7018
    endloop
  endfacet
  facet normal -0.9700312531945439 -0.24298017990326443 0
    outer loop
      vertex 45.01513121496766 1.3271815444074015 0.79
      vertex 45.12415030200357 0.8919529522577382 1.7018
      vertex 45.01513121496766 1.3271815444074015 1.7018
    endloop
  endfacet
  facet normal -0.9415440651830189 -0.3368898533922252 0
    outer loop
      vertex 44.8639772226416 1.7496286527731901 0.79
      vertex 45.01513121496766 1.3271815444074015 1.7018
      vertex 44.8639772226416 1.7496286527731901 1.7018
    endloop
  endfacet
  facet normal -0.9039892931234421 -0.4275550934302846 0
    outer loop
      vertex 44.672144020600676 2.155225880768461 0.79
      vertex 44.8639772226416 1.7496286527731901 1.7018
      vertex 44.672144020600676 2.155225880768461 1.7018
    endloop
  endfacet
  facet normal -0.857728610000278 -0.5141027441932119 0
    outer loop
      vertex 44.44147906744724 2.5400671053656207 0.79
      vertex 44.672144020600676 2.155225880768461 1.7018
      vertex 44.44147906744724 2.5400671053656207 1.7018
    endloop
  endfacet
  facet normal -0.6715589548470177 -0.7409511253549597 0
    outer loop
      vertex 43.54044609519619 3.534203792774433 0.79
      vertex 43.8728922035849 3.232892203584895 1.7018
      vertex 43.54044609519619 3.534203792774433 1.7018
    endloop
  endfacet
  facet normal -0.5956993044924342 -0.8032075314806443 0
    outer loop
      vertex 43.18006710536562 3.8014790674472363 0.79
      vertex 43.54044609519619 3.534203792774433 1.7018
      vertex 43.18006710536562 3.8014790674472363 1.7018
    endloop
  endfacet
  facet normal -0.803207531480643 -0.5956993044924357 0
    outer loop
      vertex 44.174203792774435 2.9004460951961866 0.79
      vertex 44.44147906744724 2.5400671053656207 1.7018
      vertex 44.174203792774435 2.9004460951961866 1.7018
    endloop
  endfacet
  facet normal -0.7409511253549592 -0.6715589548470182 0
    outer loop
      vertex 43.8728922035849 3.232892203584895 0.79
      vertex 44.174203792774435 2.9004460951961866 1.7018
      vertex 43.8728922035849 3.232892203584895 1.7018
    endloop
  endfacet
  facet normal -0.336889853392219 -0.9415440651830211 0
    outer loop
      vertex 41.9671815444074 4.3751312149676576 0.79
      vertex 42.38962865277319 4.223977222641603 1.7018
      vertex 41.9671815444074 4.3751312149676576 1.7018
    endloop
  endfacet
  facet normal -0.5141027441932209 -0.8577286100002726 0
    outer loop
      vertex 42.79522588076846 4.032144020600678 0.79
      vertex 43.18006710536562 3.8014790674472363 1.7018
      vertex 42.79522588076846 4.032144020600678 1.7018
    endloop
  endfacet
  facet normal -0.4275550934302814 -0.9039892931234437 0
    outer loop
      vertex 42.38962865277319 4.223977222641603 0.79
      vertex 42.79522588076846 4.032144020600678 1.7018
      vertex 42.38962865277319 4.223977222641603 1.7018
    endloop
  endfacet
  facet normal -0.04906767432741796 -0.9987954562051725 0
    outer loop
      vertex 40.64 4.571999999999999 0.79
      vertex 41.088134365586754 4.549984570345283 1.7018
      vertex 40.64 4.571999999999999 1.7018
    endloop
  endfacet
  facet normal -0.1467304744553628 -0.9891765099647808 0
    outer loop
      vertex 41.088134365586754 4.549984570345283 0.79
      vertex 41.53195295225774 4.4841503020035685 1.7018
      vertex 41.088134365586754 4.549984570345283 1.7018
    endloop
  endfacet
  facet normal -0.24298017990326462 -0.9700312531945439 0
    outer loop
      vertex 41.53195295225774 4.4841503020035685 0.79
      vertex 41.9671815444074 4.3751312149676576 1.7018
      vertex 41.53195295225774 4.4841503020035685 1.7018
    endloop
  endfacet
  facet normal 0.03471698801995209 0.7066805256772053 -0.7066805256772053
    outer loop
      vertex 40.19186563441325 -4.549984570345283 0.79
      vertex 40.64 -5.361999999999999 0
      vertex 40.1144320935529 -5.336180504416319 0
    endloop
  endfacet
  facet normal 0.23836061448964935 0.6661732898343393 -0.7066805256772044
    outer loop
      vertex 38.89037134722681 -4.223977222641603 0.79
      vertex 39.08349356056157 -5.131114080196103 0
      vertex 38.58805143565839 -4.953842053325518 0
    endloop
  endfacet
  facet normal 0.30250924381378785 0.6396020575606356 -0.7066805256772057
    outer loop
      vertex 38.48477411923154 -4.032144020600678 0.79
      vertex 38.58805143565839 -4.953842053325518 0
      vertex 38.112370697139 -4.728861819435879 0
    endloop
  endfacet
  facet normal 0.17191644214679633 0.6863289091595772 -0.7066805256772057
    outer loop
      vertex 39.3128184555926 -4.3751312149676576 0.79
      vertex 39.59392569334952 -5.25897067352212 0
      vertex 39.08349356056157 -5.131114080196103 0
    endloop
  endfacet
  facet normal 0.10381662048698816 0.6998748059040627 -0.7066805256772053
    outer loop
      vertex 39.74804704774226 -4.4841503020035685 0.79
      vertex 40.1144320935529 -5.336180504416319 0
      vertex 39.59392569334952 -5.25897067352212 0
    endloop
  endfacet
  facet normal 0.3637445437516433 0.6068711078305667 -0.7066805256772039
    outer loop
      vertex 38.09993289463438 -3.8014790674472363 0.79
      vertex 38.112370697139 -4.728861819435879 0
      vertex 37.6610324105489 -4.458340061166247 0
    endloop
  endfacet
  facet normal 0.42147678489016277 0.5682956575826024 -0.7066805256772037
    outer loop
      vertex 37.73955390480381 -3.534203792774433 0.79
      vertex 37.6610324105489 -4.458340061166247 0
      vertex 37.23838321031454 -4.1448820509309945 0
    endloop
  endfacet
  facet normal 0.47514997418754135 0.5242472094901104 -0.7066805256772053
    outer loop
      vertex 37.407107796415104 -3.232892203584895 0.79
      vertex 37.23838321031454 -4.1448820509309945 0
      vertex 36.84849343927773 -3.7915065607222678 0
    endloop
  endfacet
  facet normal 0.5242472094901075 0.4751499741875446 -0.706680525677205
    outer loop
      vertex 37.105796207225566 -2.9004460951961866 0.79
      vertex 36.84849343927773 -3.7915065607222678 0
      vertex 36.495117949069005 -3.4016167896854665 0
    endloop
  endfacet
  facet normal 0.5682956575826025 0.42147678489016205 -0.7066805256772042
    outer loop
      vertex 36.83852093255276 -2.5400671053656207 0.79
      vertex 36.495117949069005 -3.4016167896854665 0
      vertex 36.181659938833754 -2.9789675894511065 0
    endloop
  endfacet
  facet normal 0.6068711078305622 0.36374454375164245 -0.7066805256772085
    outer loop
      vertex 36.607855979399325 -2.155225880768461 0.79
      vertex 36.181659938833754 -2.9789675894511065 0
      vertex 35.911138180564116 -2.527629302860999 0
    endloop
  endfacet
  facet normal 0.6396020575606322 0.3025092438137899 -0.7066805256772078
    outer loop
      vertex 36.4160227773584 -1.7496286527731901 0.79
      vertex 35.911138180564116 -2.527629302860999 0
      vertex 35.68615794667448 -2.051948564341611 0
    endloop
  endfacet
  facet normal 0.6661732898343456 0.2383606144896355 -0.7066805256772033
    outer loop
      vertex 36.26486878503234 -1.3271815444074015 0.79
      vertex 35.68615794667448 -2.051948564341611 0
      vertex 35.5088859198039 -1.5565064394384267 0
    endloop
  endfacet
  facet normal 0.6863289091595766 0.17191644214680343 -0.7066805256772047
    outer loop
      vertex 36.15584969799643 -0.8919529522577382 0.79
      vertex 35.5088859198039 -1.5565064394384267 0
      vertex 35.38102932647788 -1.0460743066504796 0
    endloop
  endfacet
  facet normal 0.6998748059040614 0.10381662048698773 -0.7066805256772065
    outer loop
      vertex 36.09001542965472 -0.448134365586751 0.79
      vertex 35.38102932647788 -1.0460743066504796 0
      vertex 35.30381949558368 -0.5255679064471038 0
    endloop
  endfacet
  facet normal 0.7066805256772056 0.03471698801995556 -0.7066805256772049
    outer loop
      vertex 36.068 0 0.79
      vertex 35.30381949558368 -0.5255679064471038 0
      vertex 35.278 0 0
    endloop
  endfacet
  facet normal 0.10381662048698914 0.6998748059040629 -0.7066805256772051
    outer loop
      vertex 40.19186563441325 -4.549984570345283 0.79
      vertex 40.1144320935529 -5.336180504416319 0
      vertex 39.74804704774226 -4.4841503020035685 0.79
    endloop
  endfacet
  facet normal 0.03471698801995217 0.7066805256772053 -0.7066805256772053
    outer loop
      vertex 40.19186563441325 -4.549984570345283 0.79
      vertex 40.64 -4.571999999999999 0.79
      vertex 40.64 -5.361999999999999 0
    endloop
  endfacet
  facet normal 0.1719164421467977 0.6863289091595774 -0.7066805256772054
    outer loop
      vertex 39.3128184555926 -4.3751312149676576 0.79
      vertex 39.74804704774226 -4.4841503020035685 0.79
      vertex 39.59392569334952 -5.25897067352212 0
    endloop
  endfacet
  facet normal 0.23836061448964457 0.6661732898343397 -0.706680525677206
    outer loop
      vertex 38.89037134722681 -4.223977222641603 0.79
      vertex 39.3128184555926 -4.3751312149676576 0.79
      vertex 39.08349356056157 -5.131114080196103 0
    endloop
  endfacet
  facet normal 0.3637445437516374 0.6068711078305683 -0.7066805256772057
    outer loop
      vertex 38.09993289463438 -3.8014790674472363 0.79
      vertex 38.48477411923154 -4.032144020600678 0.79
      vertex 38.112370697139 -4.728861819435879 0
    endloop
  endfacet
  facet normal 0.30250924381379224 0.6396020575606349 -0.7066805256772043
    outer loop
      vertex 38.89037134722681 -4.223977222641603 0.79
      vertex 38.58805143565839 -4.953842053325518 0
      vertex 38.48477411923154 -4.032144020600678 0.79
    endloop
  endfacet
  facet normal 0.4214767848901634 0.5682956575826021 -0.7066805256772037
    outer loop
      vertex 38.09993289463438 -3.8014790674472363 0.79
      vertex 37.6610324105489 -4.458340061166247 0
      vertex 37.73955390480381 -3.534203792774433 0.79
    endloop
  endfacet
  facet normal 0.47514997418754634 0.5242472094901081 -0.7066805256772036
    outer loop
      vertex 37.73955390480381 -3.534203792774433 0.79
      vertex 37.23838321031454 -4.1448820509309945 0
      vertex 37.407107796415104 -3.232892203584895 0.79
    endloop
  endfacet
  facet normal 0.5242472094901063 0.4751499741875455 -0.7066805256772054
    outer loop
      vertex 37.407107796415104 -3.232892203584895 0.79
      vertex 36.84849343927773 -3.7915065607222678 0
      vertex 37.105796207225566 -2.9004460951961866 0.79
    endloop
  endfacet
  facet normal 0.5682956575826003 0.42147678489016366 -0.706680525677205
    outer loop
      vertex 37.105796207225566 -2.9004460951961866 0.79
      vertex 36.495117949069005 -3.4016167896854665 0
      vertex 36.83852093255276 -2.5400671053656207 0.79
    endloop
  endfacet
  facet normal 0.6068711078305737 0.363744543751632 -0.7066805256772039
    outer loop
      vertex 36.83852093255276 -2.5400671053656207 0.79
      vertex 36.181659938833754 -2.9789675894511065 0
      vertex 36.607855979399325 -2.155225880768461 0.79
    endloop
  endfacet
  facet normal 0.6396020575606298 0.3025092438137925 -0.7066805256772087
    outer loop
      vertex 36.607855979399325 -2.155225880768461 0.79
      vertex 35.911138180564116 -2.527629302860999 0
      vertex 36.4160227773584 -1.7496286527731901 0.79
    endloop
  endfacet
  facet normal 0.6661732898343361 0.23836061448964826 -0.7066805256772081
    outer loop
      vertex 36.4160227773584 -1.7496286527731901 0.79
      vertex 35.68615794667448 -2.051948564341611 0
      vertex 36.26486878503234 -1.3271815444074015 0.79
    endloop
  endfacet
  facet normal 0.6998748059040643 0.10381662048698201 -0.7066805256772046
    outer loop
      vertex 36.15584969799643 -0.8919529522577382 0.79
      vertex 35.38102932647788 -1.0460743066504796 0
      vertex 36.09001542965472 -0.448134365586751 0.79
    endloop
  endfacet
  facet normal 0.6863289091595799 0.1719164421467982 -0.706680525677203
    outer loop
      vertex 36.26486878503234 -1.3271815444074015 0.79
      vertex 35.5088859198039 -1.5565064394384267 0
      vertex 36.15584969799643 -0.8919529522577382 0.79
    endloop
  endfacet
  facet normal 0.7066805256772033 0.034716988019962064 -0.7066805256772068
    outer loop
      vertex 36.09001542965472 -0.448134365586751 0.79
      vertex 35.30381949558368 -0.5255679064471038 0
      vertex 36.068 0 0.79
    endloop
  endfacet
  facet normal 0.7066805256772037 -0.034716988019955514 -0.7066805256772067
    outer loop
      vertex 36.09001542965472 0.448134365586751 0.79
      vertex 35.278 0 0
      vertex 35.30381949558368 0.5255679064471038 0
    endloop
  endfacet
  facet normal 0.6998748059040633 -0.103816620486988 -0.706680525677205
    outer loop
      vertex 36.15584969799643 0.8919529522577382 0.79
      vertex 35.30381949558368 0.5255679064471038 0
      vertex 35.38102932647788 1.0460743066504796 0
    endloop
  endfacet
  facet normal 0.6863289091595781 -0.171916442146804 -0.706680525677203
    outer loop
      vertex 36.26486878503234 1.3271815444074015 0.79
      vertex 35.38102932647788 1.0460743066504796 0
      vertex 35.5088859198039 1.5565064394384267 0
    endloop
  endfacet
  facet normal 0.6661732898343415 -0.23836061448963403 -0.7066805256772075
    outer loop
      vertex 36.4160227773584 1.7496286527731901 0.79
      vertex 35.5088859198039 1.5565064394384267 0
      vertex 35.68615794667448 2.051948564341611 0
    endloop
  endfacet
  facet normal 0.6396020575606313 -0.3025092438137895 -0.7066805256772086
    outer loop
      vertex 36.607855979399325 2.155225880768461 0.79
      vertex 35.68615794667448 2.051948564341611 0
      vertex 35.911138180564116 2.527629302860999 0
    endloop
  endfacet
  facet normal 0.6068711078305659 -0.36374454375164444 -0.7066805256772042
    outer loop
      vertex 36.83852093255276 2.5400671053656207 0.79
      vertex 35.911138180564116 2.527629302860999 0
      vertex 36.181659938833754 2.9789675894511065 0
    endloop
  endfacet
  facet normal 0.5682956575826018 -0.4214767848901617 -0.7066805256772049
    outer loop
      vertex 37.105796207225566 2.9004460951961866 0.79
      vertex 36.181659938833754 2.9789675894511065 0
      vertex 36.495117949069005 3.4016167896854665 0
    endloop
  endfacet
  facet normal 0.5242472094901073 -0.47514997418754457 -0.7066805256772054
    outer loop
      vertex 37.407107796415104 3.232892203584895 0.79
      vertex 36.495117949069005 3.4016167896854665 0
      vertex 36.84849343927773 3.7915065607222678 0
    endloop
  endfacet
  facet normal 0.4751499741875423 -0.5242472094901115 -0.7066805256772039
    outer loop
      vertex 37.73955390480381 3.534203792774433 0.79
      vertex 36.84849343927773 3.7915065607222678 0
      vertex 37.23838321031454 4.1448820509309945 0
    endloop
  endfacet
  facet normal 0.4214767848901628 -0.5682956575826024 -0.7066805256772036
    outer loop
      vertex 38.09993289463438 3.8014790674472363 0.79
      vertex 37.23838321031454 4.1448820509309945 0
      vertex 37.6610324105489 4.458340061166247 0
    endloop
  endfacet
  facet normal 0.36374454375164256 -0.6068711078305655 -0.7066805256772056
    outer loop
      vertex 38.48477411923154 4.032144020600678 0.79
      vertex 37.6610324105489 4.458340061166247 0
      vertex 38.112370697139 4.728861819435879 0
    endloop
  endfacet
  facet normal 0.30250924381378835 -0.6396020575606366 -0.7066805256772044
    outer loop
      vertex 38.89037134722681 4.223977222641603 0.79
      vertex 38.112370697139 4.728861819435879 0
      vertex 38.58805143565839 4.953842053325518 0
    endloop
  endfacet
  facet normal 0.2383606144896489 -0.6661732898343382 -0.7066805256772059
    outer loop
      vertex 39.3128184555926 4.3751312149676576 0.79
      vertex 38.58805143565839 4.953842053325518 0
      vertex 39.08349356056157 5.131114080196103 0
    endloop
  endfacet
  facet normal 0.17191644214679647 -0.6863289091595777 -0.7066805256772054
    outer loop
      vertex 39.74804704774226 4.4841503020035685 0.79
      vertex 39.08349356056157 5.131114080196103 0
      vertex 39.59392569334952 5.25897067352212 0
    endloop
  endfacet
  facet normal 0.10381662048698831 -0.6998748059040629 -0.7066805256772052
    outer loop
      vertex 40.19186563441325 4.549984570345283 0.79
      vertex 39.59392569334952 5.25897067352212 0
      vertex 40.1144320935529 5.336180504416319 0
    endloop
  endfacet
  facet normal 0.7066805256772055 -0.03471698801996217 -0.7066805256772046
    outer loop
      vertex 36.068 0 0.79
      vertex 35.278 0 0
      vertex 36.09001542965472 0.448134365586751 0.79
    endloop
  endfacet
  facet normal 0.6998748059040621 -0.10381662048698172 -0.7066805256772067
    outer loop
      vertex 36.09001542965472 0.448134365586751 0.79
      vertex 35.30381949558368 0.5255679064471038 0
      vertex 36.15584969799643 0.8919529522577382 0.79
    endloop
  endfacet
  facet normal 0.6863289091595779 -0.1719164421467977 -0.706680525677205
    outer loop
      vertex 36.15584969799643 0.8919529522577382 0.79
      vertex 35.38102932647788 1.0460743066504796 0
      vertex 36.26486878503234 1.3271815444074015 0.79
    endloop
  endfacet
  facet normal 0.6661732898343409 -0.23836061448964996 -0.7066805256772029
    outer loop
      vertex 36.26486878503234 1.3271815444074015 0.79
      vertex 35.5088859198039 1.5565064394384267 0
      vertex 36.4160227773584 1.7496286527731901 0.79
    endloop
  endfacet
  facet normal 0.6396020575606309 -0.302509243813793 -0.7066805256772078
    outer loop
      vertex 36.4160227773584 1.7496286527731901 0.79
      vertex 35.68615794667448 2.051948564341611 0
      vertex 36.607855979399325 2.155225880768461 0.79
    endloop
  endfacet
  facet normal 0.6068711078305696 -0.3637445437516295 -0.7066805256772088
    outer loop
      vertex 36.607855979399325 2.155225880768461 0.79
      vertex 35.911138180564116 2.527629302860999 0
      vertex 36.83852093255276 2.5400671053656207 0.79
    endloop
  endfacet
  facet normal 0.5682956575826008 -0.42147678489016416 -0.7066805256772041
    outer loop
      vertex 36.83852093255276 2.5400671053656207 0.79
      vertex 36.181659938833754 2.9789675894511065 0
      vertex 37.105796207225566 2.9004460951961866 0.79
    endloop
  endfacet
  facet normal 0.5242472094901066 -0.47514997418754584 -0.706680525677205
    outer loop
      vertex 37.105796207225566 2.9004460951961866 0.79
      vertex 36.495117949069005 3.4016167896854665 0
      vertex 37.407107796415104 3.232892203584895 0.79
    endloop
  endfacet
  facet normal 0.47514997418754523 -0.5242472094901067 -0.7066805256772054
    outer loop
      vertex 37.407107796415104 3.232892203584895 0.79
      vertex 36.84849343927773 3.7915065607222678 0
      vertex 37.73955390480381 3.534203792774433 0.79
    endloop
  endfacet
  facet normal 0.42147678489016327 -0.568295657582602 -0.7066805256772039
    outer loop
      vertex 37.73955390480381 3.534203792774433 0.79
      vertex 37.23838321031454 4.1448820509309945 0
      vertex 38.09993289463438 3.8014790674472363 0.79
    endloop
  endfacet
  facet normal 0.36374454375163845 -0.60687110783057 -0.7066805256772039
    outer loop
      vertex 38.09993289463438 3.8014790674472363 0.79
      vertex 37.6610324105489 4.458340061166247 0
      vertex 38.48477411923154 4.032144020600678 0.79
    endloop
  endfacet
  facet normal 0.30250924381379163 -0.6396020575606337 -0.7066805256772057
    outer loop
      vertex 38.48477411923154 4.032144020600678 0.79
      vertex 38.112370697139 4.728861819435879 0
      vertex 38.89037134722681 4.223977222641603 0.79
    endloop
  endfacet
  facet normal 0.23836061448964505 -0.666173289834341 -0.7066805256772044
    outer loop
      vertex 38.89037134722681 4.223977222641603 0.79
      vertex 38.58805143565839 4.953842053325518 0
      vertex 39.3128184555926 4.3751312149676576 0.79
    endloop
  endfacet
  facet normal 0.17191644214679758 -0.686328909159577 -0.7066805256772059
    outer loop
      vertex 39.3128184555926 4.3751312149676576 0.79
      vertex 39.08349356056157 5.131114080196103 0
      vertex 39.74804704774226 4.4841503020035685 0.79
    endloop
  endfacet
  facet normal 0.10381662048698909 -0.6998748059040626 -0.7066805256772055
    outer loop
      vertex 39.74804704774226 4.4841503020035685 0.79
      vertex 39.59392569334952 5.25897067352212 0
      vertex 40.19186563441325 4.549984570345283 0.79
    endloop
  endfacet
  facet normal 0.03471698801995217 -0.7066805256772053 -0.7066805256772053
    outer loop
      vertex 40.19186563441325 4.549984570345283 0.79
      vertex 40.1144320935529 5.336180504416319 0
      vertex 40.64 4.571999999999999 0.79
    endloop
  endfacet
  facet normal 0.03471698801995225 -0.7066805256772053 -0.7066805256772053
    outer loop
      vertex 40.64 4.571999999999999 0.79
      vertex 40.1144320935529 5.336180504416319 0
      vertex 40.64 5.361999999999999 0
    endloop
  endfacet
  facet normal -0.03471698801995225 0.7066805256772053 -0.7066805256772053
    outer loop
      vertex 40.64 -4.571999999999999 0.79
      vertex 41.1655679064471 -5.336180504416319 0
      vertex 40.64 -5.361999999999999 0
    endloop
  endfacet
  facet normal -0.10381662048698831 0.6998748059040629 -0.7066805256772052
    outer loop
      vertex 41.088134365586754 -4.549984570345283 0.79
      vertex 41.68607430665048 -5.25897067352212 0
      vertex 41.1655679064471 -5.336180504416319 0
    endloop
  endfacet
  facet normal -0.17191644214679647 0.6863289091595777 -0.7066805256772054
    outer loop
      vertex 41.53195295225774 -4.4841503020035685 0.79
      vertex 42.19650643943843 -5.131114080196103 0
      vertex 41.68607430665048 -5.25897067352212 0
    endloop
  endfacet
  facet normal -0.2383606144896489 0.6661732898343382 -0.7066805256772059
    outer loop
      vertex 41.9671815444074 -4.3751312149676576 0.79
      vertex 42.69194856434161 -4.953842053325518 0
      vertex 42.19650643943843 -5.131114080196103 0
    endloop
  endfacet
  facet normal -0.30250924381378835 0.6396020575606366 -0.7066805256772044
    outer loop
      vertex 42.38962865277319 -4.223977222641603 0.79
      vertex 43.167629302861 -4.728861819435879 0
      vertex 42.69194856434161 -4.953842053325518 0
    endloop
  endfacet
  facet normal -0.36374454375164256 0.6068711078305655 -0.7066805256772056
    outer loop
      vertex 42.79522588076846 -4.032144020600678 0.79
      vertex 43.6189675894511 -4.458340061166247 0
      vertex 43.167629302861 -4.728861819435879 0
    endloop
  endfacet
  facet normal -0.4214767848901628 0.5682956575826024 -0.7066805256772036
    outer loop
      vertex 43.18006710536562 -3.8014790674472363 0.79
      vertex 44.04161678968546 -4.1448820509309945 0
      vertex 43.6189675894511 -4.458340061166247 0
    endloop
  endfacet
  facet normal -0.4751499741875423 0.5242472094901115 -0.7066805256772039
    outer loop
      vertex 43.54044609519619 -3.534203792774433 0.79
      vertex 44.43150656072227 -3.7915065607222678 0
      vertex 44.04161678968546 -4.1448820509309945 0
    endloop
  endfacet
  facet normal -0.5242472094901073 0.47514997418754457 -0.7066805256772054
    outer loop
      vertex 43.8728922035849 -3.232892203584895 0.79
      vertex 44.784882050930996 -3.4016167896854665 0
      vertex 44.43150656072227 -3.7915065607222678 0
    endloop
  endfacet
  facet normal -0.5682956575826018 0.4214767848901617 -0.7066805256772049
    outer loop
      vertex 44.174203792774435 -2.9004460951961866 0.79
      vertex 45.09834006116625 -2.9789675894511065 0
      vertex 44.784882050930996 -3.4016167896854665 0
    endloop
  endfacet
  facet normal -0.6068711078305659 0.36374454375164444 -0.7066805256772042
    outer loop
      vertex 44.44147906744724 -2.5400671053656207 0.79
      vertex 45.368861819435885 -2.527629302860999 0
      vertex 45.09834006116625 -2.9789675894511065 0
    endloop
  endfacet
  facet normal -0.6396020575606313 0.3025092438137895 -0.7066805256772086
    outer loop
      vertex 44.672144020600676 -2.155225880768461 0.79
      vertex 45.593842053325524 -2.051948564341611 0
      vertex 45.368861819435885 -2.527629302860999 0
    endloop
  endfacet
  facet normal -0.6661732898343415 0.23836061448963403 -0.7066805256772075
    outer loop
      vertex 44.8639772226416 -1.7496286527731901 0.79
      vertex 45.7711140801961 -1.5565064394384267 0
      vertex 45.593842053325524 -2.051948564341611 0
    endloop
  endfacet
  facet normal -0.6863289091595781 0.171916442146804 -0.706680525677203
    outer loop
      vertex 45.01513121496766 -1.3271815444074015 0.79
      vertex 45.89897067352212 -1.0460743066504796 0
      vertex 45.7711140801961 -1.5565064394384267 0
    endloop
  endfacet
  facet normal -0.6998748059040633 0.103816620486988 -0.706680525677205
    outer loop
      vertex 45.12415030200357 -0.8919529522577382 0.79
      vertex 45.97618050441632 -0.5255679064471038 0
      vertex 45.89897067352212 -1.0460743066504796 0
    endloop
  endfacet
  facet normal -0.7066805256772037 0.034716988019955514 -0.7066805256772067
    outer loop
      vertex 45.18998457034528 -0.448134365586751 0.79
      vertex 46.002 0 0
      vertex 45.97618050441632 -0.5255679064471038 0
    endloop
  endfacet
  facet normal -0.03471698801995217 0.7066805256772053 -0.7066805256772053
    outer loop
      vertex 40.64 -4.571999999999999 0.79
      vertex 41.088134365586754 -4.549984570345283 0.79
      vertex 41.1655679064471 -5.336180504416319 0
    endloop
  endfacet
  facet normal -0.10381662048698909 0.6998748059040626 -0.7066805256772055
    outer loop
      vertex 41.088134365586754 -4.549984570345283 0.79
      vertex 41.53195295225774 -4.4841503020035685 0.79
      vertex 41.68607430665048 -5.25897067352212 0
    endloop
  endfacet
  facet normal -0.17191644214679758 0.686328909159577 -0.7066805256772059
    outer loop
      vertex 41.53195295225774 -4.4841503020035685 0.79
      vertex 41.9671815444074 -4.3751312149676576 0.79
      vertex 42.19650643943843 -5.131114080196103 0
    endloop
  endfacet
  facet normal -0.23836061448964505 0.666173289834341 -0.7066805256772044
    outer loop
      vertex 41.9671815444074 -4.3751312149676576 0.79
      vertex 42.38962865277319 -4.223977222641603 0.79
      vertex 42.69194856434161 -4.953842053325518 0
    endloop
  endfacet
  facet normal -0.30250924381379163 0.6396020575606337 -0.7066805256772057
    outer loop
      vertex 42.38962865277319 -4.223977222641603 0.79
      vertex 42.79522588076846 -4.032144020600678 0.79
      vertex 43.167629302861 -4.728861819435879 0
    endloop
  endfacet
  facet normal -0.36374454375163845 0.60687110783057 -0.7066805256772039
    outer loop
      vertex 42.79522588076846 -4.032144020600678 0.79
      vertex 43.18006710536562 -3.8014790674472363 0.79
      vertex 43.6189675894511 -4.458340061166247 0
    endloop
  endfacet
  facet normal -0.42147678489016327 0.568295657582602 -0.7066805256772039
    outer loop
      vertex 43.18006710536562 -3.8014790674472363 0.79
      vertex 43.54044609519619 -3.534203792774433 0.79
      vertex 44.04161678968546 -4.1448820509309945 0
    endloop
  endfacet
  facet normal -0.47514997418754523 0.5242472094901067 -0.7066805256772055
    outer loop
      vertex 43.54044609519619 -3.534203792774433 0.79
      vertex 43.8728922035849 -3.232892203584895 0.79
      vertex 44.43150656072227 -3.7915065607222678 0
    endloop
  endfacet
  facet normal -0.5242472094901066 0.47514997418754584 -0.706680525677205
    outer loop
      vertex 43.8728922035849 -3.232892203584895 0.79
      vertex 44.174203792774435 -2.9004460951961866 0.79
      vertex 44.784882050930996 -3.4016167896854665 0
    endloop
  endfacet
  facet normal -0.5682956575826008 0.42147678489016416 -0.7066805256772041
    outer loop
      vertex 44.174203792774435 -2.9004460951961866 0.79
      vertex 44.44147906744724 -2.5400671053656207 0.79
      vertex 45.09834006116625 -2.9789675894511065 0
    endloop
  endfacet
  facet normal -0.6068711078305696 0.3637445437516295 -0.7066805256772088
    outer loop
      vertex 44.44147906744724 -2.5400671053656207 0.79
      vertex 44.672144020600676 -2.155225880768461 0.79
      vertex 45.368861819435885 -2.527629302860999 0
    endloop
  endfacet
  facet normal -0.6396020575606309 0.302509243813793 -0.7066805256772078
    outer loop
      vertex 44.672144020600676 -2.155225880768461 0.79
      vertex 44.8639772226416 -1.7496286527731901 0.79
      vertex 45.593842053325524 -2.051948564341611 0
    endloop
  endfacet
  facet normal -0.6661732898343409 0.23836061448964996 -0.706680525677203
    outer loop
      vertex 44.8639772226416 -1.7496286527731901 0.79
      vertex 45.01513121496766 -1.3271815444074015 0.79
      vertex 45.7711140801961 -1.5565064394384267 0
    endloop
  endfacet
  facet normal -0.6863289091595779 0.1719164421467977 -0.706680525677205
    outer loop
      vertex 45.01513121496766 -1.3271815444074015 0.79
      vertex 45.12415030200357 -0.8919529522577382 0.79
      vertex 45.89897067352212 -1.0460743066504796 0
    endloop
  endfacet
  facet normal -0.6998748059040621 0.10381662048698172 -0.7066805256772067
    outer loop
      vertex 45.12415030200357 -0.8919529522577382 0.79
      vertex 45.18998457034528 -0.448134365586751 0.79
      vertex 45.97618050441632 -0.5255679064471038 0
    endloop
  endfacet
  facet normal -0.7066805256772055 0.03471698801996217 -0.7066805256772046
    outer loop
      vertex 45.18998457034528 -0.448134365586751 0.79
      vertex 45.212 0 0.79
      vertex 46.002 0 0
    endloop
  endfacet
  facet normal -0.7066805256772056 -0.03471698801995556 -0.7066805256772049
    outer loop
      vertex 45.212 0 0.79
      vertex 45.97618050441632 0.5255679064471038 0
      vertex 46.002 0 0
    endloop
  endfacet
  facet normal -0.6998748059040614 -0.10381662048698773 -0.7066805256772065
    outer loop
      vertex 45.18998457034528 0.448134365586751 0.79
      vertex 45.89897067352212 1.0460743066504796 0
      vertex 45.97618050441632 0.5255679064471038 0
    endloop
  endfacet
  facet normal -0.6863289091595766 -0.17191644214680343 -0.7066805256772047
    outer loop
      vertex 45.12415030200357 0.8919529522577382 0.79
      vertex 45.7711140801961 1.5565064394384267 0
      vertex 45.89897067352212 1.0460743066504796 0
    endloop
  endfacet
  facet normal -0.6661732898343456 -0.2383606144896355 -0.7066805256772033
    outer loop
      vertex 45.01513121496766 1.3271815444074015 0.79
      vertex 45.593842053325524 2.051948564341611 0
      vertex 45.7711140801961 1.5565064394384267 0
    endloop
  endfacet
  facet normal -0.6396020575606322 -0.3025092438137899 -0.7066805256772078
    outer loop
      vertex 44.8639772226416 1.7496286527731901 0.79
      vertex 45.368861819435885 2.527629302860999 0
      vertex 45.593842053325524 2.051948564341611 0
    endloop
  endfacet
  facet normal -0.6068711078305622 -0.36374454375164245 -0.7066805256772085
    outer loop
      vertex 44.672144020600676 2.155225880768461 0.79
      vertex 45.09834006116625 2.9789675894511065 0
      vertex 45.368861819435885 2.527629302860999 0
    endloop
  endfacet
  facet normal -0.5682956575826025 -0.42147678489016205 -0.7066805256772042
    outer loop
      vertex 44.44147906744724 2.5400671053656207 0.79
      vertex 44.784882050930996 3.4016167896854665 0
      vertex 45.09834006116625 2.9789675894511065 0
    endloop
  endfacet
  facet normal -0.5242472094901075 -0.4751499741875446 -0.706680525677205
    outer loop
      vertex 44.174203792774435 2.9004460951961866 0.79
      vertex 44.43150656072227 3.7915065607222678 0
      vertex 44.784882050930996 3.4016167896854665 0
    endloop
  endfacet
  facet normal -0.47514997418754135 -0.5242472094901104 -0.7066805256772053
    outer loop
      vertex 43.8728922035849 3.232892203584895 0.79
      vertex 44.04161678968546 4.1448820509309945 0
      vertex 44.43150656072227 3.7915065607222678 0
    endloop
  endfacet
  facet normal -0.42147678489016277 -0.5682956575826024 -0.7066805256772037
    outer loop
      vertex 43.54044609519619 3.534203792774433 0.79
      vertex 43.6189675894511 4.458340061166247 0
      vertex 44.04161678968546 4.1448820509309945 0
    endloop
  endfacet
  facet normal -0.3637445437516433 -0.6068711078305667 -0.7066805256772039
    outer loop
      vertex 43.18006710536562 3.8014790674472363 0.79
      vertex 43.167629302861 4.728861819435879 0
      vertex 43.6189675894511 4.458340061166247 0
    endloop
  endfacet
  facet normal -0.10381662048698816 -0.6998748059040627 -0.7066805256772053
    outer loop
      vertex 41.53195295225774 4.4841503020035685 0.79
      vertex 41.1655679064471 5.336180504416319 0
      vertex 41.68607430665048 5.25897067352212 0
    endloop
  endfacet
  facet normal -0.17191644214679633 -0.6863289091595772 -0.7066805256772057
    outer loop
      vertex 41.9671815444074 4.3751312149676576 0.79
      vertex 41.68607430665048 5.25897067352212 0
      vertex 42.19650643943843 5.131114080196103 0
    endloop
  endfacet
  facet normal -0.30250924381378785 -0.6396020575606356 -0.7066805256772057
    outer loop
      vertex 42.79522588076846 4.032144020600678 0.79
      vertex 42.69194856434161 4.953842053325518 0
      vertex 43.167629302861 4.728861819435879 0
    endloop
  endfacet
  facet normal -0.23836061448964935 -0.6661732898343393 -0.7066805256772044
    outer loop
      vertex 42.38962865277319 4.223977222641603 0.79
      vertex 42.19650643943843 5.131114080196103 0
      vertex 42.69194856434161 4.953842053325518 0
    endloop
  endfacet
  facet normal -0.7066805256772033 -0.034716988019962064 -0.7066805256772068
    outer loop
      vertex 45.212 0 0.79
      vertex 45.18998457034528 0.448134365586751 0.79
      vertex 45.97618050441632 0.5255679064471038 0
    endloop
  endfacet
  facet normal -0.6863289091595799 -0.1719164421467982 -0.7066805256772029
    outer loop
      vertex 45.12415030200357 0.8919529522577382 0.79
      vertex 45.01513121496766 1.3271815444074015 0.79
      vertex 45.7711140801961 1.5565064394384267 0
    endloop
  endfacet
  facet normal -0.6998748059040643 -0.10381662048698201 -0.7066805256772047
    outer loop
      vertex 45.18998457034528 0.448134365586751 0.79
      vertex 45.12415030200357 0.8919529522577382 0.79
      vertex 45.89897067352212 1.0460743066504796 0
    endloop
  endfacet
  facet normal -0.6661732898343361 -0.23836061448964826 -0.7066805256772081
    outer loop
      vertex 45.01513121496766 1.3271815444074015 0.79
      vertex 44.8639772226416 1.7496286527731901 0.79
      vertex 45.593842053325524 2.051948564341611 0
    endloop
  endfacet
  facet normal -0.6396020575606298 -0.3025092438137925 -0.7066805256772087
    outer loop
      vertex 44.8639772226416 1.7496286527731901 0.79
      vertex 44.672144020600676 2.155225880768461 0.79
      vertex 45.368861819435885 2.527629302860999 0
    endloop
  endfacet
  facet normal -0.6068711078305737 -0.363744543751632 -0.7066805256772039
    outer loop
      vertex 44.672144020600676 2.155225880768461 0.79
      vertex 44.44147906744724 2.5400671053656207 0.79
      vertex 45.09834006116625 2.9789675894511065 0
    endloop
  endfacet
  facet normal -0.5682956575826003 -0.42147678489016366 -0.706680525677205
    outer loop
      vertex 44.44147906744724 2.5400671053656207 0.79
      vertex 44.174203792774435 2.9004460951961866 0.79
      vertex 44.784882050930996 3.4016167896854665 0
    endloop
  endfacet
  facet normal -0.5242472094901063 -0.4751499741875455 -0.7066805256772054
    outer loop
      vertex 43.8728922035849 3.232892203584895 0.79
      vertex 44.43150656072227 3.7915065607222678 0
      vertex 44.174203792774435 2.9004460951961866 0.79
    endloop
  endfacet
  facet normal -0.47514997418754634 -0.5242472094901081 -0.7066805256772036
    outer loop
      vertex 43.8728922035849 3.232892203584895 0.79
      vertex 43.54044609519619 3.534203792774433 0.79
      vertex 44.04161678968546 4.1448820509309945 0
    endloop
  endfacet
  facet normal -0.4214767848901634 -0.5682956575826021 -0.7066805256772037
    outer loop
      vertex 43.54044609519619 3.534203792774433 0.79
      vertex 43.18006710536562 3.8014790674472363 0.79
      vertex 43.6189675894511 4.458340061166247 0
    endloop
  endfacet
  facet normal -0.30250924381379224 -0.6396020575606349 -0.7066805256772043
    outer loop
      vertex 42.38962865277319 4.223977222641603 0.79
      vertex 42.69194856434161 4.953842053325518 0
      vertex 42.79522588076846 4.032144020600678 0.79
    endloop
  endfacet
  facet normal -0.3637445437516374 -0.6068711078305683 -0.7066805256772057
    outer loop
      vertex 43.18006710536562 3.8014790674472363 0.79
      vertex 42.79522588076846 4.032144020600678 0.79
      vertex 43.167629302861 4.728861819435879 0
    endloop
  endfacet
  facet normal -0.23836061448964457 -0.6661732898343397 -0.706680525677206
    outer loop
      vertex 42.38962865277319 4.223977222641603 0.79
      vertex 41.9671815444074 4.3751312149676576 0.79
      vertex 42.19650643943843 5.131114080196103 0
    endloop
  endfacet
  facet normal -0.1719164421467977 -0.6863289091595774 -0.7066805256772054
    outer loop
      vertex 41.53195295225774 4.4841503020035685 0.79
      vertex 41.68607430665048 5.25897067352212 0
      vertex 41.9671815444074 4.3751312149676576 0.79
    endloop
  endfacet
  facet normal -0.03471698801995217 -0.7066805256772053 -0.7066805256772053
    outer loop
      vertex 41.088134365586754 4.549984570345283 0.79
      vertex 40.64 4.571999999999999 0.79
      vertex 40.64 5.361999999999999 0
    endloop
  endfacet
  facet normal -0.10381662048698914 -0.6998748059040629 -0.7066805256772051
    outer loop
      vertex 41.088134365586754 4.549984570345283 0.79
      vertex 41.1655679064471 5.336180504416319 0
      vertex 41.53195295225774 4.4841503020035685 0.79
    endloop
  endfacet
  facet normal -0.03471698801995209 -0.7066805256772053 -0.7066805256772053
    outer loop
      vertex 41.088134365586754 4.549984570345283 0.79
      vertex 40.64 5.361999999999999 0
      vertex 41.1655679064471 5.336180504416319 0
    endloop
  endfacet
  facet normal 0.9807852804032344 -0.19509032201610815 -2.036857802983984e-18
    outer loop
      vertex 56.410000000000004 -10.16 0
      vertex 56.47089637399097 -9.853853254107928 0
      vertex 56.47089637399097 -9.853853254107928 1.7018
    endloop
  endfacet
  facet normal -0.9807852804032344 -0.19509032201610815 0
    outer loop
      vertex 58.01 -10.16 0
      vertex 58.01 -10.16 1.7018
      vertex 57.949103626009034 -9.853853254107928 0
    endloop
  endfacet
  facet normal 0.8314696123025389 -0.5555702330196117 -3.25452242383364e-18
    outer loop
      vertex 56.47089637399097 -9.853853254107928 0
      vertex 56.644314575050764 -9.594314575050761 0
      vertex 56.644314575050764 -9.594314575050761 1.7018
    endloop
  endfacet
  facet normal -0.8314696123025389 -0.5555702330196117 3.25452242383364e-18
    outer loop
      vertex 57.77568542494924 -9.594314575050761 0
      vertex 57.949103626009034 -9.853853254107928 0
      vertex 57.949103626009034 -9.853853254107928 1.7018
    endloop
  endfacet
  facet normal -0.5555702330196026 -0.8314696123025449 0
    outer loop
      vertex 57.77568542494924 -9.594314575050761 0
      vertex 57.77568542494924 -9.594314575050761 1.7018
      vertex 57.51614674589207 -9.42089637399097 0
    endloop
  endfacet
  facet normal 0.5555702330196026 -0.8314696123025449 3.929825467281648e-19
    outer loop
      vertex 56.644314575050764 -9.594314575050761 0
      vertex 56.90385325410793 -9.42089637399097 0
      vertex 56.90385325410793 -9.42089637399097 1.7018
    endloop
  endfacet
  facet normal 0.19509032201613005 -0.9807852804032301 0
    outer loop
      vertex 57.21 -9.36 0
      vertex 57.21 -9.36 1.7018
      vertex 56.90385325410793 -9.42089637399097 0
    endloop
  endfacet
  facet normal -0.19509032201613005 -0.9807852804032301 0
    outer loop
      vertex 57.51614674589207 -9.42089637399097 0
      vertex 57.51614674589207 -9.42089637399097 1.7018
      vertex 57.21 -9.36 0
    endloop
  endfacet
  facet normal 0.9807852804032344 -0.19509032201610815 0
    outer loop
      vertex 56.410000000000004 -10.16 1.7018
      vertex 56.410000000000004 -10.16 0
      vertex 56.47089637399097 -9.853853254107928 1.7018
    endloop
  endfacet
  facet normal -0.9807852804032344 -0.19509032201610815 2.036857802983984e-18
    outer loop
      vertex 58.01 -10.16 1.7018
      vertex 57.949103626009034 -9.853853254107928 1.7018
      vertex 57.949103626009034 -9.853853254107928 0
    endloop
  endfacet
  facet normal 0.8314696123025389 -0.5555702330196117 -3.25452242383364e-18
    outer loop
      vertex 56.644314575050764 -9.594314575050761 1.7018
      vertex 56.47089637399097 -9.853853254107928 1.7018
      vertex 56.47089637399097 -9.853853254107928 0
    endloop
  endfacet
  facet normal 0.5555702330196026 -0.8314696123025449 0
    outer loop
      vertex 56.644314575050764 -9.594314575050761 0
      vertex 56.90385325410793 -9.42089637399097 1.7018
      vertex 56.644314575050764 -9.594314575050761 1.7018
    endloop
  endfacet
  facet normal -0.8314696123025389 -0.5555702330196117 3.25452242383364e-18
    outer loop
      vertex 57.949103626009034 -9.853853254107928 1.7018
      vertex 57.77568542494924 -9.594314575050761 1.7018
      vertex 57.77568542494924 -9.594314575050761 0
    endloop
  endfacet
  facet normal 0.19509032201613005 -0.9807852804032301 0
    outer loop
      vertex 56.90385325410793 -9.42089637399097 0
      vertex 57.21 -9.36 1.7018
      vertex 56.90385325410793 -9.42089637399097 1.7018
    endloop
  endfacet
  facet normal -0.5555702330196026 -0.8314696123025449 -3.929825467281648e-19
    outer loop
      vertex 57.77568542494924 -9.594314575050761 1.7018
      vertex 57.51614674589207 -9.42089637399097 1.7018
      vertex 57.51614674589207 -9.42089637399097 0
    endloop
  endfacet
  facet normal -0.19509032201613005 -0.9807852804032301 0
    outer loop
      vertex 57.21 -9.36 0
      vertex 57.51614674589207 -9.42089637399097 1.7018
      vertex 57.21 -9.36 1.7018
    endloop
  endfacet
  facet normal 0.9807852804032344 -0.19509032201610815 -2.036857802983984e-18
    outer loop
      vertex 58.910000000000004 -10.16 0
      vertex 58.97089637399097 -9.853853254107928 0
      vertex 58.97089637399097 -9.853853254107928 1.7018
    endloop
  endfacet
  facet normal 0.8314696123025389 -0.5555702330196117 -3.25452242383364e-18
    outer loop
      vertex 58.97089637399097 -9.853853254107928 0
      vertex 59.144314575050764 -9.594314575050761 0
      vertex 59.144314575050764 -9.594314575050761 1.7018
    endloop
  endfacet
  facet normal 0.5555702330196026 -0.8314696123025449 3.929825467281648e-19
    outer loop
      vertex 59.144314575050764 -9.594314575050761 0
      vertex 59.40385325410793 -9.42089637399097 0
      vertex 59.40385325410793 -9.42089637399097 1.7018
    endloop
  endfacet
  facet normal 0.19509032201613005 -0.9807852804032301 0
    outer loop
      vertex 59.71 -9.36 0
      vertex 59.71 -9.36 1.7018
      vertex 59.40385325410793 -9.42089637399097 0
    endloop
  endfacet
  facet normal -0.9807852804032301 -0.19509032201613005 0
    outer loop
      vertex 60.51 -10.16 0
      vertex 60.51 -10.16 1.7018
      vertex 60.44910362600903 -9.853853254107928 0
    endloop
  endfacet
  facet normal -0.8314696123025493 -0.555570233019596 2.188954765758885e-19
    outer loop
      vertex 60.27568542494924 -9.594314575050761 0
      vertex 60.44910362600903 -9.853853254107928 0
      vertex 60.44910362600903 -9.853853254107928 1.7018
    endloop
  endfacet
  facet normal -0.5555702330196026 -0.8314696123025449 0
    outer loop
      vertex 60.27568542494924 -9.594314575050761 0
      vertex 60.27568542494924 -9.594314575050761 1.7018
      vertex 60.01614674589207 -9.42089637399097 0
    endloop
  endfacet
  facet normal -0.19509032201613005 -0.9807852804032301 0
    outer loop
      vertex 60.01614674589207 -9.42089637399097 0
      vertex 60.01614674589207 -9.42089637399097 1.7018
      vertex 59.71 -9.36 0
    endloop
  endfacet
  facet normal 0.9807852804032344 -0.19509032201610815 0
    outer loop
      vertex 58.910000000000004 -10.16 1.7018
      vertex 58.910000000000004 -10.16 0
      vertex 58.97089637399097 -9.853853254107928 1.7018
    endloop
  endfacet
  facet normal 0.8314696123025389 -0.5555702330196117 -3.25452242383364e-18
    outer loop
      vertex 59.144314575050764 -9.594314575050761 1.7018
      vertex 58.97089637399097 -9.853853254107928 1.7018
      vertex 58.97089637399097 -9.853853254107928 0
    endloop
  endfacet
  facet normal 0.5555702330196026 -0.8314696123025449 0
    outer loop
      vertex 59.144314575050764 -9.594314575050761 0
      vertex 59.40385325410793 -9.42089637399097 1.7018
      vertex 59.144314575050764 -9.594314575050761 1.7018
    endloop
  endfacet
  facet normal 0.19509032201613005 -0.9807852804032301 0
    outer loop
      vertex 59.40385325410793 -9.42089637399097 0
      vertex 59.71 -9.36 1.7018
      vertex 59.40385325410793 -9.42089637399097 1.7018
    endloop
  endfacet
  facet normal -0.9807852804032301 -0.19509032201613005 2.1117347016937058e-18
    outer loop
      vertex 60.51 -10.16 1.7018
      vertex 60.44910362600903 -9.853853254107928 1.7018
      vertex 60.44910362600903 -9.853853254107928 0
    endloop
  endfacet
  facet normal -0.8314696123025493 -0.555570233019596 2.188954765758885e-19
    outer loop
      vertex 60.44910362600903 -9.853853254107928 1.7018
      vertex 60.27568542494924 -9.594314575050761 1.7018
      vertex 60.27568542494924 -9.594314575050761 0
    endloop
  endfacet
  facet normal -0.19509032201613005 -0.9807852804032301 0
    outer loop
      vertex 59.71 -9.36 0
      vertex 60.01614674589207 -9.42089637399097 1.7018
      vertex 59.71 -9.36 1.7018
    endloop
  endfacet
  facet normal -0.5555702330196026 -0.8314696123025449 -3.929825467281648e-19
    outer loop
      vertex 60.27568542494924 -9.594314575050761 1.7018
      vertex 60.01614674589207 -9.42089637399097 1.7018
      vertex 60.01614674589207 -9.42089637399097 0
    endloop
  endfacet
  facet normal 0.9807852804032301 -0.19509032201613005 -2.1117347016937058e-18
    outer loop
      vertex 61.410000000000004 -10.16 0
      vertex 61.470896373990975 -9.853853254107928 0
      vertex 61.470896373990975 -9.853853254107928 1.7018
    endloop
  endfacet
  facet normal 0.8314696123025493 -0.555570233019596 -2.188954765758885e-19
    outer loop
      vertex 61.470896373990975 -9.853853254107928 0
      vertex 61.644314575050764 -9.594314575050761 0
      vertex 61.644314575050764 -9.594314575050761 1.7018
    endloop
  endfacet
  facet normal -0.5555702330196026 -0.8314696123025449 -3.929825467281648e-19
    outer loop
      vertex 62.51614674589207 -9.42089637399097 0
      vertex 62.77568542494924 -9.594314575050761 0
      vertex 62.77568542494924 -9.594314575050761 1.7018
    endloop
  endfacet
  facet normal 0.5555702330196026 -0.8314696123025449 3.929825467281648e-19
    outer loop
      vertex 61.644314575050764 -9.594314575050761 0
      vertex 61.90385325410793 -9.42089637399097 0
      vertex 61.90385325410793 -9.42089637399097 1.7018
    endloop
  endfacet
  facet normal 0.19509032201613005 -0.9807852804032301 -2.1117347016937058e-18
    outer loop
      vertex 61.90385325410793 -9.42089637399097 0
      vertex 62.21 -9.36 0
      vertex 62.21 -9.36 1.7018
    endloop
  endfacet
  facet normal -0.19509032201613005 -0.9807852804032301 0
    outer loop
      vertex 62.51614674589207 -9.42089637399097 0
      vertex 62.51614674589207 -9.42089637399097 1.7018
      vertex 62.21 -9.36 0
    endloop
  endfacet
  facet normal -0.9807852804032344 -0.19509032201610815 0
    outer loop
      vertex 63.01 -10.16 0
      vertex 63.01 -10.16 1.7018
      vertex 62.949103626009034 -9.853853254107928 0
    endloop
  endfacet
  facet normal -0.8314696123025389 -0.5555702330196117 3.25452242383364e-18
    outer loop
      vertex 62.77568542494924 -9.594314575050761 0
      vertex 62.949103626009034 -9.853853254107928 0
      vertex 62.949103626009034 -9.853853254107928 1.7018
    endloop
  endfacet
  facet normal 0.9807852804032301 -0.19509032201613005 0
    outer loop
      vertex 61.410000000000004 -10.16 1.7018
      vertex 61.410000000000004 -10.16 0
      vertex 61.470896373990975 -9.853853254107928 1.7018
    endloop
  endfacet
  facet normal 0.8314696123025493 -0.555570233019596 -2.188954765758885e-19
    outer loop
      vertex 61.644314575050764 -9.594314575050761 1.7018
      vertex 61.470896373990975 -9.853853254107928 1.7018
      vertex 61.470896373990975 -9.853853254107928 0
    endloop
  endfacet
  facet normal 0.5555702330196026 -0.8314696123025449 3.929825467281648e-19
    outer loop
      vertex 61.90385325410793 -9.42089637399097 1.7018
      vertex 61.644314575050764 -9.594314575050761 1.7018
      vertex 61.644314575050764 -9.594314575050761 0
    endloop
  endfacet
  facet normal -0.8314696123025389 -0.5555702330196117 3.25452242383364e-18
    outer loop
      vertex 62.949103626009034 -9.853853254107928 1.7018
      vertex 62.77568542494924 -9.594314575050761 1.7018
      vertex 62.77568542494924 -9.594314575050761 0
    endloop
  endfacet
  facet normal 0.19509032201613005 -0.9807852804032301 0
    outer loop
      vertex 61.90385325410793 -9.42089637399097 0
      vertex 62.21 -9.36 1.7018
      vertex 61.90385325410793 -9.42089637399097 1.7018
    endloop
  endfacet
  facet normal -0.19509032201613005 -0.9807852804032301 2.1117347016937058e-18
    outer loop
      vertex 62.51614674589207 -9.42089637399097 1.7018
      vertex 62.21 -9.36 1.7018
      vertex 62.21 -9.36 0
    endloop
  endfacet
  facet normal -0.5555702330196026 -0.8314696123025449 -3.929825467281648e-19
    outer loop
      vertex 62.77568542494924 -9.594314575050761 1.7018
      vertex 62.51614674589207 -9.42089637399097 1.7018
      vertex 62.51614674589207 -9.42089637399097 0
    endloop
  endfacet
  facet normal -0.9807852804032344 -0.19509032201610815 2.036857802983984e-18
    outer loop
      vertex 63.01 -10.16 1.7018
      vertex 62.949103626009034 -9.853853254107928 1.7018
      vertex 62.949103626009034 -9.853853254107928 0
    endloop
  endfacet
  facet normal 0.9807852804032344 -0.19509032201610815 -2.036857802983984e-18
    outer loop
      vertex 63.910000000000004 -10.16 0
      vertex 63.97089637399097 -9.853853254107928 0
      vertex 63.97089637399097 -9.853853254107928 1.7018
    endloop
  endfacet
  facet normal 0.8314696123025493 -0.555570233019596 -2.188954765758885e-19
    outer loop
      vertex 63.97089637399097 -9.853853254107928 0
      vertex 64.14431457505076 -9.594314575050761 0
      vertex 64.14431457505076 -9.594314575050761 1.7018
    endloop
  endfacet
  facet normal -0.9807852804032301 -0.19509032201613005 0
    outer loop
      vertex 65.51 -10.16 0
      vertex 65.51 -10.16 1.7018
      vertex 65.44910362600903 -9.853853254107928 0
    endloop
  endfacet
  facet normal -0.5555702330195921 -0.8314696123025521 5.090156493745752e-18
    outer loop
      vertex 65.01614674589207 -9.42089637399097 0
      vertex 65.27568542494924 -9.594314575050761 0
      vertex 65.27568542494924 -9.594314575050761 1.7018
    endloop
  endfacet
  facet normal -0.8314696123025493 -0.555570233019596 2.188954765758885e-19
    outer loop
      vertex 65.27568542494924 -9.594314575050761 0
      vertex 65.44910362600903 -9.853853254107928 0
      vertex 65.44910362600903 -9.853853254107928 1.7018
    endloop
  endfacet
  facet normal 0.5555702330195921 -0.8314696123025521 0
    outer loop
      vertex 64.40385325410793 -9.42089637399097 0
      vertex 64.40385325410793 -9.42089637399097 1.7018
      vertex 64.14431457505076 -9.594314575050761 0
    endloop
  endfacet
  facet normal 0.1950903220161257 -0.980785280403231 2.5631607460387183e-18
    outer loop
      vertex 64.40385325410793 -9.42089637399097 0
      vertex 64.71000000000001 -9.36 0
      vertex 64.71000000000001 -9.36 1.7018
    endloop
  endfacet
  facet normal -0.1950903220161344 -0.9807852804032293 2.5538441822863527e-19
    outer loop
      vertex 64.71000000000001 -9.36 0
      vertex 65.01614674589207 -9.42089637399097 0
      vertex 65.01614674589207 -9.42089637399097 1.7018
    endloop
  endfacet
  facet normal 0.9807852804032344 -0.19509032201610815 0
    outer loop
      vertex 63.910000000000004 -10.16 1.7018
      vertex 63.910000000000004 -10.16 0
      vertex 63.97089637399097 -9.853853254107928 1.7018
    endloop
  endfacet
  facet normal 0.8314696123025493 -0.555570233019596 -2.188954765758885e-19
    outer loop
      vertex 64.14431457505076 -9.594314575050761 1.7018
      vertex 63.97089637399097 -9.853853254107928 1.7018
      vertex 63.97089637399097 -9.853853254107928 0
    endloop
  endfacet
  facet normal 0.5555702330195921 -0.8314696123025521 -5.090156493745752e-18
    outer loop
      vertex 64.40385325410793 -9.42089637399097 1.7018
      vertex 64.14431457505076 -9.594314575050761 1.7018
      vertex 64.14431457505076 -9.594314575050761 0
    endloop
  endfacet
  facet normal -0.9807852804032301 -0.19509032201613005 2.1117347016937058e-18
    outer loop
      vertex 65.51 -10.16 1.7018
      vertex 65.44910362600903 -9.853853254107928 1.7018
      vertex 65.44910362600903 -9.853853254107928 0
    endloop
  endfacet
  facet normal -0.8314696123025493 -0.555570233019596 2.188954765758885e-19
    outer loop
      vertex 65.44910362600903 -9.853853254107928 1.7018
      vertex 65.27568542494924 -9.594314575050761 1.7018
      vertex 65.27568542494924 -9.594314575050761 0
    endloop
  endfacet
  facet normal 0.1950903220161257 -0.980785280403231 2.5631607460387183e-18
    outer loop
      vertex 64.71000000000001 -9.36 1.7018
      vertex 64.40385325410793 -9.42089637399097 1.7018
      vertex 64.40385325410793 -9.42089637399097 0
    endloop
  endfacet
  facet normal -0.1950903220161344 -0.9807852804032293 2.5538441822863527e-19
    outer loop
      vertex 65.01614674589207 -9.42089637399097 1.7018
      vertex 64.71000000000001 -9.36 1.7018
      vertex 64.71000000000001 -9.36 0
    endloop
  endfacet
  facet normal -0.5555702330195921 -0.8314696123025521 0
    outer loop
      vertex 65.01614674589207 -9.42089637399097 0
      vertex 65.27568542494924 -9.594314575050761 1.7018
      vertex 65.01614674589207 -9.42089637399097 1.7018
    endloop
  endfacet
  facet normal 0.3368898533922203 0.9415440651830207 0
    outer loop
      vertex 59.113169755406076 -4.458642623899469 0.79
      vertex 59.113169755406076 -4.458642623899469 1.7018
      vertex 59.559086147569964 -4.618194060243639 0.79
    endloop
  endfacet
  facet normal 0.5956993044924268 0.8032075314806498 6.663932051534076e-18
    outer loop
      vertex 58.2788180554474 -4.012672348972083 0.79
      vertex 57.898418010626244 -3.7305484479285687 0.79
      vertex 57.898418010626244 -3.7305484479285687 1.7018
    endloop
  endfacet
  facet normal 0.4275550934302825 0.9039892931234431 6.505407952863118e-18
    outer loop
      vertex 59.113169755406076 -4.458642623899469 0.79
      vertex 58.68503934807774 -4.256152021745161 0.79
      vertex 58.68503934807774 -4.256152021745161 1.7018
    endloop
  endfacet
  facet normal 0.5141027441932239 0.8577286100002708 0
    outer loop
      vertex 58.2788180554474 -4.012672348972083 0.79
      vertex 58.2788180554474 -4.012672348972083 1.7018
      vertex 58.68503934807774 -4.256152021745161 0.79
    endloop
  endfacet
  facet normal 0.6715589548470184 0.740951125354959 1.2803273264244705e-17
    outer loop
      vertex 57.898418010626244 -3.7305484479285687 0.79
      vertex 57.54750267399372 -3.4124973260062785 0.79
      vertex 57.54750267399372 -3.4124973260062785 1.7018
    endloop
  endfacet
  facet normal 0.7409511253549618 0.6715589548470152 1.1801170185914345e-17
    outer loop
      vertex 57.54750267399372 -3.4124973260062785 0.79
      vertex 57.22945155207143 -3.061581989373753 0.79
      vertex 57.22945155207143 -3.061581989373753 1.7018
    endloop
  endfacet
  facet normal 0.8032075314806478 0.5956993044924294 0
    outer loop
      vertex 56.94732765102792 -2.6811819445525997 0.79
      vertex 56.94732765102792 -2.6811819445525997 1.7018
      vertex 57.22945155207143 -3.061581989373753 0.79
    endloop
  endfacet
  facet normal 0.049067674327417224 0.9987954562051723 0
    outer loop
      vertex 60.48696928076954 -4.802761490920022 0.79
      vertex 60.48696928076954 -4.802761490920022 1.7018
      vertex 60.96 -4.826 0.79
    endloop
  endfacet
  facet normal -0.049067674327417224 0.9987954562051723 0
    outer loop
      vertex 60.96 -4.826 0.79
      vertex 60.96 -4.826 1.7018
      vertex 61.43303071923046 -4.802761490920022 0.79
    endloop
  endfacet
  facet normal 0.24298017990326282 0.9700312531945442 1.9460125878475257e-18
    outer loop
      vertex 60.01849410595017 -4.73326976322599 0.79
      vertex 59.559086147569964 -4.618194060243639 0.79
      vertex 59.559086147569964 -4.618194060243639 1.7018
    endloop
  endfacet
  facet normal 0.14673047445536266 0.9891765099647808 3.617749906218422e-18
    outer loop
      vertex 60.48696928076954 -4.802761490920022 0.79
      vertex 60.01849410595017 -4.73326976322599 0.79
      vertex 60.01849410595017 -4.73326976322599 1.7018
    endloop
  endfacet
  facet normal -0.14673047445536266 0.9891765099647808 0
    outer loop
      vertex 61.43303071923046 -4.802761490920022 0.79
      vertex 61.43303071923046 -4.802761490920022 1.7018
      vertex 61.90150589404983 -4.73326976322599 0.79
    endloop
  endfacet
  facet normal -0.24298017990326282 0.9700312531945442 0
    outer loop
      vertex 61.90150589404983 -4.73326976322599 0.79
      vertex 61.90150589404983 -4.73326976322599 1.7018
      vertex 62.36091385243004 -4.618194060243639 0.79
    endloop
  endfacet
  facet normal -0.3368898533922203 0.9415440651830207 0
    outer loop
      vertex 62.36091385243004 -4.618194060243639 0.79
      vertex 62.36091385243004 -4.618194060243639 1.7018
      vertex 62.806830244593925 -4.458642623899469 0.79
    endloop
  endfacet
  facet normal -0.4275550934302825 0.9039892931234431 0
    outer loop
      vertex 62.806830244593925 -4.458642623899469 0.79
      vertex 62.806830244593925 -4.458642623899469 1.7018
      vertex 63.234960651922265 -4.256152021745161 0.79
    endloop
  endfacet
  facet normal -0.5141027441932239 0.8577286100002708 0
    outer loop
      vertex 63.234960651922265 -4.256152021745161 0.79
      vertex 63.234960651922265 -4.256152021745161 1.7018
      vertex 63.6411819445526 -4.012672348972083 0.79
    endloop
  endfacet
  facet normal -0.5956993044924268 0.8032075314806498 0
    outer loop
      vertex 63.6411819445526 -4.012672348972083 0.79
      vertex 63.6411819445526 -4.012672348972083 1.7018
      vertex 64.02158198937376 -3.7305484479285687 0.79
    endloop
  endfacet
  facet normal -0.6715589548470184 0.740951125354959 0
    outer loop
      vertex 64.02158198937376 -3.7305484479285687 0.79
      vertex 64.02158198937376 -3.7305484479285687 1.7018
      vertex 64.37249732600628 -3.4124973260062785 0.79
    endloop
  endfacet
  facet normal -0.7409511253549693 0.671558954847007 0
    outer loop
      vertex 64.37249732600628 -3.4124973260062785 0.79
      vertex 64.37249732600628 -3.4124973260062785 1.7018
      vertex 64.69054844792856 -3.061581989373753 0.79
    endloop
  endfacet
  facet normal -0.8032075314806407 0.5956993044924391 0
    outer loop
      vertex 64.69054844792856 -3.061581989373753 0.79
      vertex 64.69054844792856 -3.061581989373753 1.7018
      vertex 64.97267234897208 -2.6811819445525997 0.79
    endloop
  endfacet
  facet normal -0.8577286100002729 0.5141027441932203 0
    outer loop
      vertex 64.97267234897208 -2.6811819445525997 0.79
      vertex 64.97267234897208 -2.6811819445525997 1.7018
      vertex 65.21615202174516 -2.2749606519222643 0.79
    endloop
  endfacet
  facet normal 0.9415440651830232 0.3368898533922134 7.394588820632872e-18
    outer loop
      vertex 56.50135737610053 -1.846830244593923 0.79
      vertex 56.34180593975636 -1.400913852430035 0.79
      vertex 56.34180593975636 -1.400913852430035 1.7018
    endloop
  endfacet
  facet normal 0.8577286100002729 0.5141027441932203 4.712225532156158e-18
    outer loop
      vertex 56.94732765102792 -2.6811819445525997 0.79
      vertex 56.70384797825484 -2.2749606519222643 0.79
      vertex 56.70384797825484 -2.2749606519222643 1.7018
    endloop
  endfacet
  facet normal 0.9039892931234395 0.4275550934302903 -3.806563577196276e-18
    outer loop
      vertex 56.70384797825484 -2.2749606519222643 0.79
      vertex 56.50135737610053 -1.846830244593923 0.79
      vertex 56.50135737610053 -1.846830244593923 1.7018
    endloop
  endfacet
  facet normal 0.9700312531945429 0.24298017990326834 -3.273587738313672e-18
    outer loop
      vertex 56.34180593975636 -1.400913852430035 0.79
      vertex 56.22673023677401 -0.9415058940498349 0.79
      vertex 56.22673023677401 -0.9415058940498349 1.7018
    endloop
  endfacet
  facet normal 0.9891765099647819 0.1467304744553551 -2.2930850925624543e-18
    outer loop
      vertex 56.22673023677401 -0.9415058940498349 0.79
      vertex 56.15723850907998 -0.4730307192304594 0.79
      vertex 56.15723850907998 -0.4730307192304594 1.7018
    endloop
  endfacet
  facet normal 0.9987954562051721 0.04906767432742455 -3.544338686921355e-19
    outer loop
      vertex 56.15723850907998 -0.4730307192304594 0.79
      vertex 56.134 0 0.79
      vertex 56.134 0 1.7018
    endloop
  endfacet
  facet normal -0.9039892931234395 0.4275550934302903 0
    outer loop
      vertex 65.21615202174516 -2.2749606519222643 0.79
      vertex 65.21615202174516 -2.2749606519222643 1.7018
      vertex 65.41864262389947 -1.846830244593923 0.79
    endloop
  endfacet
  facet normal -0.9415440651830185 0.33688985339222666 0
    outer loop
      vertex 65.41864262389947 -1.846830244593923 0.79
      vertex 65.41864262389947 -1.846830244593923 1.7018
      vertex 65.57819406024365 -1.400913852430035 0.79
    endloop
  endfacet
  facet normal -0.97003125319455 0.2429801799032401 0
    outer loop
      vertex 65.57819406024365 -1.400913852430035 0.79
      vertex 65.57819406024365 -1.400913852430035 1.7018
      vertex 65.69326976322598 -0.9415058940498349 0.79
    endloop
  endfacet
  facet normal -0.9891765099647777 0.14673047445538445 0
    outer loop
      vertex 65.69326976322598 -0.9415058940498349 0.79
      vertex 65.69326976322598 -0.9415058940498349 1.7018
      vertex 65.76276149092003 -0.4730307192304594 0.79
    endloop
  endfacet
  facet normal -0.9987954562051728 0.04906767432740959 0
    outer loop
      vertex 65.76276149092003 -0.4730307192304594 0.79
      vertex 65.76276149092003 -0.4730307192304594 1.7018
      vertex 65.786 0 0.79
    endloop
  endfacet
  facet normal 0.3368898533922203 0.9415440651830207 0
    outer loop
      vertex 59.559086147569964 -4.618194060243639 0.79
      vertex 59.113169755406076 -4.458642623899469 1.7018
      vertex 59.559086147569964 -4.618194060243639 1.7018
    endloop
  endfacet
  facet normal 0.5141027441932239 0.8577286100002708 0
    outer loop
      vertex 58.68503934807774 -4.256152021745161 0.79
      vertex 58.2788180554474 -4.012672348972083 1.7018
      vertex 58.68503934807774 -4.256152021745161 1.7018
    endloop
  endfacet
  facet normal 0.4275550934302825 0.9039892931234431 0
    outer loop
      vertex 59.113169755406076 -4.458642623899469 0.79
      vertex 58.68503934807774 -4.256152021745161 1.7018
      vertex 59.113169755406076 -4.458642623899469 1.7018
    endloop
  endfacet
  facet normal 0.5956993044924268 0.8032075314806498 0
    outer loop
      vertex 58.2788180554474 -4.012672348972083 0.79
      vertex 57.898418010626244 -3.7305484479285687 1.7018
      vertex 58.2788180554474 -4.012672348972083 1.7018
    endloop
  endfacet
  facet normal 0.6715589548470184 0.740951125354959 0
    outer loop
      vertex 57.898418010626244 -3.7305484479285687 0.79
      vertex 57.54750267399372 -3.4124973260062785 1.7018
      vertex 57.898418010626244 -3.7305484479285687 1.7018
    endloop
  endfacet
  facet normal 0.7409511253549618 0.6715589548470152 0
    outer loop
      vertex 57.54750267399372 -3.4124973260062785 0.79
      vertex 57.22945155207143 -3.061581989373753 1.7018
      vertex 57.54750267399372 -3.4124973260062785 1.7018
    endloop
  endfacet
  facet normal 0.8032075314806478 0.5956993044924294 0
    outer loop
      vertex 57.22945155207143 -3.061581989373753 0.79
      vertex 56.94732765102792 -2.6811819445525997 1.7018
      vertex 57.22945155207143 -3.061581989373753 1.7018
    endloop
  endfacet
  facet normal 0.8577286100002729 0.5141027441932203 0
    outer loop
      vertex 56.94732765102792 -2.6811819445525997 0.79
      vertex 56.70384797825484 -2.2749606519222643 1.7018
      vertex 56.94732765102792 -2.6811819445525997 1.7018
    endloop
  endfacet
  facet normal 0.14673047445536266 0.9891765099647808 0
    outer loop
      vertex 60.48696928076954 -4.802761490920022 0.79
      vertex 60.01849410595017 -4.73326976322599 1.7018
      vertex 60.48696928076954 -4.802761490920022 1.7018
    endloop
  endfacet
  facet normal 0.049067674327417224 0.9987954562051723 0
    outer loop
      vertex 60.96 -4.826 0.79
      vertex 60.48696928076954 -4.802761490920022 1.7018
      vertex 60.96 -4.826 1.7018
    endloop
  endfacet
  facet normal -0.049067674327417224 0.9987954562051723 0
    outer loop
      vertex 61.43303071923046 -4.802761490920022 0.79
      vertex 60.96 -4.826 1.7018
      vertex 61.43303071923046 -4.802761490920022 1.7018
    endloop
  endfacet
  facet normal 0.24298017990326282 0.9700312531945442 0
    outer loop
      vertex 60.01849410595017 -4.73326976322599 0.79
      vertex 59.559086147569964 -4.618194060243639 1.7018
      vertex 60.01849410595017 -4.73326976322599 1.7018
    endloop
  endfacet
  facet normal -0.14673047445536266 0.9891765099647808 0
    outer loop
      vertex 61.90150589404983 -4.73326976322599 0.79
      vertex 61.43303071923046 -4.802761490920022 1.7018
      vertex 61.90150589404983 -4.73326976322599 1.7018
    endloop
  endfacet
  facet normal -0.24298017990326282 0.9700312531945442 0
    outer loop
      vertex 62.36091385243004 -4.618194060243639 0.79
      vertex 61.90150589404983 -4.73326976322599 1.7018
      vertex 62.36091385243004 -4.618194060243639 1.7018
    endloop
  endfacet
  facet normal -0.3368898533922203 0.9415440651830207 0
    outer loop
      vertex 62.806830244593925 -4.458642623899469 0.79
      vertex 62.36091385243004 -4.618194060243639 1.7018
      vertex 62.806830244593925 -4.458642623899469 1.7018
    endloop
  endfacet
  facet normal -0.4275550934302825 0.9039892931234431 0
    outer loop
      vertex 63.234960651922265 -4.256152021745161 0.79
      vertex 62.806830244593925 -4.458642623899469 1.7018
      vertex 63.234960651922265 -4.256152021745161 1.7018
    endloop
  endfacet
  facet normal -0.5141027441932239 0.8577286100002708 0
    outer loop
      vertex 63.6411819445526 -4.012672348972083 0.79
      vertex 63.234960651922265 -4.256152021745161 1.7018
      vertex 63.6411819445526 -4.012672348972083 1.7018
    endloop
  endfacet
  facet normal -0.5956993044924268 0.8032075314806498 0
    outer loop
      vertex 64.02158198937376 -3.7305484479285687 0.79
      vertex 63.6411819445526 -4.012672348972083 1.7018
      vertex 64.02158198937376 -3.7305484479285687 1.7018
    endloop
  endfacet
  facet normal -0.6715589548470184 0.740951125354959 0
    outer loop
      vertex 64.37249732600628 -3.4124973260062785 0.79
      vertex 64.02158198937376 -3.7305484479285687 1.7018
      vertex 64.37249732600628 -3.4124973260062785 1.7018
    endloop
  endfacet
  facet normal -0.7409511253549693 0.671558954847007 0
    outer loop
      vertex 64.69054844792856 -3.061581989373753 0.79
      vertex 64.37249732600628 -3.4124973260062785 1.7018
      vertex 64.69054844792856 -3.061581989373753 1.7018
    endloop
  endfacet
  facet normal -0.8032075314806407 0.5956993044924391 0
    outer loop
      vertex 64.97267234897208 -2.6811819445525997 0.79
      vertex 64.69054844792856 -3.061581989373753 1.7018
      vertex 64.97267234897208 -2.6811819445525997 1.7018
    endloop
  endfacet
  facet normal 0.9415440651830232 0.3368898533922134 0
    outer loop
      vertex 56.50135737610053 -1.846830244593923 0.79
      vertex 56.34180593975636 -1.400913852430035 1.7018
      vertex 56.50135737610053 -1.846830244593923 1.7018
    endloop
  endfacet
  facet normal 0.9039892931234395 0.4275550934302903 0
    outer loop
      vertex 56.70384797825484 -2.2749606519222643 0.79
      vertex 56.50135737610053 -1.846830244593923 1.7018
      vertex 56.70384797825484 -2.2749606519222643 1.7018
    endloop
  endfacet
  facet normal 0.9700312531945429 0.24298017990326834 0
    outer loop
      vertex 56.34180593975636 -1.400913852430035 0.79
      vertex 56.22673023677401 -0.9415058940498349 1.7018
      vertex 56.34180593975636 -1.400913852430035 1.7018
    endloop
  endfacet
  facet normal 0.9891765099647819 0.1467304744553551 0
    outer loop
      vertex 56.22673023677401 -0.9415058940498349 0.79
      vertex 56.15723850907998 -0.4730307192304594 1.7018
      vertex 56.22673023677401 -0.9415058940498349 1.7018
    endloop
  endfacet
  facet normal 0.9987954562051721 0.04906767432742455 0
    outer loop
      vertex 56.15723850907998 -0.4730307192304594 0.79
      vertex 56.134 0 1.7018
      vertex 56.15723850907998 -0.4730307192304594 1.7018
    endloop
  endfacet
  facet normal -0.8577286100002729 0.5141027441932203 0
    outer loop
      vertex 65.21615202174516 -2.2749606519222643 0.79
      vertex 64.97267234897208 -2.6811819445525997 1.7018
      vertex 65.21615202174516 -2.2749606519222643 1.7018
    endloop
  endfacet
  facet normal -0.9039892931234395 0.4275550934302903 0
    outer loop
      vertex 65.41864262389947 -1.846830244593923 0.79
      vertex 65.21615202174516 -2.2749606519222643 1.7018
      vertex 65.41864262389947 -1.846830244593923 1.7018
    endloop
  endfacet
  facet normal -0.9415440651830185 0.33688985339222666 0
    outer loop
      vertex 65.57819406024365 -1.400913852430035 0.79
      vertex 65.41864262389947 -1.846830244593923 1.7018
      vertex 65.57819406024365 -1.400913852430035 1.7018
    endloop
  endfacet
  facet normal -0.97003125319455 0.2429801799032401 0
    outer loop
      vertex 65.69326976322598 -0.9415058940498349 0.79
      vertex 65.57819406024365 -1.400913852430035 1.7018
      vertex 65.69326976322598 -0.9415058940498349 1.7018
    endloop
  endfacet
  facet normal -0.9891765099647777 0.14673047445538445 0
    outer loop
      vertex 65.76276149092003 -0.4730307192304594 0.79
      vertex 65.69326976322598 -0.9415058940498349 1.7018
      vertex 65.76276149092003 -0.4730307192304594 1.7018
    endloop
  endfacet
  facet normal -0.9987954562051728 0.04906767432740959 0
    outer loop
      vertex 65.786 0 0.79
      vertex 65.76276149092003 -0.4730307192304594 1.7018
      vertex 65.786 0 1.7018
    endloop
  endfacet
  facet normal 0.9987954562051721 -0.04906767432742455 3.544338686921355e-19
    outer loop
      vertex 56.134 0 0.79
      vertex 56.15723850907998 0.4730307192304594 0.79
      vertex 56.15723850907998 0.4730307192304594 1.7018
    endloop
  endfacet
  facet normal 0.9891765099647819 -0.1467304744553551 2.2930850925624543e-18
    outer loop
      vertex 56.15723850907998 0.4730307192304594 0.79
      vertex 56.22673023677401 0.9415058940498349 0.79
      vertex 56.22673023677401 0.9415058940498349 1.7018
    endloop
  endfacet
  facet normal 0.9700312531945429 -0.24298017990326834 3.273587738313672e-18
    outer loop
      vertex 56.22673023677401 0.9415058940498349 0.79
      vertex 56.34180593975636 1.400913852430035 0.79
      vertex 56.34180593975636 1.400913852430035 1.7018
    endloop
  endfacet
  facet normal 0.9415440651830232 -0.3368898533922134 -7.394588820632872e-18
    outer loop
      vertex 56.34180593975636 1.400913852430035 0.79
      vertex 56.50135737610053 1.846830244593923 0.79
      vertex 56.50135737610053 1.846830244593923 1.7018
    endloop
  endfacet
  facet normal 0.9039892931234395 -0.4275550934302903 3.806563577196276e-18
    outer loop
      vertex 56.50135737610053 1.846830244593923 0.79
      vertex 56.70384797825484 2.2749606519222643 0.79
      vertex 56.70384797825484 2.2749606519222643 1.7018
    endloop
  endfacet
  facet normal -0.9987954562051728 -0.04906767432740959 0
    outer loop
      vertex 65.786 0 0.79
      vertex 65.786 0 1.7018
      vertex 65.76276149092003 0.4730307192304594 0.79
    endloop
  endfacet
  facet normal -0.9891765099647777 -0.14673047445538445 0
    outer loop
      vertex 65.76276149092003 0.4730307192304594 0.79
      vertex 65.76276149092003 0.4730307192304594 1.7018
      vertex 65.69326976322598 0.9415058940498349 0.79
    endloop
  endfacet
  facet normal -0.97003125319455 -0.2429801799032401 0
    outer loop
      vertex 65.69326976322598 0.9415058940498349 0.79
      vertex 65.69326976322598 0.9415058940498349 1.7018
      vertex 65.57819406024365 1.400913852430035 0.79
    endloop
  endfacet
  facet normal -0.9415440651830185 -0.33688985339222666 0
    outer loop
      vertex 65.57819406024365 1.400913852430035 0.79
      vertex 65.57819406024365 1.400913852430035 1.7018
      vertex 65.41864262389947 1.846830244593923 0.79
    endloop
  endfacet
  facet normal -0.9039892931234395 -0.4275550934302903 0
    outer loop
      vertex 65.41864262389947 1.846830244593923 0.79
      vertex 65.41864262389947 1.846830244593923 1.7018
      vertex 65.21615202174516 2.2749606519222643 0.79
    endloop
  endfacet
  facet normal -0.8577286100002729 -0.5141027441932203 0
    outer loop
      vertex 65.21615202174516 2.2749606519222643 0.79
      vertex 65.21615202174516 2.2749606519222643 1.7018
      vertex 64.97267234897208 2.6811819445525997 0.79
    endloop
  endfacet
  facet normal 0.8577286100002729 -0.5141027441932203 -4.712225532156158e-18
    outer loop
      vertex 56.70384797825484 2.2749606519222643 0.79
      vertex 56.94732765102792 2.6811819445525997 0.79
      vertex 56.94732765102792 2.6811819445525997 1.7018
    endloop
  endfacet
  facet normal 0.8032075314806478 -0.5956993044924294 -6.625974961483276e-18
    outer loop
      vertex 56.94732765102792 2.6811819445525997 0.79
      vertex 57.22945155207143 3.061581989373753 0.79
      vertex 57.22945155207143 3.061581989373753 1.7018
    endloop
  endfacet
  facet normal 0.7409511253549618 -0.6715589548470152 -1.1801170185914345e-17
    outer loop
      vertex 57.22945155207143 3.061581989373753 0.79
      vertex 57.54750267399372 3.4124973260062785 0.79
      vertex 57.54750267399372 3.4124973260062785 1.7018
    endloop
  endfacet
  facet normal 0.6715589548470184 -0.740951125354959 -1.2803273264244705e-17
    outer loop
      vertex 57.54750267399372 3.4124973260062785 0.79
      vertex 57.898418010626244 3.7305484479285687 0.79
      vertex 57.898418010626244 3.7305484479285687 1.7018
    endloop
  endfacet
  facet normal 0.5956993044924268 -0.8032075314806498 -6.663932051534076e-18
    outer loop
      vertex 57.898418010626244 3.7305484479285687 0.79
      vertex 58.2788180554474 4.012672348972083 0.79
      vertex 58.2788180554474 4.012672348972083 1.7018
    endloop
  endfacet
  facet normal 0.5141027441932239 -0.8577286100002708 8.580563644329895e-18
    outer loop
      vertex 58.2788180554474 4.012672348972083 0.79
      vertex 58.68503934807774 4.256152021745161 0.79
      vertex 58.68503934807774 4.256152021745161 1.7018
    endloop
  endfacet
  facet normal 0.4275550934302825 -0.9039892931234431 -6.505407952863118e-18
    outer loop
      vertex 58.68503934807774 4.256152021745161 0.79
      vertex 59.113169755406076 4.458642623899469 0.79
      vertex 59.113169755406076 4.458642623899469 1.7018
    endloop
  endfacet
  facet normal 0.3368898533922203 -0.9415440651830207 -5.821459639666989e-18
    outer loop
      vertex 59.113169755406076 4.458642623899469 0.79
      vertex 59.559086147569964 4.618194060243639 0.79
      vertex 59.559086147569964 4.618194060243639 1.7018
    endloop
  endfacet
  facet normal -0.8032075314806407 -0.5956993044924391 0
    outer loop
      vertex 64.97267234897208 2.6811819445525997 0.79
      vertex 64.97267234897208 2.6811819445525997 1.7018
      vertex 64.69054844792856 3.061581989373753 0.79
    endloop
  endfacet
  facet normal -0.6715589548470184 -0.740951125354959 1.2803273264244705e-17
    outer loop
      vertex 64.02158198937376 3.7305484479285687 0.79
      vertex 64.37249732600628 3.4124973260062785 0.79
      vertex 64.37249732600628 3.4124973260062785 1.7018
    endloop
  endfacet
  facet normal -0.7409511253549693 -0.671558954847007 0
    outer loop
      vertex 64.69054844792856 3.061581989373753 0.79
      vertex 64.69054844792856 3.061581989373753 1.7018
      vertex 64.37249732600628 3.4124973260062785 0.79
    endloop
  endfacet
  facet normal 0.24298017990326282 -0.9700312531945442 -1.9460125878475257e-18
    outer loop
      vertex 59.559086147569964 4.618194060243639 0.79
      vertex 60.01849410595017 4.73326976322599 0.79
      vertex 60.01849410595017 4.73326976322599 1.7018
    endloop
  endfacet
  facet normal 0.14673047445536266 -0.9891765099647808 -3.617749906218422e-18
    outer loop
      vertex 60.01849410595017 4.73326976322599 0.79
      vertex 60.48696928076954 4.802761490920022 0.79
      vertex 60.48696928076954 4.802761490920022 1.7018
    endloop
  endfacet
  facet normal 0.049067674327417224 -0.9987954562051723 9.77152821754225e-19
    outer loop
      vertex 60.48696928076954 4.802761490920022 0.79
      vertex 60.96 4.826 0.79
      vertex 60.96 4.826 1.7018
    endloop
  endfacet
  facet normal -0.049067674327417224 -0.9987954562051723 -9.77152821754225e-19
    outer loop
      vertex 60.96 4.826 0.79
      vertex 61.43303071923046 4.802761490920022 0.79
      vertex 61.43303071923046 4.802761490920022 1.7018
    endloop
  endfacet
  facet normal -0.14673047445536266 -0.9891765099647808 3.617749906218422e-18
    outer loop
      vertex 61.43303071923046 4.802761490920022 0.79
      vertex 61.90150589404983 4.73326976322599 0.79
      vertex 61.90150589404983 4.73326976322599 1.7018
    endloop
  endfacet
  facet normal -0.3368898533922203 -0.9415440651830207 5.821459639666989e-18
    outer loop
      vertex 62.36091385243004 4.618194060243639 0.79
      vertex 62.806830244593925 4.458642623899469 0.79
      vertex 62.806830244593925 4.458642623899469 1.7018
    endloop
  endfacet
  facet normal -0.24298017990326282 -0.9700312531945442 1.9460125878475257e-18
    outer loop
      vertex 61.90150589404983 4.73326976322599 0.79
      vertex 62.36091385243004 4.618194060243639 0.79
      vertex 62.36091385243004 4.618194060243639 1.7018
    endloop
  endfacet
  facet normal -0.5141027441932239 -0.8577286100002708 0
    outer loop
      vertex 63.6411819445526 4.012672348972083 0.79
      vertex 63.6411819445526 4.012672348972083 1.7018
      vertex 63.234960651922265 4.256152021745161 0.79
    endloop
  endfacet
  facet normal -0.5956993044924268 -0.8032075314806498 0
    outer loop
      vertex 64.02158198937376 3.7305484479285687 0.79
      vertex 64.02158198937376 3.7305484479285687 1.7018
      vertex 63.6411819445526 4.012672348972083 0.79
    endloop
  endfacet
  facet normal -0.4275550934302825 -0.9039892931234431 0
    outer loop
      vertex 63.234960651922265 4.256152021745161 0.79
      vertex 63.234960651922265 4.256152021745161 1.7018
      vertex 62.806830244593925 4.458642623899469 0.79
    endloop
  endfacet
  facet normal 0.9987954562051721 -0.04906767432742455 0
    outer loop
      vertex 56.134 0 0.79
      vertex 56.15723850907998 0.4730307192304594 1.7018
      vertex 56.134 0 1.7018
    endloop
  endfacet
  facet normal 0.9891765099647819 -0.1467304744553551 0
    outer loop
      vertex 56.15723850907998 0.4730307192304594 0.79
      vertex 56.22673023677401 0.9415058940498349 1.7018
      vertex 56.15723850907998 0.4730307192304594 1.7018
    endloop
  endfacet
  facet normal 0.9700312531945429 -0.24298017990326834 0
    outer loop
      vertex 56.22673023677401 0.9415058940498349 0.79
      vertex 56.34180593975636 1.400913852430035 1.7018
      vertex 56.22673023677401 0.9415058940498349 1.7018
    endloop
  endfacet
  facet normal 0.9415440651830232 -0.3368898533922134 0
    outer loop
      vertex 56.34180593975636 1.400913852430035 0.79
      vertex 56.50135737610053 1.846830244593923 1.7018
      vertex 56.34180593975636 1.400913852430035 1.7018
    endloop
  endfacet
  facet normal 0.9039892931234395 -0.4275550934302903 0
    outer loop
      vertex 56.50135737610053 1.846830244593923 0.79
      vertex 56.70384797825484 2.2749606519222643 1.7018
      vertex 56.50135737610053 1.846830244593923 1.7018
    endloop
  endfacet
  facet normal 0.8577286100002729 -0.5141027441932203 0
    outer loop
      vertex 56.70384797825484 2.2749606519222643 0.79
      vertex 56.94732765102792 2.6811819445525997 1.7018
      vertex 56.70384797825484 2.2749606519222643 1.7018
    endloop
  endfacet
  facet normal -0.9987954562051728 -0.04906767432740959 0
    outer loop
      vertex 65.76276149092003 0.4730307192304594 0.79
      vertex 65.786 0 1.7018
      vertex 65.76276149092003 0.4730307192304594 1.7018
    endloop
  endfacet
  facet normal -0.9891765099647777 -0.14673047445538445 0
    outer loop
      vertex 65.69326976322598 0.9415058940498349 0.79
      vertex 65.76276149092003 0.4730307192304594 1.7018
      vertex 65.69326976322598 0.9415058940498349 1.7018
    endloop
  endfacet
  facet normal -0.97003125319455 -0.2429801799032401 0
    outer loop
      vertex 65.57819406024365 1.400913852430035 0.79
      vertex 65.69326976322598 0.9415058940498349 1.7018
      vertex 65.57819406024365 1.400913852430035 1.7018
    endloop
  endfacet
  facet normal -0.9415440651830185 -0.33688985339222666 0
    outer loop
      vertex 65.41864262389947 1.846830244593923 0.79
      vertex 65.57819406024365 1.400913852430035 1.7018
      vertex 65.41864262389947 1.846830244593923 1.7018
    endloop
  endfacet
  facet normal -0.9039892931234395 -0.4275550934302903 0
    outer loop
      vertex 65.21615202174516 2.2749606519222643 0.79
      vertex 65.41864262389947 1.846830244593923 1.7018
      vertex 65.21615202174516 2.2749606519222643 1.7018
    endloop
  endfacet
  facet normal 0.8032075314806478 -0.5956993044924294 0
    outer loop
      vertex 56.94732765102792 2.6811819445525997 0.79
      vertex 57.22945155207143 3.061581989373753 1.7018
      vertex 56.94732765102792 2.6811819445525997 1.7018
    endloop
  endfacet
  facet normal 0.7409511253549618 -0.6715589548470152 0
    outer loop
      vertex 57.22945155207143 3.061581989373753 0.79
      vertex 57.54750267399372 3.4124973260062785 1.7018
      vertex 57.22945155207143 3.061581989373753 1.7018
    endloop
  endfacet
  facet normal 0.6715589548470184 -0.740951125354959 0
    outer loop
      vertex 57.54750267399372 3.4124973260062785 0.79
      vertex 57.898418010626244 3.7305484479285687 1.7018
      vertex 57.54750267399372 3.4124973260062785 1.7018
    endloop
  endfacet
  facet normal 0.5956993044924268 -0.8032075314806498 0
    outer loop
      vertex 57.898418010626244 3.7305484479285687 0.79
      vertex 58.2788180554474 4.012672348972083 1.7018
      vertex 57.898418010626244 3.7305484479285687 1.7018
    endloop
  endfacet
  facet normal 0.5141027441932239 -0.8577286100002708 0
    outer loop
      vertex 58.2788180554474 4.012672348972083 0.79
      vertex 58.68503934807774 4.256152021745161 1.7018
      vertex 58.2788180554474 4.012672348972083 1.7018
    endloop
  endfacet
  facet normal 0.4275550934302825 -0.9039892931234431 0
    outer loop
      vertex 58.68503934807774 4.256152021745161 0.79
      vertex 59.113169755406076 4.458642623899469 1.7018
      vertex 58.68503934807774 4.256152021745161 1.7018
    endloop
  endfacet
  facet normal 0.3368898533922203 -0.9415440651830207 0
    outer loop
      vertex 59.113169755406076 4.458642623899469 0.79
      vertex 59.559086147569964 4.618194060243639 1.7018
      vertex 59.113169755406076 4.458642623899469 1.7018
    endloop
  endfacet
  facet normal -0.8577286100002729 -0.5141027441932203 0
    outer loop
      vertex 64.97267234897208 2.6811819445525997 0.79
      vertex 65.21615202174516 2.2749606519222643 1.7018
      vertex 64.97267234897208 2.6811819445525997 1.7018
    endloop
  endfacet
  facet normal -0.8032075314806407 -0.5956993044924391 0
    outer loop
      vertex 64.69054844792856 3.061581989373753 0.79
      vertex 64.97267234897208 2.6811819445525997 1.7018
      vertex 64.69054844792856 3.061581989373753 1.7018
    endloop
  endfacet
  facet normal -0.6715589548470184 -0.740951125354959 0
    outer loop
      vertex 64.02158198937376 3.7305484479285687 0.79
      vertex 64.37249732600628 3.4124973260062785 1.7018
      vertex 64.02158198937376 3.7305484479285687 1.7018
    endloop
  endfacet
  facet normal -0.7409511253549693 -0.671558954847007 0
    outer loop
      vertex 64.37249732600628 3.4124973260062785 0.79
      vertex 64.69054844792856 3.061581989373753 1.7018
      vertex 64.37249732600628 3.4124973260062785 1.7018
    endloop
  endfacet
  facet normal 0.24298017990326282 -0.9700312531945442 0
    outer loop
      vertex 59.559086147569964 4.618194060243639 0.79
      vertex 60.01849410595017 4.73326976322599 1.7018
      vertex 59.559086147569964 4.618194060243639 1.7018
    endloop
  endfacet
  facet normal 0.14673047445536266 -0.9891765099647808 0
    outer loop
      vertex 60.01849410595017 4.73326976322599 0.79
      vertex 60.48696928076954 4.802761490920022 1.7018
      vertex 60.01849410595017 4.73326976322599 1.7018
    endloop
  endfacet
  facet normal 0.049067674327417224 -0.9987954562051723 0
    outer loop
      vertex 60.48696928076954 4.802761490920022 0.79
      vertex 60.96 4.826 1.7018
      vertex 60.48696928076954 4.802761490920022 1.7018
    endloop
  endfacet
  facet normal -0.049067674327417224 -0.9987954562051723 0
    outer loop
      vertex 60.96 4.826 0.79
      vertex 61.43303071923046 4.802761490920022 1.7018
      vertex 60.96 4.826 1.7018
    endloop
  endfacet
  facet normal -0.24298017990326282 -0.9700312531945442 0
    outer loop
      vertex 61.90150589404983 4.73326976322599 0.79
      vertex 62.36091385243004 4.618194060243639 1.7018
      vertex 61.90150589404983 4.73326976322599 1.7018
    endloop
  endfacet
  facet normal -0.3368898533922203 -0.9415440651830207 0
    outer loop
      vertex 62.36091385243004 4.618194060243639 0.79
      vertex 62.806830244593925 4.458642623899469 1.7018
      vertex 62.36091385243004 4.618194060243639 1.7018
    endloop
  endfacet
  facet normal -0.14673047445536266 -0.9891765099647808 0
    outer loop
      vertex 61.43303071923046 4.802761490920022 0.79
      vertex 61.90150589404983 4.73326976322599 1.7018
      vertex 61.43303071923046 4.802761490920022 1.7018
    endloop
  endfacet
  facet normal -0.5956993044924268 -0.8032075314806498 0
    outer loop
      vertex 63.6411819445526 4.012672348972083 0.79
      vertex 64.02158198937376 3.7305484479285687 1.7018
      vertex 63.6411819445526 4.012672348972083 1.7018
    endloop
  endfacet
  facet normal -0.5141027441932239 -0.8577286100002708 0
    outer loop
      vertex 63.234960651922265 4.256152021745161 0.79
      vertex 63.6411819445526 4.012672348972083 1.7018
      vertex 63.234960651922265 4.256152021745161 1.7018
    endloop
  endfacet
  facet normal -0.4275550934302825 -0.9039892931234431 0
    outer loop
      vertex 62.806830244593925 4.458642623899469 0.79
      vertex 63.234960651922265 4.256152021745161 1.7018
      vertex 62.806830244593925 4.458642623899469 1.7018
    endloop
  endfacet
  facet normal 0.17191644214679536 0.6863289091595777 -0.7066805256772059
    outer loop
      vertex 59.559086147569964 -4.618194060243639 0.79
      vertex 59.864372751557426 -5.508090134744542 0
      vertex 59.32976125253894 -5.374176925472085 0
    endloop
  endfacet
  facet normal 0.1038166204869881 0.6998748059040626 -0.7066805256772054
    outer loop
      vertex 60.01849410595017 -4.73326976322599 0.79
      vertex 60.409535739909195 -5.588957424991058 0
      vertex 59.864372751557426 -5.508090134744542 0
    endloop
  endfacet
  facet normal 0.03471698801995165 0.7066805256772053 -0.7066805256772053
    outer loop
      vertex 60.48696928076954 -4.802761490920022 0.79
      vertex 60.96 -5.616 0
      vertex 60.409535739909195 -5.588957424991058 0
    endloop
  endfacet
  facet normal -0.0347169880199518 0.7066805256772054 -0.7066805256772054
    outer loop
      vertex 60.96 -4.826 0.79
      vertex 61.51046426009081 -5.588957424991058 0
      vertex 60.96 -5.616 0
    endloop
  endfacet
  facet normal -0.10381662048698825 0.6998748059040629 -0.7066805256772051
    outer loop
      vertex 61.43303071923046 -4.802761490920022 0.79
      vertex 62.055627248442576 -5.508090134744542 0
      vertex 61.51046426009081 -5.588957424991058 0
    endloop
  endfacet
  facet normal -0.17191644214679547 0.6863289091595778 -0.7066805256772055
    outer loop
      vertex 61.90150589404983 -4.73326976322599 0.79
      vertex 62.590238747461065 -5.374176925472085 0
      vertex 62.055627248442576 -5.508090134744542 0
    endloop
  endfacet
  facet normal 0.034716988019951656 0.7066805256772054 -0.7066805256772054
    outer loop
      vertex 60.48696928076954 -4.802761490920022 0.79
      vertex 60.96 -4.826 0.79
      vertex 60.96 -5.616 0
    endloop
  endfacet
  facet normal 0.30250924381379074 0.6396020575606346 -0.7066805256772054
    outer loop
      vertex 58.68503934807774 -4.256152021745161 0.79
      vertex 58.81084984383766 -5.188507454583386 0
      vertex 58.3126359259852 -4.952869820580362 0
    endloop
  endfacet
  facet normal 0.23836061448964874 0.6661732898343392 -0.7066805256772051
    outer loop
      vertex 59.113169755406076 -4.458642623899469 0.79
      vertex 59.32976125253894 -5.374176925472085 0
      vertex 58.81084984383766 -5.188507454583386 0
    endloop
  endfacet
  facet normal 0.3637445437516388 0.6068711078305676 -0.7066805256772055
    outer loop
      vertex 58.2788180554474 -4.012672348972083 0.79
      vertex 58.3126359259852 -4.952869820580362 0
      vertex 57.839917571361916 -4.669533342691094 0
    endloop
  endfacet
  facet normal 0.4214767848901627 0.5682956575826024 -0.706680525677204
    outer loop
      vertex 57.898418010626244 -3.7305484479285687 0.79
      vertex 57.839917571361916 -4.669533342691094 0
      vertex 57.39724731613697 -4.341226706085131 0
    endloop
  endfacet
  facet normal 0.47514997418754257 0.5242472094901093 -0.7066805256772052
    outer loop
      vertex 57.54750267399372 -3.4124973260062785 0.79
      vertex 57.39724731613697 -4.341226706085131 0
      vertex 56.98888831685635 -3.971111683143651 0
    endloop
  endfacet
  facet normal 0.6068711078305694 0.36374454375163484 -0.7066805256772061
    outer loop
      vertex 56.70384797825484 -2.2749606519222643 0.79
      vertex 56.290466657308905 -3.1200824286380855 0
      vertex 56.00713017941964 -2.647364074014803 0
    endloop
  endfacet
  facet normal 0.5242472094901093 0.47514997418754307 -0.7066805256772049
    outer loop
      vertex 57.22945155207143 -3.061581989373753 0.79
      vertex 56.98888831685635 -3.971111683143651 0
      vertex 56.61877329391487 -3.5627526838630326 0
    endloop
  endfacet
  facet normal 0.5682956575825987 0.42147678489016294 -0.7066805256772066
    outer loop
      vertex 56.94732765102792 -2.6811819445525997 0.79
      vertex 56.61877329391487 -3.5627526838630326 0
      vertex 56.290466657308905 -3.1200824286380855 0
    endloop
  endfacet
  facet normal -0.2383606144896485 0.6661732898343382 -0.7066805256772059
    outer loop
      vertex 62.36091385243004 -4.618194060243639 0.79
      vertex 63.10915015616234 -5.188507454583386 0
      vertex 62.590238747461065 -5.374176925472085 0
    endloop
  endfacet
  facet normal -0.302509243813791 0.6396020575606352 -0.7066805256772046
    outer loop
      vertex 62.806830244593925 -4.458642623899469 0.79
      vertex 63.607364074014804 -4.952869820580362 0
      vertex 63.10915015616234 -5.188507454583386 0
    endloop
  endfacet
  facet normal -0.36374454375164295 0.6068711078305656 -0.7066805256772053
    outer loop
      vertex 63.234960651922265 -4.256152021745161 0.79
      vertex 64.08008242863808 -4.669533342691094 0
      vertex 63.607364074014804 -4.952869820580362 0
    endloop
  endfacet
  facet normal -0.4214767848901582 0.5682956575826054 -0.7066805256772039
    outer loop
      vertex 63.6411819445526 -4.012672348972083 0.79
      vertex 64.52275268386303 -4.341226706085131 0
      vertex 64.08008242863808 -4.669533342691094 0
    endloop
  endfacet
  facet normal -0.47514997418754334 0.5242472094901103 -0.7066805256772039
    outer loop
      vertex 64.02158198937376 -3.7305484479285687 0.79
      vertex 64.93111168314366 -3.971111683143651 0
      vertex 64.52275268386303 -4.341226706085131 0
    endloop
  endfacet
  facet normal -0.524247209490109 0.4751499741875429 -0.7066805256772052
    outer loop
      vertex 64.37249732600628 -3.4124973260062785 0.79
      vertex 65.30122670608513 -3.5627526838630326 0
      vertex 64.93111168314366 -3.971111683143651 0
    endloop
  endfacet
  facet normal -0.5682956575825936 0.4214767848901683 -0.7066805256772076
    outer loop
      vertex 64.69054844792856 -3.061581989373753 0.79
      vertex 65.6295333426911 -3.1200824286380855 0
      vertex 65.30122670608513 -3.5627526838630326 0
    endloop
  endfacet
  facet normal -0.606871107830575 0.36374454375161996 -0.7066805256772092
    outer loop
      vertex 64.97267234897208 -2.6811819445525997 0.79
      vertex 65.91286982058035 -2.647364074014803 0
      vertex 65.6295333426911 -3.1200824286380855 0
    endloop
  endfacet
  facet normal 0.6396020575606333 0.30250924381379457 -0.7066805256772047
    outer loop
      vertex 56.50135737610053 -1.846830244593923 0.79
      vertex 56.00713017941964 -2.647364074014803 0
      vertex 55.77149254541661 -2.149150156162344 0
    endloop
  endfacet
  facet normal 0.6661732898343395 0.23836061448964407 -0.7066805256772059
    outer loop
      vertex 56.34180593975636 -1.400913852430035 0.79
      vertex 55.77149254541661 -2.149150156162344 0
      vertex 55.585823074527916 -1.6302387474610602 0
    endloop
  endfacet
  facet normal 0.6863289091595781 0.17191644214679688 -0.706680525677205
    outer loop
      vertex 56.22673023677401 -0.9415058940498349 0.79
      vertex 55.585823074527916 -1.6302387474610602 0
      vertex 55.45190986525546 -1.0956272484425762 0
    endloop
  endfacet
  facet normal 0.6998748059040614 0.103816620486989 -0.7066805256772065
    outer loop
      vertex 56.15723850907998 -0.4730307192304594 0.79
      vertex 55.45190986525546 -1.0956272484425762 0
      vertex 55.37104257500894 -0.5504642600908123 0
    endloop
  endfacet
  facet normal 0.7066805256772056 0.03471698801995126 -0.7066805256772049
    outer loop
      vertex 56.134 0 0.79
      vertex 55.37104257500894 -0.5504642600908123 0
      vertex 55.344 0 0
    endloop
  endfacet
  facet normal -0.6396020575606347 0.3025092438137953 -0.7066805256772031
    outer loop
      vertex 65.21615202174516 -2.2749606519222643 0.79
      vertex 66.14850745458338 -2.149150156162344 0
      vertex 65.91286982058035 -2.647364074014803 0
    endloop
  endfacet
  facet normal -0.6661732898343373 0.23836061448966153 -0.7066805256772023
    outer loop
      vertex 65.41864262389947 -1.846830244593923 0.79
      vertex 66.3341769254721 -1.6302387474610602 0
      vertex 66.14850745458338 -2.149150156162344 0
    endloop
  endfacet
  facet normal 0.2383606144896455 0.6661732898343393 -0.7066805256772059
    outer loop
      vertex 59.113169755406076 -4.458642623899469 0.79
      vertex 59.559086147569964 -4.618194060243639 0.79
      vertex 59.32976125253894 -5.374176925472085 0
    endloop
  endfacet
  facet normal 0.3025092438137929 0.6396020575606343 -0.7066805256772047
    outer loop
      vertex 59.113169755406076 -4.458642623899469 0.79
      vertex 58.81084984383766 -5.188507454583386 0
      vertex 58.68503934807774 -4.256152021745161 0.79
    endloop
  endfacet
  facet normal 0.42147678489015683 0.5682956575826041 -0.7066805256772057
    outer loop
      vertex 58.2788180554474 -4.012672348972083 0.79
      vertex 57.839917571361916 -4.669533342691094 0
      vertex 57.898418010626244 -3.7305484479285687 0.79
    endloop
  endfacet
  facet normal 0.47514997418754673 0.5242472094901075 -0.7066805256772039
    outer loop
      vertex 57.898418010626244 -3.7305484479285687 0.79
      vertex 57.39724731613697 -4.341226706085131 0
      vertex 57.54750267399372 -3.4124973260062785 0.79
    endloop
  endfacet
  facet normal 0.36374454375163967 0.6068711078305674 -0.7066805256772053
    outer loop
      vertex 58.2788180554474 -4.012672348972083 0.79
      vertex 58.68503934807774 -4.256152021745161 0.79
      vertex 58.3126359259852 -4.952869820580362 0
    endloop
  endfacet
  facet normal 0.5242472094901084 0.4751499741875437 -0.7066805256772053
    outer loop
      vertex 57.54750267399372 -3.4124973260062785 0.79
      vertex 56.98888831685635 -3.971111683143651 0
      vertex 57.22945155207143 -3.061581989373753 0.79
    endloop
  endfacet
  facet normal 0.5682956575826038 0.4214767848901593 -0.7066805256772047
    outer loop
      vertex 56.94732765102792 -2.6811819445525997 0.79
      vertex 57.22945155207143 -3.061581989373753 0.79
      vertex 56.61877329391487 -3.5627526838630326 0
    endloop
  endfacet
  facet normal 0.6068711078305677 0.36374454375163645 -0.7066805256772067
    outer loop
      vertex 56.94732765102792 -2.6811819445525997 0.79
      vertex 56.290466657308905 -3.1200824286380855 0
      vertex 56.70384797825484 -2.2749606519222643 0.79
    endloop
  endfacet
  facet normal 0.1719164421467964 0.6863289091595776 -0.7066805256772054
    outer loop
      vertex 60.01849410595017 -4.73326976322599 0.79
      vertex 59.864372751557426 -5.508090134744542 0
      vertex 59.559086147569964 -4.618194060243639 0.79
    endloop
  endfacet
  facet normal 0.10381662048698903 0.6998748059040628 -0.7066805256772051
    outer loop
      vertex 60.48696928076954 -4.802761490920022 0.79
      vertex 60.409535739909195 -5.588957424991058 0
      vertex 60.01849410595017 -4.73326976322599 0.79
    endloop
  endfacet
  facet normal -0.034716988019951656 0.7066805256772054 -0.7066805256772054
    outer loop
      vertex 60.96 -4.826 0.79
      vertex 61.43303071923046 -4.802761490920022 0.79
      vertex 61.51046426009081 -5.588957424991058 0
    endloop
  endfacet
  facet normal -0.10381662048698899 0.6998748059040625 -0.7066805256772054
    outer loop
      vertex 61.43303071923046 -4.802761490920022 0.79
      vertex 61.90150589404983 -4.73326976322599 0.79
      vertex 62.055627248442576 -5.508090134744542 0
    endloop
  endfacet
  facet normal -0.17191644214679633 0.6863289091595773 -0.7066805256772057
    outer loop
      vertex 61.90150589404983 -4.73326976322599 0.79
      vertex 62.36091385243004 -4.618194060243639 0.79
      vertex 62.590238747461065 -5.374176925472085 0
    endloop
  endfacet
  facet normal -0.23836061448964582 0.6661732898343403 -0.7066805256772049
    outer loop
      vertex 62.36091385243004 -4.618194060243639 0.79
      vertex 62.806830244593925 -4.458642623899469 0.79
      vertex 63.10915015616234 -5.188507454583386 0
    endloop
  endfacet
  facet normal -0.3025092438137925 0.6396020575606335 -0.7066805256772053
    outer loop
      vertex 62.806830244593925 -4.458642623899469 0.79
      vertex 63.234960651922265 -4.256152021745161 0.79
      vertex 63.607364074014804 -4.952869820580362 0
    endloop
  endfacet
  facet normal -0.36374454375164034 0.6068711078305685 -0.7066805256772041
    outer loop
      vertex 63.234960651922265 -4.256152021745161 0.79
      vertex 63.6411819445526 -4.012672348972083 0.79
      vertex 64.08008242863808 -4.669533342691094 0
    endloop
  endfacet
  facet normal -0.42147678489015805 0.5682956575826058 -0.7066805256772037
    outer loop
      vertex 63.6411819445526 -4.012672348972083 0.79
      vertex 64.02158198937376 -3.7305484479285687 0.79
      vertex 64.52275268386303 -4.341226706085131 0
    endloop
  endfacet
  facet normal -0.47514997418754573 0.5242472094901064 -0.7066805256772053
    outer loop
      vertex 64.02158198937376 -3.7305484479285687 0.79
      vertex 64.37249732600628 -3.4124973260062785 0.79
      vertex 64.93111168314366 -3.971111683143651 0
    endloop
  endfacet
  facet normal -0.524247209490112 0.47514997418753635 -0.7066805256772074
    outer loop
      vertex 64.37249732600628 -3.4124973260062785 0.79
      vertex 64.69054844792856 -3.061581989373753 0.79
      vertex 65.30122670608513 -3.5627526838630326 0
    endloop
  endfacet
  facet normal -0.5682956575825953 0.42147678489016355 -0.7066805256772092
    outer loop
      vertex 64.69054844792856 -3.061581989373753 0.79
      vertex 64.97267234897208 -2.6811819445525997 0.79
      vertex 65.6295333426911 -3.1200824286380855 0
    endloop
  endfacet
  facet normal 0.6396020575606303 0.3025092438137977 -0.7066805256772061
    outer loop
      vertex 56.70384797825484 -2.2749606519222643 0.79
      vertex 56.00713017941964 -2.647364074014803 0
      vertex 56.50135737610053 -1.846830244593923 0.79
    endloop
  endfacet
  facet normal 0.666173289834342 0.23836061448964094 -0.7066805256772047
    outer loop
      vertex 56.50135737610053 -1.846830244593923 0.79
      vertex 55.77149254541661 -2.149150156162344 0
      vertex 56.34180593975636 -1.400913852430035 0.79
    endloop
  endfacet
  facet normal 0.6863289091595761 0.17191644214680019 -0.7066805256772061
    outer loop
      vertex 56.34180593975636 -1.400913852430035 0.79
      vertex 55.585823074527916 -1.6302387474610602 0
      vertex 56.22673023677401 -0.9415058940498349 0.79
    endloop
  endfacet
  facet normal 0.6998748059040639 0.10381662048698372 -0.7066805256772047
    outer loop
      vertex 56.22673023677401 -0.9415058940498349 0.79
      vertex 55.45190986525546 -1.0956272484425762 0
      vertex 56.15723850907998 -0.4730307192304594 0.79
    endloop
  endfacet
  facet normal 0.7066805256772036 0.03471698801995677 -0.7066805256772067
    outer loop
      vertex 56.15723850907998 -0.4730307192304594 0.79
      vertex 55.37104257500894 -0.5504642600908123 0
      vertex 56.134 0 0.79
    endloop
  endfacet
  facet normal -0.6068711078305707 0.3637445437516383 -0.7066805256772033
    outer loop
      vertex 64.97267234897208 -2.6811819445525997 0.79
      vertex 65.21615202174516 -2.2749606519222643 0.79
      vertex 65.91286982058035 -2.647364074014803 0
    endloop
  endfacet
  facet normal -0.6396020575606342 0.3025092438137995 -0.7066805256772017
    outer loop
      vertex 65.21615202174516 -2.2749606519222643 0.79
      vertex 65.41864262389947 -1.846830244593923 0.79
      vertex 66.14850745458338 -2.149150156162344 0
    endloop
  endfacet
  facet normal -0.6661732898343377 0.23836061448965004 -0.7066805256772059
    outer loop
      vertex 65.41864262389947 -1.846830244593923 0.79
      vertex 65.57819406024365 -1.400913852430035 0.79
      vertex 66.3341769254721 -1.6302387474610602 0
    endloop
  endfacet
  facet normal -0.6863289091595788 0.17191644214677965 -0.7066805256772084
    outer loop
      vertex 65.57819406024365 -1.400913852430035 0.79
      vertex 65.69326976322598 -0.9415058940498349 0.79
      vertex 66.46809013474454 -1.0956272484425762 0
    endloop
  endfacet
  facet normal -0.6998748059040626 0.10381662048700475 -0.706680525677203
    outer loop
      vertex 65.69326976322598 -0.9415058940498349 0.79
      vertex 65.76276149092003 -0.4730307192304594 0.79
      vertex 66.54895742499106 -0.5504642600908123 0
    endloop
  endfacet
  facet normal -0.6863289091595793 0.17191644214678822 -0.7066805256772057
    outer loop
      vertex 65.57819406024365 -1.400913852430035 0.79
      vertex 66.46809013474454 -1.0956272484425762 0
      vertex 66.3341769254721 -1.6302387474610602 0
    endloop
  endfacet
  facet normal -0.6998748059040598 0.10381662048698882 -0.706680525677208
    outer loop
      vertex 65.69326976322598 -0.9415058940498349 0.79
      vertex 66.54895742499106 -0.5504642600908123 0
      vertex 66.46809013474454 -1.0956272484425762 0
    endloop
  endfacet
  facet normal -0.706680525677208 0.034716988019942316 -0.7066805256772032
    outer loop
      vertex 65.76276149092003 -0.4730307192304594 0.79
      vertex 66.576 0 0
      vertex 66.54895742499106 -0.5504642600908123 0
    endloop
  endfacet
  facet normal -0.706680525677209 0.03471698801994642 -0.7066805256772019
    outer loop
      vertex 65.76276149092003 -0.4730307192304594 0.79
      vertex 65.786 0 0.79
      vertex 66.576 0 0
    endloop
  endfacet
  facet normal 0.706680525677204 -0.03471698801995122 -0.7066805256772065
    outer loop
      vertex 56.15723850907998 0.4730307192304594 0.79
      vertex 55.344 0 0
      vertex 55.37104257500894 0.5504642600908123 0
    endloop
  endfacet
  facet normal 0.6998748059040629 -0.10381662048698923 -0.7066805256772049
    outer loop
      vertex 56.22673023677401 0.9415058940498349 0.79
      vertex 55.37104257500894 0.5504642600908123 0
      vertex 55.45190986525546 1.0956272484425762 0
    endloop
  endfacet
  facet normal 0.6863289091595771 -0.1719164421467967 -0.7066805256772061
    outer loop
      vertex 56.34180593975636 1.400913852430035 0.79
      vertex 55.45190986525546 1.0956272484425762 0
      vertex 55.585823074527916 1.6302387474610602 0
    endloop
  endfacet
  facet normal 0.6661732898343405 -0.23836061448964455 -0.7066805256772047
    outer loop
      vertex 56.50135737610053 1.846830244593923 0.79
      vertex 55.585823074527916 1.6302387474610602 0
      vertex 55.77149254541661 2.149150156162344 0
    endloop
  endfacet
  facet normal 0.6396020575606323 -0.3025092438137942 -0.7066805256772061
    outer loop
      vertex 56.70384797825484 2.2749606519222643 0.79
      vertex 55.77149254541661 2.149150156162344 0
      vertex 56.00713017941964 2.647364074014803 0
    endloop
  endfacet
  facet normal -0.6661732898343343 -0.2383606144896605 -0.7066805256772055
    outer loop
      vertex 65.57819406024365 1.400913852430035 0.79
      vertex 66.14850745458338 2.149150156162344 0
      vertex 66.3341769254721 1.6302387474610602 0
    endloop
  endfacet
  facet normal -0.6396020575606358 -0.3025092438137958 -0.706680525677202
    outer loop
      vertex 65.41864262389947 1.846830244593923 0.79
      vertex 65.91286982058035 2.647364074014803 0
      vertex 66.14850745458338 2.149150156162344 0
    endloop
  endfacet
  facet normal 0.606871107830569 -0.3637445437516347 -0.7066805256772068
    outer loop
      vertex 56.94732765102792 2.6811819445525997 0.79
      vertex 56.00713017941964 2.647364074014803 0
      vertex 56.290466657308905 3.1200824286380855 0
    endloop
  endfacet
  facet normal 0.5682956575826001 -0.42147678489016405 -0.7066805256772049
    outer loop
      vertex 57.22945155207143 3.061581989373753 0.79
      vertex 56.290466657308905 3.1200824286380855 0
      vertex 56.61877329391487 3.5627526838630326 0
    endloop
  endfacet
  facet normal 0.524247209490109 -0.4751499741875429 -0.7066805256772052
    outer loop
      vertex 57.54750267399372 3.4124973260062785 0.79
      vertex 56.61877329391487 3.5627526838630326 0
      vertex 56.98888831685635 3.971111683143651 0
    endloop
  endfacet
  facet normal 0.47514997418754334 -0.5242472094901103 -0.7066805256772039
    outer loop
      vertex 57.898418010626244 3.7305484479285687 0.79
      vertex 56.98888831685635 3.971111683143651 0
      vertex 57.39724731613697 4.341226706085131 0
    endloop
  endfacet
  facet normal 0.4214767848901616 -0.5682956575826009 -0.7066805256772057
    outer loop
      vertex 58.2788180554474 4.012672348972083 0.79
      vertex 57.39724731613697 4.341226706085131 0
      vertex 57.839917571361916 4.669533342691094 0
    endloop
  endfacet
  facet normal 0.3637445437516389 -0.6068711078305679 -0.7066805256772054
    outer loop
      vertex 58.68503934807774 4.256152021745161 0.79
      vertex 57.839917571361916 4.669533342691094 0
      vertex 58.3126359259852 4.952869820580362 0
    endloop
  endfacet
  facet normal 0.302509243813791 -0.6396020575606352 -0.7066805256772046
    outer loop
      vertex 59.113169755406076 4.458642623899469 0.79
      vertex 58.3126359259852 4.952869820580362 0
      vertex 58.81084984383766 5.188507454583386 0
    endloop
  endfacet
  facet normal 0.2383606144896485 -0.6661732898343382 -0.7066805256772059
    outer loop
      vertex 59.559086147569964 4.618194060243639 0.79
      vertex 58.81084984383766 5.188507454583386 0
      vertex 59.32976125253894 5.374176925472085 0
    endloop
  endfacet
  facet normal -0.6068711078305794 -0.3637445437516227 -0.7066805256772037
    outer loop
      vertex 65.21615202174516 2.2749606519222643 0.79
      vertex 65.6295333426911 3.1200824286380855 0
      vertex 65.91286982058035 2.647364074014803 0
    endloop
  endfacet
  facet normal -0.5682956575825923 -0.4214767848901673 -0.706680525677209
    outer loop
      vertex 64.97267234897208 2.6811819445525997 0.79
      vertex 65.30122670608513 3.5627526838630326 0
      vertex 65.6295333426911 3.1200824286380855 0
    endloop
  endfacet
  facet normal -0.5242472094901076 -0.4751499741875415 -0.7066805256772073
    outer loop
      vertex 64.69054844792856 3.061581989373753 0.79
      vertex 64.93111168314366 3.971111683143651 0
      vertex 65.30122670608513 3.5627526838630326 0
    endloop
  endfacet
  facet normal -0.23836061448964874 -0.6661732898343392 -0.7066805256772051
    outer loop
      vertex 62.806830244593925 4.458642623899469 0.79
      vertex 62.590238747461065 5.374176925472085 0
      vertex 63.10915015616234 5.188507454583386 0
    endloop
  endfacet
  facet normal -0.4214767848901584 -0.5682956575826056 -0.7066805256772037
    outer loop
      vertex 64.02158198937376 3.7305484479285687 0.79
      vertex 64.08008242863808 4.669533342691094 0
      vertex 64.52275268386303 4.341226706085131 0
    endloop
  endfacet
  facet normal -0.47514997418754257 -0.5242472094901093 -0.7066805256772052
    outer loop
      vertex 64.37249732600628 3.4124973260062785 0.79
      vertex 64.52275268386303 4.341226706085131 0
      vertex 64.93111168314366 3.971111683143651 0
    endloop
  endfacet
  facet normal -0.36374454375164367 -0.6068711078305665 -0.7066805256772042
    outer loop
      vertex 63.6411819445526 4.012672348972083 0.79
      vertex 63.607364074014804 4.952869820580362 0
      vertex 64.08008242863808 4.669533342691094 0
    endloop
  endfacet
  facet normal -0.30250924381379074 -0.6396020575606346 -0.7066805256772054
    outer loop
      vertex 63.234960651922265 4.256152021745161 0.79
      vertex 63.10915015616234 5.188507454583386 0
      vertex 63.607364074014804 4.952869820580362 0
    endloop
  endfacet
  facet normal 0.7066805256772056 -0.03471698801995686 -0.7066805256772047
    outer loop
      vertex 56.134 0 0.79
      vertex 55.344 0 0
      vertex 56.15723850907998 0.4730307192304594 0.79
    endloop
  endfacet
  facet normal 0.6998748059040619 -0.10381662048698344 -0.7066805256772067
    outer loop
      vertex 56.15723850907998 0.4730307192304594 0.79
      vertex 55.37104257500894 0.5504642600908123 0
      vertex 56.22673023677401 0.9415058940498349 0.79
    endloop
  endfacet
  facet normal 0.6863289091595773 -0.1719164421468005 -0.7066805256772049
    outer loop
      vertex 56.22673023677401 0.9415058940498349 0.79
      vertex 55.45190986525546 1.0956272484425762 0
      vertex 56.34180593975636 1.400913852430035 0.79
    endloop
  endfacet
  facet normal 0.6661732898343408 -0.23836061448964047 -0.7066805256772061
    outer loop
      vertex 56.34180593975636 1.400913852430035 0.79
      vertex 55.585823074527916 1.6302387474610602 0
      vertex 56.50135737610053 1.846830244593923 0.79
    endloop
  endfacet
  facet normal 0.6396020575606316 -0.30250924381379835 -0.7066805256772047
    outer loop
      vertex 56.50135737610053 1.846830244593923 0.79
      vertex 55.77149254541661 2.149150156162344 0
      vertex 56.70384797825484 2.2749606519222643 0.79
    endloop
  endfacet
  facet normal 0.6068711078305683 -0.36374454375163684 -0.706680525677206
    outer loop
      vertex 56.70384797825484 2.2749606519222643 0.79
      vertex 56.00713017941964 2.647364074014803 0
      vertex 56.94732765102792 2.6811819445525997 0.79
    endloop
  endfacet
  facet normal -0.7066805256772076 -0.03471698801994635 -0.7066805256772034
    outer loop
      vertex 65.786 0 0.79
      vertex 65.76276149092003 0.4730307192304594 0.79
      vertex 66.54895742499106 0.5504642600908123 0
    endloop
  endfacet
  facet normal -0.6998748059040573 -0.10381662048700396 -0.7066805256772085
    outer loop
      vertex 65.76276149092003 0.4730307192304594 0.79
      vertex 65.69326976322598 0.9415058940498349 0.79
      vertex 66.46809013474454 1.0956272484425762 0
    endloop
  endfacet
  facet normal -0.6863289091595816 -0.1719164421467803 -0.7066805256772056
    outer loop
      vertex 65.69326976322598 0.9415058940498349 0.79
      vertex 65.57819406024365 1.400913852430035 0.79
      vertex 66.3341769254721 1.6302387474610602 0
    endloop
  endfacet
  facet normal -0.6661732898343412 -0.2383606144896513 -0.706680525677202
    outer loop
      vertex 65.57819406024365 1.400913852430035 0.79
      vertex 65.41864262389947 1.846830244593923 0.79
      vertex 66.14850745458338 2.149150156162344 0
    endloop
  endfacet
  facet normal -0.639602057560633 -0.30250924381379896 -0.7066805256772033
    outer loop
      vertex 65.41864262389947 1.846830244593923 0.79
      vertex 65.21615202174516 2.2749606519222643 0.79
      vertex 65.91286982058035 2.647364074014803 0
    endloop
  endfacet
  facet normal 0.568295657582602 -0.42147678489015794 -0.7066805256772067
    outer loop
      vertex 56.94732765102792 2.6811819445525997 0.79
      vertex 56.290466657308905 3.1200824286380855 0
      vertex 57.22945155207143 3.061581989373753 0.79
    endloop
  endfacet
  facet normal 0.5242472094901086 -0.47514997418754384 -0.7066805256772049
    outer loop
      vertex 57.22945155207143 3.061581989373753 0.79
      vertex 56.61877329391487 3.5627526838630326 0
      vertex 57.54750267399372 3.4124973260062785 0.79
    endloop
  endfacet
  facet normal 0.4751499741875456 -0.5242472094901063 -0.7066805256772053
    outer loop
      vertex 57.54750267399372 3.4124973260062785 0.79
      vertex 56.98888831685635 3.971111683143651 0
      vertex 57.898418010626244 3.7305484479285687 0.79
    endloop
  endfacet
  facet normal 0.42147678489015805 -0.5682956575826058 -0.7066805256772037
    outer loop
      vertex 57.898418010626244 3.7305484479285687 0.79
      vertex 57.39724731613697 4.341226706085131 0
      vertex 58.2788180554474 4.012672348972083 0.79
    endloop
  endfacet
  facet normal 0.3637445437516395 -0.6068711078305671 -0.7066805256772056
    outer loop
      vertex 58.2788180554474 4.012672348972083 0.79
      vertex 57.839917571361916 4.669533342691094 0
      vertex 58.68503934807774 4.256152021745161 0.79
    endloop
  endfacet
  facet normal 0.30250924381379257 -0.6396020575606336 -0.7066805256772054
    outer loop
      vertex 58.68503934807774 4.256152021745161 0.79
      vertex 58.3126359259852 4.952869820580362 0
      vertex 59.113169755406076 4.458642623899469 0.79
    endloop
  endfacet
  facet normal 0.23836061448964582 -0.6661732898343403 -0.7066805256772049
    outer loop
      vertex 59.113169755406076 4.458642623899469 0.79
      vertex 58.81084984383766 5.188507454583386 0
      vertex 59.559086147569964 4.618194060243639 0.79
    endloop
  endfacet
  facet normal 0.17191644214679633 -0.6863289091595773 -0.7066805256772057
    outer loop
      vertex 59.559086147569964 4.618194060243639 0.79
      vertex 59.32976125253894 5.374176925472085 0
      vertex 60.01849410595017 4.73326976322599 0.79
    endloop
  endfacet
  facet normal -0.6068711078305654 -0.36374454375163506 -0.7066805256772095
    outer loop
      vertex 65.21615202174516 2.2749606519222643 0.79
      vertex 64.97267234897208 2.6811819445525997 0.79
      vertex 65.6295333426911 3.1200824286380855 0
    endloop
  endfacet
  facet normal -0.5682956575825965 -0.42147678489016444 -0.7066805256772074
    outer loop
      vertex 64.97267234897208 2.6811819445525997 0.79
      vertex 64.69054844792856 3.061581989373753 0.79
      vertex 65.30122670608513 3.5627526838630326 0
    endloop
  endfacet
  facet normal -0.5242472094901138 -0.47514997418753796 -0.706680525677205
    outer loop
      vertex 64.69054844792856 3.061581989373753 0.79
      vertex 64.37249732600628 3.4124973260062785 0.79
      vertex 64.93111168314366 3.971111683143651 0
    endloop
  endfacet
  facet normal 0.10381662048698899 -0.6998748059040625 -0.7066805256772053
    outer loop
      vertex 60.01849410595017 4.73326976322599 0.79
      vertex 59.864372751557426 5.508090134744542 0
      vertex 60.48696928076954 4.802761490920022 0.79
    endloop
  endfacet
  facet normal 0.034716988019951656 -0.7066805256772054 -0.7066805256772054
    outer loop
      vertex 60.48696928076954 4.802761490920022 0.79
      vertex 60.409535739909195 5.588957424991058 0
      vertex 60.96 4.826 0.79
    endloop
  endfacet
  facet normal -0.10381662048698903 -0.6998748059040628 -0.7066805256772051
    outer loop
      vertex 61.43303071923046 4.802761490920022 0.79
      vertex 61.51046426009081 5.588957424991058 0
      vertex 61.90150589404983 4.73326976322599 0.79
    endloop
  endfacet
  facet normal -0.2383606144896455 -0.6661732898343393 -0.706680525677206
    outer loop
      vertex 62.36091385243004 4.618194060243639 0.79
      vertex 62.590238747461065 5.374176925472085 0
      vertex 62.806830244593925 4.458642623899469 0.79
    endloop
  endfacet
  facet normal -0.1719164421467964 -0.6863289091595776 -0.7066805256772054
    outer loop
      vertex 61.90150589404983 4.73326976322599 0.79
      vertex 62.055627248442576 5.508090134744542 0
      vertex 62.36091385243004 4.618194060243639 0.79
    endloop
  endfacet
  facet normal -0.47514997418754673 -0.5242472094901075 -0.7066805256772039
    outer loop
      vertex 64.02158198937376 3.7305484479285687 0.79
      vertex 64.52275268386303 4.341226706085131 0
      vertex 64.37249732600628 3.4124973260062785 0.79
    endloop
  endfacet
  facet normal -0.36374454375163967 -0.6068711078305674 -0.7066805256772053
    outer loop
      vertex 63.6411819445526 4.012672348972083 0.79
      vertex 63.234960651922265 4.256152021745161 0.79
      vertex 63.607364074014804 4.952869820580362 0
    endloop
  endfacet
  facet normal -0.42147678489015794 -0.5682956575826057 -0.706680525677204
    outer loop
      vertex 64.02158198937376 3.7305484479285687 0.79
      vertex 63.6411819445526 4.012672348972083 0.79
      vertex 64.08008242863808 4.669533342691094 0
    endloop
  endfacet
  facet normal -0.3025092438137929 -0.6396020575606343 -0.7066805256772047
    outer loop
      vertex 63.234960651922265 4.256152021745161 0.79
      vertex 62.806830244593925 4.458642623899469 0.79
      vertex 63.10915015616234 5.188507454583386 0
    endloop
  endfacet
  facet normal 0.17191644214679547 -0.6863289091595778 -0.7066805256772055
    outer loop
      vertex 60.01849410595017 4.73326976322599 0.79
      vertex 59.32976125253894 5.374176925472085 0
      vertex 59.864372751557426 5.508090134744542 0
    endloop
  endfacet
  facet normal 0.10381662048698825 -0.6998748059040629 -0.7066805256772051
    outer loop
      vertex 60.48696928076954 4.802761490920022 0.79
      vertex 59.864372751557426 5.508090134744542 0
      vertex 60.409535739909195 5.588957424991058 0
    endloop
  endfacet
  facet normal 0.0347169880199518 -0.7066805256772054 -0.7066805256772054
    outer loop
      vertex 60.96 4.826 0.79
      vertex 60.409535739909195 5.588957424991058 0
      vertex 60.96 5.616 0
    endloop
  endfacet
  facet normal -0.03471698801995165 -0.7066805256772053 -0.7066805256772053
    outer loop
      vertex 61.43303071923046 4.802761490920022 0.79
      vertex 60.96 5.616 0
      vertex 61.51046426009081 5.588957424991058 0
    endloop
  endfacet
  facet normal -0.1038166204869881 -0.6998748059040626 -0.7066805256772054
    outer loop
      vertex 61.90150589404983 4.73326976322599 0.79
      vertex 61.51046426009081 5.588957424991058 0
      vertex 62.055627248442576 5.508090134744542 0
    endloop
  endfacet
  facet normal -0.17191644214679536 -0.6863289091595777 -0.7066805256772059
    outer loop
      vertex 62.36091385243004 4.618194060243639 0.79
      vertex 62.055627248442576 5.508090134744542 0
      vertex 62.590238747461065 5.374176925472085 0
    endloop
  endfacet
  facet normal -0.034716988019951656 -0.7066805256772054 -0.7066805256772054
    outer loop
      vertex 60.96 4.826 0.79
      vertex 60.96 5.616 0
      vertex 61.43303071923046 4.802761490920022 0.79
    endloop
  endfacet
  facet normal -0.7066805256772092 -0.034716988019942316 -0.706680525677202
    outer loop
      vertex 65.786 0 0.79
      vertex 66.54895742499106 0.5504642600908123 0
      vertex 66.576 0 0
    endloop
  endfacet
  facet normal -0.6998748059040644 -0.10381662048698952 -0.7066805256772034
    outer loop
      vertex 65.76276149092003 0.4730307192304594 0.79
      vertex 66.46809013474454 1.0956272484425762 0
      vertex 66.54895742499106 0.5504642600908123 0
    endloop
  endfacet
  facet normal -0.6863289091595771 -0.17191644214678756 -0.7066805256772082
    outer loop
      vertex 65.69326976322598 0.9415058940498349 0.79
      vertex 66.3341769254721 1.6302387474610602 0
      vertex 66.46809013474454 1.0956272484425762 0
    endloop
  endfacet
  facet normal 0.9807852804032301 -0.19509032201613005 -2.1117347016937058e-18
    outer loop
      vertex 75.48 -10.16 0
      vertex 75.54089637399098 -9.853853254107928 0
      vertex 75.54089637399098 -9.853853254107928 1.7018
    endloop
  endfacet
  facet normal -0.9807852804032301 -0.19509032201613005 2.1117347016937058e-18
    outer loop
      vertex 77.01910362600903 -9.853853254107928 0
      vertex 77.08 -10.16 0
      vertex 77.08 -10.16 1.7018
    endloop
  endfacet
  facet normal 0.8314696123025493 -0.555570233019596 -2.188954765758885e-19
    outer loop
      vertex 75.54089637399098 -9.853853254107928 0
      vertex 75.71431457505076 -9.594314575050761 0
      vertex 75.71431457505076 -9.594314575050761 1.7018
    endloop
  endfacet
  facet normal -0.8314696123025493 -0.555570233019596 2.188954765758885e-19
    outer loop
      vertex 76.84568542494924 -9.594314575050761 0
      vertex 77.01910362600903 -9.853853254107928 0
      vertex 77.01910362600903 -9.853853254107928 1.7018
    endloop
  endfacet
  facet normal -0.5555702330196131 -0.8314696123025379 -5.876121587202287e-18
    outer loop
      vertex 76.58614674589208 -9.42089637399097 0
      vertex 76.84568542494924 -9.594314575050761 0
      vertex 76.84568542494924 -9.594314575050761 1.7018
    endloop
  endfacet
  facet normal 0.5555702330196131 -0.8314696123025379 0
    outer loop
      vertex 75.97385325410792 -9.42089637399097 0
      vertex 75.97385325410792 -9.42089637399097 1.7018
      vertex 75.71431457505076 -9.594314575050761 0
    endloop
  endfacet
  facet normal 0.1950903220161257 -0.980785280403231 0
    outer loop
      vertex 76.28 -9.36 0
      vertex 76.28 -9.36 1.7018
      vertex 75.97385325410792 -9.42089637399097 0
    endloop
  endfacet
  facet normal -0.1950903220161257 -0.980785280403231 0
    outer loop
      vertex 76.58614674589208 -9.42089637399097 0
      vertex 76.58614674589208 -9.42089637399097 1.7018
      vertex 76.28 -9.36 0
    endloop
  endfacet
  facet normal 0.9807852804032301 -0.19509032201613005 0
    outer loop
      vertex 75.48 -10.16 1.7018
      vertex 75.48 -10.16 0
      vertex 75.54089637399098 -9.853853254107928 1.7018
    endloop
  endfacet
  facet normal -0.9807852804032301 -0.19509032201613005 2.1117347016937058e-18
    outer loop
      vertex 77.08 -10.16 1.7018
      vertex 77.01910362600903 -9.853853254107928 1.7018
      vertex 77.01910362600903 -9.853853254107928 0
    endloop
  endfacet
  facet normal 0.8314696123025493 -0.555570233019596 -2.188954765758885e-19
    outer loop
      vertex 75.71431457505076 -9.594314575050761 1.7018
      vertex 75.54089637399098 -9.853853254107928 1.7018
      vertex 75.54089637399098 -9.853853254107928 0
    endloop
  endfacet
  facet normal 0.5555702330196131 -0.8314696123025379 5.876121587202287e-18
    outer loop
      vertex 75.97385325410792 -9.42089637399097 1.7018
      vertex 75.71431457505076 -9.594314575050761 1.7018
      vertex 75.71431457505076 -9.594314575050761 0
    endloop
  endfacet
  facet normal -0.8314696123025493 -0.555570233019596 2.188954765758885e-19
    outer loop
      vertex 77.01910362600903 -9.853853254107928 1.7018
      vertex 76.84568542494924 -9.594314575050761 1.7018
      vertex 76.84568542494924 -9.594314575050761 0
    endloop
  endfacet
  facet normal 0.1950903220161257 -0.980785280403231 0
    outer loop
      vertex 75.97385325410792 -9.42089637399097 0
      vertex 76.28 -9.36 1.7018
      vertex 75.97385325410792 -9.42089637399097 1.7018
    endloop
  endfacet
  facet normal -0.5555702330196131 -0.8314696123025379 0
    outer loop
      vertex 76.58614674589208 -9.42089637399097 0
      vertex 76.84568542494924 -9.594314575050761 1.7018
      vertex 76.58614674589208 -9.42089637399097 1.7018
    endloop
  endfacet
  facet normal -0.1950903220161257 -0.980785280403231 0
    outer loop
      vertex 76.28 -9.36 0
      vertex 76.58614674589208 -9.42089637399097 1.7018
      vertex 76.28 -9.36 1.7018
    endloop
  endfacet
  facet normal 0.9807852804032301 -0.19509032201613005 -2.1117347016937058e-18
    outer loop
      vertex 77.98 -10.16 0
      vertex 78.04089637399098 -9.853853254107928 0
      vertex 78.04089637399098 -9.853853254107928 1.7018
    endloop
  endfacet
  facet normal 0.8314696123025493 -0.555570233019596 -2.188954765758885e-19
    outer loop
      vertex 78.04089637399098 -9.853853254107928 0
      vertex 78.21431457505076 -9.594314575050761 0
      vertex 78.21431457505076 -9.594314575050761 1.7018
    endloop
  endfacet
  facet normal 0.5555702330196131 -0.8314696123025379 0
    outer loop
      vertex 78.47385325410792 -9.42089637399097 0
      vertex 78.47385325410792 -9.42089637399097 1.7018
      vertex 78.21431457505076 -9.594314575050761 0
    endloop
  endfacet
  facet normal 0.1950903220161257 -0.980785280403231 0
    outer loop
      vertex 78.78 -9.36 0
      vertex 78.78 -9.36 1.7018
      vertex 78.47385325410792 -9.42089637399097 0
    endloop
  endfacet
  facet normal -0.9807852804032301 -0.19509032201613005 2.1117347016937058e-18
    outer loop
      vertex 79.51910362600903 -9.853853254107928 0
      vertex 79.58 -10.16 0
      vertex 79.58 -10.16 1.7018
    endloop
  endfacet
  facet normal -0.8314696123025493 -0.555570233019596 2.188954765758885e-19
    outer loop
      vertex 79.34568542494924 -9.594314575050761 0
      vertex 79.51910362600903 -9.853853254107928 0
      vertex 79.51910362600903 -9.853853254107928 1.7018
    endloop
  endfacet
  facet normal -0.5555702330196131 -0.8314696123025379 0
    outer loop
      vertex 79.34568542494924 -9.594314575050761 0
      vertex 79.34568542494924 -9.594314575050761 1.7018
      vertex 79.08614674589208 -9.42089637399097 0
    endloop
  endfacet
  facet normal -0.1950903220161257 -0.980785280403231 0
    outer loop
      vertex 79.08614674589208 -9.42089637399097 0
      vertex 79.08614674589208 -9.42089637399097 1.7018
      vertex 78.78 -9.36 0
    endloop
  endfacet
  facet normal 0.9807852804032301 -0.19509032201613005 0
    outer loop
      vertex 77.98 -10.16 1.7018
      vertex 77.98 -10.16 0
      vertex 78.04089637399098 -9.853853254107928 1.7018
    endloop
  endfacet
  facet normal 0.8314696123025493 -0.555570233019596 -2.188954765758885e-19
    outer loop
      vertex 78.21431457505076 -9.594314575050761 1.7018
      vertex 78.04089637399098 -9.853853254107928 1.7018
      vertex 78.04089637399098 -9.853853254107928 0
    endloop
  endfacet
  facet normal 0.5555702330196131 -0.8314696123025379 0
    outer loop
      vertex 78.21431457505076 -9.594314575050761 0
      vertex 78.47385325410792 -9.42089637399097 1.7018
      vertex 78.21431457505076 -9.594314575050761 1.7018
    endloop
  endfacet
  facet normal 0.1950903220161257 -0.980785280403231 0
    outer loop
      vertex 78.47385325410792 -9.42089637399097 0
      vertex 78.78 -9.36 1.7018
      vertex 78.47385325410792 -9.42089637399097 1.7018
    endloop
  endfacet
  facet normal -0.9807852804032301 -0.19509032201613005 2.1117347016937058e-18
    outer loop
      vertex 79.58 -10.16 1.7018
      vertex 79.51910362600903 -9.853853254107928 1.7018
      vertex 79.51910362600903 -9.853853254107928 0
    endloop
  endfacet
  facet normal -0.8314696123025493 -0.555570233019596 2.188954765758885e-19
    outer loop
      vertex 79.51910362600903 -9.853853254107928 1.7018
      vertex 79.34568542494924 -9.594314575050761 1.7018
      vertex 79.34568542494924 -9.594314575050761 0
    endloop
  endfacet
  facet normal -0.1950903220161257 -0.980785280403231 0
    outer loop
      vertex 78.78 -9.36 0
      vertex 79.08614674589208 -9.42089637399097 1.7018
      vertex 78.78 -9.36 1.7018
    endloop
  endfacet
  facet normal -0.5555702330196131 -0.8314696123025379 0
    outer loop
      vertex 79.08614674589208 -9.42089637399097 0
      vertex 79.34568542494924 -9.594314575050761 1.7018
      vertex 79.08614674589208 -9.42089637399097 1.7018
    endloop
  endfacet
  facet normal 0.9807852804032301 -0.19509032201613005 -2.1117347016937058e-18
    outer loop
      vertex 80.48 -10.16 0
      vertex 80.54089637399098 -9.853853254107928 0
      vertex 80.54089637399098 -9.853853254107928 1.7018
    endloop
  endfacet
  facet normal 0.8314696123025493 -0.555570233019596 -2.188954765758885e-19
    outer loop
      vertex 80.54089637399098 -9.853853254107928 0
      vertex 80.71431457505076 -9.594314575050761 0
      vertex 80.71431457505076 -9.594314575050761 1.7018
    endloop
  endfacet
  facet normal -0.5555702330196131 -0.8314696123025379 0
    outer loop
      vertex 81.84568542494924 -9.594314575050761 0
      vertex 81.84568542494924 -9.594314575050761 1.7018
      vertex 81.58614674589208 -9.42089637399097 0
    endloop
  endfacet
  facet normal 0.5555702330196131 -0.8314696123025379 0
    outer loop
      vertex 80.97385325410792 -9.42089637399097 0
      vertex 80.97385325410792 -9.42089637399097 1.7018
      vertex 80.71431457505076 -9.594314575050761 0
    endloop
  endfacet
  facet normal 0.1950903220161257 -0.980785280403231 0
    outer loop
      vertex 81.28 -9.36 0
      vertex 81.28 -9.36 1.7018
      vertex 80.97385325410792 -9.42089637399097 0
    endloop
  endfacet
  facet normal -0.1950903220161257 -0.980785280403231 0
    outer loop
      vertex 81.58614674589208 -9.42089637399097 0
      vertex 81.58614674589208 -9.42089637399097 1.7018
      vertex 81.28 -9.36 0
    endloop
  endfacet
  facet normal -0.9807852804032301 -0.19509032201613005 2.1117347016937058e-18
    outer loop
      vertex 82.01910362600903 -9.853853254107928 0
      vertex 82.08 -10.16 0
      vertex 82.08 -10.16 1.7018
    endloop
  endfacet
  facet normal -0.8314696123025493 -0.555570233019596 2.188954765758885e-19
    outer loop
      vertex 81.84568542494924 -9.594314575050761 0
      vertex 82.01910362600903 -9.853853254107928 0
      vertex 82.01910362600903 -9.853853254107928 1.7018
    endloop
  endfacet
  facet normal 0.9807852804032301 -0.19509032201613005 0
    outer loop
      vertex 80.48 -10.16 1.7018
      vertex 80.48 -10.16 0
      vertex 80.54089637399098 -9.853853254107928 1.7018
    endloop
  endfacet
  facet normal 0.8314696123025493 -0.555570233019596 -2.188954765758885e-19
    outer loop
      vertex 80.71431457505076 -9.594314575050761 1.7018
      vertex 80.54089637399098 -9.853853254107928 1.7018
      vertex 80.54089637399098 -9.853853254107928 0
    endloop
  endfacet
  facet normal 0.5555702330196131 -0.8314696123025379 0
    outer loop
      vertex 80.71431457505076 -9.594314575050761 0
      vertex 80.97385325410792 -9.42089637399097 1.7018
      vertex 80.71431457505076 -9.594314575050761 1.7018
    endloop
  endfacet
  facet normal -0.8314696123025493 -0.555570233019596 2.188954765758885e-19
    outer loop
      vertex 82.01910362600903 -9.853853254107928 1.7018
      vertex 81.84568542494924 -9.594314575050761 1.7018
      vertex 81.84568542494924 -9.594314575050761 0
    endloop
  endfacet
  facet normal 0.1950903220161257 -0.980785280403231 0
    outer loop
      vertex 80.97385325410792 -9.42089637399097 0
      vertex 81.28 -9.36 1.7018
      vertex 80.97385325410792 -9.42089637399097 1.7018
    endloop
  endfacet
  facet normal -0.1950903220161257 -0.980785280403231 0
    outer loop
      vertex 81.28 -9.36 0
      vertex 81.58614674589208 -9.42089637399097 1.7018
      vertex 81.28 -9.36 1.7018
    endloop
  endfacet
  facet normal -0.5555702330196131 -0.8314696123025379 0
    outer loop
      vertex 81.58614674589208 -9.42089637399097 0
      vertex 81.84568542494924 -9.594314575050761 1.7018
      vertex 81.58614674589208 -9.42089637399097 1.7018
    endloop
  endfacet
  facet normal -0.9807852804032301 -0.19509032201613005 2.1117347016937058e-18
    outer loop
      vertex 82.08 -10.16 1.7018
      vertex 82.01910362600903 -9.853853254107928 1.7018
      vertex 82.01910362600903 -9.853853254107928 0
    endloop
  endfacet
  facet normal 0.9807852804032301 -0.19509032201613005 -2.1117347016937058e-18
    outer loop
      vertex 82.98 -10.16 0
      vertex 83.04089637399098 -9.853853254107928 0
      vertex 83.04089637399098 -9.853853254107928 1.7018
    endloop
  endfacet
  facet normal 0.8314696123025493 -0.555570233019596 -2.188954765758885e-19
    outer loop
      vertex 83.04089637399098 -9.853853254107928 0
      vertex 83.21431457505076 -9.594314575050761 0
      vertex 83.21431457505076 -9.594314575050761 1.7018
    endloop
  endfacet
  facet normal -0.9807852804032301 -0.19509032201613005 2.1117347016937058e-18
    outer loop
      vertex 84.51910362600903 -9.853853254107928 0
      vertex 84.58 -10.16 0
      vertex 84.58 -10.16 1.7018
    endloop
  endfacet
  facet normal -0.5555702330196131 -0.8314696123025379 -5.876121587202287e-18
    outer loop
      vertex 84.08614674589208 -9.42089637399097 0
      vertex 84.34568542494924 -9.594314575050761 0
      vertex 84.34568542494924 -9.594314575050761 1.7018
    endloop
  endfacet
  facet normal -0.8314696123025493 -0.555570233019596 2.188954765758885e-19
    outer loop
      vertex 84.34568542494924 -9.594314575050761 0
      vertex 84.51910362600903 -9.853853254107928 0
      vertex 84.51910362600903 -9.853853254107928 1.7018
    endloop
  endfacet
  facet normal 0.5555702330196131 -0.8314696123025379 0
    outer loop
      vertex 83.47385325410792 -9.42089637399097 0
      vertex 83.47385325410792 -9.42089637399097 1.7018
      vertex 83.21431457505076 -9.594314575050761 0
    endloop
  endfacet
  facet normal 0.1950903220161257 -0.980785280403231 0
    outer loop
      vertex 83.78 -9.36 0
      vertex 83.78 -9.36 1.7018
      vertex 83.47385325410792 -9.42089637399097 0
    endloop
  endfacet
  facet normal -0.1950903220161257 -0.980785280403231 0
    outer loop
      vertex 84.08614674589208 -9.42089637399097 0
      vertex 84.08614674589208 -9.42089637399097 1.7018
      vertex 83.78 -9.36 0
    endloop
  endfacet
  facet normal 0.9807852804032301 -0.19509032201613005 0
    outer loop
      vertex 82.98 -10.16 0
      vertex 83.04089637399098 -9.853853254107928 1.7018
      vertex 82.98 -10.16 1.7018
    endloop
  endfacet
  facet normal 0.8314696123025493 -0.555570233019596 -2.188954765758885e-19
    outer loop
      vertex 83.21431457505076 -9.594314575050761 1.7018
      vertex 83.04089637399098 -9.853853254107928 1.7018
      vertex 83.04089637399098 -9.853853254107928 0
    endloop
  endfacet
  facet normal 0.5555702330196131 -0.8314696123025379 0
    outer loop
      vertex 83.21431457505076 -9.594314575050761 0
      vertex 83.47385325410792 -9.42089637399097 1.7018
      vertex 83.21431457505076 -9.594314575050761 1.7018
    endloop
  endfacet
  facet normal -0.9807852804032301 -0.19509032201613005 2.1117347016937058e-18
    outer loop
      vertex 84.58 -10.16 1.7018
      vertex 84.51910362600903 -9.853853254107928 1.7018
      vertex 84.51910362600903 -9.853853254107928 0
    endloop
  endfacet
  facet normal -0.8314696123025493 -0.555570233019596 2.188954765758885e-19
    outer loop
      vertex 84.51910362600903 -9.853853254107928 1.7018
      vertex 84.34568542494924 -9.594314575050761 1.7018
      vertex 84.34568542494924 -9.594314575050761 0
    endloop
  endfacet
  facet normal 0.1950903220161257 -0.980785280403231 0
    outer loop
      vertex 83.47385325410792 -9.42089637399097 0
      vertex 83.78 -9.36 1.7018
      vertex 83.47385325410792 -9.42089637399097 1.7018
    endloop
  endfacet
  facet normal -0.1950903220161257 -0.980785280403231 0
    outer loop
      vertex 83.78 -9.36 0
      vertex 84.08614674589208 -9.42089637399097 1.7018
      vertex 83.78 -9.36 1.7018
    endloop
  endfacet
  facet normal -0.5555702330196131 -0.8314696123025379 0
    outer loop
      vertex 84.08614674589208 -9.42089637399097 0
      vertex 84.34568542494924 -9.594314575050761 1.7018
      vertex 84.08614674589208 -9.42089637399097 1.7018
    endloop
  endfacet
  facet normal 0.9807852804032301 -0.19509032201613005 -2.1117347016937058e-18
    outer loop
      vertex 85.48 -10.16 0
      vertex 85.54089637399098 -9.853853254107928 0
      vertex 85.54089637399098 -9.853853254107928 1.7018
    endloop
  endfacet
  facet normal 0.8314696123025493 -0.555570233019596 -2.188954765758885e-19
    outer loop
      vertex 85.54089637399098 -9.853853254107928 0
      vertex 85.71431457505076 -9.594314575050761 0
      vertex 85.71431457505076 -9.594314575050761 1.7018
    endloop
  endfacet
  facet normal -0.9807852804032301 -0.19509032201613005 2.1117347016937058e-18
    outer loop
      vertex 87.01910362600903 -9.853853254107928 0
      vertex 87.08 -10.16 0
      vertex 87.08 -10.16 1.7018
    endloop
  endfacet
  facet normal -0.8314696123025493 -0.555570233019596 2.188954765758885e-19
    outer loop
      vertex 86.84568542494924 -9.594314575050761 0
      vertex 87.01910362600903 -9.853853254107928 0
      vertex 87.01910362600903 -9.853853254107928 1.7018
    endloop
  endfacet
  facet normal -0.5555702330196131 -0.8314696123025379 0
    outer loop
      vertex 86.84568542494924 -9.594314575050761 0
      vertex 86.84568542494924 -9.594314575050761 1.7018
      vertex 86.58614674589208 -9.42089637399097 0
    endloop
  endfacet
  facet normal 0.5555702330196131 -0.8314696123025379 0
    outer loop
      vertex 85.97385325410792 -9.42089637399097 0
      vertex 85.97385325410792 -9.42089637399097 1.7018
      vertex 85.71431457505076 -9.594314575050761 0
    endloop
  endfacet
  facet normal 0.1950903220161257 -0.980785280403231 0
    outer loop
      vertex 86.28 -9.36 0
      vertex 86.28 -9.36 1.7018
      vertex 85.97385325410792 -9.42089637399097 0
    endloop
  endfacet
  facet normal -0.1950903220161257 -0.980785280403231 0
    outer loop
      vertex 86.58614674589208 -9.42089637399097 0
      vertex 86.58614674589208 -9.42089637399097 1.7018
      vertex 86.28 -9.36 0
    endloop
  endfacet
  facet normal 0.9807852804032301 -0.19509032201613005 -2.1117347016937058e-18
    outer loop
      vertex 85.54089637399098 -9.853853254107928 1.7018
      vertex 85.48 -10.16 1.7018
      vertex 85.48 -10.16 0
    endloop
  endfacet
  facet normal 0.8314696123025493 -0.555570233019596 -2.188954765758885e-19
    outer loop
      vertex 85.71431457505076 -9.594314575050761 1.7018
      vertex 85.54089637399098 -9.853853254107928 1.7018
      vertex 85.54089637399098 -9.853853254107928 0
    endloop
  endfacet
  facet normal 0.5555702330196131 -0.8314696123025379 0
    outer loop
      vertex 85.71431457505076 -9.594314575050761 0
      vertex 85.97385325410792 -9.42089637399097 1.7018
      vertex 85.71431457505076 -9.594314575050761 1.7018
    endloop
  endfacet
  facet normal -0.9807852804032301 -0.19509032201613005 2.1117347016937058e-18
    outer loop
      vertex 87.08 -10.16 1.7018
      vertex 87.01910362600903 -9.853853254107928 1.7018
      vertex 87.01910362600903 -9.853853254107928 0
    endloop
  endfacet
  facet normal -0.8314696123025493 -0.555570233019596 2.188954765758885e-19
    outer loop
      vertex 87.01910362600903 -9.853853254107928 1.7018
      vertex 86.84568542494924 -9.594314575050761 1.7018
      vertex 86.84568542494924 -9.594314575050761 0
    endloop
  endfacet
  facet normal 0.1950903220161257 -0.980785280403231 0
    outer loop
      vertex 85.97385325410792 -9.42089637399097 0
      vertex 86.28 -9.36 1.7018
      vertex 85.97385325410792 -9.42089637399097 1.7018
    endloop
  endfacet
  facet normal -0.5555702330196131 -0.8314696123025379 0
    outer loop
      vertex 86.58614674589208 -9.42089637399097 0
      vertex 86.84568542494924 -9.594314575050761 1.7018
      vertex 86.58614674589208 -9.42089637399097 1.7018
    endloop
  endfacet
  facet normal -0.1950903220161257 -0.980785280403231 0
    outer loop
      vertex 86.28 -9.36 0
      vertex 86.58614674589208 -9.42089637399097 1.7018
      vertex 86.28 -9.36 1.7018
    endloop
  endfacet
  facet normal 0.5141027441932295 0.8577286100002673 0
    outer loop
      vertex 78.45770321626043 -4.22386563049693 0.79
      vertex 78.45770321626043 -4.22386563049693 1.7018
      vertex 78.88530457692393 -4.480160022889644 0.79
    endloop
  endfacet
  facet normal 0.5956993044924226 0.8032075314806529 -1.108950840639366e-17
    outer loop
      vertex 78.45770321626043 -4.22386563049693 0.79
      vertex 78.05728211644868 -3.926893103082704 0.79
      vertex 78.05728211644868 -3.926893103082704 1.7018
    endloop
  endfacet
  facet normal 0.671558954847019 0.7409511253549586 -1.3903899599316621e-18
    outer loop
      vertex 78.05728211644868 -3.926893103082704 0.79
      vertex 77.68789755157233 -3.592102448427662 0.79
      vertex 77.68789755157233 -3.592102448427662 1.7018
    endloop
  endfacet
  facet normal 0.7409511253549642 0.6715589548470128 5.378418686959798e-19
    outer loop
      vertex 77.68789755157233 -3.592102448427662 0.79
      vertex 77.3531068969173 -3.222717883551319 0.79
      vertex 77.3531068969173 -3.222717883551319 1.7018
    endloop
  endfacet
  facet normal 0.8032075314806447 0.5956993044924337 -8.612191828105222e-18
    outer loop
      vertex 77.3531068969173 -3.222717883551319 0.79
      vertex 77.05613436950307 -2.822296783739579 0.79
      vertex 77.05613436950307 -2.822296783739579 1.7018
    endloop
  endfacet
  facet normal 0.8577286100002683 0.5141027441932279 -8.643815414165927e-20
    outer loop
      vertex 77.05613436950307 -2.822296783739579 0.79
      vertex 76.79983997711035 -2.394695423076068 0.79
      vertex 76.79983997711035 -2.394695423076068 1.7018
    endloop
  endfacet
  facet normal 0.9039892931234482 0.4275550934302717 5.7613780345166335e-18
    outer loop
      vertex 76.79983997711035 -2.394695423076068 0.79
      vertex 76.58669197484267 -1.944031836414656 0.79
      vertex 76.58669197484267 -1.944031836414656 1.7018
    endloop
  endfacet
  facet normal 0.941544065183018 0.336889853392228 -1.0257627097087163e-17
    outer loop
      vertex 76.58669197484267 -1.944031836414656 0.79
      vertex 76.41874309448038 -1.4746461604526686 0.79
      vertex 76.41874309448038 -1.4746461604526686 1.7018
    endloop
  endfacet
  facet normal 0.9700312531945453 0.2429801799032585 -1.277718911470867e-18
    outer loop
      vertex 76.41874309448038 -1.4746461604526686 0.79
      vertex 76.29761077555159 -0.9910588358419316 0.79
      vertex 76.29761077555159 -0.9910588358419316 1.7018
    endloop
  endfacet
  facet normal 0.9891765099647796 0.1467304744553712 -6.0907295081854724e-18
    outer loop
      vertex 76.29761077555159 -0.9910588358419316 0.79
      vertex 76.22446158850524 -0.4979270728741679 0.79
      vertex 76.22446158850524 -0.4979270728741679 1.7018
    endloop
  endfacet
  facet normal 0.9987954562051731 0.049067674327403596 -1.2307316273523804e-18
    outer loop
      vertex 76.22446158850524 -0.4979270728741679 0.79
      vertex 76.2 0 0.79
      vertex 76.2 0 1.7018
    endloop
  endfacet
  facet normal 0.24298017990326293 0.9700312531945442 0
    outer loop
      vertex 79.80535383954734 -4.861256905519621 0.79
      vertex 79.80535383954734 -4.861256905519621 1.7018
      vertex 80.28894116415808 -4.9823892244484105 0.79
    endloop
  endfacet
  facet normal 0.33688985339221994 0.9415440651830209 5.503173127004546e-18
    outer loop
      vertex 79.80535383954734 -4.861256905519621 0.79
      vertex 79.33596816358535 -4.693308025157337 0.79
      vertex 79.33596816358535 -4.693308025157337 1.7018
    endloop
  endfacet
  facet normal 0.4275550934302754 0.9039892931234464 -9.237323558038507e-18
    outer loop
      vertex 79.33596816358535 -4.693308025157337 0.79
      vertex 78.88530457692393 -4.480160022889644 0.79
      vertex 78.88530457692393 -4.480160022889644 1.7018
    endloop
  endfacet
  facet normal 0.1467304744553625 0.9891765099647809 0
    outer loop
      vertex 80.28894116415808 -4.9823892244484105 0.79
      vertex 80.28894116415808 -4.9823892244484105 1.7018
      vertex 80.78207292712584 -5.05553841149476 0.79
    endloop
  endfacet
  facet normal 0.049067674327418334 0.9987954562051723 0
    outer loop
      vertex 80.78207292712584 -5.05553841149476 0.79
      vertex 80.78207292712584 -5.05553841149476 1.7018
      vertex 81.28 -5.08 0.79
    endloop
  endfacet
  facet normal -0.049067674327418334 0.9987954562051723 0
    outer loop
      vertex 81.28 -5.08 0.79
      vertex 81.28 -5.08 1.7018
      vertex 81.77792707287416 -5.05553841149476 0.79
    endloop
  endfacet
  facet normal -0.1467304744553625 0.9891765099647809 0
    outer loop
      vertex 81.77792707287416 -5.05553841149476 0.79
      vertex 81.77792707287416 -5.05553841149476 1.7018
      vertex 82.27105883584193 -4.9823892244484105 0.79
    endloop
  endfacet
  facet normal -0.24298017990326293 0.9700312531945442 0
    outer loop
      vertex 82.27105883584193 -4.9823892244484105 0.79
      vertex 82.27105883584193 -4.9823892244484105 1.7018
      vertex 82.75464616045267 -4.861256905519621 0.79
    endloop
  endfacet
  facet normal -0.33688985339221994 0.9415440651830209 0
    outer loop
      vertex 82.75464616045267 -4.861256905519621 0.79
      vertex 82.75464616045267 -4.861256905519621 1.7018
      vertex 83.22403183641465 -4.693308025157337 0.79
    endloop
  endfacet
  facet normal -0.4275550934302754 0.9039892931234464 0
    outer loop
      vertex 83.22403183641465 -4.693308025157337 0.79
      vertex 83.22403183641465 -4.693308025157337 1.7018
      vertex 83.67469542307607 -4.480160022889644 0.79
    endloop
  endfacet
  facet normal -0.5141027441932295 0.8577286100002673 0
    outer loop
      vertex 83.67469542307607 -4.480160022889644 0.79
      vertex 83.67469542307607 -4.480160022889644 1.7018
      vertex 84.10229678373958 -4.22386563049693 0.79
    endloop
  endfacet
  facet normal -0.5956993044924226 0.8032075314806529 0
    outer loop
      vertex 84.10229678373958 -4.22386563049693 0.79
      vertex 84.10229678373958 -4.22386563049693 1.7018
      vertex 84.50271788355133 -3.926893103082704 0.79
    endloop
  endfacet
  facet normal -0.671558954847019 0.7409511253549586 0
    outer loop
      vertex 84.50271788355133 -3.926893103082704 0.79
      vertex 84.50271788355133 -3.926893103082704 1.7018
      vertex 84.87210244842767 -3.592102448427662 0.79
    endloop
  endfacet
  facet normal -0.7409511253549642 0.6715589548470128 0
    outer loop
      vertex 84.87210244842767 -3.592102448427662 0.79
      vertex 84.87210244842767 -3.592102448427662 1.7018
      vertex 85.2068931030827 -3.222717883551319 0.79
    endloop
  endfacet
  facet normal -0.8032075314806447 0.5956993044924337 0
    outer loop
      vertex 85.2068931030827 -3.222717883551319 0.79
      vertex 85.2068931030827 -3.222717883551319 1.7018
      vertex 85.50386563049693 -2.822296783739579 0.79
    endloop
  endfacet
  facet normal -0.8577286100002683 0.5141027441932279 0
    outer loop
      vertex 85.50386563049693 -2.822296783739579 0.79
      vertex 85.50386563049693 -2.822296783739579 1.7018
      vertex 85.76016002288965 -2.394695423076068 0.79
    endloop
  endfacet
  facet normal -0.9039892931234482 0.4275550934302717 0
    outer loop
      vertex 85.76016002288965 -2.394695423076068 0.79
      vertex 85.76016002288965 -2.394695423076068 1.7018
      vertex 85.97330802515734 -1.944031836414656 0.79
    endloop
  endfacet
  facet normal -0.941544065183018 0.336889853392228 0
    outer loop
      vertex 85.97330802515734 -1.944031836414656 0.79
      vertex 85.97330802515734 -1.944031836414656 1.7018
      vertex 86.14125690551963 -1.4746461604526686 0.79
    endloop
  endfacet
  facet normal -0.9700312531945453 0.2429801799032585 0
    outer loop
      vertex 86.14125690551963 -1.4746461604526686 0.79
      vertex 86.14125690551963 -1.4746461604526686 1.7018
      vertex 86.26238922444841 -0.9910588358419316 0.79
    endloop
  endfacet
  facet normal -0.9891765099647796 0.1467304744553712 0
    outer loop
      vertex 86.26238922444841 -0.9910588358419316 0.79
      vertex 86.26238922444841 -0.9910588358419316 1.7018
      vertex 86.33553841149477 -0.4979270728741679 0.79
    endloop
  endfacet
  facet normal -0.9987954562051731 0.049067674327403596 0
    outer loop
      vertex 86.33553841149477 -0.4979270728741679 0.79
      vertex 86.33553841149477 -0.4979270728741679 1.7018
      vertex 86.36 0 0.79
    endloop
  endfacet
  facet normal 0.671558954847019 0.7409511253549586 0
    outer loop
      vertex 78.05728211644868 -3.926893103082704 0.79
      vertex 77.68789755157233 -3.592102448427662 1.7018
      vertex 78.05728211644868 -3.926893103082704 1.7018
    endloop
  endfacet
  facet normal 0.5956993044924226 0.8032075314806529 0
    outer loop
      vertex 78.45770321626043 -4.22386563049693 0.79
      vertex 78.05728211644868 -3.926893103082704 1.7018
      vertex 78.45770321626043 -4.22386563049693 1.7018
    endloop
  endfacet
  facet normal 0.7409511253549642 0.6715589548470128 0
    outer loop
      vertex 77.68789755157233 -3.592102448427662 0.79
      vertex 77.3531068969173 -3.222717883551319 1.7018
      vertex 77.68789755157233 -3.592102448427662 1.7018
    endloop
  endfacet
  facet normal 0.8577286100002683 0.5141027441932279 0
    outer loop
      vertex 77.05613436950307 -2.822296783739579 0.79
      vertex 76.79983997711035 -2.394695423076068 1.7018
      vertex 77.05613436950307 -2.822296783739579 1.7018
    endloop
  endfacet
  facet normal 0.8032075314806447 0.5956993044924337 0
    outer loop
      vertex 77.3531068969173 -3.222717883551319 0.79
      vertex 77.05613436950307 -2.822296783739579 1.7018
      vertex 77.3531068969173 -3.222717883551319 1.7018
    endloop
  endfacet
  facet normal 0.9039892931234482 0.4275550934302717 0
    outer loop
      vertex 76.79983997711035 -2.394695423076068 0.79
      vertex 76.58669197484267 -1.944031836414656 1.7018
      vertex 76.79983997711035 -2.394695423076068 1.7018
    endloop
  endfacet
  facet normal 0.941544065183018 0.336889853392228 0
    outer loop
      vertex 76.58669197484267 -1.944031836414656 0.79
      vertex 76.41874309448038 -1.4746461604526686 1.7018
      vertex 76.58669197484267 -1.944031836414656 1.7018
    endloop
  endfacet
  facet normal 0.9700312531945453 0.2429801799032585 0
    outer loop
      vertex 76.41874309448038 -1.4746461604526686 0.79
      vertex 76.29761077555159 -0.9910588358419316 1.7018
      vertex 76.41874309448038 -1.4746461604526686 1.7018
    endloop
  endfacet
  facet normal 0.9891765099647796 0.1467304744553712 0
    outer loop
      vertex 76.29761077555159 -0.9910588358419316 0.79
      vertex 76.22446158850524 -0.4979270728741679 1.7018
      vertex 76.29761077555159 -0.9910588358419316 1.7018
    endloop
  endfacet
  facet normal 0.9987954562051731 0.049067674327403596 0
    outer loop
      vertex 76.22446158850524 -0.4979270728741679 0.79
      vertex 76.2 0 1.7018
      vertex 76.22446158850524 -0.4979270728741679 1.7018
    endloop
  endfacet
  facet normal 0.24298017990326293 0.9700312531945442 0
    outer loop
      vertex 80.28894116415808 -4.9823892244484105 0.79
      vertex 79.80535383954734 -4.861256905519621 1.7018
      vertex 80.28894116415808 -4.9823892244484105 1.7018
    endloop
  endfacet
  facet normal 0.33688985339221994 0.9415440651830209 0
    outer loop
      vertex 79.80535383954734 -4.861256905519621 0.79
      vertex 79.33596816358535 -4.693308025157337 1.7018
      vertex 79.80535383954734 -4.861256905519621 1.7018
    endloop
  endfacet
  facet normal 0.4275550934302754 0.9039892931234464 0
    outer loop
      vertex 79.33596816358535 -4.693308025157337 0.79
      vertex 78.88530457692393 -4.480160022889644 1.7018
      vertex 79.33596816358535 -4.693308025157337 1.7018
    endloop
  endfacet
  facet normal 0.1467304744553625 0.9891765099647809 0
    outer loop
      vertex 80.78207292712584 -5.05553841149476 0.79
      vertex 80.28894116415808 -4.9823892244484105 1.7018
      vertex 80.78207292712584 -5.05553841149476 1.7018
    endloop
  endfacet
  facet normal 0.049067674327418334 0.9987954562051723 0
    outer loop
      vertex 81.28 -5.08 0.79
      vertex 80.78207292712584 -5.05553841149476 1.7018
      vertex 81.28 -5.08 1.7018
    endloop
  endfacet
  facet normal -0.049067674327418334 0.9987954562051723 0
    outer loop
      vertex 81.77792707287416 -5.05553841149476 0.79
      vertex 81.28 -5.08 1.7018
      vertex 81.77792707287416 -5.05553841149476 1.7018
    endloop
  endfacet
  facet normal 0.5141027441932295 0.8577286100002673 0
    outer loop
      vertex 78.88530457692393 -4.480160022889644 0.79
      vertex 78.45770321626043 -4.22386563049693 1.7018
      vertex 78.88530457692393 -4.480160022889644 1.7018
    endloop
  endfacet
  facet normal -0.1467304744553625 0.9891765099647809 0
    outer loop
      vertex 82.27105883584193 -4.9823892244484105 0.79
      vertex 81.77792707287416 -5.05553841149476 1.7018
      vertex 82.27105883584193 -4.9823892244484105 1.7018
    endloop
  endfacet
  facet normal -0.24298017990326293 0.9700312531945442 0
    outer loop
      vertex 82.75464616045267 -4.861256905519621 0.79
      vertex 82.27105883584193 -4.9823892244484105 1.7018
      vertex 82.75464616045267 -4.861256905519621 1.7018
    endloop
  endfacet
  facet normal -0.33688985339221994 0.9415440651830209 0
    outer loop
      vertex 83.22403183641465 -4.693308025157337 0.79
      vertex 82.75464616045267 -4.861256905519621 1.7018
      vertex 83.22403183641465 -4.693308025157337 1.7018
    endloop
  endfacet
  facet normal -0.4275550934302754 0.9039892931234464 0
    outer loop
      vertex 83.67469542307607 -4.480160022889644 0.79
      vertex 83.22403183641465 -4.693308025157337 1.7018
      vertex 83.67469542307607 -4.480160022889644 1.7018
    endloop
  endfacet
  facet normal -0.5141027441932295 0.8577286100002673 0
    outer loop
      vertex 84.10229678373958 -4.22386563049693 0.79
      vertex 83.67469542307607 -4.480160022889644 1.7018
      vertex 84.10229678373958 -4.22386563049693 1.7018
    endloop
  endfacet
  facet normal -0.5956993044924226 0.8032075314806529 0
    outer loop
      vertex 84.50271788355133 -3.926893103082704 0.79
      vertex 84.10229678373958 -4.22386563049693 1.7018
      vertex 84.50271788355133 -3.926893103082704 1.7018
    endloop
  endfacet
  facet normal -0.671558954847019 0.7409511253549586 0
    outer loop
      vertex 84.87210244842767 -3.592102448427662 0.79
      vertex 84.50271788355133 -3.926893103082704 1.7018
      vertex 84.87210244842767 -3.592102448427662 1.7018
    endloop
  endfacet
  facet normal -0.7409511253549642 0.6715589548470128 0
    outer loop
      vertex 85.2068931030827 -3.222717883551319 0.79
      vertex 84.87210244842767 -3.592102448427662 1.7018
      vertex 85.2068931030827 -3.222717883551319 1.7018
    endloop
  endfacet
  facet normal -0.8032075314806447 0.5956993044924337 0
    outer loop
      vertex 85.50386563049693 -2.822296783739579 0.79
      vertex 85.2068931030827 -3.222717883551319 1.7018
      vertex 85.50386563049693 -2.822296783739579 1.7018
    endloop
  endfacet
  facet normal -0.8577286100002683 0.5141027441932279 0
    outer loop
      vertex 85.76016002288965 -2.394695423076068 0.79
      vertex 85.50386563049693 -2.822296783739579 1.7018
      vertex 85.76016002288965 -2.394695423076068 1.7018
    endloop
  endfacet
  facet normal -0.9039892931234482 0.4275550934302717 0
    outer loop
      vertex 85.97330802515734 -1.944031836414656 0.79
      vertex 85.76016002288965 -2.394695423076068 1.7018
      vertex 85.97330802515734 -1.944031836414656 1.7018
    endloop
  endfacet
  facet normal -0.941544065183018 0.336889853392228 0
    outer loop
      vertex 86.14125690551963 -1.4746461604526686 0.79
      vertex 85.97330802515734 -1.944031836414656 1.7018
      vertex 86.14125690551963 -1.4746461604526686 1.7018
    endloop
  endfacet
  facet normal -0.9700312531945453 0.2429801799032585 0
    outer loop
      vertex 86.26238922444841 -0.9910588358419316 0.79
      vertex 86.14125690551963 -1.4746461604526686 1.7018
      vertex 86.26238922444841 -0.9910588358419316 1.7018
    endloop
  endfacet
  facet normal -0.9891765099647796 0.1467304744553712 0
    outer loop
      vertex 86.33553841149477 -0.4979270728741679 0.79
      vertex 86.26238922444841 -0.9910588358419316 1.7018
      vertex 86.33553841149477 -0.4979270728741679 1.7018
    endloop
  endfacet
  facet normal -0.9987954562051731 0.049067674327403596 0
    outer loop
      vertex 86.36 0 0.79
      vertex 86.33553841149477 -0.4979270728741679 1.7018
      vertex 86.36 0 1.7018
    endloop
  endfacet
  facet normal 0.9987954562051731 -0.049067674327403596 1.2307316273523804e-18
    outer loop
      vertex 76.2 0 0.79
      vertex 76.22446158850524 0.4979270728741679 0.79
      vertex 76.22446158850524 0.4979270728741679 1.7018
    endloop
  endfacet
  facet normal 0.9891765099647796 -0.1467304744553712 6.0907295081854724e-18
    outer loop
      vertex 76.22446158850524 0.4979270728741679 0.79
      vertex 76.29761077555159 0.9910588358419316 0.79
      vertex 76.29761077555159 0.9910588358419316 1.7018
    endloop
  endfacet
  facet normal 0.9700312531945453 -0.2429801799032585 1.277718911470867e-18
    outer loop
      vertex 76.29761077555159 0.9910588358419316 0.79
      vertex 76.41874309448038 1.4746461604526686 0.79
      vertex 76.41874309448038 1.4746461604526686 1.7018
    endloop
  endfacet
  facet normal 0.941544065183018 -0.336889853392228 1.0257627097087163e-17
    outer loop
      vertex 76.41874309448038 1.4746461604526686 0.79
      vertex 76.58669197484267 1.944031836414656 0.79
      vertex 76.58669197484267 1.944031836414656 1.7018
    endloop
  endfacet
  facet normal 0.9039892931234482 -0.4275550934302717 -5.7613780345166335e-18
    outer loop
      vertex 76.58669197484267 1.944031836414656 0.79
      vertex 76.79983997711035 2.394695423076068 0.79
      vertex 76.79983997711035 2.394695423076068 1.7018
    endloop
  endfacet
  facet normal 0.8577286100002683 -0.5141027441932279 8.643815414165927e-20
    outer loop
      vertex 76.79983997711035 2.394695423076068 0.79
      vertex 77.05613436950307 2.822296783739579 0.79
      vertex 77.05613436950307 2.822296783739579 1.7018
    endloop
  endfacet
  facet normal 0.8032075314806447 -0.5956993044924337 8.612191828105222e-18
    outer loop
      vertex 77.05613436950307 2.822296783739579 0.79
      vertex 77.3531068969173 3.222717883551319 0.79
      vertex 77.3531068969173 3.222717883551319 1.7018
    endloop
  endfacet
  facet normal 0.7409511253549642 -0.6715589548470128 -5.378418686959798e-19
    outer loop
      vertex 77.3531068969173 3.222717883551319 0.79
      vertex 77.68789755157233 3.592102448427662 0.79
      vertex 77.68789755157233 3.592102448427662 1.7018
    endloop
  endfacet
  facet normal 0.671558954847019 -0.7409511253549586 1.3903899599316621e-18
    outer loop
      vertex 77.68789755157233 3.592102448427662 0.79
      vertex 78.05728211644868 3.926893103082704 0.79
      vertex 78.05728211644868 3.926893103082704 1.7018
    endloop
  endfacet
  facet normal 0.5956993044924226 -0.8032075314806529 1.108950840639366e-17
    outer loop
      vertex 78.05728211644868 3.926893103082704 0.79
      vertex 78.45770321626043 4.22386563049693 0.79
      vertex 78.45770321626043 4.22386563049693 1.7018
    endloop
  endfacet
  facet normal -0.9987954562051731 -0.049067674327403596 0
    outer loop
      vertex 86.36 0 0.79
      vertex 86.36 0 1.7018
      vertex 86.33553841149477 0.4979270728741679 0.79
    endloop
  endfacet
  facet normal -0.9891765099647796 -0.1467304744553712 0
    outer loop
      vertex 86.33553841149477 0.4979270728741679 0.79
      vertex 86.33553841149477 0.4979270728741679 1.7018
      vertex 86.26238922444841 0.9910588358419316 0.79
    endloop
  endfacet
  facet normal -0.9700312531945453 -0.2429801799032585 0
    outer loop
      vertex 86.26238922444841 0.9910588358419316 0.79
      vertex 86.26238922444841 0.9910588358419316 1.7018
      vertex 86.14125690551963 1.4746461604526686 0.79
    endloop
  endfacet
  facet normal -0.941544065183018 -0.336889853392228 0
    outer loop
      vertex 86.14125690551963 1.4746461604526686 0.79
      vertex 86.14125690551963 1.4746461604526686 1.7018
      vertex 85.97330802515734 1.944031836414656 0.79
    endloop
  endfacet
  facet normal -0.9039892931234482 -0.4275550934302717 0
    outer loop
      vertex 85.97330802515734 1.944031836414656 0.79
      vertex 85.97330802515734 1.944031836414656 1.7018
      vertex 85.76016002288965 2.394695423076068 0.79
    endloop
  endfacet
  facet normal -0.8577286100002683 -0.5141027441932279 0
    outer loop
      vertex 85.76016002288965 2.394695423076068 0.79
      vertex 85.76016002288965 2.394695423076068 1.7018
      vertex 85.50386563049693 2.822296783739579 0.79
    endloop
  endfacet
  facet normal -0.671558954847019 -0.7409511253549586 0
    outer loop
      vertex 84.87210244842767 3.592102448427662 0.79
      vertex 84.87210244842767 3.592102448427662 1.7018
      vertex 84.50271788355133 3.926893103082704 0.79
    endloop
  endfacet
  facet normal 0.5141027441932295 -0.8577286100002673 -1.8145968515085255e-18
    outer loop
      vertex 78.45770321626043 4.22386563049693 0.79
      vertex 78.88530457692393 4.480160022889644 0.79
      vertex 78.88530457692393 4.480160022889644 1.7018
    endloop
  endfacet
  facet normal 0.4275550934302754 -0.9039892931234464 9.237323558038507e-18
    outer loop
      vertex 78.88530457692393 4.480160022889644 0.79
      vertex 79.33596816358535 4.693308025157337 0.79
      vertex 79.33596816358535 4.693308025157337 1.7018
    endloop
  endfacet
  facet normal 0.33688985339221994 -0.9415440651830209 -5.503173127004546e-18
    outer loop
      vertex 79.33596816358535 4.693308025157337 0.79
      vertex 79.80535383954734 4.861256905519621 0.79
      vertex 79.80535383954734 4.861256905519621 1.7018
    endloop
  endfacet
  facet normal 0.24298017990326293 -0.9700312531945442 1.5344909087916504e-18
    outer loop
      vertex 79.80535383954734 4.861256905519621 0.79
      vertex 80.28894116415808 4.9823892244484105 0.79
      vertex 80.28894116415808 4.9823892244484105 1.7018
    endloop
  endfacet
  facet normal 0.1467304744553625 -0.9891765099647809 3.19764819621654e-18
    outer loop
      vertex 80.28894116415808 4.9823892244484105 0.79
      vertex 80.78207292712584 5.05553841149476 0.79
      vertex 80.78207292712584 5.05553841149476 1.7018
    endloop
  endfacet
  facet normal 0.049067674327418334 -0.9987954562051723 -3.7012700039017133e-19
    outer loop
      vertex 80.78207292712584 5.05553841149476 0.79
      vertex 81.28 5.08 0.79
      vertex 81.28 5.08 1.7018
    endloop
  endfacet
  facet normal -0.049067674327418334 -0.9987954562051723 3.7012700039017133e-19
    outer loop
      vertex 81.28 5.08 0.79
      vertex 81.77792707287416 5.05553841149476 0.79
      vertex 81.77792707287416 5.05553841149476 1.7018
    endloop
  endfacet
  facet normal -0.5956993044924226 -0.8032075314806529 -1.108950840639366e-17
    outer loop
      vertex 84.10229678373958 4.22386563049693 0.79
      vertex 84.50271788355133 3.926893103082704 0.79
      vertex 84.50271788355133 3.926893103082704 1.7018
    endloop
  endfacet
  facet normal -0.5141027441932295 -0.8577286100002673 0
    outer loop
      vertex 84.10229678373958 4.22386563049693 0.79
      vertex 84.10229678373958 4.22386563049693 1.7018
      vertex 83.67469542307607 4.480160022889644 0.79
    endloop
  endfacet
  facet normal -0.33688985339221994 -0.9415440651830209 0
    outer loop
      vertex 83.22403183641465 4.693308025157337 0.79
      vertex 83.22403183641465 4.693308025157337 1.7018
      vertex 82.75464616045267 4.861256905519621 0.79
    endloop
  endfacet
  facet normal -0.24298017990326293 -0.9700312531945442 0
    outer loop
      vertex 82.75464616045267 4.861256905519621 0.79
      vertex 82.75464616045267 4.861256905519621 1.7018
      vertex 82.27105883584193 4.9823892244484105 0.79
    endloop
  endfacet
  facet normal -0.1467304744553625 -0.9891765099647809 -3.19764819621654e-18
    outer loop
      vertex 81.77792707287416 5.05553841149476 0.79
      vertex 82.27105883584193 4.9823892244484105 0.79
      vertex 82.27105883584193 4.9823892244484105 1.7018
    endloop
  endfacet
  facet normal -0.4275550934302754 -0.9039892931234464 0
    outer loop
      vertex 83.67469542307607 4.480160022889644 0.79
      vertex 83.67469542307607 4.480160022889644 1.7018
      vertex 83.22403183641465 4.693308025157337 0.79
    endloop
  endfacet
  facet normal -0.8032075314806447 -0.5956993044924337 0
    outer loop
      vertex 85.50386563049693 2.822296783739579 0.79
      vertex 85.50386563049693 2.822296783739579 1.7018
      vertex 85.2068931030827 3.222717883551319 0.79
    endloop
  endfacet
  facet normal -0.7409511253549642 -0.6715589548470128 0
    outer loop
      vertex 85.2068931030827 3.222717883551319 0.79
      vertex 85.2068931030827 3.222717883551319 1.7018
      vertex 84.87210244842767 3.592102448427662 0.79
    endloop
  endfacet
  facet normal 0.9987954562051731 -0.049067674327403596 0
    outer loop
      vertex 76.2 0 0.79
      vertex 76.22446158850524 0.4979270728741679 1.7018
      vertex 76.2 0 1.7018
    endloop
  endfacet
  facet normal 0.9891765099647796 -0.1467304744553712 0
    outer loop
      vertex 76.22446158850524 0.4979270728741679 0.79
      vertex 76.29761077555159 0.9910588358419316 1.7018
      vertex 76.22446158850524 0.4979270728741679 1.7018
    endloop
  endfacet
  facet normal 0.9700312531945453 -0.2429801799032585 0
    outer loop
      vertex 76.29761077555159 0.9910588358419316 0.79
      vertex 76.41874309448038 1.4746461604526686 1.7018
      vertex 76.29761077555159 0.9910588358419316 1.7018
    endloop
  endfacet
  facet normal 0.941544065183018 -0.336889853392228 0
    outer loop
      vertex 76.41874309448038 1.4746461604526686 0.79
      vertex 76.58669197484267 1.944031836414656 1.7018
      vertex 76.41874309448038 1.4746461604526686 1.7018
    endloop
  endfacet
  facet normal 0.9039892931234482 -0.4275550934302717 0
    outer loop
      vertex 76.58669197484267 1.944031836414656 0.79
      vertex 76.79983997711035 2.394695423076068 1.7018
      vertex 76.58669197484267 1.944031836414656 1.7018
    endloop
  endfacet
  facet normal 0.8577286100002683 -0.5141027441932279 0
    outer loop
      vertex 76.79983997711035 2.394695423076068 0.79
      vertex 77.05613436950307 2.822296783739579 1.7018
      vertex 76.79983997711035 2.394695423076068 1.7018
    endloop
  endfacet
  facet normal 0.8032075314806447 -0.5956993044924337 0
    outer loop
      vertex 77.05613436950307 2.822296783739579 0.79
      vertex 77.3531068969173 3.222717883551319 1.7018
      vertex 77.05613436950307 2.822296783739579 1.7018
    endloop
  endfacet
  facet normal 0.7409511253549642 -0.6715589548470128 0
    outer loop
      vertex 77.3531068969173 3.222717883551319 0.79
      vertex 77.68789755157233 3.592102448427662 1.7018
      vertex 77.3531068969173 3.222717883551319 1.7018
    endloop
  endfacet
  facet normal 0.671558954847019 -0.7409511253549586 0
    outer loop
      vertex 77.68789755157233 3.592102448427662 0.79
      vertex 78.05728211644868 3.926893103082704 1.7018
      vertex 77.68789755157233 3.592102448427662 1.7018
    endloop
  endfacet
  facet normal 0.5956993044924226 -0.8032075314806529 0
    outer loop
      vertex 78.05728211644868 3.926893103082704 0.79
      vertex 78.45770321626043 4.22386563049693 1.7018
      vertex 78.05728211644868 3.926893103082704 1.7018
    endloop
  endfacet
  facet normal 0.5141027441932295 -0.8577286100002673 0
    outer loop
      vertex 78.45770321626043 4.22386563049693 0.79
      vertex 78.88530457692393 4.480160022889644 1.7018
      vertex 78.45770321626043 4.22386563049693 1.7018
    endloop
  endfacet
  facet normal -0.9987954562051731 -0.049067674327403596 0
    outer loop
      vertex 86.33553841149477 0.4979270728741679 0.79
      vertex 86.36 0 1.7018
      vertex 86.33553841149477 0.4979270728741679 1.7018
    endloop
  endfacet
  facet normal -0.9891765099647796 -0.1467304744553712 0
    outer loop
      vertex 86.26238922444841 0.9910588358419316 0.79
      vertex 86.33553841149477 0.4979270728741679 1.7018
      vertex 86.26238922444841 0.9910588358419316 1.7018
    endloop
  endfacet
  facet normal -0.9700312531945453 -0.2429801799032585 0
    outer loop
      vertex 86.14125690551963 1.4746461604526686 0.79
      vertex 86.26238922444841 0.9910588358419316 1.7018
      vertex 86.14125690551963 1.4746461604526686 1.7018
    endloop
  endfacet
  facet normal -0.941544065183018 -0.336889853392228 0
    outer loop
      vertex 85.97330802515734 1.944031836414656 0.79
      vertex 86.14125690551963 1.4746461604526686 1.7018
      vertex 85.97330802515734 1.944031836414656 1.7018
    endloop
  endfacet
  facet normal -0.9039892931234482 -0.4275550934302717 0
    outer loop
      vertex 85.76016002288965 2.394695423076068 0.79
      vertex 85.97330802515734 1.944031836414656 1.7018
      vertex 85.76016002288965 2.394695423076068 1.7018
    endloop
  endfacet
  facet normal -0.7409511253549642 -0.6715589548470128 0
    outer loop
      vertex 84.87210244842767 3.592102448427662 0.79
      vertex 85.2068931030827 3.222717883551319 1.7018
      vertex 84.87210244842767 3.592102448427662 1.7018
    endloop
  endfacet
  facet normal 0.4275550934302754 -0.9039892931234464 0
    outer loop
      vertex 78.88530457692393 4.480160022889644 0.79
      vertex 79.33596816358535 4.693308025157337 1.7018
      vertex 78.88530457692393 4.480160022889644 1.7018
    endloop
  endfacet
  facet normal 0.33688985339221994 -0.9415440651830209 0
    outer loop
      vertex 79.33596816358535 4.693308025157337 0.79
      vertex 79.80535383954734 4.861256905519621 1.7018
      vertex 79.33596816358535 4.693308025157337 1.7018
    endloop
  endfacet
  facet normal 0.24298017990326293 -0.9700312531945442 0
    outer loop
      vertex 79.80535383954734 4.861256905519621 0.79
      vertex 80.28894116415808 4.9823892244484105 1.7018
      vertex 79.80535383954734 4.861256905519621 1.7018
    endloop
  endfacet
  facet normal 0.1467304744553625 -0.9891765099647809 0
    outer loop
      vertex 80.28894116415808 4.9823892244484105 0.79
      vertex 80.78207292712584 5.05553841149476 1.7018
      vertex 80.28894116415808 4.9823892244484105 1.7018
    endloop
  endfacet
  facet normal 0.049067674327418334 -0.9987954562051723 0
    outer loop
      vertex 80.78207292712584 5.05553841149476 0.79
      vertex 81.28 5.08 1.7018
      vertex 80.78207292712584 5.05553841149476 1.7018
    endloop
  endfacet
  facet normal -0.049067674327418334 -0.9987954562051723 0
    outer loop
      vertex 81.28 5.08 0.79
      vertex 81.77792707287416 5.05553841149476 1.7018
      vertex 81.28 5.08 1.7018
    endloop
  endfacet
  facet normal -0.5956993044924226 -0.8032075314806529 0
    outer loop
      vertex 84.10229678373958 4.22386563049693 0.79
      vertex 84.50271788355133 3.926893103082704 1.7018
      vertex 84.10229678373958 4.22386563049693 1.7018
    endloop
  endfacet
  facet normal -0.671558954847019 -0.7409511253549586 0
    outer loop
      vertex 84.50271788355133 3.926893103082704 0.79
      vertex 84.87210244842767 3.592102448427662 1.7018
      vertex 84.50271788355133 3.926893103082704 1.7018
    endloop
  endfacet
  facet normal -0.5141027441932295 -0.8577286100002673 0
    outer loop
      vertex 83.67469542307607 4.480160022889644 0.79
      vertex 84.10229678373958 4.22386563049693 1.7018
      vertex 83.67469542307607 4.480160022889644 1.7018
    endloop
  endfacet
  facet normal -0.4275550934302754 -0.9039892931234464 0
    outer loop
      vertex 83.22403183641465 4.693308025157337 0.79
      vertex 83.67469542307607 4.480160022889644 1.7018
      vertex 83.22403183641465 4.693308025157337 1.7018
    endloop
  endfacet
  facet normal -0.1467304744553625 -0.9891765099647809 0
    outer loop
      vertex 81.77792707287416 5.05553841149476 0.79
      vertex 82.27105883584193 4.9823892244484105 1.7018
      vertex 81.77792707287416 5.05553841149476 1.7018
    endloop
  endfacet
  facet normal -0.24298017990326293 -0.9700312531945442 0
    outer loop
      vertex 82.27105883584193 4.9823892244484105 0.79
      vertex 82.75464616045267 4.861256905519621 1.7018
      vertex 82.27105883584193 4.9823892244484105 1.7018
    endloop
  endfacet
  facet normal -0.33688985339221994 -0.9415440651830209 0
    outer loop
      vertex 82.75464616045267 4.861256905519621 0.79
      vertex 83.22403183641465 4.693308025157337 1.7018
      vertex 82.75464616045267 4.861256905519621 1.7018
    endloop
  endfacet
  facet normal -0.8577286100002683 -0.5141027441932279 0
    outer loop
      vertex 85.50386563049693 2.822296783739579 0.79
      vertex 85.76016002288965 2.394695423076068 1.7018
      vertex 85.50386563049693 2.822296783739579 1.7018
    endloop
  endfacet
  facet normal -0.8032075314806447 -0.5956993044924337 0
    outer loop
      vertex 85.2068931030827 3.222717883551319 0.79
      vertex 85.50386563049693 2.822296783739579 1.7018
      vertex 85.2068931030827 3.222717883551319 1.7018
    endloop
  endfacet
  facet normal 0.1719164421467965 0.6863289091595777 -0.7066805256772055
    outer loop
      vertex 79.80535383954734 -4.861256905519621 0.79
      vertex 80.13481980976533 -5.7572095959669625 0
      vertex 79.57602894451631 -5.617239770748066 0
    endloop
  endfacet
  facet normal 0.2383606144896412 0.6661732898343398 -0.7066805256772068
    outer loop
      vertex 79.33596816358535 -4.693308025157337 0.79
      vertex 79.57602894451631 -5.617239770748066 0
      vertex 79.03364825201692 -5.423172855841253 0
    endloop
  endfacet
  facet normal 0.0347169880199519 0.7066805256772052 -0.7066805256772055
    outer loop
      vertex 80.78207292712584 -5.05553841149476 0.79
      vertex 81.28 -5.87 0
      vertex 80.70463938626548 -5.841734345565796 0
    endloop
  endfacet
  facet normal 0.10381662048698934 0.6998748059040625 -0.7066805256772054
    outer loop
      vertex 80.28894116415808 -4.9823892244484105 0.79
      vertex 80.70463938626548 -5.841734345565796 0
      vertex 80.13481980976533 -5.7572095959669625 0
    endloop
  endfacet
  facet normal -0.03471698801995206 0.7066805256772054 -0.7066805256772054
    outer loop
      vertex 81.28 -5.08 0.79
      vertex 81.85536061373452 -5.841734345565796 0
      vertex 81.28 -5.87 0
    endloop
  endfacet
  facet normal -0.1038166204869894 0.6998748059040623 -0.7066805256772054
    outer loop
      vertex 81.77792707287416 -5.05553841149476 0.79
      vertex 82.42518019023467 -5.7572095959669625 0
      vertex 81.85536061373452 -5.841734345565796 0
    endloop
  endfacet
  facet normal -0.17191644214679658 0.6863289091595774 -0.7066805256772054
    outer loop
      vertex 82.27105883584193 -4.9823892244484105 0.79
      vertex 82.98397105548369 -5.617239770748066 0
      vertex 82.42518019023467 -5.7572095959669625 0
    endloop
  endfacet
  facet normal -0.23836061448964177 0.666173289834341 -0.7066805256772057
    outer loop
      vertex 82.75464616045267 -4.861256905519621 0.79
      vertex 83.52635174798309 -5.423172855841253 0
      vertex 82.98397105548369 -5.617239770748066 0
    endloop
  endfacet
  facet normal -0.30250924381379485 0.6396020575606304 -0.7066805256772073
    outer loop
      vertex 83.22403183641465 -4.693308025157337 0.79
      vertex 84.0470988451686 -5.176877821724845 0
      vertex 83.52635174798309 -5.423172855841253 0
    endloop
  endfacet
  facet normal 0.1719164421467965 0.6863289091595777 -0.7066805256772054
    outer loop
      vertex 79.80535383954734 -4.861256905519621 0.79
      vertex 80.28894116415808 -4.9823892244484105 0.79
      vertex 80.13481980976533 -5.7572095959669625 0
    endloop
  endfacet
  facet normal 0.10381662048698888 0.6998748059040624 -0.7066805256772056
    outer loop
      vertex 80.28894116415808 -4.9823892244484105 0.79
      vertex 80.78207292712584 -5.05553841149476 0.79
      vertex 80.70463938626548 -5.841734345565796 0
    endloop
  endfacet
  facet normal 0.03471698801995245 0.7066805256772053 -0.7066805256772053
    outer loop
      vertex 80.78207292712584 -5.05553841149476 0.79
      vertex 81.28 -5.08 0.79
      vertex 81.28 -5.87 0
    endloop
  endfacet
  facet normal -0.03471698801995244 0.7066805256772052 -0.7066805256772054
    outer loop
      vertex 81.28 -5.08 0.79
      vertex 81.77792707287416 -5.05553841149476 0.79
      vertex 81.85536061373452 -5.841734345565796 0
    endloop
  endfacet
  facet normal -0.1038166204869889 0.6998748059040625 -0.7066805256772054
    outer loop
      vertex 81.77792707287416 -5.05553841149476 0.79
      vertex 82.27105883584193 -4.9823892244484105 0.79
      vertex 82.42518019023467 -5.7572095959669625 0
    endloop
  endfacet
  facet normal -0.1719164421467965 0.6863289091595777 -0.7066805256772054
    outer loop
      vertex 82.27105883584193 -4.9823892244484105 0.79
      vertex 82.75464616045267 -4.861256905519621 0.79
      vertex 82.98397105548369 -5.617239770748066 0
    endloop
  endfacet
  facet normal 0.42147678489016327 0.5682956575826018 -0.706680525677204
    outer loop
      vertex 78.05728211644868 -3.926893103082704 0.79
      vertex 78.01880273217493 -4.88072662421594 0
      vertex 77.5561114219594 -4.537571361239266 0
    endloop
  endfacet
  facet normal 0.3637445437516356 0.6068711078305681 -0.706680525677207
    outer loop
      vertex 78.45770321626043 -4.22386563049693 0.79
      vertex 78.5129011548314 -5.176877821724845 0
      vertex 78.01880273217493 -4.88072662421594 0
    endloop
  endfacet
  facet normal 0.475149974187543 0.5242472094901088 -0.7066805256772053
    outer loop
      vertex 77.68789755157233 -3.592102448427662 0.79
      vertex 77.5561114219594 -4.537571361239266 0
      vertex 77.12928319443496 -4.150716805565034 0
    endloop
  endfacet
  facet normal 0.5242472094901043 0.475149974187545 -0.7066805256772074
    outer loop
      vertex 77.3531068969173 -3.222717883551319 0.79
      vertex 77.12928319443496 -4.150716805565034 0
      vertex 76.74242863876073 -3.723888578040599 0
    endloop
  endfacet
  facet normal 0.5682956575826071 0.4214767848901551 -0.7066805256772043
    outer loop
      vertex 77.05613436950307 -2.822296783739579 0.79
      vertex 76.74242863876073 -3.723888578040599 0
      vertex 76.39927337578406 -3.261197267825065 0
    endloop
  endfacet
  facet normal 0.6068711078305693 0.363744543751641 -0.7066805256772031
    outer loop
      vertex 76.79983997711035 -2.394695423076068 0.79
      vertex 76.39927337578406 -3.261197267825065 0
      vertex 76.10312217827516 -2.767098845168606 0
    endloop
  endfacet
  facet normal 0.6396020575606407 0.30250924381378475 -0.7066805256772022
    outer loop
      vertex 76.58669197484267 -1.944031836414656 0.79
      vertex 76.10312217827516 -2.767098845168606 0
      vertex 75.85682714415876 -2.246351747983077 0
    endloop
  endfacet
  facet normal 0.6661732898343341 0.2383606144896608 -0.7066805256772056
    outer loop
      vertex 76.41874309448038 -1.4746461604526686 0.79
      vertex 75.85682714415876 -2.246351747983077 0
      vertex 75.66276022925193 -1.7039710554836938 0
    endloop
  endfacet
  facet normal 0.6863289091595745 0.1719164421467984 -0.706680525677208
    outer loop
      vertex 76.29761077555159 -0.9910588358419316 0.79
      vertex 75.66276022925193 -1.7039710554836938 0
      vertex 75.52279040403303 -1.1451801902346728 0
    endloop
  endfacet
  facet normal 0.6998748059040654 0.103816620486982 -0.7066805256772036
    outer loop
      vertex 76.22446158850524 -0.4979270728741679 0.79
      vertex 75.52279040403303 -1.1451801902346728 0
      vertex 75.4382656544342 -0.5753606137345207 0
    endloop
  endfacet
  facet normal 0.7066805256772092 0.03471698801993895 -0.7066805256772021
    outer loop
      vertex 76.2 0 0.79
      vertex 75.4382656544342 -0.5753606137345207 0
      vertex 75.41000000000001 0 0
    endloop
  endfacet
  facet normal 0.30250924381379596 0.639602057560633 -0.7066805256772044
    outer loop
      vertex 78.88530457692393 -4.480160022889644 0.79
      vertex 79.03364825201692 -5.423172855841253 0
      vertex 78.5129011548314 -5.176877821724845 0
    endloop
  endfacet
  facet normal -0.363744543751637 0.6068711078305704 -0.7066805256772042
    outer loop
      vertex 83.67469542307607 -4.480160022889644 0.79
      vertex 84.54119726782507 -4.88072662421594 0
      vertex 84.0470988451686 -5.176877821724845 0
    endloop
  endfacet
  facet normal -0.4214767848901613 0.5682956575825991 -0.7066805256772073
    outer loop
      vertex 84.10229678373958 -4.22386563049693 0.79
      vertex 85.0038885780406 -4.537571361239266 0
      vertex 84.54119726782507 -4.88072662421594 0
    endloop
  endfacet
  facet normal -0.47514997418754396 0.5242472094901098 -0.7066805256772039
    outer loop
      vertex 84.50271788355133 -3.926893103082704 0.79
      vertex 85.43071680556504 -4.150716805565034 0
      vertex 85.0038885780406 -4.537571361239266 0
    endloop
  endfacet
  facet normal -0.5242472094901057 0.47514997418754634 -0.7066805256772054
    outer loop
      vertex 84.87210244842767 -3.592102448427662 0.79
      vertex 85.81757136123927 -3.723888578040599 0
      vertex 85.43071680556504 -4.150716805565034 0
    endloop
  endfacet
  facet normal -0.568295657582605 0.4214767848901535 -0.7066805256772073
    outer loop
      vertex 85.2068931030827 -3.222717883551319 0.79
      vertex 86.16072662421594 -3.261197267825065 0
      vertex 85.81757136123927 -3.723888578040599 0
    endloop
  endfacet
  facet normal -0.6068711078305684 0.3637445437516405 -0.7066805256772042
    outer loop
      vertex 85.50386563049693 -2.822296783739579 0.79
      vertex 86.45687782172485 -2.767098845168606 0
      vertex 86.16072662421594 -3.261197267825065 0
    endloop
  endfacet
  facet normal -0.6396020575606403 0.3025092438137844 -0.7066805256772027
    outer loop
      vertex 85.76016002288965 -2.394695423076068 0.79
      vertex 86.70317285584125 -2.246351747983077 0
      vertex 86.45687782172485 -2.767098845168606 0
    endloop
  endfacet
  facet normal -0.6661732898343371 0.23836061448966187 -0.7066805256772023
    outer loop
      vertex 85.97330802515734 -1.944031836414656 0.79
      vertex 86.89723977074807 -1.7039710554836938 0
      vertex 86.70317285584125 -2.246351747983077 0
    endloop
  endfacet
  facet normal -0.6863289091595763 0.171916442146799 -0.706680525677206
    outer loop
      vertex 86.14125690551963 -1.4746461604526686 0.79
      vertex 87.03720959596697 -1.1451801902346728 0
      vertex 86.89723977074807 -1.7039710554836938 0
    endloop
  endfacet
  facet normal -0.6998748059040613 0.10381662048698138 -0.7066805256772078
    outer loop
      vertex 86.26238922444841 -0.9910588358419316 0.79
      vertex 87.1217343455658 -0.5753606137345207 0
      vertex 87.03720959596697 -1.1451801902346728 0
    endloop
  endfacet
  facet normal -0.7066805256772082 0.03471698801993879 -0.7066805256772032
    outer loop
      vertex 86.33553841149477 -0.4979270728741679 0.79
      vertex 87.14999999999999 0 0
      vertex 87.1217343455658 -0.5753606137345207 0
    endloop
  endfacet
  facet normal 0.36374454375164444 0.6068711078305663 -0.706680525677204
    outer loop
      vertex 78.45770321626043 -4.22386563049693 0.79
      vertex 78.88530457692393 -4.480160022889644 0.79
      vertex 78.5129011548314 -5.176877821724845 0
    endloop
  endfacet
  facet normal 0.42147678489015283 0.5682956575826051 -0.7066805256772075
    outer loop
      vertex 78.45770321626043 -4.22386563049693 0.79
      vertex 78.01880273217493 -4.88072662421594 0
      vertex 78.05728211644868 -3.926893103082704 0.79
    endloop
  endfacet
  facet normal 0.4751499741875471 0.5242472094901071 -0.7066805256772037
    outer loop
      vertex 78.05728211644868 -3.926893103082704 0.79
      vertex 77.5561114219594 -4.537571361239266 0
      vertex 77.68789755157233 -3.592102448427662 0.79
    endloop
  endfacet
  facet normal 0.5682956575825994 0.4214767848901606 -0.7066805256772074
    outer loop
      vertex 77.3531068969173 -3.222717883551319 0.79
      vertex 76.74242863876073 -3.723888578040599 0
      vertex 77.05613436950307 -2.822296783739579 0.79
    endloop
  endfacet
  facet normal 0.52424720949011 0.4751499741875419 -0.7066805256772052
    outer loop
      vertex 77.68789755157233 -3.592102448427662 0.79
      vertex 77.12928319443496 -4.150716805565034 0
      vertex 77.3531068969173 -3.222717883551319 0.79
    endloop
  endfacet
  facet normal 0.6068711078305666 0.3637445437516431 -0.7066805256772041
    outer loop
      vertex 77.05613436950307 -2.822296783739579 0.79
      vertex 76.39927337578406 -3.261197267825065 0
      vertex 76.79983997711035 -2.394695423076068 0.79
    endloop
  endfacet
  facet normal 0.6396020575606395 0.302509243813786 -0.7066805256772029
    outer loop
      vertex 76.79983997711035 -2.394695423076068 0.79
      vertex 76.10312217827516 -2.767098845168606 0
      vertex 76.58669197484267 -1.944031836414656 0.79
    endloop
  endfacet
  facet normal 0.6661732898343409 0.23836061448965218 -0.706680525677202
    outer loop
      vertex 76.58669197484267 -1.944031836414656 0.79
      vertex 75.85682714415876 -2.246351747983077 0
      vertex 76.41874309448038 -1.4746461604526686 0.79
    endloop
  endfacet
  facet normal 0.6863289091595779 0.17191644214679322 -0.7066805256772059
    outer loop
      vertex 76.41874309448038 -1.4746461604526686 0.79
      vertex 75.66276022925193 -1.7039710554836938 0
      vertex 76.29761077555159 -0.9910588358419316 0.79
    endloop
  endfacet
  facet normal 0.6998748059040588 0.10381662048699465 -0.7066805256772083
    outer loop
      vertex 76.29761077555159 -0.9910588358419316 0.79
      vertex 75.52279040403303 -1.1451801902346728 0
      vertex 76.22446158850524 -0.4979270728741679 0.79
    endloop
  endfacet
  facet normal 0.7066805256772078 0.03471698801994211 -0.7066805256772031
    outer loop
      vertex 76.22446158850524 -0.4979270728741679 0.79
      vertex 75.4382656544342 -0.5753606137345207 0
      vertex 76.2 0 0.79
    endloop
  endfacet
  facet normal 0.3025092438137866 0.639602057560634 -0.7066805256772075
    outer loop
      vertex 79.33596816358535 -4.693308025157337 0.79
      vertex 79.03364825201692 -5.423172855841253 0
      vertex 78.88530457692393 -4.480160022889644 0.79
    endloop
  endfacet
  facet normal 0.23836061448964538 0.6661732898343398 -0.7066805256772056
    outer loop
      vertex 79.80535383954734 -4.861256905519621 0.79
      vertex 79.57602894451631 -5.617239770748066 0
      vertex 79.33596816358535 -4.693308025157337 0.79
    endloop
  endfacet
  facet normal -0.2383606144896449 0.6661732898343384 -0.7066805256772071
    outer loop
      vertex 82.75464616045267 -4.861256905519621 0.79
      vertex 83.22403183641465 -4.693308025157337 0.79
      vertex 83.52635174798309 -5.423172855841253 0
    endloop
  endfacet
  facet normal -0.302509243813788 0.639602057560637 -0.7066805256772043
    outer loop
      vertex 83.22403183641465 -4.693308025157337 0.79
      vertex 83.67469542307607 -4.480160022889644 0.79
      vertex 84.0470988451686 -5.176877821724845 0
    endloop
  endfacet
  facet normal -0.3637445437516428 0.6068711078305635 -0.7066805256772071
    outer loop
      vertex 83.67469542307607 -4.480160022889644 0.79
      vertex 84.10229678373958 -4.22386563049693 0.79
      vertex 84.54119726782507 -4.88072662421594 0
    endloop
  endfacet
  facet normal -0.421476784890155 0.568295657582608 -0.7066805256772036
    outer loop
      vertex 84.10229678373958 -4.22386563049693 0.79
      vertex 84.50271788355133 -3.926893103082704 0.79
      vertex 85.0038885780406 -4.537571361239266 0
    endloop
  endfacet
  facet normal -0.4751499741875462 0.5242472094901061 -0.7066805256772053
    outer loop
      vertex 84.50271788355133 -3.926893103082704 0.79
      vertex 84.87210244842767 -3.592102448427662 0.79
      vertex 85.43071680556504 -4.150716805565034 0
    endloop
  endfacet
  facet normal -0.5242472094901083 0.47514997418754024 -0.7066805256772074
    outer loop
      vertex 84.87210244842767 -3.592102448427662 0.79
      vertex 85.2068931030827 -3.222717883551319 0.79
      vertex 85.81757136123927 -3.723888578040599 0
    endloop
  endfacet
  facet normal -0.5682956575826019 0.42147678489016255 -0.7066805256772041
    outer loop
      vertex 85.2068931030827 -3.222717883551319 0.79
      vertex 85.50386563049693 -2.822296783739579 0.79
      vertex 86.16072662421594 -3.261197267825065 0
    endloop
  endfacet
  facet normal -0.6068711078305677 0.3637445437516438 -0.7066805256772031
    outer loop
      vertex 85.50386563049693 -2.822296783739579 0.79
      vertex 85.76016002288965 -2.394695423076068 0.79
      vertex 86.45687782172485 -2.767098845168606 0
    endloop
  endfacet
  facet normal -0.6396020575606401 0.30250924381378635 -0.7066805256772023
    outer loop
      vertex 85.76016002288965 -2.394695423076068 0.79
      vertex 85.97330802515734 -1.944031836414656 0.79
      vertex 86.70317285584125 -2.246351747983077 0
    endloop
  endfacet
  facet normal -0.6661732898343374 0.23836061448965096 -0.7066805256772059
    outer loop
      vertex 85.97330802515734 -1.944031836414656 0.79
      vertex 86.14125690551963 -1.4746461604526686 0.79
      vertex 86.89723977074807 -1.7039710554836938 0
    endloop
  endfacet
  facet normal -0.6863289091595759 0.1719164421467927 -0.7066805256772081
    outer loop
      vertex 86.14125690551963 -1.4746461604526686 0.79
      vertex 86.26238922444841 -0.9910588358419316 0.79
      vertex 87.03720959596697 -1.1451801902346728 0
    endloop
  endfacet
  facet normal -0.6998748059040636 0.10381662048699536 -0.7066805256772033
    outer loop
      vertex 86.26238922444841 -0.9910588358419316 0.79
      vertex 86.33553841149477 -0.4979270728741679 0.79
      vertex 87.1217343455658 -0.5753606137345207 0
    endloop
  endfacet
  facet normal -0.7066805256772092 0.03471698801994217 -0.706680525677202
    outer loop
      vertex 86.33553841149477 -0.4979270728741679 0.79
      vertex 86.36 0 0.79
      vertex 87.14999999999999 0 0
    endloop
  endfacet
  facet normal 0.7066805256772082 -0.03471698801993879 -0.7066805256772032
    outer loop
      vertex 76.22446158850524 0.4979270728741679 0.79
      vertex 75.41000000000001 0 0
      vertex 75.4382656544342 0.5753606137345207 0
    endloop
  endfacet
  facet normal 0.6998748059040613 -0.10381662048698138 -0.7066805256772078
    outer loop
      vertex 76.29761077555159 0.9910588358419316 0.79
      vertex 75.4382656544342 0.5753606137345207 0
      vertex 75.52279040403303 1.1451801902346728 0
    endloop
  endfacet
  facet normal 0.6863289091595763 -0.171916442146799 -0.706680525677206
    outer loop
      vertex 76.41874309448038 1.4746461604526686 0.79
      vertex 75.52279040403303 1.1451801902346728 0
      vertex 75.66276022925193 1.7039710554836938 0
    endloop
  endfacet
  facet normal 0.6661732898343371 -0.23836061448966187 -0.7066805256772023
    outer loop
      vertex 76.58669197484267 1.944031836414656 0.79
      vertex 75.66276022925193 1.7039710554836938 0
      vertex 75.85682714415876 2.246351747983077 0
    endloop
  endfacet
  facet normal 0.6396020575606403 -0.3025092438137844 -0.7066805256772027
    outer loop
      vertex 76.79983997711035 2.394695423076068 0.79
      vertex 75.85682714415876 2.246351747983077 0
      vertex 76.10312217827516 2.767098845168606 0
    endloop
  endfacet
  facet normal 0.6068711078305684 -0.3637445437516405 -0.7066805256772042
    outer loop
      vertex 77.05613436950307 2.822296783739579 0.79
      vertex 76.10312217827516 2.767098845168606 0
      vertex 76.39927337578406 3.261197267825065 0
    endloop
  endfacet
  facet normal 0.568295657582605 -0.4214767848901535 -0.7066805256772073
    outer loop
      vertex 77.3531068969173 3.222717883551319 0.79
      vertex 76.39927337578406 3.261197267825065 0
      vertex 76.74242863876073 3.723888578040599 0
    endloop
  endfacet
  facet normal 0.5242472094901057 -0.47514997418754634 -0.7066805256772054
    outer loop
      vertex 77.68789755157233 3.592102448427662 0.79
      vertex 76.74242863876073 3.723888578040599 0
      vertex 77.12928319443496 4.150716805565034 0
    endloop
  endfacet
  facet normal 0.47514997418754396 -0.5242472094901098 -0.7066805256772039
    outer loop
      vertex 78.05728211644868 3.926893103082704 0.79
      vertex 77.12928319443496 4.150716805565034 0
      vertex 77.5561114219594 4.537571361239266 0
    endloop
  endfacet
  facet normal 0.4214767848901613 -0.5682956575825991 -0.7066805256772073
    outer loop
      vertex 78.45770321626043 4.22386563049693 0.79
      vertex 77.5561114219594 4.537571361239266 0
      vertex 78.01880273217493 4.88072662421594 0
    endloop
  endfacet
  facet normal 0.363744543751637 -0.6068711078305704 -0.7066805256772042
    outer loop
      vertex 78.88530457692393 4.480160022889644 0.79
      vertex 78.01880273217493 4.88072662421594 0
      vertex 78.5129011548314 5.176877821724845 0
    endloop
  endfacet
  facet normal -0.7066805256772092 -0.03471698801993895 -0.7066805256772021
    outer loop
      vertex 86.36 0 0.79
      vertex 87.1217343455658 0.5753606137345207 0
      vertex 87.14999999999999 0 0
    endloop
  endfacet
  facet normal -0.6998748059040654 -0.103816620486982 -0.7066805256772036
    outer loop
      vertex 86.33553841149477 0.4979270728741679 0.79
      vertex 87.03720959596697 1.1451801902346728 0
      vertex 87.1217343455658 0.5753606137345207 0
    endloop
  endfacet
  facet normal -0.6661732898343341 -0.2383606144896608 -0.7066805256772056
    outer loop
      vertex 86.14125690551963 1.4746461604526686 0.79
      vertex 86.70317285584125 2.246351747983077 0
      vertex 86.89723977074807 1.7039710554836938 0
    endloop
  endfacet
  facet normal -0.6863289091595745 -0.1719164421467984 -0.706680525677208
    outer loop
      vertex 86.26238922444841 0.9910588358419316 0.79
      vertex 86.89723977074807 1.7039710554836938 0
      vertex 87.03720959596697 1.1451801902346728 0
    endloop
  endfacet
  facet normal -0.6396020575606407 -0.30250924381378475 -0.7066805256772022
    outer loop
      vertex 85.97330802515734 1.944031836414656 0.79
      vertex 86.45687782172485 2.767098845168606 0
      vertex 86.70317285584125 2.246351747983077 0
    endloop
  endfacet
  facet normal -0.3637445437516356 -0.6068711078305681 -0.706680525677207
    outer loop
      vertex 84.10229678373958 4.22386563049693 0.79
      vertex 84.0470988451686 5.176877821724845 0
      vertex 84.54119726782507 4.88072662421594 0
    endloop
  endfacet
  facet normal -0.42147678489016327 -0.5682956575826018 -0.706680525677204
    outer loop
      vertex 84.50271788355133 3.926893103082704 0.79
      vertex 84.54119726782507 4.88072662421594 0
      vertex 85.0038885780406 4.537571361239266 0
    endloop
  endfacet
  facet normal -0.30250924381379596 -0.639602057560633 -0.7066805256772044
    outer loop
      vertex 83.67469542307607 4.480160022889644 0.79
      vertex 83.52635174798309 5.423172855841253 0
      vertex 84.0470988451686 5.176877821724845 0
    endloop
  endfacet
  facet normal -0.6068711078305693 -0.363744543751641 -0.7066805256772031
    outer loop
      vertex 85.76016002288965 2.394695423076068 0.79
      vertex 86.16072662421594 3.261197267825065 0
      vertex 86.45687782172485 2.767098845168606 0
    endloop
  endfacet
  facet normal -0.5682956575826071 -0.4214767848901551 -0.7066805256772043
    outer loop
      vertex 85.50386563049693 2.822296783739579 0.79
      vertex 85.81757136123927 3.723888578040599 0
      vertex 86.16072662421594 3.261197267825065 0
    endloop
  endfacet
  facet normal -0.5242472094901043 -0.475149974187545 -0.7066805256772074
    outer loop
      vertex 85.2068931030827 3.222717883551319 0.79
      vertex 85.43071680556504 4.150716805565034 0
      vertex 85.81757136123927 3.723888578040599 0
    endloop
  endfacet
  facet normal -0.475149974187543 -0.5242472094901088 -0.7066805256772053
    outer loop
      vertex 84.87210244842767 3.592102448427662 0.79
      vertex 85.0038885780406 4.537571361239266 0
      vertex 85.43071680556504 4.150716805565034 0
    endloop
  endfacet
  facet normal 0.7066805256772092 -0.03471698801994217 -0.706680525677202
    outer loop
      vertex 76.2 0 0.79
      vertex 75.41000000000001 0 0
      vertex 76.22446158850524 0.4979270728741679 0.79
    endloop
  endfacet
  facet normal 0.6998748059040636 -0.10381662048699536 -0.7066805256772033
    outer loop
      vertex 76.22446158850524 0.4979270728741679 0.79
      vertex 75.4382656544342 0.5753606137345207 0
      vertex 76.29761077555159 0.9910588358419316 0.79
    endloop
  endfacet
  facet normal 0.6863289091595759 -0.1719164421467927 -0.7066805256772081
    outer loop
      vertex 76.29761077555159 0.9910588358419316 0.79
      vertex 75.52279040403303 1.1451801902346728 0
      vertex 76.41874309448038 1.4746461604526686 0.79
    endloop
  endfacet
  facet normal 0.6661732898343373 -0.2383606144896509 -0.7066805256772057
    outer loop
      vertex 76.41874309448038 1.4746461604526686 0.79
      vertex 75.66276022925193 1.7039710554836938 0
      vertex 76.58669197484267 1.944031836414656 0.79
    endloop
  endfacet
  facet normal 0.6396020575606401 -0.30250924381378635 -0.7066805256772023
    outer loop
      vertex 76.58669197484267 1.944031836414656 0.79
      vertex 75.85682714415876 2.246351747983077 0
      vertex 76.79983997711035 2.394695423076068 0.79
    endloop
  endfacet
  facet normal 0.6068711078305677 -0.3637445437516438 -0.7066805256772031
    outer loop
      vertex 76.79983997711035 2.394695423076068 0.79
      vertex 76.10312217827516 2.767098845168606 0
      vertex 77.05613436950307 2.822296783739579 0.79
    endloop
  endfacet
  facet normal 0.5682956575826019 -0.42147678489016255 -0.7066805256772041
    outer loop
      vertex 77.05613436950307 2.822296783739579 0.79
      vertex 76.39927337578406 3.261197267825065 0
      vertex 77.3531068969173 3.222717883551319 0.79
    endloop
  endfacet
  facet normal 0.5242472094901083 -0.47514997418754024 -0.7066805256772074
    outer loop
      vertex 77.3531068969173 3.222717883551319 0.79
      vertex 76.74242863876073 3.723888578040599 0
      vertex 77.68789755157233 3.592102448427662 0.79
    endloop
  endfacet
  facet normal 0.4751499741875462 -0.5242472094901061 -0.7066805256772053
    outer loop
      vertex 77.68789755157233 3.592102448427662 0.79
      vertex 77.12928319443496 4.150716805565034 0
      vertex 78.05728211644868 3.926893103082704 0.79
    endloop
  endfacet
  facet normal 0.421476784890155 -0.568295657582608 -0.7066805256772036
    outer loop
      vertex 78.05728211644868 3.926893103082704 0.79
      vertex 77.5561114219594 4.537571361239266 0
      vertex 78.45770321626043 4.22386563049693 0.79
    endloop
  endfacet
  facet normal 0.3637445437516428 -0.6068711078305635 -0.7066805256772071
    outer loop
      vertex 78.45770321626043 4.22386563049693 0.79
      vertex 78.01880273217493 4.88072662421594 0
      vertex 78.88530457692393 4.480160022889644 0.79
    endloop
  endfacet
  facet normal -0.7066805256772078 -0.03471698801994211 -0.7066805256772031
    outer loop
      vertex 86.36 0 0.79
      vertex 86.33553841149477 0.4979270728741679 0.79
      vertex 87.1217343455658 0.5753606137345207 0
    endloop
  endfacet
  facet normal -0.6998748059040588 -0.10381662048699465 -0.7066805256772083
    outer loop
      vertex 86.33553841149477 0.4979270728741679 0.79
      vertex 86.26238922444841 0.9910588358419316 0.79
      vertex 87.03720959596697 1.1451801902346728 0
    endloop
  endfacet
  facet normal -0.6863289091595779 -0.17191644214679322 -0.7066805256772059
    outer loop
      vertex 86.26238922444841 0.9910588358419316 0.79
      vertex 86.14125690551963 1.4746461604526686 0.79
      vertex 86.89723977074807 1.7039710554836938 0
    endloop
  endfacet
  facet normal -0.6661732898343409 -0.23836061448965218 -0.706680525677202
    outer loop
      vertex 86.14125690551963 1.4746461604526686 0.79
      vertex 85.97330802515734 1.944031836414656 0.79
      vertex 86.70317285584125 2.246351747983077 0
    endloop
  endfacet
  facet normal -0.6396020575606395 -0.302509243813786 -0.7066805256772029
    outer loop
      vertex 85.97330802515734 1.944031836414656 0.79
      vertex 85.76016002288965 2.394695423076068 0.79
      vertex 86.45687782172485 2.767098845168606 0
    endloop
  endfacet
  facet normal 0.302509243813788 -0.639602057560637 -0.7066805256772043
    outer loop
      vertex 78.88530457692393 4.480160022889644 0.79
      vertex 78.5129011548314 5.176877821724845 0
      vertex 79.33596816358535 4.693308025157337 0.79
    endloop
  endfacet
  facet normal 0.2383606144896449 -0.6661732898343384 -0.7066805256772071
    outer loop
      vertex 79.33596816358535 4.693308025157337 0.79
      vertex 79.03364825201692 5.423172855841253 0
      vertex 79.80535383954734 4.861256905519621 0.79
    endloop
  endfacet
  facet normal -0.47514997418754723 -0.5242472094901072 -0.7066805256772037
    outer loop
      vertex 84.87210244842767 3.592102448427662 0.79
      vertex 84.50271788355133 3.926893103082704 0.79
      vertex 85.0038885780406 4.537571361239266 0
    endloop
  endfacet
  facet normal -0.42147678489015283 -0.5682956575826051 -0.7066805256772075
    outer loop
      vertex 84.10229678373958 4.22386563049693 0.79
      vertex 84.54119726782507 4.88072662421594 0
      vertex 84.50271788355133 3.926893103082704 0.79
    endloop
  endfacet
  facet normal -0.3025092438137866 -0.639602057560634 -0.7066805256772075
    outer loop
      vertex 83.67469542307607 4.480160022889644 0.79
      vertex 83.22403183641465 4.693308025157337 0.79
      vertex 83.52635174798309 5.423172855841253 0
    endloop
  endfacet
  facet normal -0.23836061448964538 -0.6661732898343398 -0.7066805256772055
    outer loop
      vertex 83.22403183641465 4.693308025157337 0.79
      vertex 82.75464616045267 4.861256905519621 0.79
      vertex 82.98397105548369 5.617239770748066 0
    endloop
  endfacet
  facet normal -0.36374454375164444 -0.6068711078305663 -0.706680525677204
    outer loop
      vertex 84.10229678373958 4.22386563049693 0.79
      vertex 83.67469542307607 4.480160022889644 0.79
      vertex 84.0470988451686 5.176877821724845 0
    endloop
  endfacet
  facet normal -0.6068711078305666 -0.3637445437516431 -0.7066805256772041
    outer loop
      vertex 85.76016002288965 2.394695423076068 0.79
      vertex 85.50386563049693 2.822296783739579 0.79
      vertex 86.16072662421594 3.261197267825065 0
    endloop
  endfacet
  facet normal -0.5682956575825994 -0.4214767848901606 -0.7066805256772074
    outer loop
      vertex 85.50386563049693 2.822296783739579 0.79
      vertex 85.2068931030827 3.222717883551319 0.79
      vertex 85.81757136123927 3.723888578040599 0
    endloop
  endfacet
  facet normal -0.52424720949011 -0.4751499741875419 -0.7066805256772052
    outer loop
      vertex 85.2068931030827 3.222717883551319 0.79
      vertex 84.87210244842767 3.592102448427662 0.79
      vertex 85.43071680556504 4.150716805565034 0
    endloop
  endfacet
  facet normal 0.30250924381379485 -0.6396020575606304 -0.7066805256772073
    outer loop
      vertex 79.33596816358535 4.693308025157337 0.79
      vertex 78.5129011548314 5.176877821724845 0
      vertex 79.03364825201692 5.423172855841253 0
    endloop
  endfacet
  facet normal 0.23836061448964177 -0.666173289834341 -0.7066805256772057
    outer loop
      vertex 79.80535383954734 4.861256905519621 0.79
      vertex 79.03364825201692 5.423172855841253 0
      vertex 79.57602894451631 5.617239770748066 0
    endloop
  endfacet
  facet normal 0.17191644214679658 -0.6863289091595774 -0.7066805256772054
    outer loop
      vertex 80.28894116415808 4.9823892244484105 0.79
      vertex 79.57602894451631 5.617239770748066 0
      vertex 80.13481980976533 5.7572095959669625 0
    endloop
  endfacet
  facet normal 0.1038166204869894 -0.6998748059040623 -0.7066805256772054
    outer loop
      vertex 80.78207292712584 5.05553841149476 0.79
      vertex 80.13481980976533 5.7572095959669625 0
      vertex 80.70463938626548 5.841734345565796 0
    endloop
  endfacet
  facet normal 0.03471698801995206 -0.7066805256772054 -0.7066805256772054
    outer loop
      vertex 81.28 5.08 0.79
      vertex 80.70463938626548 5.841734345565796 0
      vertex 81.28 5.87 0
    endloop
  endfacet
  facet normal -0.0347169880199519 -0.7066805256772052 -0.7066805256772055
    outer loop
      vertex 81.77792707287416 5.05553841149476 0.79
      vertex 81.28 5.87 0
      vertex 81.85536061373452 5.841734345565796 0
    endloop
  endfacet
  facet normal -0.2383606144896412 -0.6661732898343398 -0.7066805256772068
    outer loop
      vertex 83.22403183641465 4.693308025157337 0.79
      vertex 82.98397105548369 5.617239770748066 0
      vertex 83.52635174798309 5.423172855841253 0
    endloop
  endfacet
  facet normal -0.10381662048698934 -0.6998748059040625 -0.7066805256772054
    outer loop
      vertex 82.27105883584193 4.9823892244484105 0.79
      vertex 81.85536061373452 5.841734345565796 0
      vertex 82.42518019023467 5.7572095959669625 0
    endloop
  endfacet
  facet normal -0.1719164421467965 -0.6863289091595777 -0.7066805256772055
    outer loop
      vertex 82.75464616045267 4.861256905519621 0.79
      vertex 82.42518019023467 5.7572095959669625 0
      vertex 82.98397105548369 5.617239770748066 0
    endloop
  endfacet
  facet normal 0.1719164421467965 -0.6863289091595777 -0.7066805256772054
    outer loop
      vertex 79.80535383954734 4.861256905519621 0.79
      vertex 79.57602894451631 5.617239770748066 0
      vertex 80.28894116415808 4.9823892244484105 0.79
    endloop
  endfacet
  facet normal 0.1038166204869889 -0.6998748059040625 -0.7066805256772054
    outer loop
      vertex 80.28894116415808 4.9823892244484105 0.79
      vertex 80.13481980976533 5.7572095959669625 0
      vertex 80.78207292712584 5.05553841149476 0.79
    endloop
  endfacet
  facet normal 0.03471698801995244 -0.7066805256772052 -0.7066805256772055
    outer loop
      vertex 80.78207292712584 5.05553841149476 0.79
      vertex 80.70463938626548 5.841734345565796 0
      vertex 81.28 5.08 0.79
    endloop
  endfacet
  facet normal -0.03471698801995245 -0.7066805256772053 -0.7066805256772053
    outer loop
      vertex 81.28 5.08 0.79
      vertex 81.28 5.87 0
      vertex 81.77792707287416 5.05553841149476 0.79
    endloop
  endfacet
  facet normal -0.1719164421467965 -0.6863289091595777 -0.7066805256772054
    outer loop
      vertex 82.75464616045267 4.861256905519621 0.79
      vertex 82.27105883584193 4.9823892244484105 0.79
      vertex 82.42518019023467 5.7572095959669625 0
    endloop
  endfacet
  facet normal -0.10381662048698888 -0.6998748059040624 -0.7066805256772056
    outer loop
      vertex 81.77792707287416 5.05553841149476 0.79
      vertex 81.85536061373452 5.841734345565796 0
      vertex 82.27105883584193 4.9823892244484105 0.79
    endloop
  endfacet
  facet normal 0 0 -1
    outer loop
      vertex -7.6907337269186975 -9.855518128573895 0
      vertex -8.045586947202683 -9.687685061097145 0
      vertex -0.7391036260090295 -9.853853254107928 0
    endloop
  endfacet
  facet normal 0 0 -1
    outer loop
      vertex -8.045586947202683 -9.687685061097145 0
      vertex -8.38228093445301 -9.485878448784351 0
      vertex -0.5656854249492381 -9.594314575050761 0
    endloop
  endfacet
  facet normal 0 0 -1
    outer loop
      vertex -7.321138705909252 -9.987761344611645 0
      vertex -0.8 -10.16 0
      vertex -6.9403612872958185 -10.083141121864319 0
    endloop
  endfacet
  facet normal 0 0 -1
    outer loop
      vertex -6.9403612872958185 -10.083141121864319 0
      vertex -0.8 -10.16 0
      vertex -6.552068564891815 -10.140738908052445 0
    endloop
  endfacet
  facet normal 0 0 -1
    outer loop
      vertex -7.6907337269186975 -9.855518128573895 0
      vertex -0.7391036260090295 -9.853853254107928 0
      vertex -7.321138705909252 -9.987761344611645 0
    endloop
  endfacet
  facet normal 0 0 -1
    outer loop
      vertex -6.552068564891815 -10.140738908052445 0
      vertex -0.8 -10.16 0
      vertex -6.16 -10.16 0
    endloop
  endfacet
  facet normal 0 0 -1
    outer loop
      vertex -8.697573136389256 -9.252041812837124 0
      vertex -0.5656854249492381 -9.594314575050761 0
      vertex -8.38228093445301 -9.485878448784351 0
    endloop
  endfacet
  facet normal 0 0 -1
    outer loop
      vertex -7.321138705909252 -9.987761344611645 0
      vertex -0.7391036260090295 -9.853853254107928 0
      vertex -0.8 -10.16 0
    endloop
  endfacet
  facet normal 0 0 -1
    outer loop
      vertex -8.045586947202683 -9.687685061097145 0
      vertex -0.5656854249492381 -9.594314575050761 0
      vertex -0.7391036260090295 -9.853853254107928 0
    endloop
  endfacet
  facet normal 0 0 -1
    outer loop
      vertex -8.697573136389256 -9.252041812837124 0
      vertex -0.30614674589207186 -9.42089637399097 0
      vertex -0.5656854249492381 -9.594314575050761 0
    endloop
  endfacet
  facet normal 0 0 -1
    outer loop
      vertex -8.697573136389256 -9.252041812837124 0
      vertex 0 -9.36 0
      vertex -0.30614674589207186 -9.42089637399097 0
    endloop
  endfacet
  facet normal 0 0 -1
    outer loop
      vertex -10.140738908052445 -6.552068564891815 0
      vertex -10.16 -6.16 0
      vertex 0.47577519915968713 -4.830626663266843 0
    endloop
  endfacet
  facet normal 0 0 -1
    outer loop
      vertex -10.16 -6.16 0
      vertex -0.9469684230662866 -4.76073175107728 0
      vertex -0.4757751991596872 -4.830626663266844 0
    endloop
  endfacet
  facet normal 0 0 -1
    outer loop
      vertex -10.16 -6.16 0
      vertex -1.8575453807001456 -4.484511250809786 0
      vertex -1.40904182339316 -4.6449883896441415 0
    endloop
  endfacet
  facet normal 0 0 -1
    outer loop
      vertex -10.16 -6.16 0
      vertex -1.40904182339316 -4.6449883896441415 0
      vertex -0.9469684230662866 -4.76073175107728 0
    endloop
  endfacet
  facet normal 0 0 -1
    outer loop
      vertex -10.16 -6.16 0
      vertex -0.4757751991596872 -4.830626663266844 0
      vertex 0 -4.854 0
    endloop
  endfacet
  facet normal 0 0 -1
    outer loop
      vertex -10.16 -6.16 0
      vertex 0 -4.854 0
      vertex 0.47577519915968713 -4.830626663266843 0
    endloop
  endfacet
  facet normal 0 0 -1
    outer loop
      vertex -10.140738908052445 -6.552068564891815 0
      vertex 0.47577519915968713 -4.830626663266843 0
      vertex 0.9469684230662865 -4.76073175107728 0
    endloop
  endfacet
  facet normal 0 0 -1
    outer loop
      vertex -10.083141121864319 -6.9403612872958185 0
      vertex -10.140738908052445 -6.552068564891815 0
      vertex 16.37146260422314 -3.2404808955079014 0
    endloop
  endfacet
  facet normal 0 0 -1
    outer loop
      vertex 0.8 -10.16 0
      vertex 0.7391036260090295 -9.853853254107928 0
      vertex 18.27 -10.16 0
    endloop
  endfacet
  facet normal 0 0 -1
    outer loop
      vertex 18.504314575050763 -9.594314575050761 0
      vertex 0.5656854249492381 -9.594314575050761 0
      vertex 0.30614674589207186 -9.42089637399097 0
    endloop
  endfacet
  facet normal 0 0 -1
    outer loop
      vertex 0.5656854249492381 -9.594314575050761 0
      vertex 18.33089637399097 -9.853853254107928 0
      vertex 0.7391036260090295 -9.853853254107928 0
    endloop
  endfacet
  facet normal 0 0 -1
    outer loop
      vertex 0.7391036260090295 -9.853853254107928 0
      vertex 18.33089637399097 -9.853853254107928 0
      vertex 18.27 -10.16 0
    endloop
  endfacet
  facet normal 0 0 -1
    outer loop
      vertex 0.5656854249492381 -9.594314575050761 0
      vertex 18.504314575050763 -9.594314575050761 0
      vertex 18.33089637399097 -9.853853254107928 0
    endloop
  endfacet
  facet normal 0 0 -1
    outer loop
      vertex 0.30614674589207186 -9.42089637399097 0
      vertex 18.76385325410793 -9.42089637399097 0
      vertex 18.504314575050763 -9.594314575050761 0
    endloop
  endfacet
  facet normal 0 0 -1
    outer loop
      vertex 0.30614674589207186 -9.42089637399097 0
      vertex 19.07 -9.36 0
      vertex 18.76385325410793 -9.42089637399097 0
    endloop
  endfacet
  facet normal 0 0 -1
    outer loop
      vertex -10.083141121864319 -6.9403612872958185 0
      vertex 17.912105468292804 -4.504853818291398 0
      vertex 18.36525302747912 -4.719176652067652 0
    endloop
  endfacet
  facet normal 0 0 -1
    outer loop
      vertex -10.083141121864319 -6.9403612872958185 0
      vertex 17.48214724973587 -4.247146779641401 0
      vertex 17.912105468292804 -4.504853818291398 0
    endloop
  endfacet
  facet normal 0 0 -1
    outer loop
      vertex -10.083141121864319 -6.9403612872958185 0
      vertex 18.83722586858421 -4.888051234920123 0
      vertex 19.32347863514162 -5.009851212299702 0
    endloop
  endfacet
  facet normal 0 0 -1
    outer loop
      vertex -10.083141121864319 -6.9403612872958185 0
      vertex 18.36525302747912 -4.719176652067652 0
      vertex 18.83722586858421 -4.888051234920123 0
    endloop
  endfacet
  facet normal 0 0 -1
    outer loop
      vertex -10.083141121864319 -6.9403612872958185 0
      vertex 19.32347863514162 -5.009851212299702 0
      vertex 19.819328447196604 -5.083403583841583 0
    endloop
  endfacet
  facet normal 0 0 -1
    outer loop
      vertex -10.083141121864319 -6.9403612872958185 0
      vertex 19.819328447196604 -5.083403583841583 0
      vertex 20.32 -5.1080000000000005 0
    endloop
  endfacet
  facet normal -0.2429801778770028 -0.970031253702096 0
    outer loop
      vertex -7.321138705909252 -9.987761344611645 0
      vertex -6.9403612872958185 -10.083141121864319 0
      vertex -7.321138705909252 -9.987761344611645 1.7018
    endloop
  endfacet
  facet normal -0.3368898600571533 -0.9415440627982694 0
    outer loop
      vertex -7.6907337269186975 -9.855518128573895 0
      vertex -7.321138705909252 -9.987761344611645 0
      vertex -7.6907337269186975 -9.855518128573895 1.7018
    endloop
  endfacet
  facet normal -0.42755508025413375 -0.9039892993552974 0
    outer loop
      vertex -7.6907337269186975 -9.855518128573895 0
      vertex -8.045586947202683 -9.687685061097145 1.7018
      vertex -8.045586947202683 -9.687685061097145 0
    endloop
  endfacet
  facet normal -0.5141027491514957 -0.8577286070283969 0
    outer loop
      vertex -8.045586947202683 -9.687685061097145 0
      vertex -8.38228093445301 -9.485878448784351 1.7018
      vertex -8.38228093445301 -9.485878448784351 0
    endloop
  endfacet
  facet normal -0.5956993080192207 -0.8032075288650014 0
    outer loop
      vertex -8.697573136389256 -9.252041812837124 0
      vertex -8.38228093445301 -9.485878448784351 0
      vertex -8.697573136389256 -9.252041812837124 1.7018
    endloop
  endfacet
  facet normal -0.6715589635251563 -0.7409511174895533 0
    outer loop
      vertex -8.697573136389256 -9.252041812837124 0
      vertex -8.988427121043205 -8.988427121043205 1.7018
      vertex -8.988427121043205 -8.988427121043205 0
    endloop
  endfacet
  facet normal -0.1467304788333968 -0.9891765093153608 0
    outer loop
      vertex -6.9403612872958185 -10.083141121864319 0
      vertex -6.552068564891815 -10.140738908052445 0
      vertex -6.9403612872958185 -10.083141121864319 1.7018
    endloop
  endfacet
  facet normal -0.0490676704157047 -0.9987954563973426 0
    outer loop
      vertex -6.552068564891815 -10.140738908052445 0
      vertex -6.16 -10.16 0
      vertex -6.552068564891815 -10.140738908052445 1.7018
    endloop
  endfacet
  facet normal -0.7409511174895533 -0.6715589635251563 0
    outer loop
      vertex -8.988427121043205 -8.988427121043205 0
      vertex -9.252041812837124 -8.697573136389256 1.7018
      vertex -9.252041812837124 -8.697573136389256 0
    endloop
  endfacet
  facet normal -0.8032075288650014 -0.5956993080192207 0
    outer loop
      vertex -9.252041812837124 -8.697573136389256 0
      vertex -9.485878448784351 -8.38228093445301 1.7018
      vertex -9.485878448784351 -8.38228093445301 0
    endloop
  endfacet
  facet normal -0.8577286070283969 -0.5141027491514957 0
    outer loop
      vertex -9.485878448784351 -8.38228093445301 0
      vertex -9.687685061097145 -8.045586947202683 1.7018
      vertex -9.687685061097145 -8.045586947202683 0
    endloop
  endfacet
  facet normal -0.9039892993552974 -0.42755508025413375 0
    outer loop
      vertex -9.687685061097145 -8.045586947202683 0
      vertex -9.855518128573895 -7.6907337269186975 1.7018
      vertex -9.855518128573895 -7.6907337269186975 0
    endloop
  endfacet
  facet normal 0 -1 0
    outer loop
      vertex -6.16 -10.16 0
      vertex -0.8 -10.16 0
      vertex -0.8 -10.16 1.7018
    endloop
  endfacet
  facet normal -0.9415440627982694 -0.3368898600571533 0
    outer loop
      vertex -9.855518128573895 -7.6907337269186975 0
      vertex -9.987761344611645 -7.321138705909252 1.7018
      vertex -9.987761344611645 -7.321138705909252 0
    endloop
  endfacet
  facet normal -0.970031253702096 -0.2429801778770028 0
    outer loop
      vertex -9.987761344611645 -7.321138705909252 0
      vertex -10.083141121864319 -6.9403612872958185 1.7018
      vertex -10.083141121864319 -6.9403612872958185 0
    endloop
  endfacet
  facet normal -0.9891765093153608 -0.1467304788333968 0
    outer loop
      vertex -10.083141121864319 -6.9403612872958185 0
      vertex -10.140738908052445 -6.552068564891815 1.7018
      vertex -10.140738908052445 -6.552068564891815 0
    endloop
  endfacet
  facet normal -0.9987954563973426 -0.0490676704157047 0
    outer loop
      vertex -10.140738908052445 -6.552068564891815 0
      vertex -10.16 -6.16 1.7018
      vertex -10.16 -6.16 0
    endloop
  endfacet
  facet normal 0 -1 0
    outer loop
      vertex 0.8 -10.16 0
      vertex 18.27 -10.16 0
      vertex 18.27 -10.16 1.7018
    endloop
  endfacet
  facet normal 0 0 -1
    outer loop
      vertex -10.16 -6.16 0
      vertex -3.432296315879502 -3.432296315879502 0
      vertex -3.079345001330335 -3.752192740622725 0
    endloop
  endfacet
  facet normal 0 0 -1
    outer loop
      vertex -10.16 -6.16 0
      vertex -2.2881597605533925 -4.280845817146916 0
      vertex -1.8575453807001456 -4.484511250809786 0
    endloop
  endfacet
  facet normal 0 0 -1
    outer loop
      vertex -10.16 -6.16 0
      vertex -2.696737911077149 -4.035953498116554 0
      vertex -2.2881597605533925 -4.280845817146916 0
    endloop
  endfacet
  facet normal 0 0 -1
    outer loop
      vertex -10.16 -6.16 0
      vertex -3.079345001330335 -3.752192740622725 0
      vertex -2.696737911077149 -4.035953498116554 0
    endloop
  endfacet
  facet normal 0 0 -1
    outer loop
      vertex -10.16 -6.16 0
      vertex -3.752192740622725 -3.079345001330335 0
      vertex -3.432296315879502 -3.432296315879502 0
    endloop
  endfacet
  facet normal 0 0 -1
    outer loop
      vertex -10.16 -6.16 0
      vertex -4.035953498116554 -2.696737911077149 0
      vertex -3.752192740622725 -3.079345001330335 0
    endloop
  endfacet
  facet normal 0 0 -1
    outer loop
      vertex -10.16 -6.16 0
      vertex -4.280845817146916 -2.2881597605533925 0
      vertex -4.035953498116554 -2.696737911077149 0
    endloop
  endfacet
  facet normal 0 0 -1
    outer loop
      vertex -10.16 -6.16 0
      vertex -4.484511250809786 -1.8575453807001456 0
      vertex -4.280845817146916 -2.2881597605533925 0
    endloop
  endfacet
  facet normal 0 0 -1
    outer loop
      vertex -10.16 -6.16 0
      vertex -4.6449883896441415 -1.40904182339316 0
      vertex -4.484511250809786 -1.8575453807001456 0
    endloop
  endfacet
  facet normal 0 0 -1
    outer loop
      vertex -10.16 -6.16 0
      vertex -4.76073175107728 -0.9469684230662866 0
      vertex -4.6449883896441415 -1.40904182339316 0
    endloop
  endfacet
  facet normal 0 0 -1
    outer loop
      vertex -10.140738908052445 -6.552068564891815 0
      vertex 0.9469684230662865 -4.76073175107728 0
      vertex 16.37146260422314 -3.2404808955079014 0
    endloop
  endfacet
  facet normal 0 0 -1
    outer loop
      vertex -10.16 -6.16 0
      vertex -10.16 6.160000000298023 0
      vertex -4.76073175107728 -0.9469684230662866 0
    endloop
  endfacet
  facet normal 0 0 -1
    outer loop
      vertex -10.083141121864319 -6.9403612872958185 0
      vertex 16.708098561699114 -3.6119014383008854 0
      vertex 17.0795191044921 -3.9485373957768606 0
    endloop
  endfacet
  facet normal 0 0 -1
    outer loop
      vertex -10.083141121864319 -6.9403612872958185 0
      vertex 17.0795191044921 -3.9485373957768606 0
      vertex 17.48214724973587 -4.247146779641401 0
    endloop
  endfacet
  facet normal 0 0 -1
    outer loop
      vertex -10.083141121864319 -6.9403612872958185 0
      vertex 16.37146260422314 -3.2404808955079014 0
      vertex 16.708098561699114 -3.6119014383008854 0
    endloop
  endfacet
  facet normal 0 0 -1
    outer loop
      vertex 16.37146260422314 -3.2404808955079014 0
      vertex 0.9469684230662865 -4.76073175107728 0
      vertex 1.40904182339316 -4.6449883896441415 0
    endloop
  endfacet
  facet normal 0 0 -1
    outer loop
      vertex 16.0728532203586 -2.837852750264128 0
      vertex 1.40904182339316 -4.6449883896441415 0
      vertex 1.8575453807001456 -4.484511250809786 0
    endloop
  endfacet
  facet normal 0 0 -1
    outer loop
      vertex 16.0728532203586 -2.837852750264128 0
      vertex 1.8575453807001456 -4.484511250809786 0
      vertex 2.2881597605533925 -4.280845817146916 0
    endloop
  endfacet
  facet normal 0 0 -1
    outer loop
      vertex 16.0728532203586 -2.837852750264128 0
      vertex 2.2881597605533925 -4.280845817146916 0
      vertex 2.696737911077149 -4.035953498116554 0
    endloop
  endfacet
  facet normal 0 0 -1
    outer loop
      vertex 16.0728532203586 -2.837852750264128 0
      vertex 2.696737911077149 -4.035953498116554 0
      vertex 3.079345001330335 -3.752192740622725 0
    endloop
  endfacet
  facet normal 0 0 -1
    outer loop
      vertex 16.0728532203586 -2.837852750264128 0
      vertex 3.079345001330335 -3.752192740622725 0
      vertex 3.432296315879502 -3.432296315879502 0
    endloop
  endfacet
  facet normal 0 0 -1
    outer loop
      vertex 16.0728532203586 -2.837852750264128 0
      vertex 3.432296315879502 -3.432296315879502 0
      vertex 3.752192740622725 -3.079345001330335 0
    endloop
  endfacet
  facet normal 0 0 -1
    outer loop
      vertex 16.0728532203586 -2.837852750264128 0
      vertex 3.752192740622725 -3.079345001330335 0
      vertex 4.035953498116554 -2.696737911077149 0
    endloop
  endfacet
  facet normal 0 0 -1
    outer loop
      vertex 16.0728532203586 -2.837852750264128 0
      vertex 4.035953498116554 -2.696737911077149 0
      vertex 4.280845817146916 -2.2881597605533925 0
    endloop
  endfacet
  facet normal 0 0 -1
    outer loop
      vertex 16.37146260422314 -3.2404808955079014 0
      vertex 1.40904182339316 -4.6449883896441415 0
      vertex 16.0728532203586 -2.837852750264128 0
    endloop
  endfacet
  facet normal 0 0 -1
    outer loop
      vertex 4.280845817146916 -2.2881597605533925 0
      vertex 4.484511250809786 -1.8575453807001456 0
      vertex 15.815146181708602 -2.4078945317071963 0
    endloop
  endfacet
  facet normal 0 0 -1
    outer loop
      vertex 4.484511250809786 -1.8575453807001456 0
      vertex 4.6449883896441415 -1.40904182339316 0
      vertex 15.600823347932346 -1.9547469725208786 0
    endloop
  endfacet
  facet normal 0 0 -1
    outer loop
      vertex 4.6449883896441415 -1.40904182339316 0
      vertex 4.76073175107728 -0.9469684230662866 0
      vertex 15.431948765079877 -1.4827741314157936 0
    endloop
  endfacet
  facet normal 0 0 -1
    outer loop
      vertex 4.76073175107728 -0.9469684230662866 0
      vertex 4.830626663266844 -0.4757751991596872 0
      vertex 15.310148787700298 -0.9965213648583832 0
    endloop
  endfacet
  facet normal 0 0 -1
    outer loop
      vertex 4.830626663266844 -0.4757751991596872 0
      vertex 4.854 0 0
      vertex 15.236596416158418 -0.5006715528033956 0
    endloop
  endfacet
  facet normal 0 0 -1
    outer loop
      vertex 16.0728532203586 -2.837852750264128 0
      vertex 4.280845817146916 -2.2881597605533925 0
      vertex 15.815146181708602 -2.4078945317071963 0
    endloop
  endfacet
  facet normal 0 0 -1
    outer loop
      vertex 4.484511250809786 -1.8575453807001456 0
      vertex 15.600823347932346 -1.9547469725208786 0
      vertex 15.815146181708602 -2.4078945317071963 0
    endloop
  endfacet
  facet normal 0 0 -1
    outer loop
      vertex 4.6449883896441415 -1.40904182339316 0
      vertex 15.431948765079877 -1.4827741314157936 0
      vertex 15.600823347932346 -1.9547469725208786 0
    endloop
  endfacet
  facet normal 0 0 -1
    outer loop
      vertex 4.76073175107728 -0.9469684230662866 0
      vertex 15.310148787700298 -0.9965213648583832 0
      vertex 15.431948765079877 -1.4827741314157936 0
    endloop
  endfacet
  facet normal 0 0 -1
    outer loop
      vertex 4.830626663266844 -0.4757751991596872 0
      vertex 15.236596416158418 -0.5006715528033956 0
      vertex 15.310148787700298 -0.9965213648583832 0
    endloop
  endfacet
  facet normal 0 0 -1
    outer loop
      vertex 4.854 0 0
      vertex 15.212 0 0
      vertex 15.236596416158418 -0.5006715528033956 0
    endloop
  endfacet
  facet normal 0 0 -1
    outer loop
      vertex 19.87 -10.16 0
      vertex 19.80910362600903 -9.853853254107928 0
      vertex 20.77 -10.16 0
    endloop
  endfacet
  facet normal 0 0 -1
    outer loop
      vertex 20.77 -10.16 0
      vertex 19.80910362600903 -9.853853254107928 0
      vertex 20.83089637399097 -9.853853254107928 0
    endloop
  endfacet
  facet normal 0 0 -1
    outer loop
      vertex 19.635685424949237 -9.594314575050761 0
      vertex 20.83089637399097 -9.853853254107928 0
      vertex 19.80910362600903 -9.853853254107928 0
    endloop
  endfacet
  facet normal 0 0 -1
    outer loop
      vertex 19.376146745892072 -9.42089637399097 0
      vertex 21.004314575050763 -9.594314575050761 0
      vertex 19.635685424949237 -9.594314575050761 0
    endloop
  endfacet
  facet normal 0 0 -1
    outer loop
      vertex 20.83089637399097 -9.853853254107928 0
      vertex 19.635685424949237 -9.594314575050761 0
      vertex 21.004314575050763 -9.594314575050761 0
    endloop
  endfacet
  facet normal 0 0 -1
    outer loop
      vertex 19.376146745892072 -9.42089637399097 0
      vertex 19.07 -9.36 0
      vertex 21.26385325410793 -9.42089637399097 0
    endloop
  endfacet
  facet normal 0 0 -1
    outer loop
      vertex 19.376146745892072 -9.42089637399097 0
      vertex 21.26385325410793 -9.42089637399097 0
      vertex 21.004314575050763 -9.594314575050761 0
    endloop
  endfacet
  facet normal 0 0 -1
    outer loop
      vertex 19.07 -9.36 0
      vertex 21.57 -9.36 0
      vertex 21.26385325410793 -9.42089637399097 0
    endloop
  endfacet
  facet normal 0 0 -1
    outer loop
      vertex 22.37 -10.16 0
      vertex 22.30910362600903 -9.853853254107928 0
      vertex 37.34 -10.16 0
    endloop
  endfacet
  facet normal 0 0 -1
    outer loop
      vertex 37.400896373990975 -9.853853254107928 0
      vertex 22.30910362600903 -9.853853254107928 0
      vertex 22.135685424949237 -9.594314575050761 0
    endloop
  endfacet
  facet normal 0 0 -1
    outer loop
      vertex 21.876146745892072 -9.42089637399097 0
      vertex 37.574314575050764 -9.594314575050761 0
      vertex 22.135685424949237 -9.594314575050761 0
    endloop
  endfacet
  facet normal 0 0 -1
    outer loop
      vertex -8.697573136389256 -9.252041812837124 0
      vertex 90.53204181432724 -8.697573136389256 0
      vertex 0 -9.36 0
    endloop
  endfacet
  facet normal 0 0 -1
    outer loop
      vertex -8.697573136389256 -9.252041812837124 0
      vertex -8.988427121043205 -8.988427121043205 0
      vertex 90.76587845027447 -8.38228093445301 0
    endloop
  endfacet
  facet normal 0 0 -1
    outer loop
      vertex -8.988427121043205 -8.988427121043205 0
      vertex -9.252041812837124 -8.697573136389256 0
      vertex 90.96768506258726 -8.045586947202683 0
    endloop
  endfacet
  facet normal 0 0 -1
    outer loop
      vertex -9.252041812837124 -8.697573136389256 0
      vertex -9.485878448784351 -8.38228093445301 0
      vertex 91.13551813006401 -7.6907337269186975 0
    endloop
  endfacet
  facet normal 0 0 -1
    outer loop
      vertex -9.485878448784351 -8.38228093445301 0
      vertex -9.687685061097145 -8.045586947202683 0
      vertex 91.26776134610176 -7.321138705909252 0
    endloop
  endfacet
  facet normal 0 0 -1
    outer loop
      vertex -9.687685061097145 -8.045586947202683 0
      vertex -9.855518128573895 -7.6907337269186975 0
      vertex 91.36314112335444 -6.9403612872958185 0
    endloop
  endfacet
  facet normal 0 0 -1
    outer loop
      vertex -9.855518128573895 -7.6907337269186975 0
      vertex -9.987761344611645 -7.321138705909252 0
      vertex 91.42073890954256 -6.552068564891815 0
    endloop
  endfacet
  facet normal 0 0 -1
    outer loop
      vertex -9.987761344611645 -7.321138705909252 0
      vertex -10.083141121864319 -6.9403612872958185 0
      vertex 91.44000000149012 -6.16 0
    endloop
  endfacet
  facet normal 0 0 -1
    outer loop
      vertex 20.820671552803397 -5.083403583841583 0
      vertex 21.31652136485838 -5.009851212299702 0
      vertex 39.59392569334952 -5.25897067352212 0
    endloop
  endfacet
  facet normal 0 0 -1
    outer loop
      vertex 90.26842712253332 -8.988427121043205 0
      vertex 0.30614674589207186 -9.42089637399097 0
      vertex 0 -9.36 0
    endloop
  endfacet
  facet normal 0 0 -1
    outer loop
      vertex 37.34 -10.16 0
      vertex 22.30910362600903 -9.853853254107928 0
      vertex 37.400896373990975 -9.853853254107928 0
    endloop
  endfacet
  facet normal 0 0 -1
    outer loop
      vertex 37.400896373990975 -9.853853254107928 0
      vertex 22.135685424949237 -9.594314575050761 0
      vertex 37.574314575050764 -9.594314575050761 0
    endloop
  endfacet
  facet normal 0 0 -1
    outer loop
      vertex 21.876146745892072 -9.42089637399097 0
      vertex 37.83385325410793 -9.42089637399097 0
      vertex 37.574314575050764 -9.594314575050761 0
    endloop
  endfacet
  facet normal 0 0 -1
    outer loop
      vertex 21.876146745892072 -9.42089637399097 0
      vertex 38.14 -9.36 0
      vertex 37.83385325410793 -9.42089637399097 0
    endloop
  endfacet
  facet normal 0 0 -1
    outer loop
      vertex 90.26842712253332 -8.988427121043205 0
      vertex 19.07 -9.36 0
      vertex 0.30614674589207186 -9.42089637399097 0
    endloop
  endfacet
  facet normal 0 0 -1
    outer loop
      vertex 38.94 -10.16 0
      vertex 38.87910362600903 -9.853853254107928 0
      vertex 39.84 -10.16 0
    endloop
  endfacet
  facet normal 0 0 -1
    outer loop
      vertex 39.84 -10.16 0
      vertex 38.87910362600903 -9.853853254107928 0
      vertex 39.900896373990975 -9.853853254107928 0
    endloop
  endfacet
  facet normal 0 0 -1
    outer loop
      vertex 38.70568542494924 -9.594314575050761 0
      vertex 39.900896373990975 -9.853853254107928 0
      vertex 38.87910362600903 -9.853853254107928 0
    endloop
  endfacet
  facet normal 0 0 -1
    outer loop
      vertex 38.44614674589207 -9.42089637399097 0
      vertex 40.074314575050764 -9.594314575050761 0
      vertex 38.70568542494924 -9.594314575050761 0
    endloop
  endfacet
  facet normal 0 0 -1
    outer loop
      vertex 39.900896373990975 -9.853853254107928 0
      vertex 38.70568542494924 -9.594314575050761 0
      vertex 40.074314575050764 -9.594314575050761 0
    endloop
  endfacet
  facet normal 0 0 -1
    outer loop
      vertex 38.44614674589207 -9.42089637399097 0
      vertex 38.14 -9.36 0
      vertex 40.33385325410793 -9.42089637399097 0
    endloop
  endfacet
  facet normal 0 0 -1
    outer loop
      vertex 38.44614674589207 -9.42089637399097 0
      vertex 40.33385325410793 -9.42089637399097 0
      vertex 40.074314575050764 -9.594314575050761 0
    endloop
  endfacet
  facet normal 0 0 -1
    outer loop
      vertex 38.14 -9.36 0
      vertex 40.64 -9.36 0
      vertex 40.33385325410793 -9.42089637399097 0
    endloop
  endfacet
  facet normal 0 0 -1
    outer loop
      vertex -10.083141121864319 -6.9403612872958185 0
      vertex 20.32 -5.1080000000000005 0
      vertex 91.44000000149012 -6.16 0
    endloop
  endfacet
  facet normal 0 0 -1
    outer loop
      vertex 21.31652136485838 -5.009851212299702 0
      vertex 39.08349356056157 -5.131114080196103 0
      vertex 39.59392569334952 -5.25897067352212 0
    endloop
  endfacet
  facet normal 0 0 -1
    outer loop
      vertex 20.820671552803397 -5.083403583841583 0
      vertex 40.1144320935529 -5.336180504416319 0
      vertex 40.64 -5.361999999999999 0
    endloop
  endfacet
  facet normal 0 0 -1
    outer loop
      vertex 20.820671552803397 -5.083403583841583 0
      vertex 39.59392569334952 -5.25897067352212 0
      vertex 40.1144320935529 -5.336180504416319 0
    endloop
  endfacet
  facet normal 0 -1 0
    outer loop
      vertex 19.87 -10.16 0
      vertex 20.77 -10.16 0
      vertex 20.77 -10.16 1.7018
    endloop
  endfacet
  facet normal 0 -1 0
    outer loop
      vertex 22.37 -10.16 0
      vertex 37.34 -10.16 0
      vertex 37.34 -10.16 1.7018
    endloop
  endfacet
  facet normal 0 -1 0
    outer loop
      vertex 38.94 -10.16 0
      vertex 39.84 -10.16 0
      vertex 39.84 -10.16 1.7018
    endloop
  endfacet
  facet normal 0 0 -1
    outer loop
      vertex 21.31652136485838 -5.009851212299702 0
      vertex 21.80277413141579 -4.888051234920123 0
      vertex 39.08349356056157 -5.131114080196103 0
    endloop
  endfacet
  facet normal 0 0 -1
    outer loop
      vertex 21.80277413141579 -4.888051234920123 0
      vertex 22.27474697252088 -4.719176652067652 0
      vertex 38.58805143565839 -4.953842053325518 0
    endloop
  endfacet
  facet normal 0 0 -1
    outer loop
      vertex 22.27474697252088 -4.719176652067652 0
      vertex 22.727894531707197 -4.504853818291398 0
      vertex 38.112370697139 -4.728861819435879 0
    endloop
  endfacet
  facet normal 0 0 -1
    outer loop
      vertex 22.727894531707197 -4.504853818291398 0
      vertex 23.15785275026413 -4.247146779641401 0
      vertex 38.112370697139 -4.728861819435879 0
    endloop
  endfacet
  facet normal 0 0 -1
    outer loop
      vertex 23.15785275026413 -4.247146779641401 0
      vertex 23.5604808955079 -3.9485373957768606 0
      vertex 37.6610324105489 -4.458340061166247 0
    endloop
  endfacet
  facet normal 0 0 -1
    outer loop
      vertex 23.5604808955079 -3.9485373957768606 0
      vertex 23.931901438300887 -3.6119014383008854 0
      vertex 37.23838321031454 -4.1448820509309945 0
    endloop
  endfacet
  facet normal 0 0 -1
    outer loop
      vertex 21.80277413141579 -4.888051234920123 0
      vertex 38.58805143565839 -4.953842053325518 0
      vertex 39.08349356056157 -5.131114080196103 0
    endloop
  endfacet
  facet normal 0 0 -1
    outer loop
      vertex 22.27474697252088 -4.719176652067652 0
      vertex 38.112370697139 -4.728861819435879 0
      vertex 38.58805143565839 -4.953842053325518 0
    endloop
  endfacet
  facet normal 0 0 -1
    outer loop
      vertex 23.15785275026413 -4.247146779641401 0
      vertex 37.6610324105489 -4.458340061166247 0
      vertex 38.112370697139 -4.728861819435879 0
    endloop
  endfacet
  facet normal 0 0 -1
    outer loop
      vertex 23.931901438300887 -3.6119014383008854 0
      vertex 36.84849343927773 -3.7915065607222678 0
      vertex 37.23838321031454 -4.1448820509309945 0
    endloop
  endfacet
  facet normal 0 0 -1
    outer loop
      vertex 23.5604808955079 -3.9485373957768606 0
      vertex 37.23838321031454 -4.1448820509309945 0
      vertex 37.6610324105489 -4.458340061166247 0
    endloop
  endfacet
  facet normal 0 0 -1
    outer loop
      vertex 23.931901438300887 -3.6119014383008854 0
      vertex 24.26853739577686 -3.2404808955079014 0
      vertex 36.84849343927773 -3.7915065607222678 0
    endloop
  endfacet
  facet normal 0 0 -1
    outer loop
      vertex 24.26853739577686 -3.2404808955079014 0
      vertex 24.5671467796414 -2.837852750264128 0
      vertex 36.495117949069005 -3.4016167896854665 0
    endloop
  endfacet
  facet normal 0 0 -1
    outer loop
      vertex 24.5671467796414 -2.837852750264128 0
      vertex 24.8248538182914 -2.4078945317071963 0
      vertex 36.181659938833754 -2.9789675894511065 0
    endloop
  endfacet
  facet normal 0 0 -1
    outer loop
      vertex 24.26853739577686 -3.2404808955079014 0
      vertex 36.495117949069005 -3.4016167896854665 0
      vertex 36.84849343927773 -3.7915065607222678 0
    endloop
  endfacet
  facet normal 0 0 -1
    outer loop
      vertex 24.5671467796414 -2.837852750264128 0
      vertex 36.181659938833754 -2.9789675894511065 0
      vertex 36.495117949069005 -3.4016167896854665 0
    endloop
  endfacet
  facet normal 0 0 -1
    outer loop
      vertex 36.181659938833754 -2.9789675894511065 0
      vertex 24.8248538182914 -2.4078945317071963 0
      vertex 35.911138180564116 -2.527629302860999 0
    endloop
  endfacet
  facet normal 0 0 -1
    outer loop
      vertex 35.5088859198039 -1.5565064394384267 0
      vertex 24.8248538182914 -2.4078945317071963 0
      vertex 25.039176652067653 -1.9547469725208786 0
    endloop
  endfacet
  facet normal 0 0 -1
    outer loop
      vertex 35.38102932647788 -1.0460743066504796 0
      vertex 25.039176652067653 -1.9547469725208786 0
      vertex 25.208051234920124 -1.4827741314157936 0
    endloop
  endfacet
  facet normal 0 0 -1
    outer loop
      vertex 24.8248538182914 -2.4078945317071963 0
      vertex 35.68615794667448 -2.051948564341611 0
      vertex 35.911138180564116 -2.527629302860999 0
    endloop
  endfacet
  facet normal 0 0 -1
    outer loop
      vertex 24.8248538182914 -2.4078945317071963 0
      vertex 35.5088859198039 -1.5565064394384267 0
      vertex 35.68615794667448 -2.051948564341611 0
    endloop
  endfacet
  facet normal 0 0 -1
    outer loop
      vertex 25.039176652067653 -1.9547469725208786 0
      vertex 35.38102932647788 -1.0460743066504796 0
      vertex 35.5088859198039 -1.5565064394384267 0
    endloop
  endfacet
  facet normal 0 0 -1
    outer loop
      vertex 35.30381949558368 -0.5255679064471038 0
      vertex 25.208051234920124 -1.4827741314157936 0
      vertex 25.3298512122997 -0.9965213648583832 0
    endloop
  endfacet
  facet normal 0 0 -1
    outer loop
      vertex 35.30381949558368 -0.5255679064471038 0
      vertex 25.3298512122997 -0.9965213648583832 0
      vertex 25.40340358384158 -0.5006715528033956 0
    endloop
  endfacet
  facet normal 0 0 -1
    outer loop
      vertex 35.30381949558368 -0.5255679064471038 0
      vertex 25.40340358384158 -0.5006715528033956 0
      vertex 25.428 0 0
    endloop
  endfacet
  facet normal 0 0 -1
    outer loop
      vertex 25.208051234920124 -1.4827741314157936 0
      vertex 35.30381949558368 -0.5255679064471038 0
      vertex 35.38102932647788 -1.0460743066504796 0
    endloop
  endfacet
  facet normal 0 0 -1
    outer loop
      vertex 35.30381949558368 -0.5255679064471038 0
      vertex 25.428 0 0
      vertex 35.278 0 0
    endloop
  endfacet
  facet normal -0.2429801778770028 -0.970031253702096 0
    outer loop
      vertex -6.9403612872958185 -10.083141121864319 0
      vertex -6.9403612872958185 -10.083141121864319 1.7018
      vertex -7.321138705909252 -9.987761344611645 1.7018
    endloop
  endfacet
  facet normal -0.3368898600571533 -0.9415440627982694 0
    outer loop
      vertex -7.321138705909252 -9.987761344611645 0
      vertex -7.321138705909252 -9.987761344611645 1.7018
      vertex -7.6907337269186975 -9.855518128573895 1.7018
    endloop
  endfacet
  facet normal -0.42755508025413375 -0.9039892993552974 0
    outer loop
      vertex -7.6907337269186975 -9.855518128573895 0
      vertex -7.6907337269186975 -9.855518128573895 1.7018
      vertex -8.045586947202683 -9.687685061097145 1.7018
    endloop
  endfacet
  facet normal -0.5141027491514957 -0.8577286070283969 0
    outer loop
      vertex -8.045586947202683 -9.687685061097145 0
      vertex -8.045586947202683 -9.687685061097145 1.7018
      vertex -8.38228093445301 -9.485878448784351 1.7018
    endloop
  endfacet
  facet normal -0.6715589635251563 -0.7409511174895533 0
    outer loop
      vertex -8.697573136389256 -9.252041812837124 0
      vertex -8.697573136389256 -9.252041812837124 1.7018
      vertex -8.988427121043205 -8.988427121043205 1.7018
    endloop
  endfacet
  facet normal -0.7409511174895533 -0.6715589635251563 0
    outer loop
      vertex -8.988427121043205 -8.988427121043205 0
      vertex -8.988427121043205 -8.988427121043205 1.7018
      vertex -9.252041812837124 -8.697573136389256 1.7018
    endloop
  endfacet
  facet normal -0.5956993080192207 -0.8032075288650014 0
    outer loop
      vertex -8.38228093445301 -9.485878448784351 0
      vertex -8.38228093445301 -9.485878448784351 1.7018
      vertex -8.697573136389256 -9.252041812837124 1.7018
    endloop
  endfacet
  facet normal -0.1467304788333968 -0.9891765093153608 0
    outer loop
      vertex -6.552068564891815 -10.140738908052445 0
      vertex -6.552068564891815 -10.140738908052445 1.7018
      vertex -6.9403612872958185 -10.083141121864319 1.7018
    endloop
  endfacet
  facet normal -0.0490676704157047 -0.9987954563973426 0
    outer loop
      vertex -6.16 -10.16 0
      vertex -6.16 -10.16 1.7018
      vertex -6.552068564891815 -10.140738908052445 1.7018
    endloop
  endfacet
  facet normal 0 -1 0
    outer loop
      vertex -6.16 -10.16 0
      vertex -0.8 -10.16 1.7018
      vertex -6.16 -10.16 1.7018
    endloop
  endfacet
  facet normal -0.8032075288650014 -0.5956993080192207 0
    outer loop
      vertex -9.252041812837124 -8.697573136389256 0
      vertex -9.252041812837124 -8.697573136389256 1.7018
      vertex -9.485878448784351 -8.38228093445301 1.7018
    endloop
  endfacet
  facet normal -0.8577286070283969 -0.5141027491514957 0
    outer loop
      vertex -9.485878448784351 -8.38228093445301 0
      vertex -9.485878448784351 -8.38228093445301 1.7018
      vertex -9.687685061097145 -8.045586947202683 1.7018
    endloop
  endfacet
  facet normal -0.9039892993552974 -0.42755508025413375 0
    outer loop
      vertex -9.687685061097145 -8.045586947202683 0
      vertex -9.687685061097145 -8.045586947202683 1.7018
      vertex -9.855518128573895 -7.6907337269186975 1.7018
    endloop
  endfacet
  facet normal -0.9415440627982694 -0.3368898600571533 0
    outer loop
      vertex -9.855518128573895 -7.6907337269186975 0
      vertex -9.855518128573895 -7.6907337269186975 1.7018
      vertex -9.987761344611645 -7.321138705909252 1.7018
    endloop
  endfacet
  facet normal -0.970031253702096 -0.2429801778770028 0
    outer loop
      vertex -9.987761344611645 -7.321138705909252 0
      vertex -9.987761344611645 -7.321138705909252 1.7018
      vertex -10.083141121864319 -6.9403612872958185 1.7018
    endloop
  endfacet
  facet normal -0.9891765093153608 -0.1467304788333968 0
    outer loop
      vertex -10.083141121864319 -6.9403612872958185 0
      vertex -10.083141121864319 -6.9403612872958185 1.7018
      vertex -10.140738908052445 -6.552068564891815 1.7018
    endloop
  endfacet
  facet normal -0.9987954563973426 -0.0490676704157047 0
    outer loop
      vertex -10.140738908052445 -6.552068564891815 0
      vertex -10.140738908052445 -6.552068564891815 1.7018
      vertex -10.16 -6.16 1.7018
    endloop
  endfacet
  facet normal 0 -1 0
    outer loop
      vertex 0.8 -10.16 0
      vertex 18.27 -10.16 1.7018
      vertex 0.8 -10.16 1.7018
    endloop
  endfacet
  facet normal 0 0 1
    outer loop
      vertex -7.6907337269186975 -9.855518128573895 1.7018
      vertex -0.5656854249492381 -9.594314575050761 1.7018
      vertex -8.045586947202683 -9.687685061097145 1.7018
    endloop
  endfacet
  facet normal 0 0 1
    outer loop
      vertex -8.045586947202683 -9.687685061097145 1.7018
      vertex -0.30614674589207186 -9.42089637399097 1.7018
      vertex -8.38228093445301 -9.485878448784351 1.7018
    endloop
  endfacet
  facet normal 0 0 1
    outer loop
      vertex -6.9403612872958185 -10.083141121864319 1.7018
      vertex -6.552068564891815 -10.140738908052445 1.7018
      vertex -0.7391036260090295 -9.853853254107928 1.7018
    endloop
  endfacet
  facet normal 0 0 1
    outer loop
      vertex -7.321138705909252 -9.987761344611645 1.7018
      vertex -6.9403612872958185 -10.083141121864319 1.7018
      vertex -0.7391036260090295 -9.853853254107928 1.7018
    endloop
  endfacet
  facet normal 0 0 1
    outer loop
      vertex -6.552068564891815 -10.140738908052445 1.7018
      vertex -6.16 -10.16 1.7018
      vertex -0.7391036260090295 -9.853853254107928 1.7018
    endloop
  endfacet
  facet normal 0 0 1
    outer loop
      vertex -7.6907337269186975 -9.855518128573895 1.7018
      vertex -7.321138705909252 -9.987761344611645 1.7018
      vertex -0.5656854249492381 -9.594314575050761 1.7018
    endloop
  endfacet
  facet normal 0 0 1
    outer loop
      vertex -8.697573136389256 -9.252041812837124 1.7018
      vertex -8.38228093445301 -9.485878448784351 1.7018
      vertex -0.30614674589207186 -9.42089637399097 1.7018
    endloop
  endfacet
  facet normal 0 0 1
    outer loop
      vertex -6.16 -10.16 1.7018
      vertex -0.8 -10.16 1.7018
      vertex -0.7391036260090295 -9.853853254107928 1.7018
    endloop
  endfacet
  facet normal 0 0 1
    outer loop
      vertex -7.321138705909252 -9.987761344611645 1.7018
      vertex -0.7391036260090295 -9.853853254107928 1.7018
      vertex -0.5656854249492381 -9.594314575050761 1.7018
    endloop
  endfacet
  facet normal 0 0 1
    outer loop
      vertex -8.045586947202683 -9.687685061097145 1.7018
      vertex -0.5656854249492381 -9.594314575050761 1.7018
      vertex -0.30614674589207186 -9.42089637399097 1.7018
    endloop
  endfacet
  facet normal 0 0 1
    outer loop
      vertex -8.697573136389256 -9.252041812837124 1.7018
      vertex -0.30614674589207186 -9.42089637399097 1.7018
      vertex 0 -9.36 1.7018
    endloop
  endfacet
  facet normal 0 0 1
    outer loop
      vertex -10.083141121864319 -6.9403612872958185 1.7018
      vertex 17.266712918836486 -3.053287081163513 1.7018
      vertex -10.140738908052445 -6.552068564891815 1.7018
    endloop
  endfacet
  facet normal 0 0 1
    outer loop
      vertex -10.140738908052445 -6.552068564891815 1.7018
      vertex 16.9821408623797 -2.7393102010186214 1.7018
      vertex -10.16 -6.16 1.7018
    endloop
  endfacet
  facet normal 0 0 1
    outer loop
      vertex 0.8 -10.16 1.7018
      vertex 18.33089637399097 -9.853853254107928 1.7018
      vertex 0.7391036260090295 -9.853853254107928 1.7018
    endloop
  endfacet
  facet normal 0 0 1
    outer loop
      vertex 0.7391036260090295 -9.853853254107928 1.7018
      vertex 18.76385325410793 -9.42089637399097 1.7018
      vertex 0.5656854249492381 -9.594314575050761 1.7018
    endloop
  endfacet
  facet normal 0 0 1
    outer loop
      vertex 0.30614674589207186 -9.42089637399097 1.7018
      vertex 0.5656854249492381 -9.594314575050761 1.7018
      vertex 18.76385325410793 -9.42089637399097 1.7018
    endloop
  endfacet
  facet normal 0 0 1
    outer loop
      vertex 18.27 -10.16 1.7018
      vertex 18.33089637399097 -9.853853254107928 1.7018
      vertex 0.8 -10.16 1.7018
    endloop
  endfacet
  facet normal 0 0 1
    outer loop
      vertex 0.7391036260090295 -9.853853254107928 1.7018
      vertex 18.33089637399097 -9.853853254107928 1.7018
      vertex 18.504314575050763 -9.594314575050761 1.7018
    endloop
  endfacet
  facet normal 0 0 1
    outer loop
      vertex 18.76385325410793 -9.42089637399097 1.7018
      vertex 0.7391036260090295 -9.853853254107928 1.7018
      vertex 18.504314575050763 -9.594314575050761 1.7018
    endloop
  endfacet
  facet normal 0 0 1
    outer loop
      vertex 0.30614674589207186 -9.42089637399097 1.7018
      vertex 18.76385325410793 -9.42089637399097 1.7018
      vertex 19.07 -9.36 1.7018
    endloop
  endfacet
  facet normal 0 0 1
    outer loop
      vertex -10.083141121864319 -6.9403612872958185 1.7018
      vertex 19.477599989534358 -4.23503084078115 1.7018
      vertex 19.066550763615233 -4.1320683696916785 1.7018
    endloop
  endfacet
  facet normal 0 0 1
    outer loop
      vertex -10.083141121864319 -6.9403612872958185 1.7018
      vertex 20.32 -4.3180000000000005 1.7018
      vertex 19.89676198805696 -4.297207649770547 1.7018
    endloop
  endfacet
  facet normal 0 0 1
    outer loop
      vertex -10.083141121864319 -6.9403612872958185 1.7018
      vertex 19.89676198805696 -4.297207649770547 1.7018
      vertex 19.477599989534358 -4.23503084078115 1.7018
    endloop
  endfacet
  facet normal -1 0 0
    outer loop
      vertex -10.16 -6.16 0
      vertex -10.16 -6.16 1.7018
      vertex -10.16 6.160000000298023 1.7018
    endloop
  endfacet
  facet normal 0 0 1
    outer loop
      vertex -10.16 -6.16 1.7018
      vertex -0.7928470686735453 -3.9859113795587287 1.7018
      vertex -1.179716928362135 -3.8890055244156967 1.7018
    endloop
  endfacet
  facet normal 0 0 1
    outer loop
      vertex -10.16 -6.16 1.7018
      vertex -1.179716928362135 -3.8890055244156967 1.7018
      vertex -1.5552254691317249 -3.7546464201258694 1.7018
    endloop
  endfacet
  facet normal 0 0 1
    outer loop
      vertex -10.16 -6.16 1.7018
      vertex -1.5552254691317249 -3.7546464201258694 1.7018
      vertex -1.9157563384608545 -3.584128018311715 1.7018
    endloop
  endfacet
  facet normal 0 0 1
    outer loop
      vertex -10.16 -6.16 1.7018
      vertex -1.9157563384608545 -3.584128018311715 1.7018
      vertex -2.2578374269916632 -3.3790925043975437 1.7018
    endloop
  endfacet
  facet normal 0 0 1
    outer loop
      vertex -10.16 -6.16 1.7018
      vertex -2.2578374269916632 -3.3790925043975437 1.7018
      vertex -2.5781743068410554 -3.1415144824661634 1.7018
    endloop
  endfacet
  facet normal 0 0 1
    outer loop
      vertex -10.16 -6.16 1.7018
      vertex -2.5781743068410554 -3.1415144824661634 1.7018
      vertex -2.873681958742129 -2.873681958742129 1.7018
    endloop
  endfacet
  facet normal 0 0 1
    outer loop
      vertex -10.16 -6.16 1.7018
      vertex -2.873681958742129 -2.873681958742129 1.7018
      vertex -3.1415144824661634 -2.5781743068410554 1.7018
    endloop
  endfacet
  facet normal 0 0 1
    outer loop
      vertex -10.16 -6.16 1.7018
      vertex -3.1415144824661634 -2.5781743068410554 1.7018
      vertex -3.3790925043975437 -2.2578374269916632 1.7018
    endloop
  endfacet
  facet normal 0 0 1
    outer loop
      vertex -10.16 -6.16 1.7018
      vertex -3.3790925043975437 -2.2578374269916632 1.7018
      vertex -3.584128018311715 -1.9157563384608545 1.7018
    endloop
  endfacet
  facet normal 0 0 1
    outer loop
      vertex -10.16 -6.16 1.7018
      vertex -3.584128018311715 -1.9157563384608545 1.7018
      vertex -3.7546464201258694 -1.5552254691317249 1.7018
    endloop
  endfacet
  facet normal 0 0 1
    outer loop
      vertex -10.16 -6.16 1.7018
      vertex -3.7546464201258694 -1.5552254691317249 1.7018
      vertex -3.8890055244156967 -1.179716928362135 1.7018
    endloop
  endfacet
  facet normal 0 0 1
    outer loop
      vertex -10.16 -6.16 1.7018
      vertex -3.8890055244156967 -1.179716928362135 1.7018
      vertex -3.9859113795587287 -0.7928470686735453 1.7018
    endloop
  endfacet
  facet normal 0 0 1
    outer loop
      vertex -10.16 -6.16 1.7018
      vertex -0.3983416582993343 -4.044430729195809 1.7018
      vertex -0.7928470686735453 -3.9859113795587287 1.7018
    endloop
  endfacet
  facet normal 0 0 1
    outer loop
      vertex -10.16 -6.16 1.7018
      vertex 0 -4.064 1.7018
      vertex -0.3983416582993343 -4.044430729195809 1.7018
    endloop
  endfacet
  facet normal 0 0 1
    outer loop
      vertex -10.16 -6.16 1.7018
      vertex 0.3983416582993343 -4.044430729195809 1.7018
      vertex 0 -4.064 1.7018
    endloop
  endfacet
  facet normal 0 0 1
    outer loop
      vertex -10.16 -6.16 1.7018
      vertex 0.7928470686735453 -3.9859113795587287 1.7018
      vertex 0.3983416582993343 -4.044430729195809 1.7018
    endloop
  endfacet
  facet normal 0 0 1
    outer loop
      vertex -10.16 -6.16 1.7018
      vertex 16.72971421407761 -2.3989522661786427 1.7018
      vertex 0.7928470686735453 -3.9859113795587287 1.7018
    endloop
  endfacet
  facet normal 0 0 1
    outer loop
      vertex -10.16 -6.16 1.7018
      vertex -3.9859113795587287 -0.7928470686735453 1.7018
      vertex -10.16 6.160000000298023 1.7018
    endloop
  endfacet
  facet normal 0 0 1
    outer loop
      vertex -10.083141121864319 -6.9403612872958185 1.7018
      vertex 18.284508890385343 -3.8081360194561977 1.7018
      vertex 17.921047733821357 -3.590285785922391 1.7018
    endloop
  endfacet
  facet normal 0 0 1
    outer loop
      vertex -10.083141121864319 -6.9403612872958185 1.7018
      vertex 17.921047733821357 -3.590285785922391 1.7018
      vertex 17.58068979898138 -3.3378591376202986 1.7018
    endloop
  endfacet
  facet normal 0 0 1
    outer loop
      vertex -10.083141121864319 -6.9403612872958185 1.7018
      vertex 17.58068979898138 -3.3378591376202986 1.7018
      vertex 17.266712918836486 -3.053287081163513 1.7018
    endloop
  endfacet
  facet normal 0 0 1
    outer loop
      vertex -10.140738908052445 -6.552068564891815 1.7018
      vertex 17.266712918836486 -3.053287081163513 1.7018
      vertex 16.9821408623797 -2.7393102010186214 1.7018
    endloop
  endfacet
  facet normal 0 0 1
    outer loop
      vertex 16.72971421407761 -2.3989522661786427 1.7018
      vertex 1.179716928362135 -3.8890055244156967 1.7018
      vertex 0.7928470686735453 -3.9859113795587287 1.7018
    endloop
  endfacet
  facet normal 0 0 1
    outer loop
      vertex 16.72971421407761 -2.3989522661786427 1.7018
      vertex 1.5552254691317249 -3.7546464201258694 1.7018
      vertex 1.179716928362135 -3.8890055244156967 1.7018
    endloop
  endfacet
  facet normal 0 0 1
    outer loop
      vertex 16.72971421407761 -2.3989522661786427 1.7018
      vertex 1.9157563384608545 -3.584128018311715 1.7018
      vertex 1.5552254691317249 -3.7546464201258694 1.7018
    endloop
  endfacet
  facet normal 0 0 1
    outer loop
      vertex -10.16 -6.16 1.7018
      vertex 16.9821408623797 -2.7393102010186214 1.7018
      vertex 16.72971421407761 -2.3989522661786427 1.7018
    endloop
  endfacet
  facet normal 0 0 1
    outer loop
      vertex 16.72971421407761 -2.3989522661786427 1.7018
      vertex 2.2578374269916632 -3.3790925043975437 1.7018
      vertex 1.9157563384608545 -3.584128018311715 1.7018
    endloop
  endfacet
  facet normal 0 0 1
    outer loop
      vertex 16.72971421407761 -2.3989522661786427 1.7018
      vertex 2.5781743068410554 -3.1415144824661634 1.7018
      vertex 2.2578374269916632 -3.3790925043975437 1.7018
    endloop
  endfacet
  facet normal 0 0 1
    outer loop
      vertex 16.72971421407761 -2.3989522661786427 1.7018
      vertex 2.873681958742129 -2.873681958742129 1.7018
      vertex 2.5781743068410554 -3.1415144824661634 1.7018
    endloop
  endfacet
  facet normal 0 0 1
    outer loop
      vertex 16.72971421407761 -2.3989522661786427 1.7018
      vertex 3.1415144824661634 -2.5781743068410554 1.7018
      vertex 2.873681958742129 -2.873681958742129 1.7018
    endloop
  endfacet
  facet normal 0 0 1
    outer loop
      vertex -10.083141121864319 -6.9403612872958185 1.7018
      vertex 19.066550763615233 -4.1320683696916785 1.7018
      vertex 18.667572939047542 -3.9893118213837364 1.7018
    endloop
  endfacet
  facet normal 0 0 1
    outer loop
      vertex -10.083141121864319 -6.9403612872958185 1.7018
      vertex 18.667572939047542 -3.9893118213837364 1.7018
      vertex 18.284508890385343 -3.8081360194561977 1.7018
    endloop
  endfacet
  facet normal 0 0 1
    outer loop
      vertex 3.1415144824661634 -2.5781743068410554 1.7018
      vertex 16.72971421407761 -2.3989522661786427 1.7018
      vertex 3.3790925043975437 -2.2578374269916632 1.7018
    endloop
  endfacet
  facet normal 0 0 1
    outer loop
      vertex 3.3790925043975437 -2.2578374269916632 1.7018
      vertex 16.5118639805438 -2.035491109614658 1.7018
      vertex 3.584128018311715 -1.9157563384608545 1.7018
    endloop
  endfacet
  facet normal 0 0 1
    outer loop
      vertex 3.584128018311715 -1.9157563384608545 1.7018
      vertex 16.330688178616263 -1.6524270609524578 1.7018
      vertex 3.7546464201258694 -1.5552254691317249 1.7018
    endloop
  endfacet
  facet normal 0 0 1
    outer loop
      vertex 3.7546464201258694 -1.5552254691317249 1.7018
      vertex 16.18793163030832 -1.2534492363847685 1.7018
      vertex 3.8890055244156967 -1.179716928362135 1.7018
    endloop
  endfacet
  facet normal 0 0 1
    outer loop
      vertex 3.8890055244156967 -1.179716928362135 1.7018
      vertex 16.08496915921885 -0.8424000104656418 1.7018
      vertex 3.9859113795587287 -0.7928470686735453 1.7018
    endloop
  endfacet
  facet normal 0 0 1
    outer loop
      vertex 3.9859113795587287 -0.7928470686735453 1.7018
      vertex 16.02279235022945 -0.4232380119430427 1.7018
      vertex 4.044430729195809 -0.3983416582993343 1.7018
    endloop
  endfacet
  facet normal 0 0 1
    outer loop
      vertex 4.044430729195809 -0.3983416582993343 1.7018
      vertex 16.002 0 1.7018
      vertex 4.064 0 1.7018
    endloop
  endfacet
  facet normal 0 0 1
    outer loop
      vertex 16.5118639805438 -2.035491109614658 1.7018
      vertex 3.3790925043975437 -2.2578374269916632 1.7018
      vertex 16.72971421407761 -2.3989522661786427 1.7018
    endloop
  endfacet
  facet normal 0 0 1
    outer loop
      vertex 16.330688178616263 -1.6524270609524578 1.7018
      vertex 3.584128018311715 -1.9157563384608545 1.7018
      vertex 16.5118639805438 -2.035491109614658 1.7018
    endloop
  endfacet
  facet normal 0 0 1
    outer loop
      vertex 16.18793163030832 -1.2534492363847685 1.7018
      vertex 3.7546464201258694 -1.5552254691317249 1.7018
      vertex 16.330688178616263 -1.6524270609524578 1.7018
    endloop
  endfacet
  facet normal 0 0 1
    outer loop
      vertex 16.08496915921885 -0.8424000104656418 1.7018
      vertex 3.8890055244156967 -1.179716928362135 1.7018
      vertex 16.18793163030832 -1.2534492363847685 1.7018
    endloop
  endfacet
  facet normal 0 0 1
    outer loop
      vertex 16.02279235022945 -0.4232380119430427 1.7018
      vertex 3.9859113795587287 -0.7928470686735453 1.7018
      vertex 16.08496915921885 -0.8424000104656418 1.7018
    endloop
  endfacet
  facet normal 0 0 1
    outer loop
      vertex 16.002 0 1.7018
      vertex 4.044430729195809 -0.3983416582993343 1.7018
      vertex 16.02279235022945 -0.4232380119430427 1.7018
    endloop
  endfacet
  facet normal 0 -1 0
    outer loop
      vertex 19.87 -10.16 0
      vertex 20.77 -10.16 1.7018
      vertex 19.87 -10.16 1.7018
    endloop
  endfacet
  facet normal 0 -1 0
    outer loop
      vertex 22.37 -10.16 0
      vertex 37.34 -10.16 1.7018
      vertex 22.37 -10.16 1.7018
    endloop
  endfacet
  facet normal 0 -1 0
    outer loop
      vertex 38.94 -10.16 0
      vertex 39.84 -10.16 1.7018
      vertex 38.94 -10.16 1.7018
    endloop
  endfacet
  facet normal 0 0 1
    outer loop
      vertex 20.77 -10.16 1.7018
      vertex 20.83089637399097 -9.853853254107928 1.7018
      vertex 19.87 -10.16 1.7018
    endloop
  endfacet
  facet normal 0 0 1
    outer loop
      vertex 19.87 -10.16 1.7018
      vertex 20.83089637399097 -9.853853254107928 1.7018
      vertex 19.80910362600903 -9.853853254107928 1.7018
    endloop
  endfacet
  facet normal 0 0 1
    outer loop
      vertex 19.80910362600903 -9.853853254107928 1.7018
      vertex 20.83089637399097 -9.853853254107928 1.7018
      vertex 21.004314575050763 -9.594314575050761 1.7018
    endloop
  endfacet
  facet normal 0 0 1
    outer loop
      vertex 19.80910362600903 -9.853853254107928 1.7018
      vertex 21.004314575050763 -9.594314575050761 1.7018
      vertex 19.635685424949237 -9.594314575050761 1.7018
    endloop
  endfacet
  facet normal 0 0 1
    outer loop
      vertex 21.26385325410793 -9.42089637399097 1.7018
      vertex 19.635685424949237 -9.594314575050761 1.7018
      vertex 21.004314575050763 -9.594314575050761 1.7018
    endloop
  endfacet
  facet normal 0 0 1
    outer loop
      vertex 19.376146745892072 -9.42089637399097 1.7018
      vertex 19.635685424949237 -9.594314575050761 1.7018
      vertex 21.26385325410793 -9.42089637399097 1.7018
    endloop
  endfacet
  facet normal 0 0 1
    outer loop
      vertex 19.07 -9.36 1.7018
      vertex 19.376146745892072 -9.42089637399097 1.7018
      vertex 21.57 -9.36 1.7018
    endloop
  endfacet
  facet normal 0 0 1
    outer loop
      vertex 19.376146745892072 -9.42089637399097 1.7018
      vertex 21.26385325410793 -9.42089637399097 1.7018
      vertex 21.57 -9.36 1.7018
    endloop
  endfacet
  facet normal 0 0 1
    outer loop
      vertex 22.37 -10.16 1.7018
      vertex 37.574314575050764 -9.594314575050761 1.7018
      vertex 22.30910362600903 -9.853853254107928 1.7018
    endloop
  endfacet
  facet normal 0 0 1
    outer loop
      vertex 22.30910362600903 -9.853853254107928 1.7018
      vertex 37.83385325410793 -9.42089637399097 1.7018
      vertex 22.135685424949237 -9.594314575050761 1.7018
    endloop
  endfacet
  facet normal 0 0 1
    outer loop
      vertex 21.876146745892072 -9.42089637399097 1.7018
      vertex 22.135685424949237 -9.594314575050761 1.7018
      vertex 37.83385325410793 -9.42089637399097 1.7018
    endloop
  endfacet
  facet normal 0 0 1
    outer loop
      vertex -8.697573136389256 -9.252041812837124 1.7018
      vertex 0 -9.36 1.7018
      vertex 90.53204181432724 -8.697573136389256 1.7018
    endloop
  endfacet
  facet normal 0 0 1
    outer loop
      vertex -8.697573136389256 -9.252041812837124 1.7018
      vertex 90.76587845027447 -8.38228093445301 1.7018
      vertex -8.988427121043205 -8.988427121043205 1.7018
    endloop
  endfacet
  facet normal 0 0 1
    outer loop
      vertex -8.988427121043205 -8.988427121043205 1.7018
      vertex 90.96768506258726 -8.045586947202683 1.7018
      vertex -9.252041812837124 -8.697573136389256 1.7018
    endloop
  endfacet
  facet normal 0 0 1
    outer loop
      vertex -9.252041812837124 -8.697573136389256 1.7018
      vertex 91.13551813006401 -7.6907337269186975 1.7018
      vertex -9.485878448784351 -8.38228093445301 1.7018
    endloop
  endfacet
  facet normal 0 0 1
    outer loop
      vertex -9.485878448784351 -8.38228093445301 1.7018
      vertex 91.26776134610176 -7.321138705909252 1.7018
      vertex -9.687685061097145 -8.045586947202683 1.7018
    endloop
  endfacet
  facet normal 0 0 1
    outer loop
      vertex -10.083141121864319 -6.9403612872958185 1.7018
      vertex 40.19186563441325 -4.549984570345283 1.7018
      vertex 20.32 -4.3180000000000005 1.7018
    endloop
  endfacet
  facet normal 0 0 1
    outer loop
      vertex -9.687685061097145 -8.045586947202683 1.7018
      vertex 91.36314112335444 -6.9403612872958185 1.7018
      vertex -9.855518128573895 -7.6907337269186975 1.7018
    endloop
  endfacet
  facet normal 0 0 1
    outer loop
      vertex -9.855518128573895 -7.6907337269186975 1.7018
      vertex 91.42073890954256 -6.552068564891815 1.7018
      vertex -9.987761344611645 -7.321138705909252 1.7018
    endloop
  endfacet
  facet normal 0 0 1
    outer loop
      vertex -9.987761344611645 -7.321138705909252 1.7018
      vertex 91.44000000149012 -6.16 1.7018
      vertex -10.083141121864319 -6.9403612872958185 1.7018
    endloop
  endfacet
  facet normal 0 0 1
    outer loop
      vertex -10.083141121864319 -6.9403612872958185 1.7018
      vertex 40.64 -4.571999999999999 1.7018
      vertex 40.19186563441325 -4.549984570345283 1.7018
    endloop
  endfacet
  facet normal 0 0 1
    outer loop
      vertex 90.53204181432724 -8.697573136389256 1.7018
      vertex 0 -9.36 1.7018
      vertex 0.30614674589207186 -9.42089637399097 1.7018
    endloop
  endfacet
  facet normal 0 0 1
    outer loop
      vertex 37.34 -10.16 1.7018
      vertex 37.400896373990975 -9.853853254107928 1.7018
      vertex 22.37 -10.16 1.7018
    endloop
  endfacet
  facet normal 0 0 1
    outer loop
      vertex 22.37 -10.16 1.7018
      vertex 37.400896373990975 -9.853853254107928 1.7018
      vertex 37.574314575050764 -9.594314575050761 1.7018
    endloop
  endfacet
  facet normal 0 0 1
    outer loop
      vertex 37.83385325410793 -9.42089637399097 1.7018
      vertex 22.30910362600903 -9.853853254107928 1.7018
      vertex 37.574314575050764 -9.594314575050761 1.7018
    endloop
  endfacet
  facet normal 0 0 1
    outer loop
      vertex 21.876146745892072 -9.42089637399097 1.7018
      vertex 37.83385325410793 -9.42089637399097 1.7018
      vertex 38.14 -9.36 1.7018
    endloop
  endfacet
  facet normal 0 0 1
    outer loop
      vertex 90.26842712253332 -8.988427121043205 1.7018
      vertex 0.30614674589207186 -9.42089637399097 1.7018
      vertex 19.07 -9.36 1.7018
    endloop
  endfacet
  facet normal 0 0 1
    outer loop
      vertex 39.84 -10.16 1.7018
      vertex 39.900896373990975 -9.853853254107928 1.7018
      vertex 38.94 -10.16 1.7018
    endloop
  endfacet
  facet normal 0 0 1
    outer loop
      vertex 38.94 -10.16 1.7018
      vertex 39.900896373990975 -9.853853254107928 1.7018
      vertex 38.87910362600903 -9.853853254107928 1.7018
    endloop
  endfacet
  facet normal 0 0 1
    outer loop
      vertex 38.87910362600903 -9.853853254107928 1.7018
      vertex 39.900896373990975 -9.853853254107928 1.7018
      vertex 40.074314575050764 -9.594314575050761 1.7018
    endloop
  endfacet
  facet normal 0 0 1
    outer loop
      vertex 38.87910362600903 -9.853853254107928 1.7018
      vertex 40.074314575050764 -9.594314575050761 1.7018
      vertex 38.70568542494924 -9.594314575050761 1.7018
    endloop
  endfacet
  facet normal 0 0 1
    outer loop
      vertex 40.33385325410793 -9.42089637399097 1.7018
      vertex 38.70568542494924 -9.594314575050761 1.7018
      vertex 40.074314575050764 -9.594314575050761 1.7018
    endloop
  endfacet
  facet normal 0 0 1
    outer loop
      vertex 38.44614674589207 -9.42089637399097 1.7018
      vertex 38.70568542494924 -9.594314575050761 1.7018
      vertex 40.33385325410793 -9.42089637399097 1.7018
    endloop
  endfacet
  facet normal 0 0 1
    outer loop
      vertex 38.14 -9.36 1.7018
      vertex 38.44614674589207 -9.42089637399097 1.7018
      vertex 40.64 -9.36 1.7018
    endloop
  endfacet
  facet normal 0 0 1
    outer loop
      vertex 38.44614674589207 -9.42089637399097 1.7018
      vertex 40.33385325410793 -9.42089637399097 1.7018
      vertex 40.64 -9.36 1.7018
    endloop
  endfacet
  facet normal 0 0 1
    outer loop
      vertex -10.083141121864319 -6.9403612872958185 1.7018
      vertex 60.96 -4.826 1.7018
      vertex 40.64 -4.571999999999999 1.7018
    endloop
  endfacet
  facet normal 0 0 1
    outer loop
      vertex 20.32 -4.3180000000000005 1.7018
      vertex 40.19186563441325 -4.549984570345283 1.7018
      vertex 20.743238011943042 -4.297207649770547 1.7018
    endloop
  endfacet
  facet normal 0 0 1
    outer loop
      vertex 20.743238011943042 -4.297207649770547 1.7018
      vertex 39.74804704774226 -4.4841503020035685 1.7018
      vertex 21.162400010465642 -4.23503084078115 1.7018
    endloop
  endfacet
  facet normal 0 0 1
    outer loop
      vertex 21.162400010465642 -4.23503084078115 1.7018
      vertex 39.3128184555926 -4.3751312149676576 1.7018
      vertex 21.573449236384768 -4.1320683696916785 1.7018
    endloop
  endfacet
  facet normal 0 0 1
    outer loop
      vertex 21.573449236384768 -4.1320683696916785 1.7018
      vertex 38.89037134722681 -4.223977222641603 1.7018
      vertex 21.97242706095246 -3.9893118213837364 1.7018
    endloop
  endfacet
  facet normal 0 0 1
    outer loop
      vertex 21.97242706095246 -3.9893118213837364 1.7018
      vertex 38.48477411923154 -4.032144020600678 1.7018
      vertex 22.355491109614658 -3.8081360194561977 1.7018
    endloop
  endfacet
  facet normal 0 0 1
    outer loop
      vertex 22.355491109614658 -3.8081360194561977 1.7018
      vertex 38.09993289463438 -3.8014790674472363 1.7018
      vertex 22.718952266178643 -3.590285785922391 1.7018
    endloop
  endfacet
  facet normal 0 0 1
    outer loop
      vertex 22.718952266178643 -3.590285785922391 1.7018
      vertex 37.73955390480381 -3.534203792774433 1.7018
      vertex 23.059310201018622 -3.3378591376202986 1.7018
    endloop
  endfacet
  facet normal 0 0 1
    outer loop
      vertex 36.15584969799643 -0.8919529522577382 1.7018
      vertex 23.91028578592239 -2.3989522661786427 1.7018
      vertex 23.6578591376203 -2.7393102010186214 1.7018
    endloop
  endfacet
  facet normal 0 0 1
    outer loop
      vertex 39.3128184555926 -4.3751312149676576 1.7018
      vertex 21.162400010465642 -4.23503084078115 1.7018
      vertex 39.74804704774226 -4.4841503020035685 1.7018
    endloop
  endfacet
  facet normal 0 0 1
    outer loop
      vertex 38.89037134722681 -4.223977222641603 1.7018
      vertex 21.573449236384768 -4.1320683696916785 1.7018
      vertex 39.3128184555926 -4.3751312149676576 1.7018
    endloop
  endfacet
  facet normal 0 0 1
    outer loop
      vertex 39.74804704774226 -4.4841503020035685 1.7018
      vertex 20.743238011943042 -4.297207649770547 1.7018
      vertex 40.19186563441325 -4.549984570345283 1.7018
    endloop
  endfacet
  facet normal 0 0 1
    outer loop
      vertex 38.48477411923154 -4.032144020600678 1.7018
      vertex 21.97242706095246 -3.9893118213837364 1.7018
      vertex 38.89037134722681 -4.223977222641603 1.7018
    endloop
  endfacet
  facet normal 0 0 1
    outer loop
      vertex 38.09993289463438 -3.8014790674472363 1.7018
      vertex 22.355491109614658 -3.8081360194561977 1.7018
      vertex 38.48477411923154 -4.032144020600678 1.7018
    endloop
  endfacet
  facet normal 0 0 1
    outer loop
      vertex 23.059310201018622 -3.3378591376202986 1.7018
      vertex 37.407107796415104 -3.232892203584895 1.7018
      vertex 23.373287081163515 -3.053287081163513 1.7018
    endloop
  endfacet
  facet normal 0 0 1
    outer loop
      vertex 23.373287081163515 -3.053287081163513 1.7018
      vertex 37.105796207225566 -2.9004460951961866 1.7018
      vertex 23.6578591376203 -2.7393102010186214 1.7018
    endloop
  endfacet
  facet normal 0 0 1
    outer loop
      vertex 37.73955390480381 -3.534203792774433 1.7018
      vertex 22.718952266178643 -3.590285785922391 1.7018
      vertex 38.09993289463438 -3.8014790674472363 1.7018
    endloop
  endfacet
  facet normal 0 0 1
    outer loop
      vertex 37.407107796415104 -3.232892203584895 1.7018
      vertex 23.059310201018622 -3.3378591376202986 1.7018
      vertex 37.73955390480381 -3.534203792774433 1.7018
    endloop
  endfacet
  facet normal 0 0 1
    outer loop
      vertex 37.105796207225566 -2.9004460951961866 1.7018
      vertex 23.373287081163515 -3.053287081163513 1.7018
      vertex 37.407107796415104 -3.232892203584895 1.7018
    endloop
  endfacet
  facet normal 0 0 1
    outer loop
      vertex 36.83852093255276 -2.5400671053656207 1.7018
      vertex 23.6578591376203 -2.7393102010186214 1.7018
      vertex 37.105796207225566 -2.9004460951961866 1.7018
    endloop
  endfacet
  facet normal 0 0 1
    outer loop
      vertex 36.09001542965472 -0.448134365586751 1.7018
      vertex 24.1281360194562 -2.035491109614658 1.7018
      vertex 23.91028578592239 -2.3989522661786427 1.7018
    endloop
  endfacet
  facet normal 0 0 1
    outer loop
      vertex 23.6578591376203 -2.7393102010186214 1.7018
      vertex 36.83852093255276 -2.5400671053656207 1.7018
      vertex 36.607855979399325 -2.155225880768461 1.7018
    endloop
  endfacet
  facet normal 0 0 1
    outer loop
      vertex 23.6578591376203 -2.7393102010186214 1.7018
      vertex 36.607855979399325 -2.155225880768461 1.7018
      vertex 36.4160227773584 -1.7496286527731901 1.7018
    endloop
  endfacet
  facet normal 0 0 1
    outer loop
      vertex 23.6578591376203 -2.7393102010186214 1.7018
      vertex 36.4160227773584 -1.7496286527731901 1.7018
      vertex 36.26486878503234 -1.3271815444074015 1.7018
    endloop
  endfacet
  facet normal 0 0 1
    outer loop
      vertex 23.6578591376203 -2.7393102010186214 1.7018
      vertex 36.26486878503234 -1.3271815444074015 1.7018
      vertex 36.15584969799643 -0.8919529522577382 1.7018
    endloop
  endfacet
  facet normal 0 0 1
    outer loop
      vertex 36.068 0 1.7018
      vertex 24.309311821383737 -1.6524270609524578 1.7018
      vertex 24.1281360194562 -2.035491109614658 1.7018
    endloop
  endfacet
  facet normal 0 0 1
    outer loop
      vertex 36.068 0 1.7018
      vertex 24.45206836969168 -1.2534492363847685 1.7018
      vertex 24.309311821383737 -1.6524270609524578 1.7018
    endloop
  endfacet
  facet normal 0 0 1
    outer loop
      vertex 36.068 0 1.7018
      vertex 24.55503084078115 -0.8424000104656418 1.7018
      vertex 24.45206836969168 -1.2534492363847685 1.7018
    endloop
  endfacet
  facet normal 0 0 1
    outer loop
      vertex 36.068 0 1.7018
      vertex 24.61720764977055 -0.4232380119430427 1.7018
      vertex 24.55503084078115 -0.8424000104656418 1.7018
    endloop
  endfacet
  facet normal 0 0 1
    outer loop
      vertex 36.068 0 1.7018
      vertex 24.638 0 1.7018
      vertex 24.61720764977055 -0.4232380119430427 1.7018
    endloop
  endfacet
  facet normal 0 0 1
    outer loop
      vertex 23.91028578592239 -2.3989522661786427 1.7018
      vertex 36.15584969799643 -0.8919529522577382 1.7018
      vertex 36.09001542965472 -0.448134365586751 1.7018
    endloop
  endfacet
  facet normal 0 0 1
    outer loop
      vertex 24.1281360194562 -2.035491109614658 1.7018
      vertex 36.09001542965472 -0.448134365586751 1.7018
      vertex 36.068 0 1.7018
    endloop
  endfacet
  facet normal 0 0 -1
    outer loop
      vertex -10.16 6.160000000298023 0
      vertex -4.830626663266844 -0.4757751991596872 0
      vertex -4.76073175107728 -0.9469684230662866 0
    endloop
  endfacet
  facet normal 0 0 -1
    outer loop
      vertex -10.16 6.160000000298023 0
      vertex -4.854 0 0
      vertex -4.830626663266844 -0.4757751991596872 0
    endloop
  endfacet
  facet normal 0 0 -1
    outer loop
      vertex -10.16 6.160000000298023 0
      vertex -4.830626663266844 0.4757751991596872 0
      vertex -4.854 0 0
    endloop
  endfacet
  facet normal 0 0 -1
    outer loop
      vertex -10.16 6.160000000298023 0
      vertex -4.76073175107728 0.9469684230662866 0
      vertex -4.830626663266844 0.4757751991596872 0
    endloop
  endfacet
  facet normal 0 0 -1
    outer loop
      vertex -10.16 6.160000000298023 0
      vertex -4.6449883896441415 1.40904182339316 0
      vertex -4.76073175107728 0.9469684230662866 0
    endloop
  endfacet
  facet normal 0 0 -1
    outer loop
      vertex -10.16 6.160000000298023 0
      vertex -4.484511250809786 1.8575453807001456 0
      vertex -4.6449883896441415 1.40904182339316 0
    endloop
  endfacet
  facet normal 0 0 -1
    outer loop
      vertex -10.16 6.160000000298023 0
      vertex -4.280845817146916 2.2881597605533925 0
      vertex -4.484511250809786 1.8575453807001456 0
    endloop
  endfacet
  facet normal 0 0 -1
    outer loop
      vertex -10.16 6.160000000298023 0
      vertex -4.035953498116554 2.696737911077149 0
      vertex -4.280845817146916 2.2881597605533925 0
    endloop
  endfacet
  facet normal 0 0 -1
    outer loop
      vertex -10.16 6.160000000298023 0
      vertex -3.752192740622725 3.079345001330335 0
      vertex -4.035953498116554 2.696737911077149 0
    endloop
  endfacet
  facet normal 0 0 -1
    outer loop
      vertex -10.16 6.160000000298023 0
      vertex -3.432296315879502 3.432296315879502 0
      vertex -3.752192740622725 3.079345001330335 0
    endloop
  endfacet
  facet normal 0 0 -1
    outer loop
      vertex -10.16 6.160000000298023 0
      vertex -3.079345001330335 3.752192740622725 0
      vertex -3.432296315879502 3.432296315879502 0
    endloop
  endfacet
  facet normal 0 0 -1
    outer loop
      vertex -10.16 6.160000000298023 0
      vertex -2.696737911077149 4.035953498116554 0
      vertex -3.079345001330335 3.752192740622725 0
    endloop
  endfacet
  facet normal 0 0 -1
    outer loop
      vertex -10.16 6.160000000298023 0
      vertex -2.2881597605533925 4.280845817146916 0
      vertex -2.696737911077149 4.035953498116554 0
    endloop
  endfacet
  facet normal 0 0 -1
    outer loop
      vertex -10.16 6.160000000298023 0
      vertex -1.8575453807001456 4.484511250809786 0
      vertex -2.2881597605533925 4.280845817146916 0
    endloop
  endfacet
  facet normal 0 0 -1
    outer loop
      vertex 4.854 0 0
      vertex 4.830626663266844 0.4757751991596872 0
      vertex 15.212 0 0
    endloop
  endfacet
  facet normal 0 0 -1
    outer loop
      vertex 4.830626663266844 0.4757751991596872 0
      vertex 4.76073175107728 0.9469684230662866 0
      vertex 15.236596416158418 0.5006715528033956 0
    endloop
  endfacet
  facet normal 0 0 -1
    outer loop
      vertex 4.6449883896441415 1.40904182339316 0
      vertex 15.310148787700298 0.9965213648583832 0
      vertex 4.76073175107728 0.9469684230662866 0
    endloop
  endfacet
  facet normal 0 0 -1
    outer loop
      vertex 4.6449883896441415 1.40904182339316 0
      vertex 4.484511250809786 1.8575453807001456 0
      vertex 15.431948765079877 1.4827741314157936 0
    endloop
  endfacet
  facet normal 0 0 -1
    outer loop
      vertex 15.600823347932346 1.9547469725208786 0
      vertex 4.484511250809786 1.8575453807001456 0
      vertex 4.280845817146916 2.2881597605533925 0
    endloop
  endfacet
  facet normal 0 0 -1
    outer loop
      vertex 4.035953498116554 2.696737911077149 0
      vertex 15.815146181708602 2.4078945317071963 0
      vertex 4.280845817146916 2.2881597605533925 0
    endloop
  endfacet
  facet normal 0 0 -1
    outer loop
      vertex 4.830626663266844 0.4757751991596872 0
      vertex 15.236596416158418 0.5006715528033956 0
      vertex 15.212 0 0
    endloop
  endfacet
  facet normal 0 0 -1
    outer loop
      vertex 4.76073175107728 0.9469684230662866 0
      vertex 15.310148787700298 0.9965213648583832 0
      vertex 15.236596416158418 0.5006715528033956 0
    endloop
  endfacet
  facet normal 0 0 -1
    outer loop
      vertex 4.6449883896441415 1.40904182339316 0
      vertex 15.431948765079877 1.4827741314157936 0
      vertex 15.310148787700298 0.9965213648583832 0
    endloop
  endfacet
  facet normal 0 0 -1
    outer loop
      vertex 15.431948765079877 1.4827741314157936 0
      vertex 4.484511250809786 1.8575453807001456 0
      vertex 15.600823347932346 1.9547469725208786 0
    endloop
  endfacet
  facet normal 0 0 -1
    outer loop
      vertex 4.280845817146916 2.2881597605533925 0
      vertex 15.815146181708602 2.4078945317071963 0
      vertex 15.600823347932346 1.9547469725208786 0
    endloop
  endfacet
  facet normal 0 0 -1
    outer loop
      vertex 3.752192740622725 3.079345001330335 0
      vertex 16.0728532203586 2.837852750264128 0
      vertex 4.035953498116554 2.696737911077149 0
    endloop
  endfacet
  facet normal 0 0 -1
    outer loop
      vertex 3.432296315879502 3.432296315879502 0
      vertex 16.37146260422314 3.2404808955079014 0
      vertex 3.752192740622725 3.079345001330335 0
    endloop
  endfacet
  facet normal 0 0 -1
    outer loop
      vertex 3.079345001330335 3.752192740622725 0
      vertex 16.708098561699114 3.6119014383008854 0
      vertex 3.432296315879502 3.432296315879502 0
    endloop
  endfacet
  facet normal 0 0 -1
    outer loop
      vertex 3.079345001330335 3.752192740622725 0
      vertex 2.696737911077149 4.035953498116554 0
      vertex 17.0795191044921 3.9485373957768606 0
    endloop
  endfacet
  facet normal 0 0 -1
    outer loop
      vertex 2.2881597605533925 4.280845817146916 0
      vertex 17.48214724973587 4.247146779641401 0
      vertex 2.696737911077149 4.035953498116554 0
    endloop
  endfacet
  facet normal 0 0 -1
    outer loop
      vertex 2.2881597605533925 4.280845817146916 0
      vertex 1.8575453807001456 4.484511250809786 0
      vertex 17.912105468292804 4.504853818291398 0
    endloop
  endfacet
  facet normal 0 0 -1
    outer loop
      vertex 1.8575453807001456 4.484511250809786 0
      vertex 1.40904182339316 4.6449883896441415 0
      vertex 18.36525302747912 4.719176652067652 0
    endloop
  endfacet
  facet normal 0 0 -1
    outer loop
      vertex 0.9469684230662866 4.76073175107728 0
      vertex 18.83722586858421 4.888051234920123 0
      vertex 1.40904182339316 4.6449883896441415 0
    endloop
  endfacet
  facet normal 0 0 -1
    outer loop
      vertex 0.4757751991596872 4.830626663266844 0
      vertex 19.32347863514162 5.009851212299702 0
      vertex 0.9469684230662866 4.76073175107728 0
    endloop
  endfacet
  facet normal 0 0 -1
    outer loop
      vertex 4.035953498116554 2.696737911077149 0
      vertex 16.0728532203586 2.837852750264128 0
      vertex 15.815146181708602 2.4078945317071963 0
    endloop
  endfacet
  facet normal 0 0 -1
    outer loop
      vertex 3.752192740622725 3.079345001330335 0
      vertex 16.37146260422314 3.2404808955079014 0
      vertex 16.0728532203586 2.837852750264128 0
    endloop
  endfacet
  facet normal 0 0 -1
    outer loop
      vertex 3.432296315879502 3.432296315879502 0
      vertex 16.708098561699114 3.6119014383008854 0
      vertex 16.37146260422314 3.2404808955079014 0
    endloop
  endfacet
  facet normal 0 0 -1
    outer loop
      vertex 3.079345001330335 3.752192740622725 0
      vertex 17.0795191044921 3.9485373957768606 0
      vertex 16.708098561699114 3.6119014383008854 0
    endloop
  endfacet
  facet normal 0 0 -1
    outer loop
      vertex 2.696737911077149 4.035953498116554 0
      vertex 17.48214724973587 4.247146779641401 0
      vertex 17.0795191044921 3.9485373957768606 0
    endloop
  endfacet
  facet normal 0 0 -1
    outer loop
      vertex 2.2881597605533925 4.280845817146916 0
      vertex 17.912105468292804 4.504853818291398 0
      vertex 17.48214724973587 4.247146779641401 0
    endloop
  endfacet
  facet normal 0 0 -1
    outer loop
      vertex 1.8575453807001456 4.484511250809786 0
      vertex 18.36525302747912 4.719176652067652 0
      vertex 17.912105468292804 4.504853818291398 0
    endloop
  endfacet
  facet normal 0 0 -1
    outer loop
      vertex 1.40904182339316 4.6449883896441415 0
      vertex 18.83722586858421 4.888051234920123 0
      vertex 18.36525302747912 4.719176652067652 0
    endloop
  endfacet
  facet normal 0 0 -1
    outer loop
      vertex 0.9469684230662866 4.76073175107728 0
      vertex 19.32347863514162 5.009851212299702 0
      vertex 18.83722586858421 4.888051234920123 0
    endloop
  endfacet
  facet normal 0 0 -1
    outer loop
      vertex 0.4757751991596872 4.830626663266844 0
      vertex 19.819328447196604 5.083403583841583 0
      vertex 19.32347863514162 5.009851212299702 0
    endloop
  endfacet
  facet normal -1 0 0
    outer loop
      vertex -10.16 -6.16 0
      vertex -10.16 6.160000000298023 1.7018
      vertex -10.16 6.160000000298023 0
    endloop
  endfacet
  facet normal 0 0 -1
    outer loop
      vertex -10.16 6.160000000298023 0
      vertex -1.40904182339316 4.6449883896441415 0
      vertex -1.8575453807001456 4.484511250809786 0
    endloop
  endfacet
  facet normal 0 0 -1
    outer loop
      vertex -10.16 6.160000000298023 0
      vertex -0.9469684230662866 4.76073175107728 0
      vertex -1.40904182339316 4.6449883896441415 0
    endloop
  endfacet
  facet normal 0 0 -1
    outer loop
      vertex -10.16 6.160000000298023 0
      vertex -0.4757751991596872 4.830626663266844 0
      vertex -0.9469684230662866 4.76073175107728 0
    endloop
  endfacet
  facet normal 0 0 -1
    outer loop
      vertex -10.16 6.160000000298023 0
      vertex 0 4.854 0
      vertex -0.4757751991596872 4.830626663266844 0
    endloop
  endfacet
  facet normal 0 0 -1
    outer loop
      vertex -10.16 6.160000000298023 0
      vertex 0.4757751991596872 4.830626663266844 0
      vertex 0 4.854 0
    endloop
  endfacet
  facet normal 0 0 -1
    outer loop
      vertex -6.9403612872958185 10.083141122162342 0
      vertex -6.552068564891815 10.140738908350468 0
      vertex -6.16 10.160000000298023 0
    endloop
  endfacet
  facet normal 0 0 -1
    outer loop
      vertex -10.16 6.160000000298023 0
      vertex 19.819328447196604 5.083403583841583 0
      vertex 0.4757751991596872 4.830626663266844 0
    endloop
  endfacet
  facet normal 0 0 -1
    outer loop
      vertex -10.16 6.160000000298023 0
      vertex 20.32 5.1080000000000005 0
      vertex 19.819328447196604 5.083403583841583 0
    endloop
  endfacet
  facet normal -0.9987954563973426 0.0490676704157047 0
    outer loop
      vertex -10.16 6.160000000298023 0
      vertex -10.140738908052445 6.552068565189838 1.7018
      vertex -10.140738908052445 6.552068565189838 0
    endloop
  endfacet
  facet normal -0.9891765093153608 0.1467304788333968 0
    outer loop
      vertex -10.140738908052445 6.552068565189838 0
      vertex -10.083141121864319 6.940361287593841 1.7018
      vertex -10.083141121864319 6.940361287593841 0
    endloop
  endfacet
  facet normal -0.970031253702096 0.2429801778770028 0
    outer loop
      vertex -10.083141121864319 6.940361287593841 0
      vertex -9.987761344611645 7.321138706207275 1.7018
      vertex -9.987761344611645 7.321138706207275 0
    endloop
  endfacet
  facet normal -0.9415440627982694 0.3368898600571533 0
    outer loop
      vertex -9.987761344611645 7.321138706207275 0
      vertex -9.855518128573895 7.69073372721672 1.7018
      vertex -9.855518128573895 7.69073372721672 0
    endloop
  endfacet
  facet normal -0.9039892993552974 0.42755508025413375 0
    outer loop
      vertex -9.855518128573895 7.69073372721672 0
      vertex -9.687685061097145 8.045586947500706 1.7018
      vertex -9.687685061097145 8.045586947500706 0
    endloop
  endfacet
  facet normal -0.8577286070283969 0.5141027491514957 0
    outer loop
      vertex -9.687685061097145 8.045586947500706 0
      vertex -9.485878448784351 8.382280934751034 1.7018
      vertex -9.485878448784351 8.382280934751034 0
    endloop
  endfacet
  facet normal -0.8032075288650014 0.5956993080192207 0
    outer loop
      vertex -9.485878448784351 8.382280934751034 0
      vertex -9.252041812837124 8.697573136687279 1.7018
      vertex -9.252041812837124 8.697573136687279 0
    endloop
  endfacet
  facet normal -0.7409511174895533 0.6715589635251563 0
    outer loop
      vertex -9.252041812837124 8.697573136687279 0
      vertex -8.988427121043205 8.988427121341228 1.7018
      vertex -8.988427121043205 8.988427121341228 0
    endloop
  endfacet
  facet normal -0.6715589635251563 0.7409511174895533 0
    outer loop
      vertex -8.988427121043205 8.988427121341228 0
      vertex -8.697573136389256 9.252041813135147 1.7018
      vertex -8.697573136389256 9.252041813135147 0
    endloop
  endfacet
  facet normal -0.5956993080192207 0.8032075288650014 0
    outer loop
      vertex -8.697573136389256 9.252041813135147 0
      vertex -8.38228093445301 9.485878449082374 1.7018
      vertex -8.38228093445301 9.485878449082374 0
    endloop
  endfacet
  facet normal -0.5141027491514957 0.8577286070283969 0
    outer loop
      vertex -8.38228093445301 9.485878449082374 0
      vertex -8.045586947202683 9.687685061395168 1.7018
      vertex -8.045586947202683 9.687685061395168 0
    endloop
  endfacet
  facet normal -0.42755508025413375 0.9039892993552974 0
    outer loop
      vertex -8.045586947202683 9.687685061395168 0
      vertex -7.6907337269186975 9.855518128871918 1.7018
      vertex -7.6907337269186975 9.855518128871918 0
    endloop
  endfacet
  facet normal -0.3368898600571533 0.9415440627982694 0
    outer loop
      vertex -7.6907337269186975 9.855518128871918 0
      vertex -7.321138705909252 9.987761344909668 1.7018
      vertex -7.321138705909252 9.987761344909668 0
    endloop
  endfacet
  facet normal -0.2429801778770028 0.970031253702096 0
    outer loop
      vertex -7.321138705909252 9.987761344909668 0
      vertex -6.9403612872958185 10.083141122162342 1.7018
      vertex -6.9403612872958185 10.083141122162342 0
    endloop
  endfacet
  facet normal -0.1467304788333968 0.9891765093153608 0
    outer loop
      vertex -6.9403612872958185 10.083141122162342 0
      vertex -6.552068564891815 10.140738908350468 1.7018
      vertex -6.552068564891815 10.140738908350468 0
    endloop
  endfacet
  facet normal -0.0490676704157047 0.9987954563973426 0
    outer loop
      vertex -6.552068564891815 10.140738908350468 0
      vertex -6.16 10.160000000298023 1.7018
      vertex -6.16 10.160000000298023 0
    endloop
  endfacet
  facet normal 0 0 -1
    outer loop
      vertex 23.15785275026413 4.247146779641401 0
      vertex 22.727894531707197 4.504853818291398 0
      vertex 37.6610324105489 4.458340061166247 0
    endloop
  endfacet
  facet normal 0 0 -1
    outer loop
      vertex 22.27474697252088 4.719176652067652 0
      vertex 38.112370697139 4.728861819435879 0
      vertex 22.727894531707197 4.504853818291398 0
    endloop
  endfacet
  facet normal 0 0 -1
    outer loop
      vertex 21.80277413141579 4.888051234920123 0
      vertex 38.58805143565839 4.953842053325518 0
      vertex 22.27474697252088 4.719176652067652 0
    endloop
  endfacet
  facet normal 0 0 -1
    outer loop
      vertex 21.31652136485838 5.009851212299702 0
      vertex 39.08349356056157 5.131114080196103 0
      vertex 21.80277413141579 4.888051234920123 0
    endloop
  endfacet
  facet normal 0 0 -1
    outer loop
      vertex 25.428 0 0
      vertex 25.40340358384158 0.5006715528033956 0
      vertex 35.278 0 0
    endloop
  endfacet
  facet normal 0 0 -1
    outer loop
      vertex 25.40340358384158 0.5006715528033956 0
      vertex 25.3298512122997 0.9965213648583832 0
      vertex 35.30381949558368 0.5255679064471038 0
    endloop
  endfacet
  facet normal 0 0 -1
    outer loop
      vertex 25.208051234920124 1.4827741314157936 0
      vertex 35.38102932647788 1.0460743066504796 0
      vertex 25.3298512122997 0.9965213648583832 0
    endloop
  endfacet
  facet normal 0 0 -1
    outer loop
      vertex 25.40340358384158 0.5006715528033956 0
      vertex 35.30381949558368 0.5255679064471038 0
      vertex 35.278 0 0
    endloop
  endfacet
  facet normal 0 0 -1
    outer loop
      vertex 25.3298512122997 0.9965213648583832 0
      vertex 35.38102932647788 1.0460743066504796 0
      vertex 35.30381949558368 0.5255679064471038 0
    endloop
  endfacet
  facet normal 0 0 -1
    outer loop
      vertex 25.208051234920124 1.4827741314157936 0
      vertex 25.039176652067653 1.9547469725208786 0
      vertex 35.5088859198039 1.5565064394384267 0
    endloop
  endfacet
  facet normal 0 0 -1
    outer loop
      vertex 25.039176652067653 1.9547469725208786 0
      vertex 24.8248538182914 2.4078945317071963 0
      vertex 35.68615794667448 2.051948564341611 0
    endloop
  endfacet
  facet normal 0 0 -1
    outer loop
      vertex 25.208051234920124 1.4827741314157936 0
      vertex 35.5088859198039 1.5565064394384267 0
      vertex 35.38102932647788 1.0460743066504796 0
    endloop
  endfacet
  facet normal 0 0 -1
    outer loop
      vertex 35.5088859198039 1.5565064394384267 0
      vertex 25.039176652067653 1.9547469725208786 0
      vertex 35.68615794667448 2.051948564341611 0
    endloop
  endfacet
  facet normal 0 0 -1
    outer loop
      vertex 24.8248538182914 2.4078945317071963 0
      vertex 35.911138180564116 2.527629302860999 0
      vertex 35.68615794667448 2.051948564341611 0
    endloop
  endfacet
  facet normal 0 0 -1
    outer loop
      vertex 24.5671467796414 2.837852750264128 0
      vertex 35.911138180564116 2.527629302860999 0
      vertex 24.8248538182914 2.4078945317071963 0
    endloop
  endfacet
  facet normal 0 0 -1
    outer loop
      vertex 24.26853739577686 3.2404808955079014 0
      vertex 36.181659938833754 2.9789675894511065 0
      vertex 24.5671467796414 2.837852750264128 0
    endloop
  endfacet
  facet normal 0 0 -1
    outer loop
      vertex 23.931901438300887 3.6119014383008854 0
      vertex 36.495117949069005 3.4016167896854665 0
      vertex 24.26853739577686 3.2404808955079014 0
    endloop
  endfacet
  facet normal 0 0 -1
    outer loop
      vertex 23.931901438300887 3.6119014383008854 0
      vertex 23.5604808955079 3.9485373957768606 0
      vertex 36.84849343927773 3.7915065607222678 0
    endloop
  endfacet
  facet normal 0 0 -1
    outer loop
      vertex 24.5671467796414 2.837852750264128 0
      vertex 36.181659938833754 2.9789675894511065 0
      vertex 35.911138180564116 2.527629302860999 0
    endloop
  endfacet
  facet normal 0 0 -1
    outer loop
      vertex 24.26853739577686 3.2404808955079014 0
      vertex 36.495117949069005 3.4016167896854665 0
      vertex 36.181659938833754 2.9789675894511065 0
    endloop
  endfacet
  facet normal 0 0 -1
    outer loop
      vertex 23.931901438300887 3.6119014383008854 0
      vertex 36.84849343927773 3.7915065607222678 0
      vertex 36.495117949069005 3.4016167896854665 0
    endloop
  endfacet
  facet normal 0 0 -1
    outer loop
      vertex 23.15785275026413 4.247146779641401 0
      vertex 37.23838321031454 4.1448820509309945 0
      vertex 23.5604808955079 3.9485373957768606 0
    endloop
  endfacet
  facet normal 0 0 -1
    outer loop
      vertex 23.5604808955079 3.9485373957768606 0
      vertex 37.23838321031454 4.1448820509309945 0
      vertex 36.84849343927773 3.7915065607222678 0
    endloop
  endfacet
  facet normal 0 0 -1
    outer loop
      vertex 23.15785275026413 4.247146779641401 0
      vertex 37.6610324105489 4.458340061166247 0
      vertex 37.23838321031454 4.1448820509309945 0
    endloop
  endfacet
  facet normal 0 0 -1
    outer loop
      vertex 22.727894531707197 4.504853818291398 0
      vertex 38.112370697139 4.728861819435879 0
      vertex 37.6610324105489 4.458340061166247 0
    endloop
  endfacet
  facet normal 0 0 -1
    outer loop
      vertex 22.27474697252088 4.719176652067652 0
      vertex 38.58805143565839 4.953842053325518 0
      vertex 38.112370697139 4.728861819435879 0
    endloop
  endfacet
  facet normal 0 0 -1
    outer loop
      vertex 21.80277413141579 4.888051234920123 0
      vertex 39.08349356056157 5.131114080196103 0
      vertex 38.58805143565839 4.953842053325518 0
    endloop
  endfacet
  facet normal 0 0 -1
    outer loop
      vertex -10.16 6.160000000298023 0
      vertex 40.64 5.361999999999999 0
      vertex 20.32 5.1080000000000005 0
    endloop
  endfacet
  facet normal 0 0 -1
    outer loop
      vertex 20.32 5.1080000000000005 0
      vertex 40.1144320935529 5.336180504416319 0
      vertex 20.820671552803397 5.083403583841583 0
    endloop
  endfacet
  facet normal 0 0 -1
    outer loop
      vertex 20.820671552803397 5.083403583841583 0
      vertex 39.59392569334952 5.25897067352212 0
      vertex 21.31652136485838 5.009851212299702 0
    endloop
  endfacet
  facet normal 0 0 -1
    outer loop
      vertex -10.16 6.160000000298023 0
      vertex -10.140738908052445 6.552068565189838 0
      vertex 91.26776134610176 7.321138706207275 0
    endloop
  endfacet
  facet normal 0 0 -1
    outer loop
      vertex -10.140738908052445 6.552068565189838 0
      vertex -10.083141121864319 6.940361287593841 0
      vertex 91.13551813006401 7.69073372721672 0
    endloop
  endfacet
  facet normal 0 0 -1
    outer loop
      vertex -10.083141121864319 6.940361287593841 0
      vertex -9.987761344611645 7.321138706207275 0
      vertex 90.96768506258726 8.045586947500706 0
    endloop
  endfacet
  facet normal 0 0 -1
    outer loop
      vertex -9.987761344611645 7.321138706207275 0
      vertex -9.855518128573895 7.69073372721672 0
      vertex 90.76587845027447 8.382280934751034 0
    endloop
  endfacet
  facet normal 0 0 -1
    outer loop
      vertex -9.855518128573895 7.69073372721672 0
      vertex -9.687685061097145 8.045586947500706 0
      vertex 90.53204181432724 8.697573136687279 0
    endloop
  endfacet
  facet normal 0 0 -1
    outer loop
      vertex -9.687685061097145 8.045586947500706 0
      vertex -9.485878448784351 8.382280934751034 0
      vertex 90.26842712253332 8.988427121341228 0
    endloop
  endfacet
  facet normal 0 0 -1
    outer loop
      vertex -9.485878448784351 8.382280934751034 0
      vertex -9.252041812837124 8.697573136687279 0
      vertex 89.97757313787938 9.252041813135147 0
    endloop
  endfacet
  facet normal 0 0 -1
    outer loop
      vertex -9.252041812837124 8.697573136687279 0
      vertex -8.988427121043205 8.988427121341228 0
      vertex 89.66228093594313 9.485878449082374 0
    endloop
  endfacet
  facet normal 0 0 -1
    outer loop
      vertex -8.988427121043205 8.988427121341228 0
      vertex -8.697573136389256 9.252041813135147 0
      vertex 89.3255869486928 9.687685061395168 0
    endloop
  endfacet
  facet normal 0 0 -1
    outer loop
      vertex -8.697573136389256 9.252041813135147 0
      vertex -8.38228093445301 9.485878449082374 0
      vertex 88.97073372840882 9.855518128871918 0
    endloop
  endfacet
  facet normal 0 0 -1
    outer loop
      vertex -8.38228093445301 9.485878449082374 0
      vertex -8.045586947202683 9.687685061395168 0
      vertex 88.60113870739937 9.987761344909668 0
    endloop
  endfacet
  facet normal 0 0 -1
    outer loop
      vertex -8.045586947202683 9.687685061395168 0
      vertex -7.6907337269186975 9.855518128871918 0
      vertex 88.22036128878594 10.083141122162342 0
    endloop
  endfacet
  facet normal 0 0 -1
    outer loop
      vertex -7.6907337269186975 9.855518128871918 0
      vertex -7.321138705909252 9.987761344909668 0
      vertex 87.83206856638193 10.140738908350468 0
    endloop
  endfacet
  facet normal 0 0 -1
    outer loop
      vertex -7.321138705909252 9.987761344909668 0
      vertex -6.9403612872958185 10.083141122162342 0
      vertex 87.44000000149012 10.160000000298023 0
    endloop
  endfacet
  facet normal 0 0 -1
    outer loop
      vertex -6.9403612872958185 10.083141122162342 0
      vertex -6.16 10.160000000298023 0
      vertex 87.44000000149012 10.160000000298023 0
    endloop
  endfacet
  facet normal 0 0 -1
    outer loop
      vertex -10.16 6.160000000298023 0
      vertex 60.409535739909195 5.588957424991058 0
      vertex 40.64 5.361999999999999 0
    endloop
  endfacet
  facet normal 0 0 -1
    outer loop
      vertex 21.31652136485838 5.009851212299702 0
      vertex 39.59392569334952 5.25897067352212 0
      vertex 39.08349356056157 5.131114080196103 0
    endloop
  endfacet
  facet normal 0 0 -1
    outer loop
      vertex 20.820671552803397 5.083403583841583 0
      vertex 40.1144320935529 5.336180504416319 0
      vertex 39.59392569334952 5.25897067352212 0
    endloop
  endfacet
  facet normal 0 0 -1
    outer loop
      vertex 20.32 5.1080000000000005 0
      vertex 40.64 5.361999999999999 0
      vertex 40.1144320935529 5.336180504416319 0
    endloop
  endfacet
  facet normal 0 0 -1
    outer loop
      vertex -10.16 6.160000000298023 0
      vertex 60.96 5.616 0
      vertex 60.409535739909195 5.588957424991058 0
    endloop
  endfacet
  facet normal 0 0 1
    outer loop
      vertex -10.16 6.160000000298023 1.7018
      vertex -3.9859113795587287 -0.7928470686735453 1.7018
      vertex -4.044430729195809 -0.3983416582993343 1.7018
    endloop
  endfacet
  facet normal 0 0 1
    outer loop
      vertex -10.16 6.160000000298023 1.7018
      vertex -4.044430729195809 -0.3983416582993343 1.7018
      vertex -4.064 0 1.7018
    endloop
  endfacet
  facet normal 0 0 1
    outer loop
      vertex -10.16 6.160000000298023 1.7018
      vertex -4.064 0 1.7018
      vertex -4.044430729195809 0.3983416582993343 1.7018
    endloop
  endfacet
  facet normal 0 0 1
    outer loop
      vertex -10.16 6.160000000298023 1.7018
      vertex -4.044430729195809 0.3983416582993343 1.7018
      vertex -3.9859113795587287 0.7928470686735453 1.7018
    endloop
  endfacet
  facet normal 0 0 1
    outer loop
      vertex -10.16 6.160000000298023 1.7018
      vertex -3.9859113795587287 0.7928470686735453 1.7018
      vertex -3.8890055244156967 1.179716928362135 1.7018
    endloop
  endfacet
  facet normal 0 0 1
    outer loop
      vertex -10.16 6.160000000298023 1.7018
      vertex -3.8890055244156967 1.179716928362135 1.7018
      vertex -3.7546464201258694 1.5552254691317249 1.7018
    endloop
  endfacet
  facet normal 0 0 1
    outer loop
      vertex -10.16 6.160000000298023 1.7018
      vertex -3.7546464201258694 1.5552254691317249 1.7018
      vertex -3.584128018311715 1.9157563384608545 1.7018
    endloop
  endfacet
  facet normal 0 0 1
    outer loop
      vertex -10.16 6.160000000298023 1.7018
      vertex -3.584128018311715 1.9157563384608545 1.7018
      vertex -3.3790925043975437 2.2578374269916632 1.7018
    endloop
  endfacet
  facet normal 0 0 1
    outer loop
      vertex -10.16 6.160000000298023 1.7018
      vertex -3.3790925043975437 2.2578374269916632 1.7018
      vertex -3.1415144824661634 2.5781743068410554 1.7018
    endloop
  endfacet
  facet normal 0 0 1
    outer loop
      vertex -10.16 6.160000000298023 1.7018
      vertex -3.1415144824661634 2.5781743068410554 1.7018
      vertex -2.873681958742129 2.873681958742129 1.7018
    endloop
  endfacet
  facet normal 0 0 1
    outer loop
      vertex -10.16 6.160000000298023 1.7018
      vertex -2.873681958742129 2.873681958742129 1.7018
      vertex -2.5781743068410554 3.1415144824661634 1.7018
    endloop
  endfacet
  facet normal 0 0 1
    outer loop
      vertex -10.16 6.160000000298023 1.7018
      vertex -2.5781743068410554 3.1415144824661634 1.7018
      vertex -2.2578374269916632 3.3790925043975437 1.7018
    endloop
  endfacet
  facet normal 0 0 1
    outer loop
      vertex -10.16 6.160000000298023 1.7018
      vertex -2.2578374269916632 3.3790925043975437 1.7018
      vertex -1.9157563384608545 3.584128018311715 1.7018
    endloop
  endfacet
  facet normal 0 0 1
    outer loop
      vertex -10.16 6.160000000298023 1.7018
      vertex -1.9157563384608545 3.584128018311715 1.7018
      vertex -1.5552254691317249 3.7546464201258694 1.7018
    endloop
  endfacet
  facet normal 0 0 1
    outer loop
      vertex -10.16 6.160000000298023 1.7018
      vertex -1.5552254691317249 3.7546464201258694 1.7018
      vertex -1.179716928362135 3.8890055244156967 1.7018
    endloop
  endfacet
  facet normal 0 0 1
    outer loop
      vertex -10.16 6.160000000298023 1.7018
      vertex -1.179716928362135 3.8890055244156967 1.7018
      vertex -0.7928470686735453 3.9859113795587287 1.7018
    endloop
  endfacet
  facet normal 0 0 1
    outer loop
      vertex -10.16 6.160000000298023 1.7018
      vertex -0.7928470686735453 3.9859113795587287 1.7018
      vertex -0.3983416582993343 4.044430729195809 1.7018
    endloop
  endfacet
  facet normal 0 0 1
    outer loop
      vertex -10.16 6.160000000298023 1.7018
      vertex -0.3983416582993343 4.044430729195809 1.7018
      vertex 0 4.064 1.7018
    endloop
  endfacet
  facet normal 0 0 1
    outer loop
      vertex -10.16 6.160000000298023 1.7018
      vertex 0 4.064 1.7018
      vertex 0.3983416582993343 4.044430729195809 1.7018
    endloop
  endfacet
  facet normal 0 0 1
    outer loop
      vertex 4.064 0 1.7018
      vertex 16.02279235022945 0.4232380119430427 1.7018
      vertex 4.044430729195809 0.3983416582993343 1.7018
    endloop
  endfacet
  facet normal 0 0 1
    outer loop
      vertex 4.044430729195809 0.3983416582993343 1.7018
      vertex 16.08496915921885 0.8424000104656418 1.7018
      vertex 3.9859113795587287 0.7928470686735453 1.7018
    endloop
  endfacet
  facet normal 0 0 1
    outer loop
      vertex 3.9859113795587287 0.7928470686735453 1.7018
      vertex 16.18793163030832 1.2534492363847685 1.7018
      vertex 3.8890055244156967 1.179716928362135 1.7018
    endloop
  endfacet
  facet normal 0 0 1
    outer loop
      vertex 3.8890055244156967 1.179716928362135 1.7018
      vertex 16.330688178616263 1.6524270609524578 1.7018
      vertex 3.7546464201258694 1.5552254691317249 1.7018
    endloop
  endfacet
  facet normal 0 0 1
    outer loop
      vertex 3.7546464201258694 1.5552254691317249 1.7018
      vertex 16.5118639805438 2.035491109614658 1.7018
      vertex 3.584128018311715 1.9157563384608545 1.7018
    endloop
  endfacet
  facet normal 0 0 1
    outer loop
      vertex 3.584128018311715 1.9157563384608545 1.7018
      vertex 16.72971421407761 2.3989522661786427 1.7018
      vertex 3.3790925043975437 2.2578374269916632 1.7018
    endloop
  endfacet
  facet normal 0 0 1
    outer loop
      vertex 3.3790925043975437 2.2578374269916632 1.7018
      vertex 16.9821408623797 2.7393102010186214 1.7018
      vertex 3.1415144824661634 2.5781743068410554 1.7018
    endloop
  endfacet
  facet normal 0 0 1
    outer loop
      vertex 4.064 0 1.7018
      vertex 16.002 0 1.7018
      vertex 16.02279235022945 0.4232380119430427 1.7018
    endloop
  endfacet
  facet normal 0 0 1
    outer loop
      vertex 4.044430729195809 0.3983416582993343 1.7018
      vertex 16.02279235022945 0.4232380119430427 1.7018
      vertex 16.08496915921885 0.8424000104656418 1.7018
    endloop
  endfacet
  facet normal 0 0 1
    outer loop
      vertex 3.9859113795587287 0.7928470686735453 1.7018
      vertex 16.08496915921885 0.8424000104656418 1.7018
      vertex 16.18793163030832 1.2534492363847685 1.7018
    endloop
  endfacet
  facet normal 0 0 1
    outer loop
      vertex 3.8890055244156967 1.179716928362135 1.7018
      vertex 16.18793163030832 1.2534492363847685 1.7018
      vertex 16.330688178616263 1.6524270609524578 1.7018
    endloop
  endfacet
  facet normal 0 0 1
    outer loop
      vertex 3.7546464201258694 1.5552254691317249 1.7018
      vertex 16.330688178616263 1.6524270609524578 1.7018
      vertex 16.5118639805438 2.035491109614658 1.7018
    endloop
  endfacet
  facet normal 0 0 1
    outer loop
      vertex 3.584128018311715 1.9157563384608545 1.7018
      vertex 16.5118639805438 2.035491109614658 1.7018
      vertex 16.72971421407761 2.3989522661786427 1.7018
    endloop
  endfacet
  facet normal 0 0 1
    outer loop
      vertex 3.3790925043975437 2.2578374269916632 1.7018
      vertex 16.72971421407761 2.3989522661786427 1.7018
      vertex 16.9821408623797 2.7393102010186214 1.7018
    endloop
  endfacet
  facet normal 0 0 1
    outer loop
      vertex 3.1415144824661634 2.5781743068410554 1.7018
      vertex 16.9821408623797 2.7393102010186214 1.7018
      vertex 2.873681958742129 2.873681958742129 1.7018
    endloop
  endfacet
  facet normal 0 0 1
    outer loop
      vertex 2.873681958742129 2.873681958742129 1.7018
      vertex 17.266712918836486 3.053287081163513 1.7018
      vertex 2.5781743068410554 3.1415144824661634 1.7018
    endloop
  endfacet
  facet normal 0 0 1
    outer loop
      vertex 1.9157563384608545 3.584128018311715 1.7018
      vertex 18.284508890385343 3.8081360194561977 1.7018
      vertex 1.5552254691317249 3.7546464201258694 1.7018
    endloop
  endfacet
  facet normal 0 0 1
    outer loop
      vertex 2.5781743068410554 3.1415144824661634 1.7018
      vertex 17.58068979898138 3.3378591376202986 1.7018
      vertex 2.2578374269916632 3.3790925043975437 1.7018
    endloop
  endfacet
  facet normal 0 0 1
    outer loop
      vertex 2.2578374269916632 3.3790925043975437 1.7018
      vertex 17.921047733821357 3.590285785922391 1.7018
      vertex 1.9157563384608545 3.584128018311715 1.7018
    endloop
  endfacet
  facet normal 0 0 1
    outer loop
      vertex -10.16 6.160000000298023 1.7018
      vertex 0.3983416582993343 4.044430729195809 1.7018
      vertex 19.477599989534358 4.23503084078115 1.7018
    endloop
  endfacet
  facet normal 0 0 1
    outer loop
      vertex 1.5552254691317249 3.7546464201258694 1.7018
      vertex 18.667572939047542 3.9893118213837364 1.7018
      vertex 1.179716928362135 3.8890055244156967 1.7018
    endloop
  endfacet
  facet normal 0 0 1
    outer loop
      vertex 0.7928470686735453 3.9859113795587287 1.7018
      vertex 19.477599989534358 4.23503084078115 1.7018
      vertex 0.3983416582993343 4.044430729195809 1.7018
    endloop
  endfacet
  facet normal 0 0 1
    outer loop
      vertex 1.179716928362135 3.8890055244156967 1.7018
      vertex 19.066550763615233 4.1320683696916785 1.7018
      vertex 0.7928470686735453 3.9859113795587287 1.7018
    endloop
  endfacet
  facet normal 0 0 1
    outer loop
      vertex 17.266712918836486 3.053287081163513 1.7018
      vertex 2.873681958742129 2.873681958742129 1.7018
      vertex 16.9821408623797 2.7393102010186214 1.7018
    endloop
  endfacet
  facet normal 0 0 1
    outer loop
      vertex 17.58068979898138 3.3378591376202986 1.7018
      vertex 2.5781743068410554 3.1415144824661634 1.7018
      vertex 17.266712918836486 3.053287081163513 1.7018
    endloop
  endfacet
  facet normal 0 0 1
    outer loop
      vertex 17.921047733821357 3.590285785922391 1.7018
      vertex 2.2578374269916632 3.3790925043975437 1.7018
      vertex 17.58068979898138 3.3378591376202986 1.7018
    endloop
  endfacet
  facet normal 0 0 1
    outer loop
      vertex 1.9157563384608545 3.584128018311715 1.7018
      vertex 17.921047733821357 3.590285785922391 1.7018
      vertex 18.284508890385343 3.8081360194561977 1.7018
    endloop
  endfacet
  facet normal 0 0 1
    outer loop
      vertex -10.16 6.160000000298023 1.7018
      vertex 19.477599989534358 4.23503084078115 1.7018
      vertex 19.89676198805696 4.297207649770547 1.7018
    endloop
  endfacet
  facet normal 0 0 1
    outer loop
      vertex -10.16 6.160000000298023 1.7018
      vertex 19.89676198805696 4.297207649770547 1.7018
      vertex 20.32 4.3180000000000005 1.7018
    endloop
  endfacet
  facet normal 0 0 1
    outer loop
      vertex 1.5552254691317249 3.7546464201258694 1.7018
      vertex 18.284508890385343 3.8081360194561977 1.7018
      vertex 18.667572939047542 3.9893118213837364 1.7018
    endloop
  endfacet
  facet normal 0 0 1
    outer loop
      vertex 1.179716928362135 3.8890055244156967 1.7018
      vertex 18.667572939047542 3.9893118213837364 1.7018
      vertex 19.066550763615233 4.1320683696916785 1.7018
    endloop
  endfacet
  facet normal 0 0 1
    outer loop
      vertex 0.7928470686735453 3.9859113795587287 1.7018
      vertex 19.066550763615233 4.1320683696916785 1.7018
      vertex 19.477599989534358 4.23503084078115 1.7018
    endloop
  endfacet
  facet normal -0.9987954563973426 0.0490676704157047 0
    outer loop
      vertex -10.16 6.160000000298023 0
      vertex -10.16 6.160000000298023 1.7018
      vertex -10.140738908052445 6.552068565189838 1.7018
    endloop
  endfacet
  facet normal -0.9891765093153608 0.1467304788333968 0
    outer loop
      vertex -10.140738908052445 6.552068565189838 0
      vertex -10.140738908052445 6.552068565189838 1.7018
      vertex -10.083141121864319 6.940361287593841 1.7018
    endloop
  endfacet
  facet normal -0.970031253702096 0.2429801778770028 0
    outer loop
      vertex -10.083141121864319 6.940361287593841 0
      vertex -10.083141121864319 6.940361287593841 1.7018
      vertex -9.987761344611645 7.321138706207275 1.7018
    endloop
  endfacet
  facet normal -0.9415440627982694 0.3368898600571533 0
    outer loop
      vertex -9.987761344611645 7.321138706207275 0
      vertex -9.987761344611645 7.321138706207275 1.7018
      vertex -9.855518128573895 7.69073372721672 1.7018
    endloop
  endfacet
  facet normal -0.9039892993552974 0.42755508025413375 0
    outer loop
      vertex -9.855518128573895 7.69073372721672 0
      vertex -9.855518128573895 7.69073372721672 1.7018
      vertex -9.687685061097145 8.045586947500706 1.7018
    endloop
  endfacet
  facet normal -0.8577286070283969 0.5141027491514957 0
    outer loop
      vertex -9.687685061097145 8.045586947500706 0
      vertex -9.687685061097145 8.045586947500706 1.7018
      vertex -9.485878448784351 8.382280934751034 1.7018
    endloop
  endfacet
  facet normal -0.8032075288650014 0.5956993080192207 0
    outer loop
      vertex -9.485878448784351 8.382280934751034 0
      vertex -9.485878448784351 8.382280934751034 1.7018
      vertex -9.252041812837124 8.697573136687279 1.7018
    endloop
  endfacet
  facet normal -0.7409511174895533 0.6715589635251563 0
    outer loop
      vertex -9.252041812837124 8.697573136687279 0
      vertex -9.252041812837124 8.697573136687279 1.7018
      vertex -8.988427121043205 8.988427121341228 1.7018
    endloop
  endfacet
  facet normal -0.6715589635251563 0.7409511174895533 0
    outer loop
      vertex -8.988427121043205 8.988427121341228 0
      vertex -8.988427121043205 8.988427121341228 1.7018
      vertex -8.697573136389256 9.252041813135147 1.7018
    endloop
  endfacet
  facet normal -0.5956993080192207 0.8032075288650014 0
    outer loop
      vertex -8.697573136389256 9.252041813135147 0
      vertex -8.697573136389256 9.252041813135147 1.7018
      vertex -8.38228093445301 9.485878449082374 1.7018
    endloop
  endfacet
  facet normal -0.5141027491514957 0.8577286070283969 0
    outer loop
      vertex -8.38228093445301 9.485878449082374 0
      vertex -8.38228093445301 9.485878449082374 1.7018
      vertex -8.045586947202683 9.687685061395168 1.7018
    endloop
  endfacet
  facet normal -0.42755508025413375 0.9039892993552974 0
    outer loop
      vertex -8.045586947202683 9.687685061395168 0
      vertex -8.045586947202683 9.687685061395168 1.7018
      vertex -7.6907337269186975 9.855518128871918 1.7018
    endloop
  endfacet
  facet normal -0.3368898600571533 0.9415440627982694 0
    outer loop
      vertex -7.6907337269186975 9.855518128871918 0
      vertex -7.6907337269186975 9.855518128871918 1.7018
      vertex -7.321138705909252 9.987761344909668 1.7018
    endloop
  endfacet
  facet normal -0.2429801778770028 0.970031253702096 0
    outer loop
      vertex -7.321138705909252 9.987761344909668 0
      vertex -7.321138705909252 9.987761344909668 1.7018
      vertex -6.9403612872958185 10.083141122162342 1.7018
    endloop
  endfacet
  facet normal -0.1467304788333968 0.9891765093153608 0
    outer loop
      vertex -6.9403612872958185 10.083141122162342 0
      vertex -6.9403612872958185 10.083141122162342 1.7018
      vertex -6.552068564891815 10.140738908350468 1.7018
    endloop
  endfacet
  facet normal -0.0490676704157047 0.9987954563973426 0
    outer loop
      vertex -6.552068564891815 10.140738908350468 0
      vertex -6.552068564891815 10.140738908350468 1.7018
      vertex -6.16 10.160000000298023 1.7018
    endloop
  endfacet
  facet normal 0 0 1
    outer loop
      vertex -6.9403612872958185 10.083141122162342 1.7018
      vertex -6.16 10.160000000298023 1.7018
      vertex -6.552068564891815 10.140738908350468 1.7018
    endloop
  endfacet
  facet normal 0 0 1
    outer loop
      vertex -10.16 6.160000000298023 1.7018
      vertex 20.32 4.3180000000000005 1.7018
      vertex 40.19186563441325 4.549984570345283 1.7018
    endloop
  endfacet
  facet normal 0 0 1
    outer loop
      vertex 23.059310201018622 3.3378591376202986 1.7018
      vertex 37.73955390480381 3.534203792774433 1.7018
      vertex 22.718952266178643 3.590285785922391 1.7018
    endloop
  endfacet
  facet normal 0 0 1
    outer loop
      vertex 22.718952266178643 3.590285785922391 1.7018
      vertex 38.09993289463438 3.8014790674472363 1.7018
      vertex 22.355491109614658 3.8081360194561977 1.7018
    endloop
  endfacet
  facet normal 0 0 1
    outer loop
      vertex 22.355491109614658 3.8081360194561977 1.7018
      vertex 38.48477411923154 4.032144020600678 1.7018
      vertex 21.97242706095246 3.9893118213837364 1.7018
    endloop
  endfacet
  facet normal 0 0 1
    outer loop
      vertex 21.97242706095246 3.9893118213837364 1.7018
      vertex 38.89037134722681 4.223977222641603 1.7018
      vertex 21.573449236384768 4.1320683696916785 1.7018
    endloop
  endfacet
  facet normal 0 0 1
    outer loop
      vertex 20.743238011943042 4.297207649770547 1.7018
      vertex 40.19186563441325 4.549984570345283 1.7018
      vertex 20.32 4.3180000000000005 1.7018
    endloop
  endfacet
  facet normal 0 0 1
    outer loop
      vertex 21.573449236384768 4.1320683696916785 1.7018
      vertex 39.3128184555926 4.3751312149676576 1.7018
      vertex 21.162400010465642 4.23503084078115 1.7018
    endloop
  endfacet
  facet normal 0 0 1
    outer loop
      vertex 21.162400010465642 4.23503084078115 1.7018
      vertex 39.74804704774226 4.4841503020035685 1.7018
      vertex 20.743238011943042 4.297207649770547 1.7018
    endloop
  endfacet
  facet normal 0 0 1
    outer loop
      vertex 24.638 0 1.7018
      vertex 36.09001542965472 0.448134365586751 1.7018
      vertex 24.61720764977055 0.4232380119430427 1.7018
    endloop
  endfacet
  facet normal 0 0 1
    outer loop
      vertex 24.61720764977055 0.4232380119430427 1.7018
      vertex 36.15584969799643 0.8919529522577382 1.7018
      vertex 24.55503084078115 0.8424000104656418 1.7018
    endloop
  endfacet
  facet normal 0 0 1
    outer loop
      vertex 24.55503084078115 0.8424000104656418 1.7018
      vertex 36.26486878503234 1.3271815444074015 1.7018
      vertex 24.45206836969168 1.2534492363847685 1.7018
    endloop
  endfacet
  facet normal 0 0 1
    outer loop
      vertex 24.638 0 1.7018
      vertex 36.068 0 1.7018
      vertex 36.09001542965472 0.448134365586751 1.7018
    endloop
  endfacet
  facet normal 0 0 1
    outer loop
      vertex 24.61720764977055 0.4232380119430427 1.7018
      vertex 36.09001542965472 0.448134365586751 1.7018
      vertex 36.15584969799643 0.8919529522577382 1.7018
    endloop
  endfacet
  facet normal 0 0 1
    outer loop
      vertex 24.55503084078115 0.8424000104656418 1.7018
      vertex 36.15584969799643 0.8919529522577382 1.7018
      vertex 36.26486878503234 1.3271815444074015 1.7018
    endloop
  endfacet
  facet normal 0 0 1
    outer loop
      vertex 24.45206836969168 1.2534492363847685 1.7018
      vertex 36.4160227773584 1.7496286527731901 1.7018
      vertex 24.309311821383737 1.6524270609524578 1.7018
    endloop
  endfacet
  facet normal 0 0 1
    outer loop
      vertex 24.309311821383737 1.6524270609524578 1.7018
      vertex 36.607855979399325 2.155225880768461 1.7018
      vertex 24.1281360194562 2.035491109614658 1.7018
    endloop
  endfacet
  facet normal 0 0 1
    outer loop
      vertex 24.1281360194562 2.035491109614658 1.7018
      vertex 36.83852093255276 2.5400671053656207 1.7018
      vertex 23.91028578592239 2.3989522661786427 1.7018
    endloop
  endfacet
  facet normal 0 0 1
    outer loop
      vertex 24.45206836969168 1.2534492363847685 1.7018
      vertex 36.26486878503234 1.3271815444074015 1.7018
      vertex 36.4160227773584 1.7496286527731901 1.7018
    endloop
  endfacet
  facet normal 0 0 1
    outer loop
      vertex 24.309311821383737 1.6524270609524578 1.7018
      vertex 36.4160227773584 1.7496286527731901 1.7018
      vertex 36.607855979399325 2.155225880768461 1.7018
    endloop
  endfacet
  facet normal 0 0 1
    outer loop
      vertex 24.1281360194562 2.035491109614658 1.7018
      vertex 36.607855979399325 2.155225880768461 1.7018
      vertex 36.83852093255276 2.5400671053656207 1.7018
    endloop
  endfacet
  facet normal 0 0 1
    outer loop
      vertex 23.91028578592239 2.3989522661786427 1.7018
      vertex 37.105796207225566 2.9004460951961866 1.7018
      vertex 23.6578591376203 2.7393102010186214 1.7018
    endloop
  endfacet
  facet normal 0 0 1
    outer loop
      vertex 23.6578591376203 2.7393102010186214 1.7018
      vertex 37.407107796415104 3.232892203584895 1.7018
      vertex 23.373287081163515 3.053287081163513 1.7018
    endloop
  endfacet
  facet normal 0 0 1
    outer loop
      vertex 23.373287081163515 3.053287081163513 1.7018
      vertex 37.407107796415104 3.232892203584895 1.7018
      vertex 23.059310201018622 3.3378591376202986 1.7018
    endloop
  endfacet
  facet normal 0 0 1
    outer loop
      vertex 23.91028578592239 2.3989522661786427 1.7018
      vertex 36.83852093255276 2.5400671053656207 1.7018
      vertex 37.105796207225566 2.9004460951961866 1.7018
    endloop
  endfacet
  facet normal 0 0 1
    outer loop
      vertex 23.6578591376203 2.7393102010186214 1.7018
      vertex 37.105796207225566 2.9004460951961866 1.7018
      vertex 37.407107796415104 3.232892203584895 1.7018
    endloop
  endfacet
  facet normal 0 0 1
    outer loop
      vertex 37.73955390480381 3.534203792774433 1.7018
      vertex 23.059310201018622 3.3378591376202986 1.7018
      vertex 37.407107796415104 3.232892203584895 1.7018
    endloop
  endfacet
  facet normal 0 0 1
    outer loop
      vertex 38.09993289463438 3.8014790674472363 1.7018
      vertex 22.718952266178643 3.590285785922391 1.7018
      vertex 37.73955390480381 3.534203792774433 1.7018
    endloop
  endfacet
  facet normal 0 0 1
    outer loop
      vertex 38.48477411923154 4.032144020600678 1.7018
      vertex 22.355491109614658 3.8081360194561977 1.7018
      vertex 38.09993289463438 3.8014790674472363 1.7018
    endloop
  endfacet
  facet normal 0 0 1
    outer loop
      vertex 38.89037134722681 4.223977222641603 1.7018
      vertex 21.97242706095246 3.9893118213837364 1.7018
      vertex 38.48477411923154 4.032144020600678 1.7018
    endloop
  endfacet
  facet normal 0 0 1
    outer loop
      vertex 39.3128184555926 4.3751312149676576 1.7018
      vertex 21.573449236384768 4.1320683696916785 1.7018
      vertex 38.89037134722681 4.223977222641603 1.7018
    endloop
  endfacet
  facet normal 0 0 1
    outer loop
      vertex 39.74804704774226 4.4841503020035685 1.7018
      vertex 21.162400010465642 4.23503084078115 1.7018
      vertex 39.3128184555926 4.3751312149676576 1.7018
    endloop
  endfacet
  facet normal 0 0 1
    outer loop
      vertex 40.19186563441325 4.549984570345283 1.7018
      vertex 20.743238011943042 4.297207649770547 1.7018
      vertex 39.74804704774226 4.4841503020035685 1.7018
    endloop
  endfacet
  facet normal 0 1 0
    outer loop
      vertex -6.16 10.160000000298023 0
      vertex -6.16 10.160000000298023 1.7018
      vertex 87.44000000149012 10.160000000298023 1.7018
    endloop
  endfacet
  facet normal 0 0 1
    outer loop
      vertex -10.16 6.160000000298023 1.7018
      vertex 40.19186563441325 4.549984570345283 1.7018
      vertex 40.64 4.571999999999999 1.7018
    endloop
  endfacet
  facet normal 0 0 1
    outer loop
      vertex -10.16 6.160000000298023 1.7018
      vertex 91.26776134610176 7.321138706207275 1.7018
      vertex -10.140738908052445 6.552068565189838 1.7018
    endloop
  endfacet
  facet normal 0 0 1
    outer loop
      vertex -10.140738908052445 6.552068565189838 1.7018
      vertex 91.13551813006401 7.69073372721672 1.7018
      vertex -10.083141121864319 6.940361287593841 1.7018
    endloop
  endfacet
  facet normal 0 0 1
    outer loop
      vertex -10.083141121864319 6.940361287593841 1.7018
      vertex 90.96768506258726 8.045586947500706 1.7018
      vertex -9.987761344611645 7.321138706207275 1.7018
    endloop
  endfacet
  facet normal 0 0 1
    outer loop
      vertex -9.987761344611645 7.321138706207275 1.7018
      vertex 90.76587845027447 8.382280934751034 1.7018
      vertex -9.855518128573895 7.69073372721672 1.7018
    endloop
  endfacet
  facet normal 0 0 1
    outer loop
      vertex -9.855518128573895 7.69073372721672 1.7018
      vertex 90.53204181432724 8.697573136687279 1.7018
      vertex -9.687685061097145 8.045586947500706 1.7018
    endloop
  endfacet
  facet normal 0 0 1
    outer loop
      vertex -9.687685061097145 8.045586947500706 1.7018
      vertex 90.26842712253332 8.988427121341228 1.7018
      vertex -9.485878448784351 8.382280934751034 1.7018
    endloop
  endfacet
  facet normal 0 0 1
    outer loop
      vertex -9.485878448784351 8.382280934751034 1.7018
      vertex 89.97757313787938 9.252041813135147 1.7018
      vertex -9.252041812837124 8.697573136687279 1.7018
    endloop
  endfacet
  facet normal 0 0 1
    outer loop
      vertex -9.252041812837124 8.697573136687279 1.7018
      vertex 89.66228093594313 9.485878449082374 1.7018
      vertex -8.988427121043205 8.988427121341228 1.7018
    endloop
  endfacet
  facet normal 0 0 1
    outer loop
      vertex -8.988427121043205 8.988427121341228 1.7018
      vertex 89.3255869486928 9.687685061395168 1.7018
      vertex -8.697573136389256 9.252041813135147 1.7018
    endloop
  endfacet
  facet normal 0 0 1
    outer loop
      vertex -8.697573136389256 9.252041813135147 1.7018
      vertex 88.97073372840882 9.855518128871918 1.7018
      vertex -8.38228093445301 9.485878449082374 1.7018
    endloop
  endfacet
  facet normal 0 0 1
    outer loop
      vertex -8.38228093445301 9.485878449082374 1.7018
      vertex 88.60113870739937 9.987761344909668 1.7018
      vertex -8.045586947202683 9.687685061395168 1.7018
    endloop
  endfacet
  facet normal 0 0 1
    outer loop
      vertex -8.045586947202683 9.687685061395168 1.7018
      vertex 88.22036128878594 10.083141122162342 1.7018
      vertex -7.6907337269186975 9.855518128871918 1.7018
    endloop
  endfacet
  facet normal 0 0 1
    outer loop
      vertex -7.6907337269186975 9.855518128871918 1.7018
      vertex 87.83206856638193 10.140738908350468 1.7018
      vertex -7.321138705909252 9.987761344909668 1.7018
    endloop
  endfacet
  facet normal 0 0 1
    outer loop
      vertex -7.321138705909252 9.987761344909668 1.7018
      vertex 87.44000000149012 10.160000000298023 1.7018
      vertex -6.9403612872958185 10.083141122162342 1.7018
    endloop
  endfacet
  facet normal 0 0 1
    outer loop
      vertex -6.9403612872958185 10.083141122162342 1.7018
      vertex 87.44000000149012 10.160000000298023 1.7018
      vertex -6.16 10.160000000298023 1.7018
    endloop
  endfacet
  facet normal 0 0 1
    outer loop
      vertex -10.16 6.160000000298023 1.7018
      vertex 40.64 4.571999999999999 1.7018
      vertex 60.48696928076954 4.802761490920022 1.7018
    endloop
  endfacet
  facet normal 0 0 1
    outer loop
      vertex -10.16 6.160000000298023 1.7018
      vertex 60.48696928076954 4.802761490920022 1.7018
      vertex 60.96 4.826 1.7018
    endloop
  endfacet
  facet normal 0 0 -1
    outer loop
      vertex 41.44 -10.16 0
      vertex 41.37910362600903 -9.853853254107928 0
      vertex 42.34 -10.16 0
    endloop
  endfacet
  facet normal 0 0 -1
    outer loop
      vertex 42.34 -10.16 0
      vertex 41.37910362600903 -9.853853254107928 0
      vertex 42.400896373990975 -9.853853254107928 0
    endloop
  endfacet
  facet normal 0 0 -1
    outer loop
      vertex 41.20568542494924 -9.594314575050761 0
      vertex 42.400896373990975 -9.853853254107928 0
      vertex 41.37910362600903 -9.853853254107928 0
    endloop
  endfacet
  facet normal 0 0 -1
    outer loop
      vertex 40.94614674589207 -9.42089637399097 0
      vertex 42.574314575050764 -9.594314575050761 0
      vertex 41.20568542494924 -9.594314575050761 0
    endloop
  endfacet
  facet normal 0 0 -1
    outer loop
      vertex 42.400896373990975 -9.853853254107928 0
      vertex 41.20568542494924 -9.594314575050761 0
      vertex 42.574314575050764 -9.594314575050761 0
    endloop
  endfacet
  facet normal 0 0 -1
    outer loop
      vertex 40.94614674589207 -9.42089637399097 0
      vertex 40.64 -9.36 0
      vertex 42.83385325410793 -9.42089637399097 0
    endloop
  endfacet
  facet normal 0 0 -1
    outer loop
      vertex 42.574314575050764 -9.594314575050761 0
      vertex 40.94614674589207 -9.42089637399097 0
      vertex 42.83385325410793 -9.42089637399097 0
    endloop
  endfacet
  facet normal 0 0 -1
    outer loop
      vertex 40.64 -9.36 0
      vertex 43.14 -9.36 0
      vertex 42.83385325410793 -9.42089637399097 0
    endloop
  endfacet
  facet normal 0 0 -1
    outer loop
      vertex 90.26842712253332 -8.988427121043205 0
      vertex 21.57 -9.36 0
      vertex 19.07 -9.36 0
    endloop
  endfacet
  facet normal 0 0 -1
    outer loop
      vertex 90.26842712253332 -8.988427121043205 0
      vertex 21.876146745892072 -9.42089637399097 0
      vertex 21.57 -9.36 0
    endloop
  endfacet
  facet normal 0 0 -1
    outer loop
      vertex 43.94 -10.16 0
      vertex 43.87910362600903 -9.853853254107928 0
      vertex 56.410000000000004 -10.16 0
    endloop
  endfacet
  facet normal 0 0 -1
    outer loop
      vertex 43.70568542494924 -9.594314575050761 0
      vertex 56.47089637399097 -9.853853254107928 0
      vertex 43.87910362600903 -9.853853254107928 0
    endloop
  endfacet
  facet normal 0 0 -1
    outer loop
      vertex 56.644314575050764 -9.594314575050761 0
      vertex 43.70568542494924 -9.594314575050761 0
      vertex 43.44614674589207 -9.42089637399097 0
    endloop
  endfacet
  facet normal 0 0 -1
    outer loop
      vertex 56.90385325410793 -9.42089637399097 0
      vertex 43.44614674589207 -9.42089637399097 0
      vertex 43.14 -9.36 0
    endloop
  endfacet
  facet normal 0 0 -1
    outer loop
      vertex 90.26842712253332 -8.988427121043205 0
      vertex 38.14 -9.36 0
      vertex 21.876146745892072 -9.42089637399097 0
    endloop
  endfacet
  facet normal 0 0 -1
    outer loop
      vertex 56.410000000000004 -10.16 0
      vertex 43.87910362600903 -9.853853254107928 0
      vertex 56.47089637399097 -9.853853254107928 0
    endloop
  endfacet
  facet normal 0 0 -1
    outer loop
      vertex 56.47089637399097 -9.853853254107928 0
      vertex 43.70568542494924 -9.594314575050761 0
      vertex 56.644314575050764 -9.594314575050761 0
    endloop
  endfacet
  facet normal 0 0 -1
    outer loop
      vertex 43.44614674589207 -9.42089637399097 0
      vertex 56.90385325410793 -9.42089637399097 0
      vertex 56.644314575050764 -9.594314575050761 0
    endloop
  endfacet
  facet normal 0 0 -1
    outer loop
      vertex 43.14 -9.36 0
      vertex 57.21 -9.36 0
      vertex 56.90385325410793 -9.42089637399097 0
    endloop
  endfacet
  facet normal 0 0 -1
    outer loop
      vertex 91.44000000149012 -6.16 0
      vertex 20.32 -5.1080000000000005 0
      vertex 20.820671552803397 -5.083403583841583 0
    endloop
  endfacet
  facet normal 0 0 -1
    outer loop
      vertex 40.64 -5.361999999999999 0
      vertex 41.1655679064471 -5.336180504416319 0
      vertex 60.409535739909195 -5.588957424991058 0
    endloop
  endfacet
  facet normal 0 0 -1
    outer loop
      vertex 41.68607430665048 -5.25897067352212 0
      vertex 59.864372751557426 -5.508090134744542 0
      vertex 41.1655679064471 -5.336180504416319 0
    endloop
  endfacet
  facet normal 0 0 -1
    outer loop
      vertex 41.68607430665048 -5.25897067352212 0
      vertex 42.19650643943843 -5.131114080196103 0
      vertex 59.32976125253894 -5.374176925472085 0
    endloop
  endfacet
  facet normal 0 0 -1
    outer loop
      vertex 42.19650643943843 -5.131114080196103 0
      vertex 42.69194856434161 -4.953842053325518 0
      vertex 58.81084984383766 -5.188507454583386 0
    endloop
  endfacet
  facet normal 0 0 -1
    outer loop
      vertex 91.44000000149012 -6.16 0
      vertex 20.820671552803397 -5.083403583841583 0
      vertex 40.64 -5.361999999999999 0
    endloop
  endfacet
  facet normal 0 0 -1
    outer loop
      vertex 90.26842712253332 -8.988427121043205 0
      vertex 40.64 -9.36 0
      vertex 38.14 -9.36 0
    endloop
  endfacet
  facet normal 0 0 -1
    outer loop
      vertex 58.01 -10.16 0
      vertex 57.949103626009034 -9.853853254107928 0
      vertex 58.910000000000004 -10.16 0
    endloop
  endfacet
  facet normal 0 0 -1
    outer loop
      vertex 58.910000000000004 -10.16 0
      vertex 57.949103626009034 -9.853853254107928 0
      vertex 58.97089637399097 -9.853853254107928 0
    endloop
  endfacet
  facet normal 0 0 -1
    outer loop
      vertex 57.77568542494924 -9.594314575050761 0
      vertex 58.97089637399097 -9.853853254107928 0
      vertex 57.949103626009034 -9.853853254107928 0
    endloop
  endfacet
  facet normal 0 0 -1
    outer loop
      vertex 59.144314575050764 -9.594314575050761 0
      vertex 57.77568542494924 -9.594314575050761 0
      vertex 57.51614674589207 -9.42089637399097 0
    endloop
  endfacet
  facet normal 0 0 -1
    outer loop
      vertex 58.97089637399097 -9.853853254107928 0
      vertex 57.77568542494924 -9.594314575050761 0
      vertex 59.144314575050764 -9.594314575050761 0
    endloop
  endfacet
  facet normal 0 0 -1
    outer loop
      vertex 57.51614674589207 -9.42089637399097 0
      vertex 57.21 -9.36 0
      vertex 59.40385325410793 -9.42089637399097 0
    endloop
  endfacet
  facet normal 0 0 -1
    outer loop
      vertex 90.26842712253332 -8.988427121043205 0
      vertex 43.14 -9.36 0
      vertex 40.64 -9.36 0
    endloop
  endfacet
  facet normal 0 0 -1
    outer loop
      vertex 57.51614674589207 -9.42089637399097 0
      vertex 59.40385325410793 -9.42089637399097 0
      vertex 59.144314575050764 -9.594314575050761 0
    endloop
  endfacet
  facet normal 0 0 -1
    outer loop
      vertex 57.21 -9.36 0
      vertex 59.71 -9.36 0
      vertex 59.40385325410793 -9.42089637399097 0
    endloop
  endfacet
  facet normal 0 0 -1
    outer loop
      vertex -8.697573136389256 -9.252041812837124 0
      vertex 90.76587845027447 -8.38228093445301 0
      vertex 90.53204181432724 -8.697573136389256 0
    endloop
  endfacet
  facet normal 0 0 -1
    outer loop
      vertex -8.988427121043205 -8.988427121043205 0
      vertex 90.96768506258726 -8.045586947202683 0
      vertex 90.76587845027447 -8.38228093445301 0
    endloop
  endfacet
  facet normal 0 0 -1
    outer loop
      vertex -9.252041812837124 -8.697573136389256 0
      vertex 91.13551813006401 -7.6907337269186975 0
      vertex 90.96768506258726 -8.045586947202683 0
    endloop
  endfacet
  facet normal 0 0 -1
    outer loop
      vertex -9.485878448784351 -8.38228093445301 0
      vertex 91.26776134610176 -7.321138705909252 0
      vertex 91.13551813006401 -7.6907337269186975 0
    endloop
  endfacet
  facet normal 0 0 -1
    outer loop
      vertex 60.51 -10.16 0
      vertex 60.44910362600903 -9.853853254107928 0
      vertex 61.410000000000004 -10.16 0
    endloop
  endfacet
  facet normal 0 0 -1
    outer loop
      vertex 61.410000000000004 -10.16 0
      vertex 60.44910362600903 -9.853853254107928 0
      vertex 61.470896373990975 -9.853853254107928 0
    endloop
  endfacet
  facet normal 0 0 -1
    outer loop
      vertex 60.27568542494924 -9.594314575050761 0
      vertex 61.470896373990975 -9.853853254107928 0
      vertex 60.44910362600903 -9.853853254107928 0
    endloop
  endfacet
  facet normal 0 0 -1
    outer loop
      vertex 61.644314575050764 -9.594314575050761 0
      vertex 60.27568542494924 -9.594314575050761 0
      vertex 60.01614674589207 -9.42089637399097 0
    endloop
  endfacet
  facet normal 0 0 -1
    outer loop
      vertex 61.470896373990975 -9.853853254107928 0
      vertex 60.27568542494924 -9.594314575050761 0
      vertex 61.644314575050764 -9.594314575050761 0
    endloop
  endfacet
  facet normal 0 0 -1
    outer loop
      vertex 60.01614674589207 -9.42089637399097 0
      vertex 59.71 -9.36 0
      vertex 61.90385325410793 -9.42089637399097 0
    endloop
  endfacet
  facet normal 0 0 -1
    outer loop
      vertex 60.01614674589207 -9.42089637399097 0
      vertex 61.90385325410793 -9.42089637399097 0
      vertex 61.644314575050764 -9.594314575050761 0
    endloop
  endfacet
  facet normal 0 0 -1
    outer loop
      vertex 61.90385325410793 -9.42089637399097 0
      vertex 59.71 -9.36 0
      vertex 62.21 -9.36 0
    endloop
  endfacet
  facet normal 0 0 -1
    outer loop
      vertex 90.26842712253332 -8.988427121043205 0
      vertex 0 -9.36 0
      vertex 90.53204181432724 -8.697573136389256 0
    endloop
  endfacet
  facet normal 0 0 -1
    outer loop
      vertex 63.01 -10.16 0
      vertex 62.949103626009034 -9.853853254107928 0
      vertex 63.910000000000004 -10.16 0
    endloop
  endfacet
  facet normal 0 0 -1
    outer loop
      vertex 63.910000000000004 -10.16 0
      vertex 62.949103626009034 -9.853853254107928 0
      vertex 63.97089637399097 -9.853853254107928 0
    endloop
  endfacet
  facet normal 0 0 -1
    outer loop
      vertex 62.77568542494924 -9.594314575050761 0
      vertex 63.97089637399097 -9.853853254107928 0
      vertex 62.949103626009034 -9.853853254107928 0
    endloop
  endfacet
  facet normal 0 0 -1
    outer loop
      vertex 62.51614674589207 -9.42089637399097 0
      vertex 64.14431457505076 -9.594314575050761 0
      vertex 62.77568542494924 -9.594314575050761 0
    endloop
  endfacet
  facet normal 0 0 -1
    outer loop
      vertex 63.97089637399097 -9.853853254107928 0
      vertex 62.77568542494924 -9.594314575050761 0
      vertex 64.14431457505076 -9.594314575050761 0
    endloop
  endfacet
  facet normal 0 0 -1
    outer loop
      vertex 64.40385325410793 -9.42089637399097 0
      vertex 62.51614674589207 -9.42089637399097 0
      vertex 62.21 -9.36 0
    endloop
  endfacet
  facet normal 0 0 -1
    outer loop
      vertex 90.26842712253332 -8.988427121043205 0
      vertex 57.21 -9.36 0
      vertex 43.14 -9.36 0
    endloop
  endfacet
  facet normal 0 0 -1
    outer loop
      vertex 62.51614674589207 -9.42089637399097 0
      vertex 64.40385325410793 -9.42089637399097 0
      vertex 64.14431457505076 -9.594314575050761 0
    endloop
  endfacet
  facet normal 0 0 -1
    outer loop
      vertex 64.40385325410793 -9.42089637399097 0
      vertex 62.21 -9.36 0
      vertex 64.71000000000001 -9.36 0
    endloop
  endfacet
  facet normal 0 0 -1
    outer loop
      vertex -9.687685061097145 -8.045586947202683 0
      vertex 91.36314112335444 -6.9403612872958185 0
      vertex 91.26776134610176 -7.321138705909252 0
    endloop
  endfacet
  facet normal 0 0 -1
    outer loop
      vertex -9.855518128573895 -7.6907337269186975 0
      vertex 91.42073890954256 -6.552068564891815 0
      vertex 91.36314112335444 -6.9403612872958185 0
    endloop
  endfacet
  facet normal 0 0 -1
    outer loop
      vertex -9.987761344611645 -7.321138705909252 0
      vertex 91.44000000149012 -6.16 0
      vertex 91.42073890954256 -6.552068564891815 0
    endloop
  endfacet
  facet normal 0 0 -1
    outer loop
      vertex 41.1655679064471 -5.336180504416319 0
      vertex 59.864372751557426 -5.508090134744542 0
      vertex 60.409535739909195 -5.588957424991058 0
    endloop
  endfacet
  facet normal 0 0 -1
    outer loop
      vertex 40.64 -5.361999999999999 0
      vertex 60.409535739909195 -5.588957424991058 0
      vertex 60.96 -5.616 0
    endloop
  endfacet
  facet normal 0 0 -1
    outer loop
      vertex 41.68607430665048 -5.25897067352212 0
      vertex 59.32976125253894 -5.374176925472085 0
      vertex 59.864372751557426 -5.508090134744542 0
    endloop
  endfacet
  facet normal 0 0 -1
    outer loop
      vertex 42.19650643943843 -5.131114080196103 0
      vertex 58.81084984383766 -5.188507454583386 0
      vertex 59.32976125253894 -5.374176925472085 0
    endloop
  endfacet
  facet normal 0 0 -1
    outer loop
      vertex 91.44000000149012 -6.16 0
      vertex 40.64 -5.361999999999999 0
      vertex 60.96 -5.616 0
    endloop
  endfacet
  facet normal 0 -1 0
    outer loop
      vertex 41.44 -10.16 0
      vertex 42.34 -10.16 0
      vertex 42.34 -10.16 1.7018
    endloop
  endfacet
  facet normal 0 -1 0
    outer loop
      vertex 43.94 -10.16 0
      vertex 56.410000000000004 -10.16 0
      vertex 56.410000000000004 -10.16 1.7018
    endloop
  endfacet
  facet normal 0 -1 0
    outer loop
      vertex 58.01 -10.16 0
      vertex 58.910000000000004 -10.16 0
      vertex 58.910000000000004 -10.16 1.7018
    endloop
  endfacet
  facet normal 0 -1 0
    outer loop
      vertex 60.51 -10.16 0
      vertex 61.410000000000004 -10.16 0
      vertex 61.410000000000004 -10.16 1.7018
    endloop
  endfacet
  facet normal 0 -1 0
    outer loop
      vertex 63.01 -10.16 0
      vertex 63.910000000000004 -10.16 0
      vertex 63.910000000000004 -10.16 1.7018
    endloop
  endfacet
  facet normal 0 0 -1
    outer loop
      vertex 42.69194856434161 -4.953842053325518 0
      vertex 43.167629302861 -4.728861819435879 0
      vertex 58.3126359259852 -4.952869820580362 0
    endloop
  endfacet
  facet normal 0 0 -1
    outer loop
      vertex 43.167629302861 -4.728861819435879 0
      vertex 43.6189675894511 -4.458340061166247 0
      vertex 58.3126359259852 -4.952869820580362 0
    endloop
  endfacet
  facet normal 0 0 -1
    outer loop
      vertex 43.6189675894511 -4.458340061166247 0
      vertex 44.04161678968546 -4.1448820509309945 0
      vertex 57.839917571361916 -4.669533342691094 0
    endloop
  endfacet
  facet normal 0 0 -1
    outer loop
      vertex 44.04161678968546 -4.1448820509309945 0
      vertex 44.43150656072227 -3.7915065607222678 0
      vertex 57.39724731613697 -4.341226706085131 0
    endloop
  endfacet
  facet normal 0 0 -1
    outer loop
      vertex 42.69194856434161 -4.953842053325518 0
      vertex 58.3126359259852 -4.952869820580362 0
      vertex 58.81084984383766 -5.188507454583386 0
    endloop
  endfacet
  facet normal 0 0 -1
    outer loop
      vertex 43.6189675894511 -4.458340061166247 0
      vertex 57.839917571361916 -4.669533342691094 0
      vertex 58.3126359259852 -4.952869820580362 0
    endloop
  endfacet
  facet normal 0 0 -1
    outer loop
      vertex 44.04161678968546 -4.1448820509309945 0
      vertex 57.39724731613697 -4.341226706085131 0
      vertex 57.839917571361916 -4.669533342691094 0
    endloop
  endfacet
  facet normal 0 0 -1
    outer loop
      vertex 44.43150656072227 -3.7915065607222678 0
      vertex 56.98888831685635 -3.971111683143651 0
      vertex 57.39724731613697 -4.341226706085131 0
    endloop
  endfacet
  facet normal 0 0 -1
    outer loop
      vertex 44.43150656072227 -3.7915065607222678 0
      vertex 44.784882050930996 -3.4016167896854665 0
      vertex 56.98888831685635 -3.971111683143651 0
    endloop
  endfacet
  facet normal 0 0 -1
    outer loop
      vertex 44.784882050930996 -3.4016167896854665 0
      vertex 45.09834006116625 -2.9789675894511065 0
      vertex 56.61877329391487 -3.5627526838630326 0
    endloop
  endfacet
  facet normal 0 0 -1
    outer loop
      vertex 45.09834006116625 -2.9789675894511065 0
      vertex 45.368861819435885 -2.527629302860999 0
      vertex 56.290466657308905 -3.1200824286380855 0
    endloop
  endfacet
  facet normal 0 0 -1
    outer loop
      vertex 44.784882050930996 -3.4016167896854665 0
      vertex 56.61877329391487 -3.5627526838630326 0
      vertex 56.98888831685635 -3.971111683143651 0
    endloop
  endfacet
  facet normal 0 0 -1
    outer loop
      vertex 45.09834006116625 -2.9789675894511065 0
      vertex 56.290466657308905 -3.1200824286380855 0
      vertex 56.61877329391487 -3.5627526838630326 0
    endloop
  endfacet
  facet normal 0 0 -1
    outer loop
      vertex 45.368861819435885 -2.527629302860999 0
      vertex 56.00713017941964 -2.647364074014803 0
      vertex 56.290466657308905 -3.1200824286380855 0
    endloop
  endfacet
  facet normal 0 0 -1
    outer loop
      vertex 45.368861819435885 -2.527629302860999 0
      vertex 45.593842053325524 -2.051948564341611 0
      vertex 56.00713017941964 -2.647364074014803 0
    endloop
  endfacet
  facet normal 0 0 -1
    outer loop
      vertex 45.593842053325524 -2.051948564341611 0
      vertex 45.7711140801961 -1.5565064394384267 0
      vertex 55.77149254541661 -2.149150156162344 0
    endloop
  endfacet
  facet normal 0 0 -1
    outer loop
      vertex 45.7711140801961 -1.5565064394384267 0
      vertex 45.89897067352212 -1.0460743066504796 0
      vertex 55.585823074527916 -1.6302387474610602 0
    endloop
  endfacet
  facet normal 0 0 -1
    outer loop
      vertex 45.593842053325524 -2.051948564341611 0
      vertex 55.77149254541661 -2.149150156162344 0
      vertex 56.00713017941964 -2.647364074014803 0
    endloop
  endfacet
  facet normal 0 0 -1
    outer loop
      vertex 45.7711140801961 -1.5565064394384267 0
      vertex 55.585823074527916 -1.6302387474610602 0
      vertex 55.77149254541661 -2.149150156162344 0
    endloop
  endfacet
  facet normal 0 0 -1
    outer loop
      vertex 45.89897067352212 -1.0460743066504796 0
      vertex 45.97618050441632 -0.5255679064471038 0
      vertex 55.45190986525546 -1.0956272484425762 0
    endloop
  endfacet
  facet normal 0 0 -1
    outer loop
      vertex 45.97618050441632 -0.5255679064471038 0
      vertex 46.002 0 0
      vertex 55.37104257500894 -0.5504642600908123 0
    endloop
  endfacet
  facet normal 0 0 -1
    outer loop
      vertex 45.89897067352212 -1.0460743066504796 0
      vertex 55.45190986525546 -1.0956272484425762 0
      vertex 55.585823074527916 -1.6302387474610602 0
    endloop
  endfacet
  facet normal 0 0 -1
    outer loop
      vertex 45.97618050441632 -0.5255679064471038 0
      vertex 55.37104257500894 -0.5504642600908123 0
      vertex 55.45190986525546 -1.0956272484425762 0
    endloop
  endfacet
  facet normal 0 0 -1
    outer loop
      vertex 46.002 0 0
      vertex 55.344 0 0
      vertex 55.37104257500894 -0.5504642600908123 0
    endloop
  endfacet
  facet normal 0 0 -1
    outer loop
      vertex 65.51 -10.16 0
      vertex 65.44910362600903 -9.853853254107928 0
      vertex 75.48 -10.16 0
    endloop
  endfacet
  facet normal 0 0 -1
    outer loop
      vertex 65.27568542494924 -9.594314575050761 0
      vertex 75.54089637399098 -9.853853254107928 0
      vertex 65.44910362600903 -9.853853254107928 0
    endloop
  endfacet
  facet normal 0 0 -1
    outer loop
      vertex 75.71431457505076 -9.594314575050761 0
      vertex 65.27568542494924 -9.594314575050761 0
      vertex 65.01614674589207 -9.42089637399097 0
    endloop
  endfacet
  facet normal 0 0 -1
    outer loop
      vertex 64.71000000000001 -9.36 0
      vertex 75.97385325410792 -9.42089637399097 0
      vertex 65.01614674589207 -9.42089637399097 0
    endloop
  endfacet
  facet normal 0 0 -1
    outer loop
      vertex 90.26842712253332 -8.988427121043205 0
      vertex 59.71 -9.36 0
      vertex 57.21 -9.36 0
    endloop
  endfacet
  facet normal 0 0 -1
    outer loop
      vertex 75.48 -10.16 0
      vertex 65.44910362600903 -9.853853254107928 0
      vertex 75.54089637399098 -9.853853254107928 0
    endloop
  endfacet
  facet normal 0 0 -1
    outer loop
      vertex 75.54089637399098 -9.853853254107928 0
      vertex 65.27568542494924 -9.594314575050761 0
      vertex 75.71431457505076 -9.594314575050761 0
    endloop
  endfacet
  facet normal 0 0 -1
    outer loop
      vertex 90.26842712253332 -8.988427121043205 0
      vertex 62.21 -9.36 0
      vertex 59.71 -9.36 0
    endloop
  endfacet
  facet normal 0 0 -1
    outer loop
      vertex 65.01614674589207 -9.42089637399097 0
      vertex 75.97385325410792 -9.42089637399097 0
      vertex 75.71431457505076 -9.594314575050761 0
    endloop
  endfacet
  facet normal 0 0 -1
    outer loop
      vertex 64.71000000000001 -9.36 0
      vertex 76.28 -9.36 0
      vertex 75.97385325410792 -9.42089637399097 0
    endloop
  endfacet
  facet normal 0 0 -1
    outer loop
      vertex 90.26842712253332 -8.988427121043205 0
      vertex 64.71000000000001 -9.36 0
      vertex 62.21 -9.36 0
    endloop
  endfacet
  facet normal 0 0 -1
    outer loop
      vertex 77.08 -10.16 0
      vertex 77.01910362600903 -9.853853254107928 0
      vertex 77.98 -10.16 0
    endloop
  endfacet
  facet normal 0 0 -1
    outer loop
      vertex 77.98 -10.16 0
      vertex 77.01910362600903 -9.853853254107928 0
      vertex 78.04089637399098 -9.853853254107928 0
    endloop
  endfacet
  facet normal 0 0 -1
    outer loop
      vertex 76.84568542494924 -9.594314575050761 0
      vertex 78.04089637399098 -9.853853254107928 0
      vertex 77.01910362600903 -9.853853254107928 0
    endloop
  endfacet
  facet normal 0 0 -1
    outer loop
      vertex 76.58614674589208 -9.42089637399097 0
      vertex 78.21431457505076 -9.594314575050761 0
      vertex 76.84568542494924 -9.594314575050761 0
    endloop
  endfacet
  facet normal 0 0 -1
    outer loop
      vertex 78.04089637399098 -9.853853254107928 0
      vertex 76.84568542494924 -9.594314575050761 0
      vertex 78.21431457505076 -9.594314575050761 0
    endloop
  endfacet
  facet normal 0 0 -1
    outer loop
      vertex 76.58614674589208 -9.42089637399097 0
      vertex 76.28 -9.36 0
      vertex 78.47385325410792 -9.42089637399097 0
    endloop
  endfacet
  facet normal 0 0 -1
    outer loop
      vertex 89.97757313787938 -9.252041812837124 0
      vertex 76.28 -9.36 0
      vertex 64.71000000000001 -9.36 0
    endloop
  endfacet
  facet normal 0 0 -1
    outer loop
      vertex 76.58614674589208 -9.42089637399097 0
      vertex 78.47385325410792 -9.42089637399097 0
      vertex 78.21431457505076 -9.594314575050761 0
    endloop
  endfacet
  facet normal 0 0 -1
    outer loop
      vertex 76.28 -9.36 0
      vertex 78.78 -9.36 0
      vertex 78.47385325410792 -9.42089637399097 0
    endloop
  endfacet
  facet normal 0 0 -1
    outer loop
      vertex 60.96 -5.616 0
      vertex 61.51046426009081 -5.588957424991058 0
      vertex 80.70463938626548 -5.841734345565796 0
    endloop
  endfacet
  facet normal 0 0 -1
    outer loop
      vertex 61.51046426009081 -5.588957424991058 0
      vertex 62.055627248442576 -5.508090134744542 0
      vertex 80.13481980976533 -5.7572095959669625 0
    endloop
  endfacet
  facet normal 0 0 -1
    outer loop
      vertex 62.055627248442576 -5.508090134744542 0
      vertex 62.590238747461065 -5.374176925472085 0
      vertex 79.57602894451631 -5.617239770748066 0
    endloop
  endfacet
  facet normal 0 0 -1
    outer loop
      vertex 62.590238747461065 -5.374176925472085 0
      vertex 63.10915015616234 -5.188507454583386 0
      vertex 79.03364825201692 -5.423172855841253 0
    endloop
  endfacet
  facet normal 0 0 -1
    outer loop
      vertex 63.10915015616234 -5.188507454583386 0
      vertex 63.607364074014804 -4.952869820580362 0
      vertex 79.03364825201692 -5.423172855841253 0
    endloop
  endfacet
  facet normal 0 0 -1
    outer loop
      vertex 61.51046426009081 -5.588957424991058 0
      vertex 80.13481980976533 -5.7572095959669625 0
      vertex 80.70463938626548 -5.841734345565796 0
    endloop
  endfacet
  facet normal 0 0 -1
    outer loop
      vertex 60.96 -5.616 0
      vertex 80.70463938626548 -5.841734345565796 0
      vertex 81.28 -5.87 0
    endloop
  endfacet
  facet normal 0 0 -1
    outer loop
      vertex 62.055627248442576 -5.508090134744542 0
      vertex 79.57602894451631 -5.617239770748066 0
      vertex 80.13481980976533 -5.7572095959669625 0
    endloop
  endfacet
  facet normal 0 0 -1
    outer loop
      vertex 62.590238747461065 -5.374176925472085 0
      vertex 79.03364825201692 -5.423172855841253 0
      vertex 79.57602894451631 -5.617239770748066 0
    endloop
  endfacet
  facet normal 0 0 -1
    outer loop
      vertex 63.607364074014804 -4.952869820580362 0
      vertex 78.5129011548314 -5.176877821724845 0
      vertex 79.03364825201692 -5.423172855841253 0
    endloop
  endfacet
  facet normal 0 0 -1
    outer loop
      vertex 91.44000000149012 -6.16 0
      vertex 60.96 -5.616 0
      vertex 81.28 -5.87 0
    endloop
  endfacet
  facet normal 0 0 -1
    outer loop
      vertex 79.58 -10.16 0
      vertex 79.51910362600903 -9.853853254107928 0
      vertex 80.48 -10.16 0
    endloop
  endfacet
  facet normal 0 0 -1
    outer loop
      vertex 80.48 -10.16 0
      vertex 79.51910362600903 -9.853853254107928 0
      vertex 80.54089637399098 -9.853853254107928 0
    endloop
  endfacet
  facet normal 0 0 -1
    outer loop
      vertex 79.34568542494924 -9.594314575050761 0
      vertex 80.54089637399098 -9.853853254107928 0
      vertex 79.51910362600903 -9.853853254107928 0
    endloop
  endfacet
  facet normal 0 0 -1
    outer loop
      vertex 80.71431457505076 -9.594314575050761 0
      vertex 79.34568542494924 -9.594314575050761 0
      vertex 79.08614674589208 -9.42089637399097 0
    endloop
  endfacet
  facet normal 0 0 -1
    outer loop
      vertex 80.54089637399098 -9.853853254107928 0
      vertex 79.34568542494924 -9.594314575050761 0
      vertex 80.71431457505076 -9.594314575050761 0
    endloop
  endfacet
  facet normal 0 0 -1
    outer loop
      vertex 79.08614674589208 -9.42089637399097 0
      vertex 78.78 -9.36 0
      vertex 80.97385325410792 -9.42089637399097 0
    endloop
  endfacet
  facet normal 0 0 -1
    outer loop
      vertex 79.08614674589208 -9.42089637399097 0
      vertex 80.97385325410792 -9.42089637399097 0
      vertex 80.71431457505076 -9.594314575050761 0
    endloop
  endfacet
  facet normal 0 0 -1
    outer loop
      vertex 78.78 -9.36 0
      vertex 81.28 -9.36 0
      vertex 80.97385325410792 -9.42089637399097 0
    endloop
  endfacet
  facet normal 0 0 -1
    outer loop
      vertex 89.97757313787938 -9.252041812837124 0
      vertex 78.78 -9.36 0
      vertex 76.28 -9.36 0
    endloop
  endfacet
  facet normal 0 0 -1
    outer loop
      vertex 89.97757313787938 -9.252041812837124 0
      vertex 64.71000000000001 -9.36 0
      vertex 90.26842712253332 -8.988427121043205 0
    endloop
  endfacet
  facet normal 0 0 -1
    outer loop
      vertex 82.08 -10.16 0
      vertex 82.01910362600903 -9.853853254107928 0
      vertex 82.98 -10.16 0
    endloop
  endfacet
  facet normal 0 0 -1
    outer loop
      vertex 82.98 -10.16 0
      vertex 82.01910362600903 -9.853853254107928 0
      vertex 83.04089637399098 -9.853853254107928 0
    endloop
  endfacet
  facet normal 0 0 -1
    outer loop
      vertex 81.84568542494924 -9.594314575050761 0
      vertex 83.04089637399098 -9.853853254107928 0
      vertex 82.01910362600903 -9.853853254107928 0
    endloop
  endfacet
  facet normal 0 0 -1
    outer loop
      vertex 83.21431457505076 -9.594314575050761 0
      vertex 81.84568542494924 -9.594314575050761 0
      vertex 81.58614674589208 -9.42089637399097 0
    endloop
  endfacet
  facet normal 0 0 -1
    outer loop
      vertex 83.04089637399098 -9.853853254107928 0
      vertex 81.84568542494924 -9.594314575050761 0
      vertex 83.21431457505076 -9.594314575050761 0
    endloop
  endfacet
  facet normal 0 0 -1
    outer loop
      vertex 84.58 -10.16 0
      vertex 84.51910362600903 -9.853853254107928 0
      vertex 85.48 -10.16 0
    endloop
  endfacet
  facet normal 0 0 -1
    outer loop
      vertex 84.34568542494924 -9.594314575050761 0
      vertex 85.54089637399098 -9.853853254107928 0
      vertex 84.51910362600903 -9.853853254107928 0
    endloop
  endfacet
  facet normal 0 0 -1
    outer loop
      vertex 85.71431457505076 -9.594314575050761 0
      vertex 84.34568542494924 -9.594314575050761 0
      vertex 84.08614674589208 -9.42089637399097 0
    endloop
  endfacet
  facet normal 0 0 -1
    outer loop
      vertex 81.58614674589208 -9.42089637399097 0
      vertex 81.28 -9.36 0
      vertex 83.47385325410792 -9.42089637399097 0
    endloop
  endfacet
  facet normal 0 0 -1
    outer loop
      vertex 81.58614674589208 -9.42089637399097 0
      vertex 83.47385325410792 -9.42089637399097 0
      vertex 83.21431457505076 -9.594314575050761 0
    endloop
  endfacet
  facet normal 0 0 -1
    outer loop
      vertex 81.28 -9.36 0
      vertex 83.78 -9.36 0
      vertex 83.47385325410792 -9.42089637399097 0
    endloop
  endfacet
  facet normal 0 0 -1
    outer loop
      vertex 89.97757313787938 -9.252041812837124 0
      vertex 81.28 -9.36 0
      vertex 78.78 -9.36 0
    endloop
  endfacet
  facet normal 0 0 -1
    outer loop
      vertex 84.08614674589208 -9.42089637399097 0
      vertex 83.78 -9.36 0
      vertex 85.97385325410792 -9.42089637399097 0
    endloop
  endfacet
  facet normal 0 0 -1
    outer loop
      vertex 89.97757313787938 -9.252041812837124 0
      vertex 83.78 -9.36 0
      vertex 81.28 -9.36 0
    endloop
  endfacet
  facet normal 0 0 -1
    outer loop
      vertex 85.48 -10.16 0
      vertex 84.51910362600903 -9.853853254107928 0
      vertex 85.54089637399098 -9.853853254107928 0
    endloop
  endfacet
  facet normal 0 0 -1
    outer loop
      vertex 85.54089637399098 -9.853853254107928 0
      vertex 84.34568542494924 -9.594314575050761 0
      vertex 85.71431457505076 -9.594314575050761 0
    endloop
  endfacet
  facet normal 0 0 -1
    outer loop
      vertex 87.44000000149012 -10.16 0
      vertex 87.08 -10.16 0
      vertex 87.01910362600903 -9.853853254107928 0
    endloop
  endfacet
  facet normal 0 0 -1
    outer loop
      vertex 87.44000000149012 -10.16 0
      vertex 88.22036128878594 -10.083141121864319 0
      vertex 87.83206856638193 -10.140738908052445 0
    endloop
  endfacet
  facet normal 0 0 -1
    outer loop
      vertex 87.44000000149012 -10.16 0
      vertex 87.01910362600903 -9.853853254107928 0
      vertex 88.22036128878594 -10.083141121864319 0
    endloop
  endfacet
  facet normal 0 0 -1
    outer loop
      vertex 88.22036128878594 -10.083141121864319 0
      vertex 87.01910362600903 -9.853853254107928 0
      vertex 88.60113870739937 -9.987761344611645 0
    endloop
  endfacet
  facet normal 0 0 -1
    outer loop
      vertex 88.60113870739937 -9.987761344611645 0
      vertex 87.01910362600903 -9.853853254107928 0
      vertex 88.97073372840882 -9.855518128573895 0
    endloop
  endfacet
  facet normal 0 0 -1
    outer loop
      vertex 88.97073372840882 -9.855518128573895 0
      vertex 87.01910362600903 -9.853853254107928 0
      vertex 86.84568542494924 -9.594314575050761 0
    endloop
  endfacet
  facet normal 0 0 -1
    outer loop
      vertex 89.3255869486928 -9.687685061097145 0
      vertex 86.84568542494924 -9.594314575050761 0
      vertex 86.58614674589208 -9.42089637399097 0
    endloop
  endfacet
  facet normal 0 0 -1
    outer loop
      vertex 84.08614674589208 -9.42089637399097 0
      vertex 85.97385325410792 -9.42089637399097 0
      vertex 85.71431457505076 -9.594314575050761 0
    endloop
  endfacet
  facet normal 0 0 -1
    outer loop
      vertex 83.78 -9.36 0
      vertex 86.28 -9.36 0
      vertex 85.97385325410792 -9.42089637399097 0
    endloop
  endfacet
  facet normal 0 0 -1
    outer loop
      vertex 89.97757313787938 -9.252041812837124 0
      vertex 86.28 -9.36 0
      vertex 83.78 -9.36 0
    endloop
  endfacet
  facet normal 0 0 -1
    outer loop
      vertex 89.97757313787938 -9.252041812837124 0
      vertex 86.58614674589208 -9.42089637399097 0
      vertex 86.28 -9.36 0
    endloop
  endfacet
  facet normal 0 0 -1
    outer loop
      vertex 88.97073372840882 -9.855518128573895 0
      vertex 86.84568542494924 -9.594314575050761 0
      vertex 89.3255869486928 -9.687685061097145 0
    endloop
  endfacet
  facet normal 0 0 -1
    outer loop
      vertex 89.3255869486928 -9.687685061097145 0
      vertex 86.58614674589208 -9.42089637399097 0
      vertex 89.66228093594313 -9.485878448784351 0
    endloop
  endfacet
  facet normal 0 0 -1
    outer loop
      vertex 89.66228093594313 -9.485878448784351 0
      vertex 86.58614674589208 -9.42089637399097 0
      vertex 89.97757313787938 -9.252041812837124 0
    endloop
  endfacet
  facet normal 0 0 -1
    outer loop
      vertex 91.44000000149012 -6.16 0
      vertex 81.28 -5.87 0
      vertex 81.85536061373452 -5.841734345565796 0
    endloop
  endfacet
  facet normal 0 0 -1
    outer loop
      vertex 91.44000000149012 -6.16 0
      vertex 81.85536061373452 -5.841734345565796 0
      vertex 82.42518019023467 -5.7572095959669625 0
    endloop
  endfacet
  facet normal 0 0 -1
    outer loop
      vertex 91.44000000149012 -6.16 0
      vertex 82.42518019023467 -5.7572095959669625 0
      vertex 82.98397105548369 -5.617239770748066 0
    endloop
  endfacet
  facet normal 0 0 -1
    outer loop
      vertex 91.44000000149012 -6.16 0
      vertex 82.98397105548369 -5.617239770748066 0
      vertex 83.52635174798309 -5.423172855841253 0
    endloop
  endfacet
  facet normal 0 0 -1
    outer loop
      vertex 91.44000000149012 -6.16 0
      vertex 83.52635174798309 -5.423172855841253 0
      vertex 84.0470988451686 -5.176877821724845 0
    endloop
  endfacet
  facet normal 0 0 -1
    outer loop
      vertex 91.44000000149012 -6.16 0
      vertex 84.0470988451686 -5.176877821724845 0
      vertex 84.54119726782507 -4.88072662421594 0
    endloop
  endfacet
  facet normal 0 0 -1
    outer loop
      vertex 91.44000000149012 -6.16 0
      vertex 84.54119726782507 -4.88072662421594 0
      vertex 85.0038885780406 -4.537571361239266 0
    endloop
  endfacet
  facet normal 0 -1 0
    outer loop
      vertex 65.51 -10.16 0
      vertex 75.48 -10.16 0
      vertex 75.48 -10.16 1.7018
    endloop
  endfacet
  facet normal 0 -1 0
    outer loop
      vertex 77.08 -10.16 0
      vertex 77.98 -10.16 0
      vertex 77.98 -10.16 1.7018
    endloop
  endfacet
  facet normal 0 -1 0
    outer loop
      vertex 79.58 -10.16 0
      vertex 80.48 -10.16 0
      vertex 80.48 -10.16 1.7018
    endloop
  endfacet
  facet normal 0 -1 0
    outer loop
      vertex 82.08 -10.16 0
      vertex 82.98 -10.16 0
      vertex 82.98 -10.16 1.7018
    endloop
  endfacet
  facet normal 0 -1 0
    outer loop
      vertex 84.58 -10.16 0
      vertex 85.48 -10.16 0
      vertex 85.48 -10.16 1.7018
    endloop
  endfacet
  facet normal 0 -1 0
    outer loop
      vertex 87.44000000149012 -10.16 0
      vertex 87.44000000149012 -10.16 1.7018
      vertex 87.08 -10.16 0
    endloop
  endfacet
  facet normal 0.0490676704157047 -0.9987954563973426 0
    outer loop
      vertex 87.44000000149012 -10.16 0
      vertex 87.83206856638193 -10.140738908052445 0
      vertex 87.44000000149012 -10.16 1.7018
    endloop
  endfacet
  facet normal 0.1467304788333968 -0.9891765093153608 0
    outer loop
      vertex 87.83206856638193 -10.140738908052445 0
      vertex 88.22036128878594 -10.083141121864319 0
      vertex 87.83206856638193 -10.140738908052445 1.7018
    endloop
  endfacet
  facet normal 0.2429801778770028 -0.970031253702096 0
    outer loop
      vertex 88.22036128878594 -10.083141121864319 0
      vertex 88.60113870739937 -9.987761344611645 0
      vertex 88.22036128878594 -10.083141121864319 1.7018
    endloop
  endfacet
  facet normal 0.3368898600571533 -0.9415440627982694 0
    outer loop
      vertex 88.60113870739937 -9.987761344611645 0
      vertex 88.97073372840882 -9.855518128573895 0
      vertex 88.60113870739937 -9.987761344611645 1.7018
    endloop
  endfacet
  facet normal 0.42755508025413375 -0.9039892993552974 0
    outer loop
      vertex 88.97073372840882 -9.855518128573895 0
      vertex 89.3255869486928 -9.687685061097145 0
      vertex 88.97073372840882 -9.855518128573895 1.7018
    endloop
  endfacet
  facet normal 0.5141027491514957 -0.8577286070283969 0
    outer loop
      vertex 89.3255869486928 -9.687685061097145 0
      vertex 89.66228093594313 -9.485878448784351 0
      vertex 89.3255869486928 -9.687685061097145 1.7018
    endloop
  endfacet
  facet normal 0.5956993080192207 -0.8032075288650014 0
    outer loop
      vertex 89.66228093594313 -9.485878448784351 0
      vertex 89.97757313787938 -9.252041812837124 0
      vertex 89.66228093594313 -9.485878448784351 1.7018
    endloop
  endfacet
  facet normal 0.6715589635251563 -0.7409511174895533 0
    outer loop
      vertex 89.97757313787938 -9.252041812837124 0
      vertex 90.26842712253332 -8.988427121043205 0
      vertex 89.97757313787938 -9.252041812837124 1.7018
    endloop
  endfacet
  facet normal 0.7409511174895533 -0.6715589635251563 0
    outer loop
      vertex 90.26842712253332 -8.988427121043205 0
      vertex 90.53204181432724 -8.697573136389256 0
      vertex 90.26842712253332 -8.988427121043205 1.7018
    endloop
  endfacet
  facet normal 0.8032075288650014 -0.5956993080192207 0
    outer loop
      vertex 90.53204181432724 -8.697573136389256 0
      vertex 90.76587845027447 -8.38228093445301 0
      vertex 90.53204181432724 -8.697573136389256 1.7018
    endloop
  endfacet
  facet normal 0.8577286070283969 -0.5141027491514957 0
    outer loop
      vertex 90.76587845027447 -8.38228093445301 0
      vertex 90.96768506258726 -8.045586947202683 0
      vertex 90.76587845027447 -8.38228093445301 1.7018
    endloop
  endfacet
  facet normal 0.9039892993552974 -0.42755508025413375 0
    outer loop
      vertex 90.96768506258726 -8.045586947202683 0
      vertex 91.13551813006401 -7.6907337269186975 0
      vertex 90.96768506258726 -8.045586947202683 1.7018
    endloop
  endfacet
  facet normal 0.9415440627982694 -0.3368898600571533 0
    outer loop
      vertex 91.13551813006401 -7.6907337269186975 0
      vertex 91.26776134610176 -7.321138705909252 0
      vertex 91.13551813006401 -7.6907337269186975 1.7018
    endloop
  endfacet
  facet normal 0.970031253702096 -0.2429801778770028 0
    outer loop
      vertex 91.26776134610176 -7.321138705909252 0
      vertex 91.36314112335444 -6.9403612872958185 0
      vertex 91.26776134610176 -7.321138705909252 1.7018
    endloop
  endfacet
  facet normal 0.9891765093153608 -0.1467304788333968 0
    outer loop
      vertex 91.36314112335444 -6.9403612872958185 0
      vertex 91.42073890954256 -6.552068564891815 0
      vertex 91.36314112335444 -6.9403612872958185 1.7018
    endloop
  endfacet
  facet normal 0.9987954563973426 -0.0490676704157047 0
    outer loop
      vertex 91.42073890954256 -6.552068564891815 0
      vertex 91.44000000149012 -6.16 0
      vertex 91.42073890954256 -6.552068564891815 1.7018
    endloop
  endfacet
  facet normal 0 0 -1
    outer loop
      vertex 63.607364074014804 -4.952869820580362 0
      vertex 64.08008242863808 -4.669533342691094 0
      vertex 78.5129011548314 -5.176877821724845 0
    endloop
  endfacet
  facet normal 0 0 -1
    outer loop
      vertex 64.08008242863808 -4.669533342691094 0
      vertex 64.52275268386303 -4.341226706085131 0
      vertex 78.01880273217493 -4.88072662421594 0
    endloop
  endfacet
  facet normal 0 0 -1
    outer loop
      vertex 64.93111168314366 -3.971111683143651 0
      vertex 77.5561114219594 -4.537571361239266 0
      vertex 64.52275268386303 -4.341226706085131 0
    endloop
  endfacet
  facet normal 0 0 -1
    outer loop
      vertex 64.93111168314366 -3.971111683143651 0
      vertex 65.30122670608513 -3.5627526838630326 0
      vertex 77.12928319443496 -4.150716805565034 0
    endloop
  endfacet
  facet normal 0 0 -1
    outer loop
      vertex 65.30122670608513 -3.5627526838630326 0
      vertex 65.6295333426911 -3.1200824286380855 0
      vertex 76.74242863876073 -3.723888578040599 0
    endloop
  endfacet
  facet normal 0 0 -1
    outer loop
      vertex 65.6295333426911 -3.1200824286380855 0
      vertex 65.91286982058035 -2.647364074014803 0
      vertex 76.39927337578406 -3.261197267825065 0
    endloop
  endfacet
  facet normal 0 0 -1
    outer loop
      vertex 64.08008242863808 -4.669533342691094 0
      vertex 78.01880273217493 -4.88072662421594 0
      vertex 78.5129011548314 -5.176877821724845 0
    endloop
  endfacet
  facet normal 0 0 -1
    outer loop
      vertex 64.52275268386303 -4.341226706085131 0
      vertex 77.5561114219594 -4.537571361239266 0
      vertex 78.01880273217493 -4.88072662421594 0
    endloop
  endfacet
  facet normal 0 0 -1
    outer loop
      vertex 64.93111168314366 -3.971111683143651 0
      vertex 77.12928319443496 -4.150716805565034 0
      vertex 77.5561114219594 -4.537571361239266 0
    endloop
  endfacet
  facet normal 0 0 -1
    outer loop
      vertex 65.30122670608513 -3.5627526838630326 0
      vertex 76.74242863876073 -3.723888578040599 0
      vertex 77.12928319443496 -4.150716805565034 0
    endloop
  endfacet
  facet normal 0 0 -1
    outer loop
      vertex 65.6295333426911 -3.1200824286380855 0
      vertex 76.39927337578406 -3.261197267825065 0
      vertex 76.74242863876073 -3.723888578040599 0
    endloop
  endfacet
  facet normal 0 0 -1
    outer loop
      vertex 65.91286982058035 -2.647364074014803 0
      vertex 76.10312217827516 -2.767098845168606 0
      vertex 76.39927337578406 -3.261197267825065 0
    endloop
  endfacet
  facet normal 0 0 -1
    outer loop
      vertex 65.91286982058035 -2.647364074014803 0
      vertex 66.14850745458338 -2.149150156162344 0
      vertex 76.10312217827516 -2.767098845168606 0
    endloop
  endfacet
  facet normal 0 0 -1
    outer loop
      vertex 66.14850745458338 -2.149150156162344 0
      vertex 66.3341769254721 -1.6302387474610602 0
      vertex 75.85682714415876 -2.246351747983077 0
    endloop
  endfacet
  facet normal 0 0 -1
    outer loop
      vertex 66.3341769254721 -1.6302387474610602 0
      vertex 66.46809013474454 -1.0956272484425762 0
      vertex 75.66276022925193 -1.7039710554836938 0
    endloop
  endfacet
  facet normal 0 0 -1
    outer loop
      vertex 66.46809013474454 -1.0956272484425762 0
      vertex 66.54895742499106 -0.5504642600908123 0
      vertex 75.52279040403303 -1.1451801902346728 0
    endloop
  endfacet
  facet normal 0 0 -1
    outer loop
      vertex 66.54895742499106 -0.5504642600908123 0
      vertex 66.576 0 0
      vertex 75.4382656544342 -0.5753606137345207 0
    endloop
  endfacet
  facet normal 0 0 -1
    outer loop
      vertex 66.14850745458338 -2.149150156162344 0
      vertex 75.85682714415876 -2.246351747983077 0
      vertex 76.10312217827516 -2.767098845168606 0
    endloop
  endfacet
  facet normal 0 0 -1
    outer loop
      vertex 66.3341769254721 -1.6302387474610602 0
      vertex 75.66276022925193 -1.7039710554836938 0
      vertex 75.85682714415876 -2.246351747983077 0
    endloop
  endfacet
  facet normal 0 0 -1
    outer loop
      vertex 66.46809013474454 -1.0956272484425762 0
      vertex 75.52279040403303 -1.1451801902346728 0
      vertex 75.66276022925193 -1.7039710554836938 0
    endloop
  endfacet
  facet normal 0 0 -1
    outer loop
      vertex 66.54895742499106 -0.5504642600908123 0
      vertex 75.4382656544342 -0.5753606137345207 0
      vertex 75.52279040403303 -1.1451801902346728 0
    endloop
  endfacet
  facet normal 0 0 -1
    outer loop
      vertex 66.576 0 0
      vertex 75.41000000000001 0 0
      vertex 75.4382656544342 -0.5753606137345207 0
    endloop
  endfacet
  facet normal 0 0 -1
    outer loop
      vertex 91.44000000149012 -6.16 0
      vertex 85.0038885780406 -4.537571361239266 0
      vertex 85.43071680556504 -4.150716805565034 0
    endloop
  endfacet
  facet normal 0 0 -1
    outer loop
      vertex 91.44000000149012 -6.16 0
      vertex 85.43071680556504 -4.150716805565034 0
      vertex 85.81757136123927 -3.723888578040599 0
    endloop
  endfacet
  facet normal 0 0 -1
    outer loop
      vertex 91.44000000149012 -6.16 0
      vertex 85.81757136123927 -3.723888578040599 0
      vertex 86.16072662421594 -3.261197267825065 0
    endloop
  endfacet
  facet normal 0 0 -1
    outer loop
      vertex 91.44000000149012 -6.16 0
      vertex 86.16072662421594 -3.261197267825065 0
      vertex 86.45687782172485 -2.767098845168606 0
    endloop
  endfacet
  facet normal 0 0 -1
    outer loop
      vertex 91.44000000149012 -6.16 0
      vertex 86.45687782172485 -2.767098845168606 0
      vertex 86.70317285584125 -2.246351747983077 0
    endloop
  endfacet
  facet normal 0 0 -1
    outer loop
      vertex 91.44000000149012 -6.16 0
      vertex 86.70317285584125 -2.246351747983077 0
      vertex 86.89723977074807 -1.7039710554836938 0
    endloop
  endfacet
  facet normal 0 0 -1
    outer loop
      vertex 91.44000000149012 -6.16 0
      vertex 86.89723977074807 -1.7039710554836938 0
      vertex 87.03720959596697 -1.1451801902346728 0
    endloop
  endfacet
  facet normal 0 0 -1
    outer loop
      vertex 91.44000000149012 -6.16 0
      vertex 87.03720959596697 -1.1451801902346728 0
      vertex 87.1217343455658 -0.5753606137345207 0
    endloop
  endfacet
  facet normal 0 0 -1
    outer loop
      vertex 91.44000000149012 -6.16 0
      vertex 87.1217343455658 -0.5753606137345207 0
      vertex 87.14999999999999 0 0
    endloop
  endfacet
  facet normal 0 0 -1
    outer loop
      vertex 91.44000000149012 -6.16 0
      vertex 87.14999999999999 0 0
      vertex 87.1217343455658 0.5753606137345207 0
    endloop
  endfacet
  facet normal 1 0 0
    outer loop
      vertex 91.44000000149012 -6.16 0
      vertex 91.44000000149012 6.160000000298023 0
      vertex 91.44000000149012 -6.16 1.7018
    endloop
  endfacet
  facet normal 0 -1 0
    outer loop
      vertex 41.44 -10.16 0
      vertex 42.34 -10.16 1.7018
      vertex 41.44 -10.16 1.7018
    endloop
  endfacet
  facet normal 0 -1 0
    outer loop
      vertex 43.94 -10.16 0
      vertex 56.410000000000004 -10.16 1.7018
      vertex 43.94 -10.16 1.7018
    endloop
  endfacet
  facet normal 0 -1 0
    outer loop
      vertex 58.01 -10.16 0
      vertex 58.910000000000004 -10.16 1.7018
      vertex 58.01 -10.16 1.7018
    endloop
  endfacet
  facet normal 0 -1 0
    outer loop
      vertex 60.51 -10.16 0
      vertex 61.410000000000004 -10.16 1.7018
      vertex 60.51 -10.16 1.7018
    endloop
  endfacet
  facet normal 0 -1 0
    outer loop
      vertex 63.01 -10.16 0
      vertex 63.910000000000004 -10.16 1.7018
      vertex 63.01 -10.16 1.7018
    endloop
  endfacet
  facet normal 0 0 1
    outer loop
      vertex 42.34 -10.16 1.7018
      vertex 42.400896373990975 -9.853853254107928 1.7018
      vertex 41.44 -10.16 1.7018
    endloop
  endfacet
  facet normal 0 0 1
    outer loop
      vertex 41.44 -10.16 1.7018
      vertex 42.400896373990975 -9.853853254107928 1.7018
      vertex 41.37910362600903 -9.853853254107928 1.7018
    endloop
  endfacet
  facet normal 0 0 1
    outer loop
      vertex 41.37910362600903 -9.853853254107928 1.7018
      vertex 42.400896373990975 -9.853853254107928 1.7018
      vertex 42.574314575050764 -9.594314575050761 1.7018
    endloop
  endfacet
  facet normal 0 0 1
    outer loop
      vertex 41.37910362600903 -9.853853254107928 1.7018
      vertex 42.574314575050764 -9.594314575050761 1.7018
      vertex 41.20568542494924 -9.594314575050761 1.7018
    endloop
  endfacet
  facet normal 0 0 1
    outer loop
      vertex 41.20568542494924 -9.594314575050761 1.7018
      vertex 42.574314575050764 -9.594314575050761 1.7018
      vertex 42.83385325410793 -9.42089637399097 1.7018
    endloop
  endfacet
  facet normal 0 0 1
    outer loop
      vertex 42.83385325410793 -9.42089637399097 1.7018
      vertex 40.94614674589207 -9.42089637399097 1.7018
      vertex 41.20568542494924 -9.594314575050761 1.7018
    endloop
  endfacet
  facet normal 0 0 1
    outer loop
      vertex 40.64 -9.36 1.7018
      vertex 40.94614674589207 -9.42089637399097 1.7018
      vertex 43.14 -9.36 1.7018
    endloop
  endfacet
  facet normal 0 0 1
    outer loop
      vertex 40.94614674589207 -9.42089637399097 1.7018
      vertex 42.83385325410793 -9.42089637399097 1.7018
      vertex 43.14 -9.36 1.7018
    endloop
  endfacet
  facet normal 0 0 1
    outer loop
      vertex 90.26842712253332 -8.988427121043205 1.7018
      vertex 19.07 -9.36 1.7018
      vertex 21.57 -9.36 1.7018
    endloop
  endfacet
  facet normal 0 0 1
    outer loop
      vertex 90.26842712253332 -8.988427121043205 1.7018
      vertex 21.57 -9.36 1.7018
      vertex 21.876146745892072 -9.42089637399097 1.7018
    endloop
  endfacet
  facet normal 0 0 1
    outer loop
      vertex 43.94 -10.16 1.7018
      vertex 56.644314575050764 -9.594314575050761 1.7018
      vertex 43.87910362600903 -9.853853254107928 1.7018
    endloop
  endfacet
  facet normal 0 0 1
    outer loop
      vertex 43.87910362600903 -9.853853254107928 1.7018
      vertex 56.644314575050764 -9.594314575050761 1.7018
      vertex 43.70568542494924 -9.594314575050761 1.7018
    endloop
  endfacet
  facet normal 0 0 1
    outer loop
      vertex 43.70568542494924 -9.594314575050761 1.7018
      vertex 57.21 -9.36 1.7018
      vertex 43.44614674589207 -9.42089637399097 1.7018
    endloop
  endfacet
  facet normal 0 0 1
    outer loop
      vertex 43.14 -9.36 1.7018
      vertex 43.44614674589207 -9.42089637399097 1.7018
      vertex 57.21 -9.36 1.7018
    endloop
  endfacet
  facet normal 0 0 1
    outer loop
      vertex 90.26842712253332 -8.988427121043205 1.7018
      vertex 21.876146745892072 -9.42089637399097 1.7018
      vertex 38.14 -9.36 1.7018
    endloop
  endfacet
  facet normal 0 0 1
    outer loop
      vertex 56.410000000000004 -10.16 1.7018
      vertex 56.47089637399097 -9.853853254107928 1.7018
      vertex 43.94 -10.16 1.7018
    endloop
  endfacet
  facet normal 0 0 1
    outer loop
      vertex 43.94 -10.16 1.7018
      vertex 56.47089637399097 -9.853853254107928 1.7018
      vertex 56.644314575050764 -9.594314575050761 1.7018
    endloop
  endfacet
  facet normal 0 0 1
    outer loop
      vertex 56.644314575050764 -9.594314575050761 1.7018
      vertex 56.90385325410793 -9.42089637399097 1.7018
      vertex 43.70568542494924 -9.594314575050761 1.7018
    endloop
  endfacet
  facet normal 0 0 1
    outer loop
      vertex 43.70568542494924 -9.594314575050761 1.7018
      vertex 56.90385325410793 -9.42089637399097 1.7018
      vertex 57.21 -9.36 1.7018
    endloop
  endfacet
  facet normal 0 0 1
    outer loop
      vertex -10.083141121864319 -6.9403612872958185 1.7018
      vertex 80.28894116415808 -4.9823892244484105 1.7018
      vertex 60.96 -4.826 1.7018
    endloop
  endfacet
  facet normal 0 0 1
    outer loop
      vertex -10.083141121864319 -6.9403612872958185 1.7018
      vertex 80.78207292712584 -5.05553841149476 1.7018
      vertex 80.28894116415808 -4.9823892244484105 1.7018
    endloop
  endfacet
  facet normal 0 0 1
    outer loop
      vertex -10.083141121864319 -6.9403612872958185 1.7018
      vertex 81.28 -5.08 1.7018
      vertex 80.78207292712584 -5.05553841149476 1.7018
    endloop
  endfacet
  facet normal 0 0 1
    outer loop
      vertex 90.26842712253332 -8.988427121043205 1.7018
      vertex 38.14 -9.36 1.7018
      vertex 40.64 -9.36 1.7018
    endloop
  endfacet
  facet normal 0 0 1
    outer loop
      vertex 58.910000000000004 -10.16 1.7018
      vertex 58.97089637399097 -9.853853254107928 1.7018
      vertex 58.01 -10.16 1.7018
    endloop
  endfacet
  facet normal 0 0 1
    outer loop
      vertex 58.01 -10.16 1.7018
      vertex 58.97089637399097 -9.853853254107928 1.7018
      vertex 57.949103626009034 -9.853853254107928 1.7018
    endloop
  endfacet
  facet normal 0 0 1
    outer loop
      vertex 57.949103626009034 -9.853853254107928 1.7018
      vertex 58.97089637399097 -9.853853254107928 1.7018
      vertex 59.144314575050764 -9.594314575050761 1.7018
    endloop
  endfacet
  facet normal 0 0 1
    outer loop
      vertex 57.949103626009034 -9.853853254107928 1.7018
      vertex 59.144314575050764 -9.594314575050761 1.7018
      vertex 57.77568542494924 -9.594314575050761 1.7018
    endloop
  endfacet
  facet normal 0 0 1
    outer loop
      vertex 59.144314575050764 -9.594314575050761 1.7018
      vertex 59.40385325410793 -9.42089637399097 1.7018
      vertex 57.77568542494924 -9.594314575050761 1.7018
    endloop
  endfacet
  facet normal 0 0 1
    outer loop
      vertex 90.26842712253332 -8.988427121043205 1.7018
      vertex 40.64 -9.36 1.7018
      vertex 43.14 -9.36 1.7018
    endloop
  endfacet
  facet normal 0 0 1
    outer loop
      vertex 57.77568542494924 -9.594314575050761 1.7018
      vertex 59.40385325410793 -9.42089637399097 1.7018
      vertex 57.51614674589207 -9.42089637399097 1.7018
    endloop
  endfacet
  facet normal 0 0 1
    outer loop
      vertex 57.21 -9.36 1.7018
      vertex 57.51614674589207 -9.42089637399097 1.7018
      vertex 59.71 -9.36 1.7018
    endloop
  endfacet
  facet normal 0 0 1
    outer loop
      vertex 57.51614674589207 -9.42089637399097 1.7018
      vertex 59.40385325410793 -9.42089637399097 1.7018
      vertex 59.71 -9.36 1.7018
    endloop
  endfacet
  facet normal 0 0 1
    outer loop
      vertex -8.697573136389256 -9.252041812837124 1.7018
      vertex 90.53204181432724 -8.697573136389256 1.7018
      vertex 90.76587845027447 -8.38228093445301 1.7018
    endloop
  endfacet
  facet normal 0 0 1
    outer loop
      vertex -8.988427121043205 -8.988427121043205 1.7018
      vertex 90.76587845027447 -8.38228093445301 1.7018
      vertex 90.96768506258726 -8.045586947202683 1.7018
    endloop
  endfacet
  facet normal 0 0 1
    outer loop
      vertex -9.252041812837124 -8.697573136389256 1.7018
      vertex 90.96768506258726 -8.045586947202683 1.7018
      vertex 91.13551813006401 -7.6907337269186975 1.7018
    endloop
  endfacet
  facet normal 0 0 1
    outer loop
      vertex -9.485878448784351 -8.38228093445301 1.7018
      vertex 91.13551813006401 -7.6907337269186975 1.7018
      vertex 91.26776134610176 -7.321138705909252 1.7018
    endloop
  endfacet
  facet normal 0 0 1
    outer loop
      vertex 61.410000000000004 -10.16 1.7018
      vertex 61.470896373990975 -9.853853254107928 1.7018
      vertex 60.51 -10.16 1.7018
    endloop
  endfacet
  facet normal 0 0 1
    outer loop
      vertex 60.51 -10.16 1.7018
      vertex 61.470896373990975 -9.853853254107928 1.7018
      vertex 60.44910362600903 -9.853853254107928 1.7018
    endloop
  endfacet
  facet normal 0 0 1
    outer loop
      vertex 60.44910362600903 -9.853853254107928 1.7018
      vertex 61.470896373990975 -9.853853254107928 1.7018
      vertex 61.644314575050764 -9.594314575050761 1.7018
    endloop
  endfacet
  facet normal 0 0 1
    outer loop
      vertex 61.90385325410793 -9.42089637399097 1.7018
      vertex 60.27568542494924 -9.594314575050761 1.7018
      vertex 60.44910362600903 -9.853853254107928 1.7018
    endloop
  endfacet
  facet normal 0 0 1
    outer loop
      vertex 61.90385325410793 -9.42089637399097 1.7018
      vertex 60.44910362600903 -9.853853254107928 1.7018
      vertex 61.644314575050764 -9.594314575050761 1.7018
    endloop
  endfacet
  facet normal 0 0 1
    outer loop
      vertex 60.27568542494924 -9.594314575050761 1.7018
      vertex 61.90385325410793 -9.42089637399097 1.7018
      vertex 60.01614674589207 -9.42089637399097 1.7018
    endloop
  endfacet
  facet normal 0 0 1
    outer loop
      vertex 62.21 -9.36 1.7018
      vertex 59.71 -9.36 1.7018
      vertex 60.01614674589207 -9.42089637399097 1.7018
    endloop
  endfacet
  facet normal 0 0 1
    outer loop
      vertex 90.26842712253332 -8.988427121043205 1.7018
      vertex 90.53204181432724 -8.697573136389256 1.7018
      vertex 0.30614674589207186 -9.42089637399097 1.7018
    endloop
  endfacet
  facet normal 0 0 1
    outer loop
      vertex 60.01614674589207 -9.42089637399097 1.7018
      vertex 61.90385325410793 -9.42089637399097 1.7018
      vertex 62.21 -9.36 1.7018
    endloop
  endfacet
  facet normal 0 0 1
    outer loop
      vertex 63.910000000000004 -10.16 1.7018
      vertex 63.97089637399097 -9.853853254107928 1.7018
      vertex 63.01 -10.16 1.7018
    endloop
  endfacet
  facet normal 0 0 1
    outer loop
      vertex 63.01 -10.16 1.7018
      vertex 63.97089637399097 -9.853853254107928 1.7018
      vertex 62.949103626009034 -9.853853254107928 1.7018
    endloop
  endfacet
  facet normal 0 0 1
    outer loop
      vertex 62.949103626009034 -9.853853254107928 1.7018
      vertex 64.14431457505076 -9.594314575050761 1.7018
      vertex 62.77568542494924 -9.594314575050761 1.7018
    endloop
  endfacet
  facet normal 0 0 1
    outer loop
      vertex 62.949103626009034 -9.853853254107928 1.7018
      vertex 63.97089637399097 -9.853853254107928 1.7018
      vertex 64.14431457505076 -9.594314575050761 1.7018
    endloop
  endfacet
  facet normal 0 0 1
    outer loop
      vertex 64.40385325410793 -9.42089637399097 1.7018
      vertex 62.77568542494924 -9.594314575050761 1.7018
      vertex 64.14431457505076 -9.594314575050761 1.7018
    endloop
  endfacet
  facet normal 0 0 1
    outer loop
      vertex 62.51614674589207 -9.42089637399097 1.7018
      vertex 64.71000000000001 -9.36 1.7018
      vertex 62.21 -9.36 1.7018
    endloop
  endfacet
  facet normal 0 0 1
    outer loop
      vertex 62.77568542494924 -9.594314575050761 1.7018
      vertex 64.71000000000001 -9.36 1.7018
      vertex 62.51614674589207 -9.42089637399097 1.7018
    endloop
  endfacet
  facet normal 0 0 1
    outer loop
      vertex 90.26842712253332 -8.988427121043205 1.7018
      vertex 43.14 -9.36 1.7018
      vertex 57.21 -9.36 1.7018
    endloop
  endfacet
  facet normal 0 0 1
    outer loop
      vertex 62.77568542494924 -9.594314575050761 1.7018
      vertex 64.40385325410793 -9.42089637399097 1.7018
      vertex 64.71000000000001 -9.36 1.7018
    endloop
  endfacet
  facet normal 0 0 1
    outer loop
      vertex -9.687685061097145 -8.045586947202683 1.7018
      vertex 91.26776134610176 -7.321138705909252 1.7018
      vertex 91.36314112335444 -6.9403612872958185 1.7018
    endloop
  endfacet
  facet normal 0 0 1
    outer loop
      vertex -9.855518128573895 -7.6907337269186975 1.7018
      vertex 91.36314112335444 -6.9403612872958185 1.7018
      vertex 91.42073890954256 -6.552068564891815 1.7018
    endloop
  endfacet
  facet normal 0 0 1
    outer loop
      vertex -9.987761344611645 -7.321138705909252 1.7018
      vertex 91.42073890954256 -6.552068564891815 1.7018
      vertex 91.44000000149012 -6.16 1.7018
    endloop
  endfacet
  facet normal 0 0 1
    outer loop
      vertex -10.083141121864319 -6.9403612872958185 1.7018
      vertex 91.44000000149012 -6.16 1.7018
      vertex 81.28 -5.08 1.7018
    endloop
  endfacet
  facet normal 0 0 1
    outer loop
      vertex 40.64 -4.571999999999999 1.7018
      vertex 60.48696928076954 -4.802761490920022 1.7018
      vertex 41.088134365586754 -4.549984570345283 1.7018
    endloop
  endfacet
  facet normal 0 0 1
    outer loop
      vertex 41.088134365586754 -4.549984570345283 1.7018
      vertex 60.01849410595017 -4.73326976322599 1.7018
      vertex 41.53195295225774 -4.4841503020035685 1.7018
    endloop
  endfacet
  facet normal 0 0 1
    outer loop
      vertex 41.53195295225774 -4.4841503020035685 1.7018
      vertex 59.559086147569964 -4.618194060243639 1.7018
      vertex 41.9671815444074 -4.3751312149676576 1.7018
    endloop
  endfacet
  facet normal 0 0 1
    outer loop
      vertex 41.9671815444074 -4.3751312149676576 1.7018
      vertex 59.113169755406076 -4.458642623899469 1.7018
      vertex 42.38962865277319 -4.223977222641603 1.7018
    endloop
  endfacet
  facet normal 0 0 1
    outer loop
      vertex 42.38962865277319 -4.223977222641603 1.7018
      vertex 58.68503934807774 -4.256152021745161 1.7018
      vertex 42.79522588076846 -4.032144020600678 1.7018
    endloop
  endfacet
  facet normal 0 0 1
    outer loop
      vertex 42.79522588076846 -4.032144020600678 1.7018
      vertex 58.2788180554474 -4.012672348972083 1.7018
      vertex 43.18006710536562 -3.8014790674472363 1.7018
    endloop
  endfacet
  facet normal 0 0 1
    outer loop
      vertex 58.2788180554474 -4.012672348972083 1.7018
      vertex 42.79522588076846 -4.032144020600678 1.7018
      vertex 58.68503934807774 -4.256152021745161 1.7018
    endloop
  endfacet
  facet normal 0 0 1
    outer loop
      vertex 57.898418010626244 -3.7305484479285687 1.7018
      vertex 43.18006710536562 -3.8014790674472363 1.7018
      vertex 58.2788180554474 -4.012672348972083 1.7018
    endloop
  endfacet
  facet normal 0 0 1
    outer loop
      vertex 43.18006710536562 -3.8014790674472363 1.7018
      vertex 57.898418010626244 -3.7305484479285687 1.7018
      vertex 43.54044609519619 -3.534203792774433 1.7018
    endloop
  endfacet
  facet normal 0 0 1
    outer loop
      vertex 43.54044609519619 -3.534203792774433 1.7018
      vertex 57.54750267399372 -3.4124973260062785 1.7018
      vertex 43.8728922035849 -3.232892203584895 1.7018
    endloop
  endfacet
  facet normal 0 0 1
    outer loop
      vertex 43.8728922035849 -3.232892203584895 1.7018
      vertex 57.22945155207143 -3.061581989373753 1.7018
      vertex 44.174203792774435 -2.9004460951961866 1.7018
    endloop
  endfacet
  facet normal 0 0 1
    outer loop
      vertex 44.174203792774435 -2.9004460951961866 1.7018
      vertex 56.94732765102792 -2.6811819445525997 1.7018
      vertex 44.44147906744724 -2.5400671053656207 1.7018
    endloop
  endfacet
  facet normal 0 0 1
    outer loop
      vertex 57.54750267399372 -3.4124973260062785 1.7018
      vertex 43.54044609519619 -3.534203792774433 1.7018
      vertex 57.898418010626244 -3.7305484479285687 1.7018
    endloop
  endfacet
  facet normal 0 0 1
    outer loop
      vertex 57.22945155207143 -3.061581989373753 1.7018
      vertex 43.8728922035849 -3.232892203584895 1.7018
      vertex 57.54750267399372 -3.4124973260062785 1.7018
    endloop
  endfacet
  facet normal 0 0 1
    outer loop
      vertex 56.94732765102792 -2.6811819445525997 1.7018
      vertex 44.174203792774435 -2.9004460951961866 1.7018
      vertex 57.22945155207143 -3.061581989373753 1.7018
    endloop
  endfacet
  facet normal 0 0 1
    outer loop
      vertex 44.44147906744724 -2.5400671053656207 1.7018
      vertex 56.70384797825484 -2.2749606519222643 1.7018
      vertex 44.672144020600676 -2.155225880768461 1.7018
    endloop
  endfacet
  facet normal 0 0 1
    outer loop
      vertex 44.672144020600676 -2.155225880768461 1.7018
      vertex 56.50135737610053 -1.846830244593923 1.7018
      vertex 44.8639772226416 -1.7496286527731901 1.7018
    endloop
  endfacet
  facet normal 0 0 1
    outer loop
      vertex 44.8639772226416 -1.7496286527731901 1.7018
      vertex 56.34180593975636 -1.400913852430035 1.7018
      vertex 45.01513121496766 -1.3271815444074015 1.7018
    endloop
  endfacet
  facet normal 0 0 1
    outer loop
      vertex 44.44147906744724 -2.5400671053656207 1.7018
      vertex 56.94732765102792 -2.6811819445525997 1.7018
      vertex 56.70384797825484 -2.2749606519222643 1.7018
    endloop
  endfacet
  facet normal 0 0 1
    outer loop
      vertex 56.50135737610053 -1.846830244593923 1.7018
      vertex 44.672144020600676 -2.155225880768461 1.7018
      vertex 56.70384797825484 -2.2749606519222643 1.7018
    endloop
  endfacet
  facet normal 0 0 1
    outer loop
      vertex 56.34180593975636 -1.400913852430035 1.7018
      vertex 44.8639772226416 -1.7496286527731901 1.7018
      vertex 56.50135737610053 -1.846830244593923 1.7018
    endloop
  endfacet
  facet normal 0 0 1
    outer loop
      vertex 45.01513121496766 -1.3271815444074015 1.7018
      vertex 56.22673023677401 -0.9415058940498349 1.7018
      vertex 45.12415030200357 -0.8919529522577382 1.7018
    endloop
  endfacet
  facet normal 0 0 1
    outer loop
      vertex 45.12415030200357 -0.8919529522577382 1.7018
      vertex 56.15723850907998 -0.4730307192304594 1.7018
      vertex 45.18998457034528 -0.448134365586751 1.7018
    endloop
  endfacet
  facet normal 0 0 1
    outer loop
      vertex 45.18998457034528 -0.448134365586751 1.7018
      vertex 56.134 0 1.7018
      vertex 45.212 0 1.7018
    endloop
  endfacet
  facet normal 0 0 1
    outer loop
      vertex 56.22673023677401 -0.9415058940498349 1.7018
      vertex 45.01513121496766 -1.3271815444074015 1.7018
      vertex 56.34180593975636 -1.400913852430035 1.7018
    endloop
  endfacet
  facet normal 0 0 1
    outer loop
      vertex 56.15723850907998 -0.4730307192304594 1.7018
      vertex 45.12415030200357 -0.8919529522577382 1.7018
      vertex 56.22673023677401 -0.9415058940498349 1.7018
    endloop
  endfacet
  facet normal 0 0 1
    outer loop
      vertex 56.134 0 1.7018
      vertex 45.18998457034528 -0.448134365586751 1.7018
      vertex 56.15723850907998 -0.4730307192304594 1.7018
    endloop
  endfacet
  facet normal 0 0 1
    outer loop
      vertex 59.559086147569964 -4.618194060243639 1.7018
      vertex 41.53195295225774 -4.4841503020035685 1.7018
      vertex 60.01849410595017 -4.73326976322599 1.7018
    endloop
  endfacet
  facet normal 0 0 1
    outer loop
      vertex 41.088134365586754 -4.549984570345283 1.7018
      vertex 60.48696928076954 -4.802761490920022 1.7018
      vertex 60.01849410595017 -4.73326976322599 1.7018
    endloop
  endfacet
  facet normal 0 0 1
    outer loop
      vertex 40.64 -4.571999999999999 1.7018
      vertex 60.96 -4.826 1.7018
      vertex 60.48696928076954 -4.802761490920022 1.7018
    endloop
  endfacet
  facet normal 0 0 1
    outer loop
      vertex 59.113169755406076 -4.458642623899469 1.7018
      vertex 41.9671815444074 -4.3751312149676576 1.7018
      vertex 59.559086147569964 -4.618194060243639 1.7018
    endloop
  endfacet
  facet normal 0 0 1
    outer loop
      vertex 58.68503934807774 -4.256152021745161 1.7018
      vertex 42.38962865277319 -4.223977222641603 1.7018
      vertex 59.113169755406076 -4.458642623899469 1.7018
    endloop
  endfacet
  facet normal 0 -1 0
    outer loop
      vertex 65.51 -10.16 0
      vertex 75.48 -10.16 1.7018
      vertex 65.51 -10.16 1.7018
    endloop
  endfacet
  facet normal 0 -1 0
    outer loop
      vertex 77.08 -10.16 0
      vertex 77.98 -10.16 1.7018
      vertex 77.08 -10.16 1.7018
    endloop
  endfacet
  facet normal 0 -1 0
    outer loop
      vertex 79.58 -10.16 0
      vertex 80.48 -10.16 1.7018
      vertex 79.58 -10.16 1.7018
    endloop
  endfacet
  facet normal 0 -1 0
    outer loop
      vertex 82.08 -10.16 0
      vertex 82.98 -10.16 1.7018
      vertex 82.08 -10.16 1.7018
    endloop
  endfacet
  facet normal 0 -1 0
    outer loop
      vertex 84.58 -10.16 0
      vertex 85.48 -10.16 1.7018
      vertex 84.58 -10.16 1.7018
    endloop
  endfacet
  facet normal 0 -1 0
    outer loop
      vertex 87.44000000149012 -10.16 1.7018
      vertex 87.08 -10.16 1.7018
      vertex 87.08 -10.16 0
    endloop
  endfacet
  facet normal 0.0490676704157047 -0.9987954563973426 0
    outer loop
      vertex 87.83206856638193 -10.140738908052445 0
      vertex 87.83206856638193 -10.140738908052445 1.7018
      vertex 87.44000000149012 -10.16 1.7018
    endloop
  endfacet
  facet normal 0.1467304788333968 -0.9891765093153608 0
    outer loop
      vertex 88.22036128878594 -10.083141121864319 0
      vertex 88.22036128878594 -10.083141121864319 1.7018
      vertex 87.83206856638193 -10.140738908052445 1.7018
    endloop
  endfacet
  facet normal 0.2429801778770028 -0.970031253702096 0
    outer loop
      vertex 88.60113870739937 -9.987761344611645 0
      vertex 88.60113870739937 -9.987761344611645 1.7018
      vertex 88.22036128878594 -10.083141121864319 1.7018
    endloop
  endfacet
  facet normal 0.3368898600571533 -0.9415440627982694 0
    outer loop
      vertex 88.97073372840882 -9.855518128573895 0
      vertex 88.97073372840882 -9.855518128573895 1.7018
      vertex 88.60113870739937 -9.987761344611645 1.7018
    endloop
  endfacet
  facet normal 0.42755508025413375 -0.9039892993552974 0
    outer loop
      vertex 89.3255869486928 -9.687685061097145 0
      vertex 89.3255869486928 -9.687685061097145 1.7018
      vertex 88.97073372840882 -9.855518128573895 1.7018
    endloop
  endfacet
  facet normal 0.5141027491514957 -0.8577286070283969 0
    outer loop
      vertex 89.66228093594313 -9.485878448784351 0
      vertex 89.66228093594313 -9.485878448784351 1.7018
      vertex 89.3255869486928 -9.687685061097145 1.7018
    endloop
  endfacet
  facet normal 0.5956993080192207 -0.8032075288650014 0
    outer loop
      vertex 89.97757313787938 -9.252041812837124 0
      vertex 89.97757313787938 -9.252041812837124 1.7018
      vertex 89.66228093594313 -9.485878448784351 1.7018
    endloop
  endfacet
  facet normal 0.6715589635251563 -0.7409511174895533 0
    outer loop
      vertex 90.26842712253332 -8.988427121043205 0
      vertex 90.26842712253332 -8.988427121043205 1.7018
      vertex 89.97757313787938 -9.252041812837124 1.7018
    endloop
  endfacet
  facet normal 0.7409511174895533 -0.6715589635251563 0
    outer loop
      vertex 90.53204181432724 -8.697573136389256 0
      vertex 90.53204181432724 -8.697573136389256 1.7018
      vertex 90.26842712253332 -8.988427121043205 1.7018
    endloop
  endfacet
  facet normal 0.8032075288650014 -0.5956993080192207 0
    outer loop
      vertex 90.76587845027447 -8.38228093445301 0
      vertex 90.76587845027447 -8.38228093445301 1.7018
      vertex 90.53204181432724 -8.697573136389256 1.7018
    endloop
  endfacet
  facet normal 0.8577286070283969 -0.5141027491514957 0
    outer loop
      vertex 90.96768506258726 -8.045586947202683 0
      vertex 90.96768506258726 -8.045586947202683 1.7018
      vertex 90.76587845027447 -8.38228093445301 1.7018
    endloop
  endfacet
  facet normal 0.9039892993552974 -0.42755508025413375 0
    outer loop
      vertex 91.13551813006401 -7.6907337269186975 0
      vertex 91.13551813006401 -7.6907337269186975 1.7018
      vertex 90.96768506258726 -8.045586947202683 1.7018
    endloop
  endfacet
  facet normal 0.9415440627982694 -0.3368898600571533 0
    outer loop
      vertex 91.26776134610176 -7.321138705909252 0
      vertex 91.26776134610176 -7.321138705909252 1.7018
      vertex 91.13551813006401 -7.6907337269186975 1.7018
    endloop
  endfacet
  facet normal 0.970031253702096 -0.2429801778770028 0
    outer loop
      vertex 91.36314112335444 -6.9403612872958185 0
      vertex 91.36314112335444 -6.9403612872958185 1.7018
      vertex 91.26776134610176 -7.321138705909252 1.7018
    endloop
  endfacet
  facet normal 0.9891765093153608 -0.1467304788333968 0
    outer loop
      vertex 91.42073890954256 -6.552068564891815 0
      vertex 91.42073890954256 -6.552068564891815 1.7018
      vertex 91.36314112335444 -6.9403612872958185 1.7018
    endloop
  endfacet
  facet normal 0.9987954563973426 -0.0490676704157047 0
    outer loop
      vertex 91.44000000149012 -6.16 0
      vertex 91.44000000149012 -6.16 1.7018
      vertex 91.42073890954256 -6.552068564891815 1.7018
    endloop
  endfacet
  facet normal 0 0 1
    outer loop
      vertex 65.51 -10.16 1.7018
      vertex 75.54089637399098 -9.853853254107928 1.7018
      vertex 65.44910362600903 -9.853853254107928 1.7018
    endloop
  endfacet
  facet normal 0 0 1
    outer loop
      vertex 75.97385325410792 -9.42089637399097 1.7018
      vertex 65.27568542494924 -9.594314575050761 1.7018
      vertex 65.44910362600903 -9.853853254107928 1.7018
    endloop
  endfacet
  facet normal 0 0 1
    outer loop
      vertex 65.01614674589207 -9.42089637399097 1.7018
      vertex 65.27568542494924 -9.594314575050761 1.7018
      vertex 75.97385325410792 -9.42089637399097 1.7018
    endloop
  endfacet
  facet normal 0 0 1
    outer loop
      vertex 90.26842712253332 -8.988427121043205 1.7018
      vertex 57.21 -9.36 1.7018
      vertex 59.71 -9.36 1.7018
    endloop
  endfacet
  facet normal 0 0 1
    outer loop
      vertex 75.48 -10.16 1.7018
      vertex 75.54089637399098 -9.853853254107928 1.7018
      vertex 65.51 -10.16 1.7018
    endloop
  endfacet
  facet normal 0 0 1
    outer loop
      vertex 65.44910362600903 -9.853853254107928 1.7018
      vertex 75.54089637399098 -9.853853254107928 1.7018
      vertex 75.71431457505076 -9.594314575050761 1.7018
    endloop
  endfacet
  facet normal 0 0 1
    outer loop
      vertex 75.97385325410792 -9.42089637399097 1.7018
      vertex 65.44910362600903 -9.853853254107928 1.7018
      vertex 75.71431457505076 -9.594314575050761 1.7018
    endloop
  endfacet
  facet normal 0 0 1
    outer loop
      vertex 90.26842712253332 -8.988427121043205 1.7018
      vertex 59.71 -9.36 1.7018
      vertex 62.21 -9.36 1.7018
    endloop
  endfacet
  facet normal 0 0 1
    outer loop
      vertex 65.01614674589207 -9.42089637399097 1.7018
      vertex 75.97385325410792 -9.42089637399097 1.7018
      vertex 76.28 -9.36 1.7018
    endloop
  endfacet
  facet normal 0 0 1
    outer loop
      vertex 90.26842712253332 -8.988427121043205 1.7018
      vertex 62.21 -9.36 1.7018
      vertex 64.71000000000001 -9.36 1.7018
    endloop
  endfacet
  facet normal 0 0 1
    outer loop
      vertex 90.26842712253332 -8.988427121043205 1.7018
      vertex 64.71000000000001 -9.36 1.7018
      vertex 65.01614674589207 -9.42089637399097 1.7018
    endloop
  endfacet
  facet normal 0 0 1
    outer loop
      vertex 77.98 -10.16 1.7018
      vertex 78.04089637399098 -9.853853254107928 1.7018
      vertex 77.08 -10.16 1.7018
    endloop
  endfacet
  facet normal 0 0 1
    outer loop
      vertex 78.04089637399098 -9.853853254107928 1.7018
      vertex 77.01910362600903 -9.853853254107928 1.7018
      vertex 77.08 -10.16 1.7018
    endloop
  endfacet
  facet normal 0 0 1
    outer loop
      vertex 78.21431457505076 -9.594314575050761 1.7018
      vertex 77.01910362600903 -9.853853254107928 1.7018
      vertex 78.04089637399098 -9.853853254107928 1.7018
    endloop
  endfacet
  facet normal 0 0 1
    outer loop
      vertex 77.01910362600903 -9.853853254107928 1.7018
      vertex 78.21431457505076 -9.594314575050761 1.7018
      vertex 76.84568542494924 -9.594314575050761 1.7018
    endloop
  endfacet
  facet normal 0 0 1
    outer loop
      vertex 76.84568542494924 -9.594314575050761 1.7018
      vertex 78.21431457505076 -9.594314575050761 1.7018
      vertex 78.47385325410792 -9.42089637399097 1.7018
    endloop
  endfacet
  facet normal 0 0 1
    outer loop
      vertex 89.97757313787938 -9.252041812837124 1.7018
      vertex 65.01614674589207 -9.42089637399097 1.7018
      vertex 76.28 -9.36 1.7018
    endloop
  endfacet
  facet normal 0 0 1
    outer loop
      vertex 76.58614674589208 -9.42089637399097 1.7018
      vertex 76.84568542494924 -9.594314575050761 1.7018
      vertex 78.47385325410792 -9.42089637399097 1.7018
    endloop
  endfacet
  facet normal 0 0 1
    outer loop
      vertex 76.28 -9.36 1.7018
      vertex 76.58614674589208 -9.42089637399097 1.7018
      vertex 78.78 -9.36 1.7018
    endloop
  endfacet
  facet normal 0 0 1
    outer loop
      vertex 76.58614674589208 -9.42089637399097 1.7018
      vertex 78.47385325410792 -9.42089637399097 1.7018
      vertex 78.78 -9.36 1.7018
    endloop
  endfacet
  facet normal 0 0 1
    outer loop
      vertex 80.48 -10.16 1.7018
      vertex 80.54089637399098 -9.853853254107928 1.7018
      vertex 79.58 -10.16 1.7018
    endloop
  endfacet
  facet normal 0 0 1
    outer loop
      vertex 80.54089637399098 -9.853853254107928 1.7018
      vertex 79.51910362600903 -9.853853254107928 1.7018
      vertex 79.58 -10.16 1.7018
    endloop
  endfacet
  facet normal 0 0 1
    outer loop
      vertex 80.71431457505076 -9.594314575050761 1.7018
      vertex 79.51910362600903 -9.853853254107928 1.7018
      vertex 80.54089637399098 -9.853853254107928 1.7018
    endloop
  endfacet
  facet normal 0 0 1
    outer loop
      vertex 79.51910362600903 -9.853853254107928 1.7018
      vertex 80.71431457505076 -9.594314575050761 1.7018
      vertex 79.34568542494924 -9.594314575050761 1.7018
    endloop
  endfacet
  facet normal 0 0 1
    outer loop
      vertex 80.71431457505076 -9.594314575050761 1.7018
      vertex 80.97385325410792 -9.42089637399097 1.7018
      vertex 79.34568542494924 -9.594314575050761 1.7018
    endloop
  endfacet
  facet normal 0 0 1
    outer loop
      vertex 79.08614674589208 -9.42089637399097 1.7018
      vertex 79.34568542494924 -9.594314575050761 1.7018
      vertex 80.97385325410792 -9.42089637399097 1.7018
    endloop
  endfacet
  facet normal 0 0 1
    outer loop
      vertex 78.78 -9.36 1.7018
      vertex 79.08614674589208 -9.42089637399097 1.7018
      vertex 81.28 -9.36 1.7018
    endloop
  endfacet
  facet normal 0 0 1
    outer loop
      vertex 79.08614674589208 -9.42089637399097 1.7018
      vertex 80.97385325410792 -9.42089637399097 1.7018
      vertex 81.28 -9.36 1.7018
    endloop
  endfacet
  facet normal 0 0 1
    outer loop
      vertex 89.97757313787938 -9.252041812837124 1.7018
      vertex 76.28 -9.36 1.7018
      vertex 78.78 -9.36 1.7018
    endloop
  endfacet
  facet normal 0 0 1
    outer loop
      vertex 89.97757313787938 -9.252041812837124 1.7018
      vertex 90.26842712253332 -8.988427121043205 1.7018
      vertex 65.01614674589207 -9.42089637399097 1.7018
    endloop
  endfacet
  facet normal 0 0 1
    outer loop
      vertex 82.98 -10.16 1.7018
      vertex 83.04089637399098 -9.853853254107928 1.7018
      vertex 82.08 -10.16 1.7018
    endloop
  endfacet
  facet normal 0 0 1
    outer loop
      vertex 83.04089637399098 -9.853853254107928 1.7018
      vertex 82.01910362600903 -9.853853254107928 1.7018
      vertex 82.08 -10.16 1.7018
    endloop
  endfacet
  facet normal 0 0 1
    outer loop
      vertex 82.01910362600903 -9.853853254107928 1.7018
      vertex 83.21431457505076 -9.594314575050761 1.7018
      vertex 81.84568542494924 -9.594314575050761 1.7018
    endloop
  endfacet
  facet normal 0 0 1
    outer loop
      vertex 83.21431457505076 -9.594314575050761 1.7018
      vertex 82.01910362600903 -9.853853254107928 1.7018
      vertex 83.04089637399098 -9.853853254107928 1.7018
    endloop
  endfacet
  facet normal 0 0 1
    outer loop
      vertex 83.21431457505076 -9.594314575050761 1.7018
      vertex 83.47385325410792 -9.42089637399097 1.7018
      vertex 81.84568542494924 -9.594314575050761 1.7018
    endloop
  endfacet
  facet normal 0 0 1
    outer loop
      vertex 85.54089637399098 -9.853853254107928 1.7018
      vertex 84.51910362600903 -9.853853254107928 1.7018
      vertex 84.58 -10.16 1.7018
    endloop
  endfacet
  facet normal 0 0 1
    outer loop
      vertex 84.51910362600903 -9.853853254107928 1.7018
      vertex 85.71431457505076 -9.594314575050761 1.7018
      vertex 84.34568542494924 -9.594314575050761 1.7018
    endloop
  endfacet
  facet normal 0 0 1
    outer loop
      vertex 81.58614674589208 -9.42089637399097 1.7018
      vertex 81.84568542494924 -9.594314575050761 1.7018
      vertex 83.47385325410792 -9.42089637399097 1.7018
    endloop
  endfacet
  facet normal 0 0 1
    outer loop
      vertex 81.28 -9.36 1.7018
      vertex 81.58614674589208 -9.42089637399097 1.7018
      vertex 83.78 -9.36 1.7018
    endloop
  endfacet
  facet normal 0 0 1
    outer loop
      vertex 81.58614674589208 -9.42089637399097 1.7018
      vertex 83.47385325410792 -9.42089637399097 1.7018
      vertex 83.78 -9.36 1.7018
    endloop
  endfacet
  facet normal 0 0 1
    outer loop
      vertex 89.97757313787938 -9.252041812837124 1.7018
      vertex 78.78 -9.36 1.7018
      vertex 81.28 -9.36 1.7018
    endloop
  endfacet
  facet normal 0 0 1
    outer loop
      vertex 84.08614674589208 -9.42089637399097 1.7018
      vertex 84.34568542494924 -9.594314575050761 1.7018
      vertex 85.97385325410792 -9.42089637399097 1.7018
    endloop
  endfacet
  facet normal 0 0 1
    outer loop
      vertex 83.78 -9.36 1.7018
      vertex 84.08614674589208 -9.42089637399097 1.7018
      vertex 86.28 -9.36 1.7018
    endloop
  endfacet
  facet normal 0 0 1
    outer loop
      vertex 89.97757313787938 -9.252041812837124 1.7018
      vertex 81.28 -9.36 1.7018
      vertex 83.78 -9.36 1.7018
    endloop
  endfacet
  facet normal 0 0 1
    outer loop
      vertex 85.48 -10.16 1.7018
      vertex 85.54089637399098 -9.853853254107928 1.7018
      vertex 84.58 -10.16 1.7018
    endloop
  endfacet
  facet normal 0 0 1
    outer loop
      vertex 85.71431457505076 -9.594314575050761 1.7018
      vertex 84.51910362600903 -9.853853254107928 1.7018
      vertex 85.54089637399098 -9.853853254107928 1.7018
    endloop
  endfacet
  facet normal 0 0 1
    outer loop
      vertex 85.71431457505076 -9.594314575050761 1.7018
      vertex 85.97385325410792 -9.42089637399097 1.7018
      vertex 84.34568542494924 -9.594314575050761 1.7018
    endloop
  endfacet
  facet normal 0 0 1
    outer loop
      vertex 87.44000000149012 -10.16 1.7018
      vertex 88.22036128878594 -10.083141121864319 1.7018
      vertex 87.08 -10.16 1.7018
    endloop
  endfacet
  facet normal 0 0 1
    outer loop
      vertex 87.44000000149012 -10.16 1.7018
      vertex 87.83206856638193 -10.140738908052445 1.7018
      vertex 88.22036128878594 -10.083141121864319 1.7018
    endloop
  endfacet
  facet normal 0 0 1
    outer loop
      vertex 88.22036128878594 -10.083141121864319 1.7018
      vertex 88.60113870739937 -9.987761344611645 1.7018
      vertex 87.08 -10.16 1.7018
    endloop
  endfacet
  facet normal 0 0 1
    outer loop
      vertex 88.97073372840882 -9.855518128573895 1.7018
      vertex 87.01910362600903 -9.853853254107928 1.7018
      vertex 87.08 -10.16 1.7018
    endloop
  endfacet
  facet normal 0 0 1
    outer loop
      vertex 88.60113870739937 -9.987761344611645 1.7018
      vertex 88.97073372840882 -9.855518128573895 1.7018
      vertex 87.08 -10.16 1.7018
    endloop
  endfacet
  facet normal 0 0 1
    outer loop
      vertex 89.3255869486928 -9.687685061097145 1.7018
      vertex 86.84568542494924 -9.594314575050761 1.7018
      vertex 87.01910362600903 -9.853853254107928 1.7018
    endloop
  endfacet
  facet normal 0 0 1
    outer loop
      vertex 84.08614674589208 -9.42089637399097 1.7018
      vertex 85.97385325410792 -9.42089637399097 1.7018
      vertex 86.28 -9.36 1.7018
    endloop
  endfacet
  facet normal 0 0 1
    outer loop
      vertex 89.97757313787938 -9.252041812837124 1.7018
      vertex 83.78 -9.36 1.7018
      vertex 86.28 -9.36 1.7018
    endloop
  endfacet
  facet normal 0 0 1
    outer loop
      vertex 89.97757313787938 -9.252041812837124 1.7018
      vertex 86.58614674589208 -9.42089637399097 1.7018
      vertex 86.84568542494924 -9.594314575050761 1.7018
    endloop
  endfacet
  facet normal 0 0 1
    outer loop
      vertex 89.97757313787938 -9.252041812837124 1.7018
      vertex 86.28 -9.36 1.7018
      vertex 86.58614674589208 -9.42089637399097 1.7018
    endloop
  endfacet
  facet normal 0 0 1
    outer loop
      vertex 88.97073372840882 -9.855518128573895 1.7018
      vertex 89.3255869486928 -9.687685061097145 1.7018
      vertex 87.01910362600903 -9.853853254107928 1.7018
    endloop
  endfacet
  facet normal 0 0 1
    outer loop
      vertex 89.3255869486928 -9.687685061097145 1.7018
      vertex 89.66228093594313 -9.485878448784351 1.7018
      vertex 86.84568542494924 -9.594314575050761 1.7018
    endloop
  endfacet
  facet normal 0 0 1
    outer loop
      vertex 89.66228093594313 -9.485878448784351 1.7018
      vertex 89.97757313787938 -9.252041812837124 1.7018
      vertex 86.84568542494924 -9.594314575050761 1.7018
    endloop
  endfacet
  facet normal 0 0 1
    outer loop
      vertex 91.44000000149012 -6.16 1.7018
      vertex 81.77792707287416 -5.05553841149476 1.7018
      vertex 81.28 -5.08 1.7018
    endloop
  endfacet
  facet normal 0 0 1
    outer loop
      vertex 91.44000000149012 -6.16 1.7018
      vertex 82.27105883584193 -4.9823892244484105 1.7018
      vertex 81.77792707287416 -5.05553841149476 1.7018
    endloop
  endfacet
  facet normal 0 0 1
    outer loop
      vertex 91.44000000149012 -6.16 1.7018
      vertex 82.75464616045267 -4.861256905519621 1.7018
      vertex 82.27105883584193 -4.9823892244484105 1.7018
    endloop
  endfacet
  facet normal 0 0 1
    outer loop
      vertex 91.44000000149012 -6.16 1.7018
      vertex 83.22403183641465 -4.693308025157337 1.7018
      vertex 82.75464616045267 -4.861256905519621 1.7018
    endloop
  endfacet
  facet normal 0 0 1
    outer loop
      vertex 91.44000000149012 -6.16 1.7018
      vertex 83.67469542307607 -4.480160022889644 1.7018
      vertex 83.22403183641465 -4.693308025157337 1.7018
    endloop
  endfacet
  facet normal 0 0 1
    outer loop
      vertex 60.96 -4.826 1.7018
      vertex 80.28894116415808 -4.9823892244484105 1.7018
      vertex 61.43303071923046 -4.802761490920022 1.7018
    endloop
  endfacet
  facet normal 0 0 1
    outer loop
      vertex 61.43303071923046 -4.802761490920022 1.7018
      vertex 80.28894116415808 -4.9823892244484105 1.7018
      vertex 61.90150589404983 -4.73326976322599 1.7018
    endloop
  endfacet
  facet normal 0 0 1
    outer loop
      vertex 61.90150589404983 -4.73326976322599 1.7018
      vertex 79.80535383954734 -4.861256905519621 1.7018
      vertex 62.36091385243004 -4.618194060243639 1.7018
    endloop
  endfacet
  facet normal 0 0 1
    outer loop
      vertex 62.36091385243004 -4.618194060243639 1.7018
      vertex 79.33596816358535 -4.693308025157337 1.7018
      vertex 62.806830244593925 -4.458642623899469 1.7018
    endloop
  endfacet
  facet normal 0 0 1
    outer loop
      vertex 62.806830244593925 -4.458642623899469 1.7018
      vertex 78.88530457692393 -4.480160022889644 1.7018
      vertex 63.234960651922265 -4.256152021745161 1.7018
    endloop
  endfacet
  facet normal 0 0 1
    outer loop
      vertex 63.234960651922265 -4.256152021745161 1.7018
      vertex 78.45770321626043 -4.22386563049693 1.7018
      vertex 63.6411819445526 -4.012672348972083 1.7018
    endloop
  endfacet
  facet normal 0 0 1
    outer loop
      vertex 63.6411819445526 -4.012672348972083 1.7018
      vertex 78.05728211644868 -3.926893103082704 1.7018
      vertex 64.02158198937376 -3.7305484479285687 1.7018
    endloop
  endfacet
  facet normal 0 0 1
    outer loop
      vertex 64.02158198937376 -3.7305484479285687 1.7018
      vertex 77.68789755157233 -3.592102448427662 1.7018
      vertex 64.37249732600628 -3.4124973260062785 1.7018
    endloop
  endfacet
  facet normal 0 0 1
    outer loop
      vertex 64.37249732600628 -3.4124973260062785 1.7018
      vertex 77.3531068969173 -3.222717883551319 1.7018
      vertex 64.69054844792856 -3.061581989373753 1.7018
    endloop
  endfacet
  facet normal 0 0 1
    outer loop
      vertex 64.69054844792856 -3.061581989373753 1.7018
      vertex 77.05613436950307 -2.822296783739579 1.7018
      vertex 64.97267234897208 -2.6811819445525997 1.7018
    endloop
  endfacet
  facet normal 0 0 1
    outer loop
      vertex 62.36091385243004 -4.618194060243639 1.7018
      vertex 79.80535383954734 -4.861256905519621 1.7018
      vertex 79.33596816358535 -4.693308025157337 1.7018
    endloop
  endfacet
  facet normal 0 0 1
    outer loop
      vertex 62.806830244593925 -4.458642623899469 1.7018
      vertex 79.33596816358535 -4.693308025157337 1.7018
      vertex 78.88530457692393 -4.480160022889644 1.7018
    endloop
  endfacet
  facet normal 0 0 1
    outer loop
      vertex 61.90150589404983 -4.73326976322599 1.7018
      vertex 80.28894116415808 -4.9823892244484105 1.7018
      vertex 79.80535383954734 -4.861256905519621 1.7018
    endloop
  endfacet
  facet normal 0 0 1
    outer loop
      vertex 63.234960651922265 -4.256152021745161 1.7018
      vertex 78.88530457692393 -4.480160022889644 1.7018
      vertex 78.45770321626043 -4.22386563049693 1.7018
    endloop
  endfacet
  facet normal 0 0 1
    outer loop
      vertex 63.6411819445526 -4.012672348972083 1.7018
      vertex 78.45770321626043 -4.22386563049693 1.7018
      vertex 78.05728211644868 -3.926893103082704 1.7018
    endloop
  endfacet
  facet normal 0 0 1
    outer loop
      vertex 64.02158198937376 -3.7305484479285687 1.7018
      vertex 78.05728211644868 -3.926893103082704 1.7018
      vertex 77.68789755157233 -3.592102448427662 1.7018
    endloop
  endfacet
  facet normal 0 0 1
    outer loop
      vertex 77.3531068969173 -3.222717883551319 1.7018
      vertex 64.37249732600628 -3.4124973260062785 1.7018
      vertex 77.68789755157233 -3.592102448427662 1.7018
    endloop
  endfacet
  facet normal 0 0 1
    outer loop
      vertex 77.05613436950307 -2.822296783739579 1.7018
      vertex 64.69054844792856 -3.061581989373753 1.7018
      vertex 77.3531068969173 -3.222717883551319 1.7018
    endloop
  endfacet
  facet normal 0 0 1
    outer loop
      vertex 64.97267234897208 -2.6811819445525997 1.7018
      vertex 77.05613436950307 -2.822296783739579 1.7018
      vertex 76.79983997711035 -2.394695423076068 1.7018
    endloop
  endfacet
  facet normal 0 0 1
    outer loop
      vertex 64.97267234897208 -2.6811819445525997 1.7018
      vertex 76.79983997711035 -2.394695423076068 1.7018
      vertex 65.21615202174516 -2.2749606519222643 1.7018
    endloop
  endfacet
  facet normal 0 0 1
    outer loop
      vertex 65.21615202174516 -2.2749606519222643 1.7018
      vertex 76.58669197484267 -1.944031836414656 1.7018
      vertex 65.41864262389947 -1.846830244593923 1.7018
    endloop
  endfacet
  facet normal 0 0 1
    outer loop
      vertex 65.41864262389947 -1.846830244593923 1.7018
      vertex 76.41874309448038 -1.4746461604526686 1.7018
      vertex 65.57819406024365 -1.400913852430035 1.7018
    endloop
  endfacet
  facet normal 0 0 1
    outer loop
      vertex 65.57819406024365 -1.400913852430035 1.7018
      vertex 76.29761077555159 -0.9910588358419316 1.7018
      vertex 65.69326976322598 -0.9415058940498349 1.7018
    endloop
  endfacet
  facet normal 0 0 1
    outer loop
      vertex 65.69326976322598 -0.9415058940498349 1.7018
      vertex 76.22446158850524 -0.4979270728741679 1.7018
      vertex 65.76276149092003 -0.4730307192304594 1.7018
    endloop
  endfacet
  facet normal 0 0 1
    outer loop
      vertex 65.76276149092003 -0.4730307192304594 1.7018
      vertex 76.2 0 1.7018
      vertex 65.786 0 1.7018
    endloop
  endfacet
  facet normal 0 0 1
    outer loop
      vertex 76.58669197484267 -1.944031836414656 1.7018
      vertex 65.21615202174516 -2.2749606519222643 1.7018
      vertex 76.79983997711035 -2.394695423076068 1.7018
    endloop
  endfacet
  facet normal 0 0 1
    outer loop
      vertex 76.41874309448038 -1.4746461604526686 1.7018
      vertex 65.41864262389947 -1.846830244593923 1.7018
      vertex 76.58669197484267 -1.944031836414656 1.7018
    endloop
  endfacet
  facet normal 0 0 1
    outer loop
      vertex 76.29761077555159 -0.9910588358419316 1.7018
      vertex 65.57819406024365 -1.400913852430035 1.7018
      vertex 76.41874309448038 -1.4746461604526686 1.7018
    endloop
  endfacet
  facet normal 0 0 1
    outer loop
      vertex 76.22446158850524 -0.4979270728741679 1.7018
      vertex 65.69326976322598 -0.9415058940498349 1.7018
      vertex 76.29761077555159 -0.9910588358419316 1.7018
    endloop
  endfacet
  facet normal 0 0 1
    outer loop
      vertex 76.2 0 1.7018
      vertex 65.76276149092003 -0.4730307192304594 1.7018
      vertex 76.22446158850524 -0.4979270728741679 1.7018
    endloop
  endfacet
  facet normal 0 0 1
    outer loop
      vertex 91.44000000149012 -6.16 1.7018
      vertex 84.10229678373958 -4.22386563049693 1.7018
      vertex 83.67469542307607 -4.480160022889644 1.7018
    endloop
  endfacet
  facet normal 0 0 1
    outer loop
      vertex 91.44000000149012 -6.16 1.7018
      vertex 84.50271788355133 -3.926893103082704 1.7018
      vertex 84.10229678373958 -4.22386563049693 1.7018
    endloop
  endfacet
  facet normal 0 0 1
    outer loop
      vertex 91.44000000149012 -6.16 1.7018
      vertex 84.87210244842767 -3.592102448427662 1.7018
      vertex 84.50271788355133 -3.926893103082704 1.7018
    endloop
  endfacet
  facet normal 0 0 1
    outer loop
      vertex 91.44000000149012 -6.16 1.7018
      vertex 85.2068931030827 -3.222717883551319 1.7018
      vertex 84.87210244842767 -3.592102448427662 1.7018
    endloop
  endfacet
  facet normal 0 0 1
    outer loop
      vertex 91.44000000149012 -6.16 1.7018
      vertex 85.50386563049693 -2.822296783739579 1.7018
      vertex 85.2068931030827 -3.222717883551319 1.7018
    endloop
  endfacet
  facet normal 0 0 1
    outer loop
      vertex 91.44000000149012 -6.16 1.7018
      vertex 85.76016002288965 -2.394695423076068 1.7018
      vertex 85.50386563049693 -2.822296783739579 1.7018
    endloop
  endfacet
  facet normal 0 0 1
    outer loop
      vertex 91.44000000149012 -6.16 1.7018
      vertex 85.97330802515734 -1.944031836414656 1.7018
      vertex 85.76016002288965 -2.394695423076068 1.7018
    endloop
  endfacet
  facet normal 0 0 1
    outer loop
      vertex 91.44000000149012 -6.16 1.7018
      vertex 86.14125690551963 -1.4746461604526686 1.7018
      vertex 85.97330802515734 -1.944031836414656 1.7018
    endloop
  endfacet
  facet normal 0 0 1
    outer loop
      vertex 91.44000000149012 -6.16 1.7018
      vertex 86.26238922444841 -0.9910588358419316 1.7018
      vertex 86.14125690551963 -1.4746461604526686 1.7018
    endloop
  endfacet
  facet normal 0 0 1
    outer loop
      vertex 91.44000000149012 -6.16 1.7018
      vertex 86.33553841149477 -0.4979270728741679 1.7018
      vertex 86.26238922444841 -0.9910588358419316 1.7018
    endloop
  endfacet
  facet normal 0 0 1
    outer loop
      vertex 91.44000000149012 -6.16 1.7018
      vertex 86.36 0 1.7018
      vertex 86.33553841149477 -0.4979270728741679 1.7018
    endloop
  endfacet
  facet normal 0 0 1
    outer loop
      vertex 91.44000000149012 -6.16 1.7018
      vertex 86.33553841149477 0.4979270728741679 1.7018
      vertex 86.36 0 1.7018
    endloop
  endfacet
  facet normal 0 0 1
    outer loop
      vertex 91.44000000149012 -6.16 1.7018
      vertex 86.26238922444841 0.9910588358419316 1.7018
      vertex 86.33553841149477 0.4979270728741679 1.7018
    endloop
  endfacet
  facet normal 0 0 -1
    outer loop
      vertex 45.97618050441632 0.5255679064471038 0
      vertex 55.344 0 0
      vertex 46.002 0 0
    endloop
  endfacet
  facet normal 0 0 -1
    outer loop
      vertex 55.585823074527916 1.6302387474610602 0
      vertex 45.97618050441632 0.5255679064471038 0
      vertex 45.89897067352212 1.0460743066504796 0
    endloop
  endfacet
  facet normal 0 0 -1
    outer loop
      vertex 45.97618050441632 0.5255679064471038 0
      vertex 55.37104257500894 0.5504642600908123 0
      vertex 55.344 0 0
    endloop
  endfacet
  facet normal 0 0 -1
    outer loop
      vertex 45.97618050441632 0.5255679064471038 0
      vertex 55.45190986525546 1.0956272484425762 0
      vertex 55.37104257500894 0.5504642600908123 0
    endloop
  endfacet
  facet normal 0 0 -1
    outer loop
      vertex 45.97618050441632 0.5255679064471038 0
      vertex 55.585823074527916 1.6302387474610602 0
      vertex 55.45190986525546 1.0956272484425762 0
    endloop
  endfacet
  facet normal 0 0 -1
    outer loop
      vertex 55.585823074527916 1.6302387474610602 0
      vertex 45.89897067352212 1.0460743066504796 0
      vertex 45.7711140801961 1.5565064394384267 0
    endloop
  endfacet
  facet normal 0 0 -1
    outer loop
      vertex 55.77149254541661 2.149150156162344 0
      vertex 45.7711140801961 1.5565064394384267 0
      vertex 45.593842053325524 2.051948564341611 0
    endloop
  endfacet
  facet normal 0 0 -1
    outer loop
      vertex 55.77149254541661 2.149150156162344 0
      vertex 45.593842053325524 2.051948564341611 0
      vertex 45.368861819435885 2.527629302860999 0
    endloop
  endfacet
  facet normal 0 0 -1
    outer loop
      vertex 45.7711140801961 1.5565064394384267 0
      vertex 55.77149254541661 2.149150156162344 0
      vertex 55.585823074527916 1.6302387474610602 0
    endloop
  endfacet
  facet normal 0 0 -1
    outer loop
      vertex 45.368861819435885 2.527629302860999 0
      vertex 56.00713017941964 2.647364074014803 0
      vertex 55.77149254541661 2.149150156162344 0
    endloop
  endfacet
  facet normal 0 0 -1
    outer loop
      vertex 45.09834006116625 2.9789675894511065 0
      vertex 56.00713017941964 2.647364074014803 0
      vertex 45.368861819435885 2.527629302860999 0
    endloop
  endfacet
  facet normal 0 0 -1
    outer loop
      vertex 44.784882050930996 3.4016167896854665 0
      vertex 56.290466657308905 3.1200824286380855 0
      vertex 45.09834006116625 2.9789675894511065 0
    endloop
  endfacet
  facet normal 0 0 -1
    outer loop
      vertex 44.784882050930996 3.4016167896854665 0
      vertex 44.43150656072227 3.7915065607222678 0
      vertex 56.61877329391487 3.5627526838630326 0
    endloop
  endfacet
  facet normal 0 0 -1
    outer loop
      vertex 45.09834006116625 2.9789675894511065 0
      vertex 56.290466657308905 3.1200824286380855 0
      vertex 56.00713017941964 2.647364074014803 0
    endloop
  endfacet
  facet normal 0 0 -1
    outer loop
      vertex 44.784882050930996 3.4016167896854665 0
      vertex 56.61877329391487 3.5627526838630326 0
      vertex 56.290466657308905 3.1200824286380855 0
    endloop
  endfacet
  facet normal 0 0 -1
    outer loop
      vertex 44.43150656072227 3.7915065607222678 0
      vertex 56.98888831685635 3.971111683143651 0
      vertex 56.61877329391487 3.5627526838630326 0
    endloop
  endfacet
  facet normal 0 0 -1
    outer loop
      vertex 44.43150656072227 3.7915065607222678 0
      vertex 44.04161678968546 4.1448820509309945 0
      vertex 56.98888831685635 3.971111683143651 0
    endloop
  endfacet
  facet normal 0 0 -1
    outer loop
      vertex 44.04161678968546 4.1448820509309945 0
      vertex 43.6189675894511 4.458340061166247 0
      vertex 57.39724731613697 4.341226706085131 0
    endloop
  endfacet
  facet normal 0 0 -1
    outer loop
      vertex 43.167629302861 4.728861819435879 0
      vertex 57.839917571361916 4.669533342691094 0
      vertex 43.6189675894511 4.458340061166247 0
    endloop
  endfacet
  facet normal 0 0 -1
    outer loop
      vertex 42.69194856434161 4.953842053325518 0
      vertex 58.3126359259852 4.952869820580362 0
      vertex 43.167629302861 4.728861819435879 0
    endloop
  endfacet
  facet normal 0 0 -1
    outer loop
      vertex 44.04161678968546 4.1448820509309945 0
      vertex 57.39724731613697 4.341226706085131 0
      vertex 56.98888831685635 3.971111683143651 0
    endloop
  endfacet
  facet normal 0 0 -1
    outer loop
      vertex 43.6189675894511 4.458340061166247 0
      vertex 57.839917571361916 4.669533342691094 0
      vertex 57.39724731613697 4.341226706085131 0
    endloop
  endfacet
  facet normal 0 0 -1
    outer loop
      vertex 43.167629302861 4.728861819435879 0
      vertex 58.3126359259852 4.952869820580362 0
      vertex 57.839917571361916 4.669533342691094 0
    endloop
  endfacet
  facet normal 0 0 -1
    outer loop
      vertex 42.69194856434161 4.953842053325518 0
      vertex 58.81084984383766 5.188507454583386 0
      vertex 58.3126359259852 4.952869820580362 0
    endloop
  endfacet
  facet normal 0 0 -1
    outer loop
      vertex -10.16 6.160000000298023 0
      vertex 80.70463938626548 5.841734345565796 0
      vertex 60.96 5.616 0
    endloop
  endfacet
  facet normal 0 0 -1
    outer loop
      vertex 41.68607430665048 5.25897067352212 0
      vertex 59.32976125253894 5.374176925472085 0
      vertex 42.19650643943843 5.131114080196103 0
    endloop
  endfacet
  facet normal 0 0 -1
    outer loop
      vertex 41.1655679064471 5.336180504416319 0
      vertex 59.864372751557426 5.508090134744542 0
      vertex 41.68607430665048 5.25897067352212 0
    endloop
  endfacet
  facet normal 0 0 -1
    outer loop
      vertex 42.19650643943843 5.131114080196103 0
      vertex 58.81084984383766 5.188507454583386 0
      vertex 42.69194856434161 4.953842053325518 0
    endloop
  endfacet
  facet normal 0 0 -1
    outer loop
      vertex 40.64 5.361999999999999 0
      vertex 60.409535739909195 5.588957424991058 0
      vertex 41.1655679064471 5.336180504416319 0
    endloop
  endfacet
  facet normal 0 0 -1
    outer loop
      vertex -10.16 6.160000000298023 0
      vertex 81.28 5.87 0
      vertex 80.70463938626548 5.841734345565796 0
    endloop
  endfacet
  facet normal 0 0 -1
    outer loop
      vertex 42.19650643943843 5.131114080196103 0
      vertex 59.32976125253894 5.374176925472085 0
      vertex 58.81084984383766 5.188507454583386 0
    endloop
  endfacet
  facet normal 0 0 -1
    outer loop
      vertex 41.68607430665048 5.25897067352212 0
      vertex 59.864372751557426 5.508090134744542 0
      vertex 59.32976125253894 5.374176925472085 0
    endloop
  endfacet
  facet normal 0 0 -1
    outer loop
      vertex 41.1655679064471 5.336180504416319 0
      vertex 60.409535739909195 5.588957424991058 0
      vertex 59.864372751557426 5.508090134744542 0
    endloop
  endfacet
  facet normal 0 0 -1
    outer loop
      vertex -10.16 6.160000000298023 0
      vertex 91.36314112335444 6.940361287593841 0
      vertex 81.28 5.87 0
    endloop
  endfacet
  facet normal 0 0 -1
    outer loop
      vertex -10.16 6.160000000298023 0
      vertex 91.26776134610176 7.321138706207275 0
      vertex 91.36314112335444 6.940361287593841 0
    endloop
  endfacet
  facet normal 0 0 -1
    outer loop
      vertex -10.140738908052445 6.552068565189838 0
      vertex 91.13551813006401 7.69073372721672 0
      vertex 91.26776134610176 7.321138706207275 0
    endloop
  endfacet
  facet normal 0 0 -1
    outer loop
      vertex -10.083141121864319 6.940361287593841 0
      vertex 90.96768506258726 8.045586947500706 0
      vertex 91.13551813006401 7.69073372721672 0
    endloop
  endfacet
  facet normal 0 0 -1
    outer loop
      vertex -9.987761344611645 7.321138706207275 0
      vertex 90.76587845027447 8.382280934751034 0
      vertex 90.96768506258726 8.045586947500706 0
    endloop
  endfacet
  facet normal 0 0 -1
    outer loop
      vertex -9.855518128573895 7.69073372721672 0
      vertex 90.53204181432724 8.697573136687279 0
      vertex 90.76587845027447 8.382280934751034 0
    endloop
  endfacet
  facet normal 0 0 -1
    outer loop
      vertex -9.687685061097145 8.045586947500706 0
      vertex 90.26842712253332 8.988427121341228 0
      vertex 90.53204181432724 8.697573136687279 0
    endloop
  endfacet
  facet normal 0 0 -1
    outer loop
      vertex -9.485878448784351 8.382280934751034 0
      vertex 89.97757313787938 9.252041813135147 0
      vertex 90.26842712253332 8.988427121341228 0
    endloop
  endfacet
  facet normal 0 0 -1
    outer loop
      vertex -8.38228093445301 9.485878449082374 0
      vertex 88.60113870739937 9.987761344909668 0
      vertex 88.97073372840882 9.855518128871918 0
    endloop
  endfacet
  facet normal 0 0 -1
    outer loop
      vertex -8.045586947202683 9.687685061395168 0
      vertex 88.22036128878594 10.083141122162342 0
      vertex 88.60113870739937 9.987761344909668 0
    endloop
  endfacet
  facet normal 0 0 -1
    outer loop
      vertex -7.321138705909252 9.987761344909668 0
      vertex 87.44000000149012 10.160000000298023 0
      vertex 87.83206856638193 10.140738908350468 0
    endloop
  endfacet
  facet normal 0 0 -1
    outer loop
      vertex -7.6907337269186975 9.855518128871918 0
      vertex 87.83206856638193 10.140738908350468 0
      vertex 88.22036128878594 10.083141122162342 0
    endloop
  endfacet
  facet normal 0 0 -1
    outer loop
      vertex -9.252041812837124 8.697573136687279 0
      vertex 89.66228093594313 9.485878449082374 0
      vertex 89.97757313787938 9.252041813135147 0
    endloop
  endfacet
  facet normal 0 0 -1
    outer loop
      vertex -8.988427121043205 8.988427121341228 0
      vertex 89.3255869486928 9.687685061395168 0
      vertex 89.66228093594313 9.485878449082374 0
    endloop
  endfacet
  facet normal 0 0 -1
    outer loop
      vertex -8.697573136389256 9.252041813135147 0
      vertex 88.97073372840882 9.855518128871918 0
      vertex 89.3255869486928 9.687685061395168 0
    endloop
  endfacet
  facet normal 0 1 0
    outer loop
      vertex -6.16 10.160000000298023 0
      vertex 87.44000000149012 10.160000000298023 1.7018
      vertex 87.44000000149012 10.160000000298023 0
    endloop
  endfacet
  facet normal 0 0 -1
    outer loop
      vertex 66.576 0 0
      vertex 66.54895742499106 0.5504642600908123 0
      vertex 75.41000000000001 0 0
    endloop
  endfacet
  facet normal 0 0 -1
    outer loop
      vertex 66.54895742499106 0.5504642600908123 0
      vertex 66.46809013474454 1.0956272484425762 0
      vertex 75.4382656544342 0.5753606137345207 0
    endloop
  endfacet
  facet normal 0 0 -1
    outer loop
      vertex 66.3341769254721 1.6302387474610602 0
      vertex 75.52279040403303 1.1451801902346728 0
      vertex 66.46809013474454 1.0956272484425762 0
    endloop
  endfacet
  facet normal 0 0 -1
    outer loop
      vertex 66.3341769254721 1.6302387474610602 0
      vertex 66.14850745458338 2.149150156162344 0
      vertex 75.66276022925193 1.7039710554836938 0
    endloop
  endfacet
  facet normal 0 0 -1
    outer loop
      vertex 65.91286982058035 2.647364074014803 0
      vertex 75.85682714415876 2.246351747983077 0
      vertex 66.14850745458338 2.149150156162344 0
    endloop
  endfacet
  facet normal 0 0 -1
    outer loop
      vertex 66.54895742499106 0.5504642600908123 0
      vertex 75.4382656544342 0.5753606137345207 0
      vertex 75.41000000000001 0 0
    endloop
  endfacet
  facet normal 0 0 -1
    outer loop
      vertex 66.46809013474454 1.0956272484425762 0
      vertex 75.52279040403303 1.1451801902346728 0
      vertex 75.4382656544342 0.5753606137345207 0
    endloop
  endfacet
  facet normal 0 0 -1
    outer loop
      vertex 66.3341769254721 1.6302387474610602 0
      vertex 75.66276022925193 1.7039710554836938 0
      vertex 75.52279040403303 1.1451801902346728 0
    endloop
  endfacet
  facet normal 0 0 -1
    outer loop
      vertex 66.14850745458338 2.149150156162344 0
      vertex 75.85682714415876 2.246351747983077 0
      vertex 75.66276022925193 1.7039710554836938 0
    endloop
  endfacet
  facet normal 0 0 -1
    outer loop
      vertex 65.6295333426911 3.1200824286380855 0
      vertex 76.10312217827516 2.767098845168606 0
      vertex 65.91286982058035 2.647364074014803 0
    endloop
  endfacet
  facet normal 0 0 -1
    outer loop
      vertex 77.12928319443496 4.150716805565034 0
      vertex 65.6295333426911 3.1200824286380855 0
      vertex 65.30122670608513 3.5627526838630326 0
    endloop
  endfacet
  facet normal 0 0 -1
    outer loop
      vertex 78.5129011548314 5.176877821724845 0
      vertex 64.52275268386303 4.341226706085131 0
      vertex 64.08008242863808 4.669533342691094 0
    endloop
  endfacet
  facet normal 0 0 -1
    outer loop
      vertex 78.5129011548314 5.176877821724845 0
      vertex 64.08008242863808 4.669533342691094 0
      vertex 63.607364074014804 4.952869820580362 0
    endloop
  endfacet
  facet normal 0 0 -1
    outer loop
      vertex 64.93111168314366 3.971111683143651 0
      vertex 78.01880273217493 4.88072662421594 0
      vertex 65.30122670608513 3.5627526838630326 0
    endloop
  endfacet
  facet normal 0 0 -1
    outer loop
      vertex 78.5129011548314 5.176877821724845 0
      vertex 64.93111168314366 3.971111683143651 0
      vertex 64.52275268386303 4.341226706085131 0
    endloop
  endfacet
  facet normal 0 0 -1
    outer loop
      vertex 65.91286982058035 2.647364074014803 0
      vertex 76.10312217827516 2.767098845168606 0
      vertex 75.85682714415876 2.246351747983077 0
    endloop
  endfacet
  facet normal 0 0 -1
    outer loop
      vertex 65.6295333426911 3.1200824286380855 0
      vertex 76.39927337578406 3.261197267825065 0
      vertex 76.10312217827516 2.767098845168606 0
    endloop
  endfacet
  facet normal 0 0 -1
    outer loop
      vertex 65.6295333426911 3.1200824286380855 0
      vertex 76.74242863876073 3.723888578040599 0
      vertex 76.39927337578406 3.261197267825065 0
    endloop
  endfacet
  facet normal 0 0 -1
    outer loop
      vertex 65.6295333426911 3.1200824286380855 0
      vertex 77.12928319443496 4.150716805565034 0
      vertex 76.74242863876073 3.723888578040599 0
    endloop
  endfacet
  facet normal 0 0 -1
    outer loop
      vertex 65.30122670608513 3.5627526838630326 0
      vertex 77.5561114219594 4.537571361239266 0
      vertex 77.12928319443496 4.150716805565034 0
    endloop
  endfacet
  facet normal 0 0 -1
    outer loop
      vertex 65.30122670608513 3.5627526838630326 0
      vertex 78.01880273217493 4.88072662421594 0
      vertex 77.5561114219594 4.537571361239266 0
    endloop
  endfacet
  facet normal 0 0 -1
    outer loop
      vertex 64.93111168314366 3.971111683143651 0
      vertex 78.5129011548314 5.176877821724845 0
      vertex 78.01880273217493 4.88072662421594 0
    endloop
  endfacet
  facet normal 0 0 -1
    outer loop
      vertex 91.44000000149012 -6.16 0
      vertex 87.1217343455658 0.5753606137345207 0
      vertex 91.44000000149012 6.160000000298023 0
    endloop
  endfacet
  facet normal 0 0 -1
    outer loop
      vertex 91.44000000149012 6.160000000298023 0
      vertex 86.70317285584125 2.246351747983077 0
      vertex 86.45687782172485 2.767098845168606 0
    endloop
  endfacet
  facet normal 0 0 -1
    outer loop
      vertex 91.44000000149012 6.160000000298023 0
      vertex 87.1217343455658 0.5753606137345207 0
      vertex 87.03720959596697 1.1451801902346728 0
    endloop
  endfacet
  facet normal 0 0 -1
    outer loop
      vertex 91.44000000149012 6.160000000298023 0
      vertex 87.03720959596697 1.1451801902346728 0
      vertex 86.89723977074807 1.7039710554836938 0
    endloop
  endfacet
  facet normal 0 0 -1
    outer loop
      vertex 91.44000000149012 6.160000000298023 0
      vertex 86.89723977074807 1.7039710554836938 0
      vertex 86.70317285584125 2.246351747983077 0
    endloop
  endfacet
  facet normal 0 0 -1
    outer loop
      vertex 91.44000000149012 6.160000000298023 0
      vertex 86.45687782172485 2.767098845168606 0
      vertex 86.16072662421594 3.261197267825065 0
    endloop
  endfacet
  facet normal 0 0 -1
    outer loop
      vertex 91.44000000149012 6.160000000298023 0
      vertex 86.16072662421594 3.261197267825065 0
      vertex 85.81757136123927 3.723888578040599 0
    endloop
  endfacet
  facet normal 0 0 -1
    outer loop
      vertex 91.44000000149012 6.160000000298023 0
      vertex 85.81757136123927 3.723888578040599 0
      vertex 85.43071680556504 4.150716805565034 0
    endloop
  endfacet
  facet normal 0 0 -1
    outer loop
      vertex 91.44000000149012 6.160000000298023 0
      vertex 85.43071680556504 4.150716805565034 0
      vertex 85.0038885780406 4.537571361239266 0
    endloop
  endfacet
  facet normal 0 0 -1
    outer loop
      vertex 78.5129011548314 5.176877821724845 0
      vertex 63.607364074014804 4.952869820580362 0
      vertex 63.10915015616234 5.188507454583386 0
    endloop
  endfacet
  facet normal 0 0 -1
    outer loop
      vertex 62.590238747461065 5.374176925472085 0
      vertex 79.03364825201692 5.423172855841253 0
      vertex 63.10915015616234 5.188507454583386 0
    endloop
  endfacet
  facet normal 0 0 -1
    outer loop
      vertex 62.055627248442576 5.508090134744542 0
      vertex 79.57602894451631 5.617239770748066 0
      vertex 62.590238747461065 5.374176925472085 0
    endloop
  endfacet
  facet normal 0 0 -1
    outer loop
      vertex 61.51046426009081 5.588957424991058 0
      vertex 80.13481980976533 5.7572095959669625 0
      vertex 62.055627248442576 5.508090134744542 0
    endloop
  endfacet
  facet normal 0 0 -1
    outer loop
      vertex 60.96 5.616 0
      vertex 80.70463938626548 5.841734345565796 0
      vertex 61.51046426009081 5.588957424991058 0
    endloop
  endfacet
  facet normal 0 0 -1
    outer loop
      vertex 63.10915015616234 5.188507454583386 0
      vertex 79.03364825201692 5.423172855841253 0
      vertex 78.5129011548314 5.176877821724845 0
    endloop
  endfacet
  facet normal 0 0 -1
    outer loop
      vertex 62.590238747461065 5.374176925472085 0
      vertex 79.57602894451631 5.617239770748066 0
      vertex 79.03364825201692 5.423172855841253 0
    endloop
  endfacet
  facet normal 0 0 -1
    outer loop
      vertex 62.055627248442576 5.508090134744542 0
      vertex 80.13481980976533 5.7572095959669625 0
      vertex 79.57602894451631 5.617239770748066 0
    endloop
  endfacet
  facet normal 0 0 -1
    outer loop
      vertex 61.51046426009081 5.588957424991058 0
      vertex 80.70463938626548 5.841734345565796 0
      vertex 80.13481980976533 5.7572095959669625 0
    endloop
  endfacet
  facet normal 0 0 -1
    outer loop
      vertex 91.36314112335444 6.940361287593841 0
      vertex 81.85536061373452 5.841734345565796 0
      vertex 81.28 5.87 0
    endloop
  endfacet
  facet normal 0 0 -1
    outer loop
      vertex 91.44000000149012 6.160000000298023 0
      vertex 84.54119726782507 4.88072662421594 0
      vertex 84.0470988451686 5.176877821724845 0
    endloop
  endfacet
  facet normal 0 0 -1
    outer loop
      vertex 91.44000000149012 6.160000000298023 0
      vertex 84.0470988451686 5.176877821724845 0
      vertex 83.52635174798309 5.423172855841253 0
    endloop
  endfacet
  facet normal 0 0 -1
    outer loop
      vertex 91.44000000149012 6.160000000298023 0
      vertex 85.0038885780406 4.537571361239266 0
      vertex 84.54119726782507 4.88072662421594 0
    endloop
  endfacet
  facet normal 0 0 -1
    outer loop
      vertex 91.42073890954256 6.552068565189838 0
      vertex 83.52635174798309 5.423172855841253 0
      vertex 82.98397105548369 5.617239770748066 0
    endloop
  endfacet
  facet normal 0 0 -1
    outer loop
      vertex 91.36314112335444 6.940361287593841 0
      vertex 82.42518019023467 5.7572095959669625 0
      vertex 81.85536061373452 5.841734345565796 0
    endloop
  endfacet
  facet normal 0 0 -1
    outer loop
      vertex 91.36314112335444 6.940361287593841 0
      vertex 82.98397105548369 5.617239770748066 0
      vertex 82.42518019023467 5.7572095959669625 0
    endloop
  endfacet
  facet normal 0 0 -1
    outer loop
      vertex 91.44000000149012 6.160000000298023 0
      vertex 83.52635174798309 5.423172855841253 0
      vertex 91.42073890954256 6.552068565189838 0
    endloop
  endfacet
  facet normal 0 0 -1
    outer loop
      vertex 91.42073890954256 6.552068565189838 0
      vertex 82.98397105548369 5.617239770748066 0
      vertex 91.36314112335444 6.940361287593841 0
    endloop
  endfacet
  facet normal 0.9987954563973426 0.0490676704157047 0
    outer loop
      vertex 91.44000000149012 6.160000000298023 0
      vertex 91.42073890954256 6.552068565189838 0
      vertex 91.44000000149012 6.160000000298023 1.7018
    endloop
  endfacet
  facet normal 0.9891765093153608 0.1467304788333968 0
    outer loop
      vertex 91.42073890954256 6.552068565189838 0
      vertex 91.36314112335444 6.940361287593841 0
      vertex 91.42073890954256 6.552068565189838 1.7018
    endloop
  endfacet
  facet normal 0.970031253702096 0.2429801778770028 0
    outer loop
      vertex 91.36314112335444 6.940361287593841 0
      vertex 91.26776134610176 7.321138706207275 0
      vertex 91.36314112335444 6.940361287593841 1.7018
    endloop
  endfacet
  facet normal 0.9415440627982694 0.3368898600571533 0
    outer loop
      vertex 91.26776134610176 7.321138706207275 0
      vertex 91.13551813006401 7.69073372721672 0
      vertex 91.26776134610176 7.321138706207275 1.7018
    endloop
  endfacet
  facet normal 0.9039892993552974 0.42755508025413375 0
    outer loop
      vertex 91.13551813006401 7.69073372721672 0
      vertex 90.96768506258726 8.045586947500706 0
      vertex 91.13551813006401 7.69073372721672 1.7018
    endloop
  endfacet
  facet normal 0.8577286070283969 0.5141027491514957 0
    outer loop
      vertex 90.96768506258726 8.045586947500706 0
      vertex 90.76587845027447 8.382280934751034 0
      vertex 90.96768506258726 8.045586947500706 1.7018
    endloop
  endfacet
  facet normal 0.8032075288650014 0.5956993080192207 0
    outer loop
      vertex 90.76587845027447 8.382280934751034 0
      vertex 90.53204181432724 8.697573136687279 0
      vertex 90.76587845027447 8.382280934751034 1.7018
    endloop
  endfacet
  facet normal 0.7409511174895533 0.6715589635251563 0
    outer loop
      vertex 90.53204181432724 8.697573136687279 0
      vertex 90.26842712253332 8.988427121341228 0
      vertex 90.53204181432724 8.697573136687279 1.7018
    endloop
  endfacet
  facet normal 0.0490676704157047 0.9987954563973426 0
    outer loop
      vertex 87.44000000149012 10.160000000298023 0
      vertex 87.83206856638193 10.140738908350468 1.7018
      vertex 87.83206856638193 10.140738908350468 0
    endloop
  endfacet
  facet normal 0.1467304788333968 0.9891765093153608 0
    outer loop
      vertex 87.83206856638193 10.140738908350468 0
      vertex 88.22036128878594 10.083141122162342 1.7018
      vertex 88.22036128878594 10.083141122162342 0
    endloop
  endfacet
  facet normal 0.6715589635251563 0.7409511174895533 0
    outer loop
      vertex 90.26842712253332 8.988427121341228 0
      vertex 89.97757313787938 9.252041813135147 0
      vertex 90.26842712253332 8.988427121341228 1.7018
    endloop
  endfacet
  facet normal 0.5956993080192207 0.8032075288650014 0
    outer loop
      vertex 89.66228093594313 9.485878449082374 0
      vertex 89.97757313787938 9.252041813135147 1.7018
      vertex 89.97757313787938 9.252041813135147 0
    endloop
  endfacet
  facet normal 0.5141027491514957 0.8577286070283969 0
    outer loop
      vertex 89.66228093594313 9.485878449082374 0
      vertex 89.3255869486928 9.687685061395168 0
      vertex 89.66228093594313 9.485878449082374 1.7018
    endloop
  endfacet
  facet normal 0.42755508025413375 0.9039892993552974 0
    outer loop
      vertex 89.3255869486928 9.687685061395168 0
      vertex 88.97073372840882 9.855518128871918 0
      vertex 89.3255869486928 9.687685061395168 1.7018
    endloop
  endfacet
  facet normal 0.3368898600571533 0.9415440627982694 0
    outer loop
      vertex 88.60113870739937 9.987761344909668 0
      vertex 88.97073372840882 9.855518128871918 1.7018
      vertex 88.97073372840882 9.855518128871918 0
    endloop
  endfacet
  facet normal 0.2429801778770028 0.970031253702096 0
    outer loop
      vertex 88.22036128878594 10.083141122162342 0
      vertex 88.60113870739937 9.987761344909668 1.7018
      vertex 88.60113870739937 9.987761344909668 0
    endloop
  endfacet
  facet normal 0 0 1
    outer loop
      vertex 45.212 0 1.7018
      vertex 56.50135737610053 1.846830244593923 1.7018
      vertex 45.18998457034528 0.448134365586751 1.7018
    endloop
  endfacet
  facet normal 0 0 1
    outer loop
      vertex 45.18998457034528 0.448134365586751 1.7018
      vertex 56.70384797825484 2.2749606519222643 1.7018
      vertex 45.12415030200357 0.8919529522577382 1.7018
    endloop
  endfacet
  facet normal 0 0 1
    outer loop
      vertex 45.212 0 1.7018
      vertex 56.134 0 1.7018
      vertex 56.15723850907998 0.4730307192304594 1.7018
    endloop
  endfacet
  facet normal 0 0 1
    outer loop
      vertex 45.212 0 1.7018
      vertex 56.15723850907998 0.4730307192304594 1.7018
      vertex 56.22673023677401 0.9415058940498349 1.7018
    endloop
  endfacet
  facet normal 0 0 1
    outer loop
      vertex 45.212 0 1.7018
      vertex 56.22673023677401 0.9415058940498349 1.7018
      vertex 56.34180593975636 1.400913852430035 1.7018
    endloop
  endfacet
  facet normal 0 0 1
    outer loop
      vertex 45.212 0 1.7018
      vertex 56.34180593975636 1.400913852430035 1.7018
      vertex 56.50135737610053 1.846830244593923 1.7018
    endloop
  endfacet
  facet normal 0 0 1
    outer loop
      vertex 56.94732765102792 2.6811819445525997 1.7018
      vertex 45.01513121496766 1.3271815444074015 1.7018
      vertex 45.12415030200357 0.8919529522577382 1.7018
    endloop
  endfacet
  facet normal 0 0 1
    outer loop
      vertex 56.94732765102792 2.6811819445525997 1.7018
      vertex 44.8639772226416 1.7496286527731901 1.7018
      vertex 45.01513121496766 1.3271815444074015 1.7018
    endloop
  endfacet
  facet normal 0 0 1
    outer loop
      vertex 56.94732765102792 2.6811819445525997 1.7018
      vertex 44.672144020600676 2.155225880768461 1.7018
      vertex 44.8639772226416 1.7496286527731901 1.7018
    endloop
  endfacet
  facet normal 0 0 1
    outer loop
      vertex 56.94732765102792 2.6811819445525997 1.7018
      vertex 44.44147906744724 2.5400671053656207 1.7018
      vertex 44.672144020600676 2.155225880768461 1.7018
    endloop
  endfacet
  facet normal 0 0 1
    outer loop
      vertex 45.18998457034528 0.448134365586751 1.7018
      vertex 56.50135737610053 1.846830244593923 1.7018
      vertex 56.70384797825484 2.2749606519222643 1.7018
    endloop
  endfacet
  facet normal 0 0 1
    outer loop
      vertex 45.12415030200357 0.8919529522577382 1.7018
      vertex 56.70384797825484 2.2749606519222643 1.7018
      vertex 56.94732765102792 2.6811819445525997 1.7018
    endloop
  endfacet
  facet normal 0 0 1
    outer loop
      vertex 44.44147906744724 2.5400671053656207 1.7018
      vertex 57.22945155207143 3.061581989373753 1.7018
      vertex 44.174203792774435 2.9004460951961866 1.7018
    endloop
  endfacet
  facet normal 0 0 1
    outer loop
      vertex 44.174203792774435 2.9004460951961866 1.7018
      vertex 57.54750267399372 3.4124973260062785 1.7018
      vertex 43.8728922035849 3.232892203584895 1.7018
    endloop
  endfacet
  facet normal 0 0 1
    outer loop
      vertex 43.8728922035849 3.232892203584895 1.7018
      vertex 57.54750267399372 3.4124973260062785 1.7018
      vertex 43.54044609519619 3.534203792774433 1.7018
    endloop
  endfacet
  facet normal 0 0 1
    outer loop
      vertex 43.54044609519619 3.534203792774433 1.7018
      vertex 57.898418010626244 3.7305484479285687 1.7018
      vertex 43.18006710536562 3.8014790674472363 1.7018
    endloop
  endfacet
  facet normal 0 0 1
    outer loop
      vertex 44.44147906744724 2.5400671053656207 1.7018
      vertex 56.94732765102792 2.6811819445525997 1.7018
      vertex 57.22945155207143 3.061581989373753 1.7018
    endloop
  endfacet
  facet normal 0 0 1
    outer loop
      vertex 44.174203792774435 2.9004460951961866 1.7018
      vertex 57.22945155207143 3.061581989373753 1.7018
      vertex 57.54750267399372 3.4124973260062785 1.7018
    endloop
  endfacet
  facet normal 0 0 1
    outer loop
      vertex 57.898418010626244 3.7305484479285687 1.7018
      vertex 43.54044609519619 3.534203792774433 1.7018
      vertex 57.54750267399372 3.4124973260062785 1.7018
    endloop
  endfacet
  facet normal 0 0 1
    outer loop
      vertex 43.18006710536562 3.8014790674472363 1.7018
      vertex 58.2788180554474 4.012672348972083 1.7018
      vertex 42.79522588076846 4.032144020600678 1.7018
    endloop
  endfacet
  facet normal 0 0 1
    outer loop
      vertex 42.79522588076846 4.032144020600678 1.7018
      vertex 58.68503934807774 4.256152021745161 1.7018
      vertex 42.38962865277319 4.223977222641603 1.7018
    endloop
  endfacet
  facet normal 0 0 1
    outer loop
      vertex 42.38962865277319 4.223977222641603 1.7018
      vertex 59.113169755406076 4.458642623899469 1.7018
      vertex 41.9671815444074 4.3751312149676576 1.7018
    endloop
  endfacet
  facet normal 0 0 1
    outer loop
      vertex 41.9671815444074 4.3751312149676576 1.7018
      vertex 59.559086147569964 4.618194060243639 1.7018
      vertex 41.53195295225774 4.4841503020035685 1.7018
    endloop
  endfacet
  facet normal 0 0 1
    outer loop
      vertex 41.53195295225774 4.4841503020035685 1.7018
      vertex 60.01849410595017 4.73326976322599 1.7018
      vertex 41.088134365586754 4.549984570345283 1.7018
    endloop
  endfacet
  facet normal 0 0 1
    outer loop
      vertex 41.088134365586754 4.549984570345283 1.7018
      vertex 60.48696928076954 4.802761490920022 1.7018
      vertex 40.64 4.571999999999999 1.7018
    endloop
  endfacet
  facet normal 0 0 1
    outer loop
      vertex 58.2788180554474 4.012672348972083 1.7018
      vertex 43.18006710536562 3.8014790674472363 1.7018
      vertex 57.898418010626244 3.7305484479285687 1.7018
    endloop
  endfacet
  facet normal 0 0 1
    outer loop
      vertex 58.68503934807774 4.256152021745161 1.7018
      vertex 42.79522588076846 4.032144020600678 1.7018
      vertex 58.2788180554474 4.012672348972083 1.7018
    endloop
  endfacet
  facet normal 0 0 1
    outer loop
      vertex 59.113169755406076 4.458642623899469 1.7018
      vertex 42.38962865277319 4.223977222641603 1.7018
      vertex 58.68503934807774 4.256152021745161 1.7018
    endloop
  endfacet
  facet normal 0 0 1
    outer loop
      vertex 59.559086147569964 4.618194060243639 1.7018
      vertex 41.9671815444074 4.3751312149676576 1.7018
      vertex 59.113169755406076 4.458642623899469 1.7018
    endloop
  endfacet
  facet normal 0 0 1
    outer loop
      vertex 60.01849410595017 4.73326976322599 1.7018
      vertex 41.53195295225774 4.4841503020035685 1.7018
      vertex 59.559086147569964 4.618194060243639 1.7018
    endloop
  endfacet
  facet normal 0 0 1
    outer loop
      vertex 60.48696928076954 4.802761490920022 1.7018
      vertex 41.088134365586754 4.549984570345283 1.7018
      vertex 60.01849410595017 4.73326976322599 1.7018
    endloop
  endfacet
  facet normal 0 0 1
    outer loop
      vertex -10.16 6.160000000298023 1.7018
      vertex 60.96 4.826 1.7018
      vertex 91.36314112335444 6.940361287593841 1.7018
    endloop
  endfacet
  facet normal 0 0 1
    outer loop
      vertex -10.16 6.160000000298023 1.7018
      vertex 91.36314112335444 6.940361287593841 1.7018
      vertex 91.26776134610176 7.321138706207275 1.7018
    endloop
  endfacet
  facet normal 0 0 1
    outer loop
      vertex -10.140738908052445 6.552068565189838 1.7018
      vertex 91.26776134610176 7.321138706207275 1.7018
      vertex 91.13551813006401 7.69073372721672 1.7018
    endloop
  endfacet
  facet normal 0 0 1
    outer loop
      vertex -10.083141121864319 6.940361287593841 1.7018
      vertex 91.13551813006401 7.69073372721672 1.7018
      vertex 90.96768506258726 8.045586947500706 1.7018
    endloop
  endfacet
  facet normal 0 0 1
    outer loop
      vertex -9.987761344611645 7.321138706207275 1.7018
      vertex 90.96768506258726 8.045586947500706 1.7018
      vertex 90.76587845027447 8.382280934751034 1.7018
    endloop
  endfacet
  facet normal 0 0 1
    outer loop
      vertex -9.855518128573895 7.69073372721672 1.7018
      vertex 90.76587845027447 8.382280934751034 1.7018
      vertex 90.53204181432724 8.697573136687279 1.7018
    endloop
  endfacet
  facet normal 0 0 1
    outer loop
      vertex -9.687685061097145 8.045586947500706 1.7018
      vertex 90.53204181432724 8.697573136687279 1.7018
      vertex 90.26842712253332 8.988427121341228 1.7018
    endloop
  endfacet
  facet normal 0 0 1
    outer loop
      vertex -9.485878448784351 8.382280934751034 1.7018
      vertex 90.26842712253332 8.988427121341228 1.7018
      vertex 89.97757313787938 9.252041813135147 1.7018
    endloop
  endfacet
  facet normal 0 0 1
    outer loop
      vertex -8.38228093445301 9.485878449082374 1.7018
      vertex 88.97073372840882 9.855518128871918 1.7018
      vertex 88.60113870739937 9.987761344909668 1.7018
    endloop
  endfacet
  facet normal 0 0 1
    outer loop
      vertex -8.045586947202683 9.687685061395168 1.7018
      vertex 88.60113870739937 9.987761344909668 1.7018
      vertex 88.22036128878594 10.083141122162342 1.7018
    endloop
  endfacet
  facet normal 0 0 1
    outer loop
      vertex -7.321138705909252 9.987761344909668 1.7018
      vertex 87.83206856638193 10.140738908350468 1.7018
      vertex 87.44000000149012 10.160000000298023 1.7018
    endloop
  endfacet
  facet normal 0 0 1
    outer loop
      vertex -7.6907337269186975 9.855518128871918 1.7018
      vertex 88.22036128878594 10.083141122162342 1.7018
      vertex 87.83206856638193 10.140738908350468 1.7018
    endloop
  endfacet
  facet normal 0 0 1
    outer loop
      vertex -9.252041812837124 8.697573136687279 1.7018
      vertex 89.97757313787938 9.252041813135147 1.7018
      vertex 89.66228093594313 9.485878449082374 1.7018
    endloop
  endfacet
  facet normal 0 0 1
    outer loop
      vertex -8.988427121043205 8.988427121341228 1.7018
      vertex 89.66228093594313 9.485878449082374 1.7018
      vertex 89.3255869486928 9.687685061395168 1.7018
    endloop
  endfacet
  facet normal 0 0 1
    outer loop
      vertex -8.697573136389256 9.252041813135147 1.7018
      vertex 89.3255869486928 9.687685061395168 1.7018
      vertex 88.97073372840882 9.855518128871918 1.7018
    endloop
  endfacet
  facet normal 1 0 0
    outer loop
      vertex 91.44000000149012 -6.16 1.7018
      vertex 91.44000000149012 6.160000000298023 0
      vertex 91.44000000149012 6.160000000298023 1.7018
    endloop
  endfacet
  facet normal 0 0 1
    outer loop
      vertex 65.786 0 1.7018
      vertex 76.22446158850524 0.4979270728741679 1.7018
      vertex 65.76276149092003 0.4730307192304594 1.7018
    endloop
  endfacet
  facet normal 0 0 1
    outer loop
      vertex 65.76276149092003 0.4730307192304594 1.7018
      vertex 76.29761077555159 0.9910588358419316 1.7018
      vertex 65.69326976322598 0.9415058940498349 1.7018
    endloop
  endfacet
  facet normal 0 0 1
    outer loop
      vertex 65.57819406024365 1.400913852430035 1.7018
      vertex 76.58669197484267 1.944031836414656 1.7018
      vertex 65.41864262389947 1.846830244593923 1.7018
    endloop
  endfacet
  facet normal 0 0 1
    outer loop
      vertex 65.41864262389947 1.846830244593923 1.7018
      vertex 76.79983997711035 2.394695423076068 1.7018
      vertex 65.21615202174516 2.2749606519222643 1.7018
    endloop
  endfacet
  facet normal 0 0 1
    outer loop
      vertex 65.69326976322598 0.9415058940498349 1.7018
      vertex 76.41874309448038 1.4746461604526686 1.7018
      vertex 65.57819406024365 1.400913852430035 1.7018
    endloop
  endfacet
  facet normal 0 0 1
    outer loop
      vertex 76.22446158850524 0.4979270728741679 1.7018
      vertex 65.786 0 1.7018
      vertex 76.2 0 1.7018
    endloop
  endfacet
  facet normal 0 0 1
    outer loop
      vertex 65.76276149092003 0.4730307192304594 1.7018
      vertex 76.22446158850524 0.4979270728741679 1.7018
      vertex 76.29761077555159 0.9910588358419316 1.7018
    endloop
  endfacet
  facet normal 0 0 1
    outer loop
      vertex 65.69326976322598 0.9415058940498349 1.7018
      vertex 76.29761077555159 0.9910588358419316 1.7018
      vertex 76.41874309448038 1.4746461604526686 1.7018
    endloop
  endfacet
  facet normal 0 0 1
    outer loop
      vertex 65.57819406024365 1.400913852430035 1.7018
      vertex 76.41874309448038 1.4746461604526686 1.7018
      vertex 76.58669197484267 1.944031836414656 1.7018
    endloop
  endfacet
  facet normal 0 0 1
    outer loop
      vertex 65.41864262389947 1.846830244593923 1.7018
      vertex 76.58669197484267 1.944031836414656 1.7018
      vertex 76.79983997711035 2.394695423076068 1.7018
    endloop
  endfacet
  facet normal 0 0 1
    outer loop
      vertex 65.21615202174516 2.2749606519222643 1.7018
      vertex 76.79983997711035 2.394695423076068 1.7018
      vertex 77.05613436950307 2.822296783739579 1.7018
    endloop
  endfacet
  facet normal 0 0 1
    outer loop
      vertex 65.21615202174516 2.2749606519222643 1.7018
      vertex 77.05613436950307 2.822296783739579 1.7018
      vertex 64.97267234897208 2.6811819445525997 1.7018
    endloop
  endfacet
  facet normal 0 0 1
    outer loop
      vertex 79.33596816358535 4.693308025157337 1.7018
      vertex 64.69054844792856 3.061581989373753 1.7018
      vertex 64.97267234897208 2.6811819445525997 1.7018
    endloop
  endfacet
  facet normal 0 0 1
    outer loop
      vertex 64.97267234897208 2.6811819445525997 1.7018
      vertex 77.05613436950307 2.822296783739579 1.7018
      vertex 77.3531068969173 3.222717883551319 1.7018
    endloop
  endfacet
  facet normal 0 0 1
    outer loop
      vertex 64.97267234897208 2.6811819445525997 1.7018
      vertex 77.3531068969173 3.222717883551319 1.7018
      vertex 77.68789755157233 3.592102448427662 1.7018
    endloop
  endfacet
  facet normal 0 0 1
    outer loop
      vertex 64.97267234897208 2.6811819445525997 1.7018
      vertex 77.68789755157233 3.592102448427662 1.7018
      vertex 78.05728211644868 3.926893103082704 1.7018
    endloop
  endfacet
  facet normal 0 0 1
    outer loop
      vertex 64.97267234897208 2.6811819445525997 1.7018
      vertex 78.05728211644868 3.926893103082704 1.7018
      vertex 78.45770321626043 4.22386563049693 1.7018
    endloop
  endfacet
  facet normal 0 0 1
    outer loop
      vertex 64.97267234897208 2.6811819445525997 1.7018
      vertex 78.45770321626043 4.22386563049693 1.7018
      vertex 78.88530457692393 4.480160022889644 1.7018
    endloop
  endfacet
  facet normal 0 0 1
    outer loop
      vertex 64.97267234897208 2.6811819445525997 1.7018
      vertex 78.88530457692393 4.480160022889644 1.7018
      vertex 79.33596816358535 4.693308025157337 1.7018
    endloop
  endfacet
  facet normal 0 0 1
    outer loop
      vertex 64.69054844792856 3.061581989373753 1.7018
      vertex 79.33596816358535 4.693308025157337 1.7018
      vertex 79.80535383954734 4.861256905519621 1.7018
    endloop
  endfacet
  facet normal 0 0 1
    outer loop
      vertex 64.69054844792856 3.061581989373753 1.7018
      vertex 79.80535383954734 4.861256905519621 1.7018
      vertex 80.28894116415808 4.9823892244484105 1.7018
    endloop
  endfacet
  facet normal 0 0 1
    outer loop
      vertex 64.69054844792856 3.061581989373753 1.7018
      vertex 80.28894116415808 4.9823892244484105 1.7018
      vertex 80.78207292712584 5.05553841149476 1.7018
    endloop
  endfacet
  facet normal 0 0 1
    outer loop
      vertex 91.36314112335444 6.940361287593841 1.7018
      vertex 64.37249732600628 3.4124973260062785 1.7018
      vertex 64.69054844792856 3.061581989373753 1.7018
    endloop
  endfacet
  facet normal 0 0 1
    outer loop
      vertex 91.36314112335444 6.940361287593841 1.7018
      vertex 64.02158198937376 3.7305484479285687 1.7018
      vertex 64.37249732600628 3.4124973260062785 1.7018
    endloop
  endfacet
  facet normal 0 0 1
    outer loop
      vertex 91.36314112335444 6.940361287593841 1.7018
      vertex 63.6411819445526 4.012672348972083 1.7018
      vertex 64.02158198937376 3.7305484479285687 1.7018
    endloop
  endfacet
  facet normal 0 0 1
    outer loop
      vertex 91.36314112335444 6.940361287593841 1.7018
      vertex 63.234960651922265 4.256152021745161 1.7018
      vertex 63.6411819445526 4.012672348972083 1.7018
    endloop
  endfacet
  facet normal 0 0 1
    outer loop
      vertex 91.44000000149012 -6.16 1.7018
      vertex 91.44000000149012 6.160000000298023 1.7018
      vertex 86.26238922444841 0.9910588358419316 1.7018
    endloop
  endfacet
  facet normal 0 0 1
    outer loop
      vertex 91.42073890954256 6.552068565189838 1.7018
      vertex 64.69054844792856 3.061581989373753 1.7018
      vertex 80.78207292712584 5.05553841149476 1.7018
    endloop
  endfacet
  facet normal 0 0 1
    outer loop
      vertex 91.44000000149012 6.160000000298023 1.7018
      vertex 86.14125690551963 1.4746461604526686 1.7018
      vertex 86.26238922444841 0.9910588358419316 1.7018
    endloop
  endfacet
  facet normal 0 0 1
    outer loop
      vertex 91.44000000149012 6.160000000298023 1.7018
      vertex 85.97330802515734 1.944031836414656 1.7018
      vertex 86.14125690551963 1.4746461604526686 1.7018
    endloop
  endfacet
  facet normal 0 0 1
    outer loop
      vertex 91.44000000149012 6.160000000298023 1.7018
      vertex 85.76016002288965 2.394695423076068 1.7018
      vertex 85.97330802515734 1.944031836414656 1.7018
    endloop
  endfacet
  facet normal 0 0 1
    outer loop
      vertex 91.44000000149012 6.160000000298023 1.7018
      vertex 85.50386563049693 2.822296783739579 1.7018
      vertex 85.76016002288965 2.394695423076068 1.7018
    endloop
  endfacet
  facet normal 0 0 1
    outer loop
      vertex 91.44000000149012 6.160000000298023 1.7018
      vertex 85.2068931030827 3.222717883551319 1.7018
      vertex 85.50386563049693 2.822296783739579 1.7018
    endloop
  endfacet
  facet normal 0 0 1
    outer loop
      vertex 91.44000000149012 6.160000000298023 1.7018
      vertex 84.87210244842767 3.592102448427662 1.7018
      vertex 85.2068931030827 3.222717883551319 1.7018
    endloop
  endfacet
  facet normal 0 0 1
    outer loop
      vertex 91.44000000149012 6.160000000298023 1.7018
      vertex 83.67469542307607 4.480160022889644 1.7018
      vertex 84.10229678373958 4.22386563049693 1.7018
    endloop
  endfacet
  facet normal 0 0 1
    outer loop
      vertex 91.44000000149012 6.160000000298023 1.7018
      vertex 84.50271788355133 3.926893103082704 1.7018
      vertex 84.87210244842767 3.592102448427662 1.7018
    endloop
  endfacet
  facet normal 0 0 1
    outer loop
      vertex 91.44000000149012 6.160000000298023 1.7018
      vertex 84.10229678373958 4.22386563049693 1.7018
      vertex 84.50271788355133 3.926893103082704 1.7018
    endloop
  endfacet
  facet normal 0.9987954563973426 0.0490676704157047 0
    outer loop
      vertex 91.42073890954256 6.552068565189838 0
      vertex 91.42073890954256 6.552068565189838 1.7018
      vertex 91.44000000149012 6.160000000298023 1.7018
    endloop
  endfacet
  facet normal 0.9891765093153608 0.1467304788333968 0
    outer loop
      vertex 91.36314112335444 6.940361287593841 0
      vertex 91.36314112335444 6.940361287593841 1.7018
      vertex 91.42073890954256 6.552068565189838 1.7018
    endloop
  endfacet
  facet normal 0.970031253702096 0.2429801778770028 0
    outer loop
      vertex 91.26776134610176 7.321138706207275 0
      vertex 91.26776134610176 7.321138706207275 1.7018
      vertex 91.36314112335444 6.940361287593841 1.7018
    endloop
  endfacet
  facet normal 0.9415440627982694 0.3368898600571533 0
    outer loop
      vertex 91.13551813006401 7.69073372721672 0
      vertex 91.13551813006401 7.69073372721672 1.7018
      vertex 91.26776134610176 7.321138706207275 1.7018
    endloop
  endfacet
  facet normal 0.9039892993552974 0.42755508025413375 0
    outer loop
      vertex 90.96768506258726 8.045586947500706 0
      vertex 90.96768506258726 8.045586947500706 1.7018
      vertex 91.13551813006401 7.69073372721672 1.7018
    endloop
  endfacet
  facet normal 0.8577286070283969 0.5141027491514957 0
    outer loop
      vertex 90.76587845027447 8.382280934751034 0
      vertex 90.76587845027447 8.382280934751034 1.7018
      vertex 90.96768506258726 8.045586947500706 1.7018
    endloop
  endfacet
  facet normal 0.8032075288650014 0.5956993080192207 0
    outer loop
      vertex 90.53204181432724 8.697573136687279 0
      vertex 90.53204181432724 8.697573136687279 1.7018
      vertex 90.76587845027447 8.382280934751034 1.7018
    endloop
  endfacet
  facet normal 0.0490676704157047 0.9987954563973426 0
    outer loop
      vertex 87.44000000149012 10.160000000298023 0
      vertex 87.44000000149012 10.160000000298023 1.7018
      vertex 87.83206856638193 10.140738908350468 1.7018
    endloop
  endfacet
  facet normal 0.1467304788333968 0.9891765093153608 0
    outer loop
      vertex 87.83206856638193 10.140738908350468 0
      vertex 87.83206856638193 10.140738908350468 1.7018
      vertex 88.22036128878594 10.083141122162342 1.7018
    endloop
  endfacet
  facet normal 0.5956993080192207 0.8032075288650014 0
    outer loop
      vertex 89.66228093594313 9.485878449082374 0
      vertex 89.66228093594313 9.485878449082374 1.7018
      vertex 89.97757313787938 9.252041813135147 1.7018
    endloop
  endfacet
  facet normal 0.7409511174895533 0.6715589635251563 0
    outer loop
      vertex 90.26842712253332 8.988427121341228 0
      vertex 90.26842712253332 8.988427121341228 1.7018
      vertex 90.53204181432724 8.697573136687279 1.7018
    endloop
  endfacet
  facet normal 0.6715589635251563 0.7409511174895533 0
    outer loop
      vertex 89.97757313787938 9.252041813135147 0
      vertex 89.97757313787938 9.252041813135147 1.7018
      vertex 90.26842712253332 8.988427121341228 1.7018
    endloop
  endfacet
  facet normal 0.5141027491514957 0.8577286070283969 0
    outer loop
      vertex 89.3255869486928 9.687685061395168 0
      vertex 89.3255869486928 9.687685061395168 1.7018
      vertex 89.66228093594313 9.485878449082374 1.7018
    endloop
  endfacet
  facet normal 0.42755508025413375 0.9039892993552974 0
    outer loop
      vertex 88.97073372840882 9.855518128871918 0
      vertex 88.97073372840882 9.855518128871918 1.7018
      vertex 89.3255869486928 9.687685061395168 1.7018
    endloop
  endfacet
  facet normal 0.3368898600571533 0.9415440627982694 0
    outer loop
      vertex 88.60113870739937 9.987761344909668 0
      vertex 88.60113870739937 9.987761344909668 1.7018
      vertex 88.97073372840882 9.855518128871918 1.7018
    endloop
  endfacet
  facet normal 0.2429801778770028 0.970031253702096 0
    outer loop
      vertex 88.22036128878594 10.083141122162342 0
      vertex 88.22036128878594 10.083141122162342 1.7018
      vertex 88.60113870739937 9.987761344909668 1.7018
    endloop
  endfacet
  facet normal 0 0 1
    outer loop
      vertex 91.36314112335444 6.940361287593841 1.7018
      vertex 62.36091385243004 4.618194060243639 1.7018
      vertex 62.806830244593925 4.458642623899469 1.7018
    endloop
  endfacet
  facet normal 0 0 1
    outer loop
      vertex 91.36314112335444 6.940361287593841 1.7018
      vertex 60.96 4.826 1.7018
      vertex 61.43303071923046 4.802761490920022 1.7018
    endloop
  endfacet
  facet normal 0 0 1
    outer loop
      vertex 91.36314112335444 6.940361287593841 1.7018
      vertex 61.43303071923046 4.802761490920022 1.7018
      vertex 61.90150589404983 4.73326976322599 1.7018
    endloop
  endfacet
  facet normal 0 0 1
    outer loop
      vertex 91.36314112335444 6.940361287593841 1.7018
      vertex 61.90150589404983 4.73326976322599 1.7018
      vertex 62.36091385243004 4.618194060243639 1.7018
    endloop
  endfacet
  facet normal 0 0 1
    outer loop
      vertex 91.36314112335444 6.940361287593841 1.7018
      vertex 62.806830244593925 4.458642623899469 1.7018
      vertex 63.234960651922265 4.256152021745161 1.7018
    endloop
  endfacet
  facet normal 0 0 1
    outer loop
      vertex 91.42073890954256 6.552068565189838 1.7018
      vertex 91.36314112335444 6.940361287593841 1.7018
      vertex 64.69054844792856 3.061581989373753 1.7018
    endloop
  endfacet
  facet normal 0 0 1
    outer loop
      vertex 91.42073890954256 6.552068565189838 1.7018
      vertex 80.78207292712584 5.05553841149476 1.7018
      vertex 81.28 5.08 1.7018
    endloop
  endfacet
  facet normal 0 0 1
    outer loop
      vertex 91.42073890954256 6.552068565189838 1.7018
      vertex 81.28 5.08 1.7018
      vertex 81.77792707287416 5.05553841149476 1.7018
    endloop
  endfacet
  facet normal 0 0 1
    outer loop
      vertex 91.44000000149012 6.160000000298023 1.7018
      vertex 82.75464616045267 4.861256905519621 1.7018
      vertex 83.22403183641465 4.693308025157337 1.7018
    endloop
  endfacet
  facet normal 0 0 1
    outer loop
      vertex 91.44000000149012 6.160000000298023 1.7018
      vertex 82.27105883584193 4.9823892244484105 1.7018
      vertex 82.75464616045267 4.861256905519621 1.7018
    endloop
  endfacet
  facet normal 0 0 1
    outer loop
      vertex 91.44000000149012 6.160000000298023 1.7018
      vertex 83.22403183641465 4.693308025157337 1.7018
      vertex 83.67469542307607 4.480160022889644 1.7018
    endloop
  endfacet
  facet normal 0 0 1
    outer loop
      vertex 91.42073890954256 6.552068565189838 1.7018
      vertex 81.77792707287416 5.05553841149476 1.7018
      vertex 82.27105883584193 4.9823892244484105 1.7018
    endloop
  endfacet
  facet normal 0 0 1
    outer loop
      vertex 91.44000000149012 6.160000000298023 1.7018
      vertex 91.42073890954256 6.552068565189838 1.7018
      vertex 82.27105883584193 4.9823892244484105 1.7018
    endloop
  endfacet
endsolid OpenSCAD_Model
